zip_file,internal_csv_path,file_name,schema_fingerprint,column_count,raw_columns,normalized_columns,sample_row_count,encoding_used,delimiter_used,empty_file,read_status,read_message
CALCE.zip,CALCE/CALCE_CX2-16_prism_LCO_25C_0-100_0.5-0.5C_a_cycle_data.csv,CALCE_CX2-16_prism_LCO_25C_0-100_0.5-0.5C_a_cycle_data.csv,schema_d2669a99bc63,12,"[""Cycle_Index"", ""Start_Time"", ""End_Time"", ""Test_Time (s)"", ""Min_Current (A)"", ""Max_Current (A)"", ""Min_Voltage (V)"", ""Max_Voltage (V)"", ""Charge_Capacity (Ah)"", ""Discharge_Capacity (Ah)"", ""Charge_Energy (Wh)"", ""Discharge_Energy (Wh)""]","[""cycle_index"", ""start_time"", ""end_time"", ""test_time_s"", ""min_current_a"", ""max_current_a"", ""min_voltage_v"", ""max_voltage_v"", ""charge_capacity_ah"", ""discharge_capacity_ah"", ""charge_energy_wh"", ""discharge_energy_wh""]",50,utf-8-sig,",",False,success,
CALCE.zip,CALCE/CALCE_CX2-25_prism_LCO_25C_0-100_0.5-0.5C_b_cycle_data.csv,CALCE_CX2-25_prism_LCO_25C_0-100_0.5-0.5C_b_cycle_data.csv,schema_d2669a99bc63,12,"[""Cycle_Index"", ""Start_Time"", ""End_Time"", ""Test_Time (s)"", ""Min_Current (A)"", ""Max_Current (A)"", ""Min_Voltage (V)"", ""Max_Voltage (V)"", ""Charge_Capacity (Ah)"", ""Discharge_Capacity (Ah)"", ""Charge_Energy (Wh)"", ""Discharge_Energy (Wh)""]","[""cycle_index"", ""start_time"", ""end_time"", ""test_time_s"", ""min_current_a"", ""max_current_a"", ""min_voltage_v"", ""max_voltage_v"", ""charge_capacity_ah"", ""discharge_capacity_ah"", ""charge_energy_wh"", ""discharge_energy_wh""]",50,utf-8-sig,",",False,success,
CALCE.zip,CALCE/CALCE_CX2-33_prism_LCO_25C_0-100_0.5-0.5C_d_cycle_data.csv,CALCE_CX2-33_prism_LCO_25C_0-100_0.5-0.5C_d_cycle_data.csv,schema_d2669a99bc63,12,"[""Cycle_Index"", ""Start_Time"", ""End_Time"", ""Test_Time (s)"", ""Min_Current (A)"", ""Max_Current (A)"", ""Min_Voltage (V)"", ""Max_Voltage (V)"", ""Charge_Capacity (Ah)"", ""Discharge_Capacity (Ah)"", ""Charge_Energy (Wh)"", ""Discharge_Energy (Wh)""]","[""cycle_index"", ""start_time"", ""end_time"", ""test_time_s"", ""min_current_a"", ""max_current_a"", ""min_voltage_v"", ""max_voltage_v"", ""charge_capacity_ah"", ""discharge_capacity_ah"", ""charge_energy_wh"", ""discharge_energy_wh""]",50,utf-8-sig,",",False,success,
CALCE.zip,CALCE/CALCE_CX2-34_prism_LCO_25C_0-100_0.5-0.5C_e_cycle_data.csv,CALCE_CX2-34_prism_LCO_25C_0-100_0.5-0.5C_e_cycle_data.csv,schema_d2669a99bc63,12,"[""Cycle_Index"", ""Start_Time"", ""End_Time"", ""Test_Time (s)"", ""Min_Current (A)"", ""Max_Current (A)"", ""Min_Voltage (V)"", ""Max_Voltage (V)"", ""Charge_Capacity (Ah)"", ""Discharge_Capacity (Ah)"", ""Charge_Energy (Wh)"", ""Discharge_Energy (Wh)""]","[""cycle_index"", ""start_time"", ""end_time"", ""test_time_s"", ""min_current_a"", ""max_current_a"", ""min_voltage_v"", ""max_voltage_v"", ""charge_capacity_ah"", ""discharge_capacity_ah"", ""charge_energy_wh"", ""discharge_energy_wh""]",50,utf-8-sig,",",False,success,
CALCE.zip,CALCE/CALCE_CX2-36_prism_LCO_25C_0-100_0.5-0.5C_f_cycle_data.csv,CALCE_CX2-36_prism_LCO_25C_0-100_0.5-0.5C_f_cycle_data.csv,schema_d2669a99bc63,12,"[""Cycle_Index"", ""Start_Time"", ""End_Time"", ""Test_Time (s)"", ""Min_Current (A)"", ""Max_Current (A)"", ""Min_Voltage (V)"", ""Max_Voltage (V)"", ""Charge_Capacity (Ah)"", ""Discharge_Capacity (Ah)"", ""Charge_Energy (Wh)"", ""Discharge_Energy (Wh)""]","[""cycle_index"", ""start_time"", ""end_time"", ""test_time_s"", ""min_current_a"", ""max_current_a"", ""min_voltage_v"", ""max_voltage_v"", ""charge_capacity_ah"", ""discharge_capacity_ah"", ""charge_energy_wh"", ""discharge_energy_wh""]",50,utf-8-sig,",",False,success,
CALCE.zip,CALCE/CALCE_CX2-37_prism_LCO_25C_0-100_0.5-0.5C_g_cycle_data.csv,CALCE_CX2-37_prism_LCO_25C_0-100_0.5-0.5C_g_cycle_data.csv,schema_d2669a99bc63,12,"[""Cycle_Index"", ""Start_Time"", ""End_Time"", ""Test_Time (s)"", ""Min_Current (A)"", ""Max_Current (A)"", ""Min_Voltage (V)"", ""Max_Voltage (V)"", ""Charge_Capacity (Ah)"", ""Discharge_Capacity (Ah)"", ""Charge_Energy (Wh)"", ""Discharge_Energy (Wh)""]","[""cycle_index"", ""start_time"", ""end_time"", ""test_time_s"", ""min_current_a"", ""max_current_a"", ""min_voltage_v"", ""max_voltage_v"", ""charge_capacity_ah"", ""discharge_capacity_ah"", ""charge_energy_wh"", ""discharge_energy_wh""]",50,utf-8-sig,",",False,success,
CALCE.zip,CALCE/CALCE_CX2-38_prism_LCO_25C_0-100_0.5-0.5C_h_cycle_data.csv,CALCE_CX2-38_prism_LCO_25C_0-100_0.5-0.5C_h_cycle_data.csv,schema_d2669a99bc63,12,"[""Cycle_Index"", ""Start_Time"", ""End_Time"", ""Test_Time (s)"", ""Min_Current (A)"", ""Max_Current (A)"", ""Min_Voltage (V)"", ""Max_Voltage (V)"", ""Charge_Capacity (Ah)"", ""Discharge_Capacity (Ah)"", ""Charge_Energy (Wh)"", ""Discharge_Energy (Wh)""]","[""cycle_index"", ""start_time"", ""end_time"", ""test_time_s"", ""min_current_a"", ""max_current_a"", ""min_voltage_v"", ""max_voltage_v"", ""charge_capacity_ah"", ""discharge_capacity_ah"", ""charge_energy_wh"", ""discharge_energy_wh""]",50,utf-8-sig,",",False,success,
HNEI.zip,HNEI/HNEI_18650_NMC_LCO_25C_0-100_0.5-1.5C_a_cycle_data.csv,HNEI_18650_NMC_LCO_25C_0-100_0.5-1.5C_a_cycle_data.csv,schema_d2669a99bc63,12,"[""Cycle_Index"", ""Start_Time"", ""End_Time"", ""Test_Time (s)"", ""Min_Current (A)"", ""Max_Current (A)"", ""Min_Voltage (V)"", ""Max_Voltage (V)"", ""Charge_Capacity (Ah)"", ""Discharge_Capacity (Ah)"", ""Charge_Energy (Wh)"", ""Discharge_Energy (Wh)""]","[""cycle_index"", ""start_time"", ""end_time"", ""test_time_s"", ""min_current_a"", ""max_current_a"", ""min_voltage_v"", ""max_voltage_v"", ""charge_capacity_ah"", ""discharge_capacity_ah"", ""charge_energy_wh"", ""discharge_energy_wh""]",50,utf-8-sig,",",False,success,
HNEI.zip,HNEI/HNEI_18650_NMC_LCO_25C_0-100_0.5-1.5C_b_cycle_data.csv,HNEI_18650_NMC_LCO_25C_0-100_0.5-1.5C_b_cycle_data.csv,schema_d2669a99bc63,12,"[""Cycle_Index"", ""Start_Time"", ""End_Time"", ""Test_Time (s)"", ""Min_Current (A)"", ""Max_Current (A)"", ""Min_Voltage (V)"", ""Max_Voltage (V)"", ""Charge_Capacity (Ah)"", ""Discharge_Capacity (Ah)"", ""Charge_Energy (Wh)"", ""Discharge_Energy (Wh)""]","[""cycle_index"", ""start_time"", ""end_time"", ""test_time_s"", ""min_current_a"", ""max_current_a"", ""min_voltage_v"", ""max_voltage_v"", ""charge_capacity_ah"", ""discharge_capacity_ah"", ""charge_energy_wh"", ""discharge_energy_wh""]",50,utf-8-sig,",",False,success,
HNEI.zip,HNEI/HNEI_18650_NMC_LCO_25C_0-100_0.5-1.5C_c_cycle_data.csv,HNEI_18650_NMC_LCO_25C_0-100_0.5-1.5C_c_cycle_data.csv,schema_d2669a99bc63,12,"[""Cycle_Index"", ""Start_Time"", ""End_Time"", ""Test_Time (s)"", ""Min_Current (A)"", ""Max_Current (A)"", ""Min_Voltage (V)"", ""Max_Voltage (V)"", ""Charge_Capacity (Ah)"", ""Discharge_Capacity (Ah)"", ""Charge_Energy (Wh)"", ""Discharge_Energy (Wh)""]","[""cycle_index"", ""start_time"", ""end_time"", ""test_time_s"", ""min_current_a"", ""max_current_a"", ""min_voltage_v"", ""max_voltage_v"", ""charge_capacity_ah"", ""discharge_capacity_ah"", ""charge_energy_wh"", ""discharge_energy_wh""]",50,utf-8-sig,",",False,success,
HNEI.zip,HNEI/HNEI_18650_NMC_LCO_25C_0-100_0.5-1.5C_d_cycle_data.csv,HNEI_18650_NMC_LCO_25C_0-100_0.5-1.5C_d_cycle_data.csv,schema_d2669a99bc63,12,"[""Cycle_Index"", ""Start_Time"", ""End_Time"", ""Test_Time (s)"", ""Min_Current (A)"", ""Max_Current (A)"", ""Min_Voltage (V)"", ""Max_Voltage (V)"", ""Charge_Capacity (Ah)"", ""Discharge_Capacity (Ah)"", ""Charge_Energy (Wh)"", ""Discharge_Energy (Wh)""]","[""cycle_index"", ""start_time"", ""end_time"", ""test_time_s"", ""min_current_a"", ""max_current_a"", ""min_voltage_v"", ""max_voltage_v"", ""charge_capacity_ah"", ""discharge_capacity_ah"", ""charge_energy_wh"", ""discharge_energy_wh""]",50,utf-8-sig,",",False,success,
HNEI.zip,HNEI/HNEI_18650_NMC_LCO_25C_0-100_0.5-1.5C_e_cycle_data.csv,HNEI_18650_NMC_LCO_25C_0-100_0.5-1.5C_e_cycle_data.csv,schema_d2669a99bc63,12,"[""Cycle_Index"", ""Start_Time"", ""End_Time"", ""Test_Time (s)"", ""Min_Current (A)"", ""Max_Current (A)"", ""Min_Voltage (V)"", ""Max_Voltage (V)"", ""Charge_Capacity (Ah)"", ""Discharge_Capacity (Ah)"", ""Charge_Energy (Wh)"", ""Discharge_Energy (Wh)""]","[""cycle_index"", ""start_time"", ""end_time"", ""test_time_s"", ""min_current_a"", ""max_current_a"", ""min_voltage_v"", ""max_voltage_v"", ""charge_capacity_ah"", ""discharge_capacity_ah"", ""charge_energy_wh"", ""discharge_energy_wh""]",50,utf-8-sig,",",False,success,
HNEI.zip,HNEI/HNEI_18650_NMC_LCO_25C_0-100_0.5-1.5C_f_cycle_data.csv,HNEI_18650_NMC_LCO_25C_0-100_0.5-1.5C_f_cycle_data.csv,schema_d2669a99bc63,12,"[""Cycle_Index"", ""Start_Time"", ""End_Time"", ""Test_Time (s)"", ""Min_Current (A)"", ""Max_Current (A)"", ""Min_Voltage (V)"", ""Max_Voltage (V)"", ""Charge_Capacity (Ah)"", ""Discharge_Capacity (Ah)"", ""Charge_Energy (Wh)"", ""Discharge_Energy (Wh)""]","[""cycle_index"", ""start_time"", ""end_time"", ""test_time_s"", ""min_current_a"", ""max_current_a"", ""min_voltage_v"", ""max_voltage_v"", ""charge_capacity_ah"", ""discharge_capacity_ah"", ""charge_energy_wh"", ""discharge_energy_wh""]",50,utf-8-sig,",",False,success,
HNEI.zip,HNEI/HNEI_18650_NMC_LCO_25C_0-100_0.5-1.5C_g_cycle_data.csv,HNEI_18650_NMC_LCO_25C_0-100_0.5-1.5C_g_cycle_data.csv,schema_d2669a99bc63,12,"[""Cycle_Index"", ""Start_Time"", ""End_Time"", ""Test_Time (s)"", ""Min_Current (A)"", ""Max_Current (A)"", ""Min_Voltage (V)"", ""Max_Voltage (V)"", ""Charge_Capacity (Ah)"", ""Discharge_Capacity (Ah)"", ""Charge_Energy (Wh)"", ""Discharge_Energy (Wh)""]","[""cycle_index"", ""start_time"", ""end_time"", ""test_time_s"", ""min_current_a"", ""max_current_a"", ""min_voltage_v"", ""max_voltage_v"", ""charge_capacity_ah"", ""discharge_capacity_ah"", ""charge_energy_wh"", ""discharge_energy_wh""]",50,utf-8-sig,",",False,success,
HNEI.zip,HNEI/HNEI_18650_NMC_LCO_25C_0-100_0.5-1.5C_j_cycle_data.csv,HNEI_18650_NMC_LCO_25C_0-100_0.5-1.5C_j_cycle_data.csv,schema_d2669a99bc63,12,"[""Cycle_Index"", ""Start_Time"", ""End_Time"", ""Test_Time (s)"", ""Min_Current (A)"", ""Max_Current (A)"", ""Min_Voltage (V)"", ""Max_Voltage (V)"", ""Charge_Capacity (Ah)"", ""Discharge_Capacity (Ah)"", ""Charge_Energy (Wh)"", ""Discharge_Energy (Wh)""]","[""cycle_index"", ""start_time"", ""end_time"", ""test_time_s"", ""min_current_a"", ""max_current_a"", ""min_voltage_v"", ""max_voltage_v"", ""charge_capacity_ah"", ""discharge_capacity_ah"", ""charge_energy_wh"", ""discharge_energy_wh""]",50,utf-8-sig,",",False,success,
HNEI.zip,HNEI/HNEI_18650_NMC_LCO_25C_0-100_0.5-1.5C_l_cycle_data.csv,HNEI_18650_NMC_LCO_25C_0-100_0.5-1.5C_l_cycle_data.csv,schema_d2669a99bc63,12,"[""Cycle_Index"", ""Start_Time"", ""End_Time"", ""Test_Time (s)"", ""Min_Current (A)"", ""Max_Current (A)"", ""Min_Voltage (V)"", ""Max_Voltage (V)"", ""Charge_Capacity (Ah)"", ""Discharge_Capacity (Ah)"", ""Charge_Energy (Wh)"", ""Discharge_Energy (Wh)""]","[""cycle_index"", ""start_time"", ""end_time"", ""test_time_s"", ""min_current_a"", ""max_current_a"", ""min_voltage_v"", ""max_voltage_v"", ""charge_capacity_ah"", ""discharge_capacity_ah"", ""charge_energy_wh"", ""discharge_energy_wh""]",50,utf-8-sig,",",False,success,
HNEI.zip,HNEI/HNEI_18650_NMC_LCO_25C_0-100_0.5-1.5C_m_cycle_data.csv,HNEI_18650_NMC_LCO_25C_0-100_0.5-1.5C_m_cycle_data.csv,schema_d2669a99bc63,12,"[""Cycle_Index"", ""Start_Time"", ""End_Time"", ""Test_Time (s)"", ""Min_Current (A)"", ""Max_Current (A)"", ""Min_Voltage (V)"", ""Max_Voltage (V)"", ""Charge_Capacity (Ah)"", ""Discharge_Capacity (Ah)"", ""Charge_Energy (Wh)"", ""Discharge_Energy (Wh)""]","[""cycle_index"", ""start_time"", ""end_time"", ""test_time_s"", ""min_current_a"", ""max_current_a"", ""min_voltage_v"", ""max_voltage_v"", ""charge_capacity_ah"", ""discharge_capacity_ah"", ""charge_energy_wh"", ""discharge_energy_wh""]",50,utf-8-sig,",",False,success,
HNEI.zip,HNEI/HNEI_18650_NMC_LCO_25C_0-100_0.5-1.5C_n_cycle_data.csv,HNEI_18650_NMC_LCO_25C_0-100_0.5-1.5C_n_cycle_data.csv,schema_d2669a99bc63,12,"[""Cycle_Index"", ""Start_Time"", ""End_Time"", ""Test_Time (s)"", ""Min_Current (A)"", ""Max_Current (A)"", ""Min_Voltage (V)"", ""Max_Voltage (V)"", ""Charge_Capacity (Ah)"", ""Discharge_Capacity (Ah)"", ""Charge_Energy (Wh)"", ""Discharge_Energy (Wh)""]","[""cycle_index"", ""start_time"", ""end_time"", ""test_time_s"", ""min_current_a"", ""max_current_a"", ""min_voltage_v"", ""max_voltage_v"", ""charge_capacity_ah"", ""discharge_capacity_ah"", ""charge_energy_wh"", ""discharge_energy_wh""]",50,utf-8-sig,",",False,success,
HNEI.zip,HNEI/HNEI_18650_NMC_LCO_25C_0-100_0.5-1.5C_o_cycle_data.csv,HNEI_18650_NMC_LCO_25C_0-100_0.5-1.5C_o_cycle_data.csv,schema_d2669a99bc63,12,"[""Cycle_Index"", ""Start_Time"", ""End_Time"", ""Test_Time (s)"", ""Min_Current (A)"", ""Max_Current (A)"", ""Min_Voltage (V)"", ""Max_Voltage (V)"", ""Charge_Capacity (Ah)"", ""Discharge_Capacity (Ah)"", ""Charge_Energy (Wh)"", ""Discharge_Energy (Wh)""]","[""cycle_index"", ""start_time"", ""end_time"", ""test_time_s"", ""min_current_a"", ""max_current_a"", ""min_voltage_v"", ""max_voltage_v"", ""charge_capacity_ah"", ""discharge_capacity_ah"", ""charge_energy_wh"", ""discharge_energy_wh""]",50,utf-8-sig,",",False,success,
HNEI.zip,HNEI/HNEI_18650_NMC_LCO_25C_0-100_0.5-1.5C_p_cycle_data.csv,HNEI_18650_NMC_LCO_25C_0-100_0.5-1.5C_p_cycle_data.csv,schema_d2669a99bc63,12,"[""Cycle_Index"", ""Start_Time"", ""End_Time"", ""Test_Time (s)"", ""Min_Current (A)"", ""Max_Current (A)"", ""Min_Voltage (V)"", ""Max_Voltage (V)"", ""Charge_Capacity (Ah)"", ""Discharge_Capacity (Ah)"", ""Charge_Energy (Wh)"", ""Discharge_Energy (Wh)""]","[""cycle_index"", ""start_time"", ""end_time"", ""test_time_s"", ""min_current_a"", ""max_current_a"", ""min_voltage_v"", ""max_voltage_v"", ""charge_capacity_ah"", ""discharge_capacity_ah"", ""charge_energy_wh"", ""discharge_energy_wh""]",50,utf-8-sig,",",False,success,
HNEI.zip,HNEI/HNEI_18650_NMC_LCO_25C_0-100_0.5-1.5C_s_cycle_data.csv,HNEI_18650_NMC_LCO_25C_0-100_0.5-1.5C_s_cycle_data.csv,schema_d2669a99bc63,12,"[""Cycle_Index"", ""Start_Time"", ""End_Time"", ""Test_Time (s)"", ""Min_Current (A)"", ""Max_Current (A)"", ""Min_Voltage (V)"", ""Max_Voltage (V)"", ""Charge_Capacity (Ah)"", ""Discharge_Capacity (Ah)"", ""Charge_Energy (Wh)"", ""Discharge_Energy (Wh)""]","[""cycle_index"", ""start_time"", ""end_time"", ""test_time_s"", ""min_current_a"", ""max_current_a"", ""min_voltage_v"", ""max_voltage_v"", ""charge_capacity_ah"", ""discharge_capacity_ah"", ""charge_energy_wh"", ""discharge_energy_wh""]",50,utf-8-sig,",",False,success,
HNEI.zip,HNEI/HNEI_18650_NMC_LCO_25C_0-100_0.5-1.5C_t_cycle_data.csv,HNEI_18650_NMC_LCO_25C_0-100_0.5-1.5C_t_cycle_data.csv,schema_d2669a99bc63,12,"[""Cycle_Index"", ""Start_Time"", ""End_Time"", ""Test_Time (s)"", ""Min_Current (A)"", ""Max_Current (A)"", ""Min_Voltage (V)"", ""Max_Voltage (V)"", ""Charge_Capacity (Ah)"", ""Discharge_Capacity (Ah)"", ""Charge_Energy (Wh)"", ""Discharge_Energy (Wh)""]","[""cycle_index"", ""start_time"", ""end_time"", ""test_time_s"", ""min_current_a"", ""max_current_a"", ""min_voltage_v"", ""max_voltage_v"", ""charge_capacity_ah"", ""discharge_capacity_ah"", ""charge_energy_wh"", ""discharge_energy_wh""]",50,utf-8-sig,",",False,success,
Michigan Expansion.zip,Michigan Expansion/MICH_01R_pouch_NMC_25C_0-100_0.2-0.2C_cycle_data.csv,MICH_01R_pouch_NMC_25C_0-100_0.2-0.2C_cycle_data.csv,schema_63d0cb98b657,10,"[""Cycle_Index"", ""Test_Time (s)"", ""Min_Current (A)"", ""Max_Current (A)"", ""Min_Voltage (V)"", ""Max_Voltage (V)"", ""Charge_Capacity (Ah)"", ""Discharge_Capacity (Ah)"", ""Charge_Energy (Wh)"", ""Discharge_Energy (Wh)""]","[""cycle_index"", ""test_time_s"", ""min_current_a"", ""max_current_a"", ""min_voltage_v"", ""max_voltage_v"", ""charge_capacity_ah"", ""discharge_capacity_ah"", ""charge_energy_wh"", ""discharge_energy_wh""]",50,utf-8-sig,",",False,success,
Michigan Expansion.zip,Michigan Expansion/MICH_02C_pouch_NMC_-5C_0-100_0.2-0.2C_cycle_data.csv,MICH_02C_pouch_NMC_-5C_0-100_0.2-0.2C_cycle_data.csv,schema_63d0cb98b657,10,"[""Cycle_Index"", ""Test_Time (s)"", ""Min_Current (A)"", ""Max_Current (A)"", ""Min_Voltage (V)"", ""Max_Voltage (V)"", ""Charge_Capacity (Ah)"", ""Discharge_Capacity (Ah)"", ""Charge_Energy (Wh)"", ""Discharge_Energy (Wh)""]","[""cycle_index"", ""test_time_s"", ""min_current_a"", ""max_current_a"", ""min_voltage_v"", ""max_voltage_v"", ""charge_capacity_ah"", ""discharge_capacity_ah"", ""charge_energy_wh"", ""discharge_energy_wh""]",50,utf-8-sig,",",False,success,
Michigan Expansion.zip,Michigan Expansion/MICH_03H_pouch_NMC_45C_0-100_0.2-0.2C_cycle_data.csv,MICH_03H_pouch_NMC_45C_0-100_0.2-0.2C_cycle_data.csv,schema_63d0cb98b657,10,"[""Cycle_Index"", ""Test_Time (s)"", ""Min_Current (A)"", ""Max_Current (A)"", ""Min_Voltage (V)"", ""Max_Voltage (V)"", ""Charge_Capacity (Ah)"", ""Discharge_Capacity (Ah)"", ""Charge_Energy (Wh)"", ""Discharge_Energy (Wh)""]","[""cycle_index"", ""test_time_s"", ""min_current_a"", ""max_current_a"", ""min_voltage_v"", ""max_voltage_v"", ""charge_capacity_ah"", ""discharge_capacity_ah"", ""charge_energy_wh"", ""discharge_energy_wh""]",50,utf-8-sig,",",False,success,
Michigan Expansion.zip,Michigan Expansion/MICH_04R_pouch_NMC_25C_0-100_1.5-1.5C_cycle_data.csv,MICH_04R_pouch_NMC_25C_0-100_1.5-1.5C_cycle_data.csv,schema_63d0cb98b657,10,"[""Cycle_Index"", ""Test_Time (s)"", ""Min_Current (A)"", ""Max_Current (A)"", ""Min_Voltage (V)"", ""Max_Voltage (V)"", ""Charge_Capacity (Ah)"", ""Discharge_Capacity (Ah)"", ""Charge_Energy (Wh)"", ""Discharge_Energy (Wh)""]","[""cycle_index"", ""test_time_s"", ""min_current_a"", ""max_current_a"", ""min_voltage_v"", ""max_voltage_v"", ""charge_capacity_ah"", ""discharge_capacity_ah"", ""charge_energy_wh"", ""discharge_energy_wh""]",50,utf-8-sig,",",False,success,
Michigan Expansion.zip,Michigan Expansion/MICH_05C_pouch_NMC_-5C_0-100_1.5-1.5C_cycle_data.csv,MICH_05C_pouch_NMC_-5C_0-100_1.5-1.5C_cycle_data.csv,schema_63d0cb98b657,10,"[""Cycle_Index"", ""Test_Time (s)"", ""Min_Current (A)"", ""Max_Current (A)"", ""Min_Voltage (V)"", ""Max_Voltage (V)"", ""Charge_Capacity (Ah)"", ""Discharge_Capacity (Ah)"", ""Charge_Energy (Wh)"", ""Discharge_Energy (Wh)""]","[""cycle_index"", ""test_time_s"", ""min_current_a"", ""max_current_a"", ""min_voltage_v"", ""max_voltage_v"", ""charge_capacity_ah"", ""discharge_capacity_ah"", ""charge_energy_wh"", ""discharge_energy_wh""]",50,utf-8-sig,",",False,success,
Michigan Expansion.zip,Michigan Expansion/MICH_06H_pouch_NMC_45C_0-100_1.5-1.5C_cycle_data.csv,MICH_06H_pouch_NMC_45C_0-100_1.5-1.5C_cycle_data.csv,schema_63d0cb98b657,10,"[""Cycle_Index"", ""Test_Time (s)"", ""Min_Current (A)"", ""Max_Current (A)"", ""Min_Voltage (V)"", ""Max_Voltage (V)"", ""Charge_Capacity (Ah)"", ""Discharge_Capacity (Ah)"", ""Charge_Energy (Wh)"", ""Discharge_Energy (Wh)""]","[""cycle_index"", ""test_time_s"", ""min_current_a"", ""max_current_a"", ""min_voltage_v"", ""max_voltage_v"", ""charge_capacity_ah"", ""discharge_capacity_ah"", ""charge_energy_wh"", ""discharge_energy_wh""]",50,utf-8-sig,",",False,success,
Michigan Expansion.zip,Michigan Expansion/MICH_07R_pouch_NMC_25C_0-100_2-2C_cycle_data.csv,MICH_07R_pouch_NMC_25C_0-100_2-2C_cycle_data.csv,schema_63d0cb98b657,10,"[""Cycle_Index"", ""Test_Time (s)"", ""Min_Current (A)"", ""Max_Current (A)"", ""Min_Voltage (V)"", ""Max_Voltage (V)"", ""Charge_Capacity (Ah)"", ""Discharge_Capacity (Ah)"", ""Charge_Energy (Wh)"", ""Discharge_Energy (Wh)""]","[""cycle_index"", ""test_time_s"", ""min_current_a"", ""max_current_a"", ""min_voltage_v"", ""max_voltage_v"", ""charge_capacity_ah"", ""discharge_capacity_ah"", ""charge_energy_wh"", ""discharge_energy_wh""]",50,utf-8-sig,",",False,success,
Michigan Expansion.zip,Michigan Expansion/MICH_08C_pouch_NMC_-5C_0-100_2-2C_cycle_data.csv,MICH_08C_pouch_NMC_-5C_0-100_2-2C_cycle_data.csv,schema_63d0cb98b657,10,"[""Cycle_Index"", ""Test_Time (s)"", ""Min_Current (A)"", ""Max_Current (A)"", ""Min_Voltage (V)"", ""Max_Voltage (V)"", ""Charge_Capacity (Ah)"", ""Discharge_Capacity (Ah)"", ""Charge_Energy (Wh)"", ""Discharge_Energy (Wh)""]","[""cycle_index"", ""test_time_s"", ""min_current_a"", ""max_current_a"", ""min_voltage_v"", ""max_voltage_v"", ""charge_capacity_ah"", ""discharge_capacity_ah"", ""charge_energy_wh"", ""discharge_energy_wh""]",50,utf-8-sig,",",False,success,
Michigan Expansion.zip,Michigan Expansion/MICH_09H_pouch_NMC_45C_0-100_2-2C_cycle_data.csv,MICH_09H_pouch_NMC_45C_0-100_2-2C_cycle_data.csv,schema_63d0cb98b657,10,"[""Cycle_Index"", ""Test_Time (s)"", ""Min_Current (A)"", ""Max_Current (A)"", ""Min_Voltage (V)"", ""Max_Voltage (V)"", ""Charge_Capacity (Ah)"", ""Discharge_Capacity (Ah)"", ""Charge_Energy (Wh)"", ""Discharge_Energy (Wh)""]","[""cycle_index"", ""test_time_s"", ""min_current_a"", ""max_current_a"", ""min_voltage_v"", ""max_voltage_v"", ""charge_capacity_ah"", ""discharge_capacity_ah"", ""charge_energy_wh"", ""discharge_energy_wh""]",50,utf-8-sig,",",False,success,
Michigan Expansion.zip,Michigan Expansion/MICH_10R_pouch_NMC_25C_0-100_0.2-1.5C_cycle_data.csv,MICH_10R_pouch_NMC_25C_0-100_0.2-1.5C_cycle_data.csv,schema_63d0cb98b657,10,"[""Cycle_Index"", ""Test_Time (s)"", ""Min_Current (A)"", ""Max_Current (A)"", ""Min_Voltage (V)"", ""Max_Voltage (V)"", ""Charge_Capacity (Ah)"", ""Discharge_Capacity (Ah)"", ""Charge_Energy (Wh)"", ""Discharge_Energy (Wh)""]","[""cycle_index"", ""test_time_s"", ""min_current_a"", ""max_current_a"", ""min_voltage_v"", ""max_voltage_v"", ""charge_capacity_ah"", ""discharge_capacity_ah"", ""charge_energy_wh"", ""discharge_energy_wh""]",50,utf-8-sig,",",False,success,
Michigan Expansion.zip,Michigan Expansion/MICH_11C_pouch_NMC_-5C_0-100_0.2-1.5C_cycle_data.csv,MICH_11C_pouch_NMC_-5C_0-100_0.2-1.5C_cycle_data.csv,schema_63d0cb98b657,10,"[""Cycle_Index"", ""Test_Time (s)"", ""Min_Current (A)"", ""Max_Current (A)"", ""Min_Voltage (V)"", ""Max_Voltage (V)"", ""Charge_Capacity (Ah)"", ""Discharge_Capacity (Ah)"", ""Charge_Energy (Wh)"", ""Discharge_Energy (Wh)""]","[""cycle_index"", ""test_time_s"", ""min_current_a"", ""max_current_a"", ""min_voltage_v"", ""max_voltage_v"", ""charge_capacity_ah"", ""discharge_capacity_ah"", ""charge_energy_wh"", ""discharge_energy_wh""]",50,utf-8-sig,",",False,success,
Michigan Expansion.zip,Michigan Expansion/MICH_12H_pouch_NMC_45C_0-100_0.2-1.5C_cycle_data.csv,MICH_12H_pouch_NMC_45C_0-100_0.2-1.5C_cycle_data.csv,schema_63d0cb98b657,10,"[""Cycle_Index"", ""Test_Time (s)"", ""Min_Current (A)"", ""Max_Current (A)"", ""Min_Voltage (V)"", ""Max_Voltage (V)"", ""Charge_Capacity (Ah)"", ""Discharge_Capacity (Ah)"", ""Charge_Energy (Wh)"", ""Discharge_Energy (Wh)""]","[""cycle_index"", ""test_time_s"", ""min_current_a"", ""max_current_a"", ""min_voltage_v"", ""max_voltage_v"", ""charge_capacity_ah"", ""discharge_capacity_ah"", ""charge_energy_wh"", ""discharge_energy_wh""]",50,utf-8-sig,",",False,success,
Michigan Expansion.zip,Michigan Expansion/MICH_13R_pouch_NMC_25C_50-100_0.2-0.2C_cycle_data.csv,MICH_13R_pouch_NMC_25C_50-100_0.2-0.2C_cycle_data.csv,schema_63d0cb98b657,10,"[""Cycle_Index"", ""Test_Time (s)"", ""Min_Current (A)"", ""Max_Current (A)"", ""Min_Voltage (V)"", ""Max_Voltage (V)"", ""Charge_Capacity (Ah)"", ""Discharge_Capacity (Ah)"", ""Charge_Energy (Wh)"", ""Discharge_Energy (Wh)""]","[""cycle_index"", ""test_time_s"", ""min_current_a"", ""max_current_a"", ""min_voltage_v"", ""max_voltage_v"", ""charge_capacity_ah"", ""discharge_capacity_ah"", ""charge_energy_wh"", ""discharge_energy_wh""]",50,utf-8-sig,",",False,success,
Michigan Expansion.zip,Michigan Expansion/MICH_14C_pouch_NMC_-5C_50-100_0.2-0.2C_cycle_data.csv,MICH_14C_pouch_NMC_-5C_50-100_0.2-0.2C_cycle_data.csv,schema_63d0cb98b657,10,"[""Cycle_Index"", ""Test_Time (s)"", ""Min_Current (A)"", ""Max_Current (A)"", ""Min_Voltage (V)"", ""Max_Voltage (V)"", ""Charge_Capacity (Ah)"", ""Discharge_Capacity (Ah)"", ""Charge_Energy (Wh)"", ""Discharge_Energy (Wh)""]","[""cycle_index"", ""test_time_s"", ""min_current_a"", ""max_current_a"", ""min_voltage_v"", ""max_voltage_v"", ""charge_capacity_ah"", ""discharge_capacity_ah"", ""charge_energy_wh"", ""discharge_energy_wh""]",50,utf-8-sig,",",False,success,
Michigan Expansion.zip,Michigan Expansion/MICH_15H_pouch_NMC_45C_50-100_0.2-0.2C_cycle_data.csv,MICH_15H_pouch_NMC_45C_50-100_0.2-0.2C_cycle_data.csv,schema_63d0cb98b657,10,"[""Cycle_Index"", ""Test_Time (s)"", ""Min_Current (A)"", ""Max_Current (A)"", ""Min_Voltage (V)"", ""Max_Voltage (V)"", ""Charge_Capacity (Ah)"", ""Discharge_Capacity (Ah)"", ""Charge_Energy (Wh)"", ""Discharge_Energy (Wh)""]","[""cycle_index"", ""test_time_s"", ""min_current_a"", ""max_current_a"", ""min_voltage_v"", ""max_voltage_v"", ""charge_capacity_ah"", ""discharge_capacity_ah"", ""charge_energy_wh"", ""discharge_energy_wh""]",50,utf-8-sig,",",False,success,
Michigan Expansion.zip,Michigan Expansion/MICH_16R_pouch_NMC_25C_50-100_0.2-1.5C_cycle_data.csv,MICH_16R_pouch_NMC_25C_50-100_0.2-1.5C_cycle_data.csv,schema_63d0cb98b657,10,"[""Cycle_Index"", ""Test_Time (s)"", ""Min_Current (A)"", ""Max_Current (A)"", ""Min_Voltage (V)"", ""Max_Voltage (V)"", ""Charge_Capacity (Ah)"", ""Discharge_Capacity (Ah)"", ""Charge_Energy (Wh)"", ""Discharge_Energy (Wh)""]","[""cycle_index"", ""test_time_s"", ""min_current_a"", ""max_current_a"", ""min_voltage_v"", ""max_voltage_v"", ""charge_capacity_ah"", ""discharge_capacity_ah"", ""charge_energy_wh"", ""discharge_energy_wh""]",50,utf-8-sig,",",False,success,
Michigan Expansion.zip,Michigan Expansion/MICH_17C_pouch_NMC_-5C_50-100_0.2-1.5C_cycle_data.csv,MICH_17C_pouch_NMC_-5C_50-100_0.2-1.5C_cycle_data.csv,schema_63d0cb98b657,10,"[""Cycle_Index"", ""Test_Time (s)"", ""Min_Current (A)"", ""Max_Current (A)"", ""Min_Voltage (V)"", ""Max_Voltage (V)"", ""Charge_Capacity (Ah)"", ""Discharge_Capacity (Ah)"", ""Charge_Energy (Wh)"", ""Discharge_Energy (Wh)""]","[""cycle_index"", ""test_time_s"", ""min_current_a"", ""max_current_a"", ""min_voltage_v"", ""max_voltage_v"", ""charge_capacity_ah"", ""discharge_capacity_ah"", ""charge_energy_wh"", ""discharge_energy_wh""]",50,utf-8-sig,",",False,success,
Michigan Expansion.zip,Michigan Expansion/MICH_18H_pouch_NMC_45C_50-100_0.2-1.5C_cycle_data.csv,MICH_18H_pouch_NMC_45C_50-100_0.2-1.5C_cycle_data.csv,schema_63d0cb98b657,10,"[""Cycle_Index"", ""Test_Time (s)"", ""Min_Current (A)"", ""Max_Current (A)"", ""Min_Voltage (V)"", ""Max_Voltage (V)"", ""Charge_Capacity (Ah)"", ""Discharge_Capacity (Ah)"", ""Charge_Energy (Wh)"", ""Discharge_Energy (Wh)""]","[""cycle_index"", ""test_time_s"", ""min_current_a"", ""max_current_a"", ""min_voltage_v"", ""max_voltage_v"", ""charge_capacity_ah"", ""discharge_capacity_ah"", ""charge_energy_wh"", ""discharge_energy_wh""]",50,utf-8-sig,",",False,success,
Michigan Formation.zip,Michigan Formation/MICH_BLForm10_pouch_NMC_25C_0-100_1-1C_j_cycle_data.csv,MICH_BLForm10_pouch_NMC_25C_0-100_1-1C_j_cycle_data.csv,schema_63d0cb98b657,10,"[""Cycle_Index"", ""Test_Time (s)"", ""Min_Current (A)"", ""Max_Current (A)"", ""Min_Voltage (V)"", ""Max_Voltage (V)"", ""Charge_Capacity (Ah)"", ""Discharge_Capacity (Ah)"", ""Charge_Energy (Wh)"", ""Discharge_Energy (Wh)""]","[""cycle_index"", ""test_time_s"", ""min_current_a"", ""max_current_a"", ""min_voltage_v"", ""max_voltage_v"", ""charge_capacity_ah"", ""discharge_capacity_ah"", ""charge_energy_wh"", ""discharge_energy_wh""]",50,utf-8-sig,",",False,success,
Michigan Formation.zip,Michigan Formation/MICH_BLForm11_pouch_NMC_25C_0-100_1-1C_a_cycle_data.csv,MICH_BLForm11_pouch_NMC_25C_0-100_1-1C_a_cycle_data.csv,schema_63d0cb98b657,10,"[""Cycle_Index"", ""Test_Time (s)"", ""Min_Current (A)"", ""Max_Current (A)"", ""Min_Voltage (V)"", ""Max_Voltage (V)"", ""Charge_Capacity (Ah)"", ""Discharge_Capacity (Ah)"", ""Charge_Energy (Wh)"", ""Discharge_Energy (Wh)""]","[""cycle_index"", ""test_time_s"", ""min_current_a"", ""max_current_a"", ""min_voltage_v"", ""max_voltage_v"", ""charge_capacity_ah"", ""discharge_capacity_ah"", ""charge_energy_wh"", ""discharge_energy_wh""]",50,utf-8-sig,",",False,success,
Michigan Formation.zip,Michigan Formation/MICH_BLForm12_pouch_NMC_25C_0-100_1-1C_b_cycle_data.csv,MICH_BLForm12_pouch_NMC_25C_0-100_1-1C_b_cycle_data.csv,schema_63d0cb98b657,10,"[""Cycle_Index"", ""Test_Time (s)"", ""Min_Current (A)"", ""Max_Current (A)"", ""Min_Voltage (V)"", ""Max_Voltage (V)"", ""Charge_Capacity (Ah)"", ""Discharge_Capacity (Ah)"", ""Charge_Energy (Wh)"", ""Discharge_Energy (Wh)""]","[""cycle_index"", ""test_time_s"", ""min_current_a"", ""max_current_a"", ""min_voltage_v"", ""max_voltage_v"", ""charge_capacity_ah"", ""discharge_capacity_ah"", ""charge_energy_wh"", ""discharge_energy_wh""]",50,utf-8-sig,",",False,success,
Michigan Formation.zip,Michigan Formation/MICH_BLForm13_pouch_NMC_25C_0-100_1-1C_c_cycle_data.csv,MICH_BLForm13_pouch_NMC_25C_0-100_1-1C_c_cycle_data.csv,schema_63d0cb98b657,10,"[""Cycle_Index"", ""Test_Time (s)"", ""Min_Current (A)"", ""Max_Current (A)"", ""Min_Voltage (V)"", ""Max_Voltage (V)"", ""Charge_Capacity (Ah)"", ""Discharge_Capacity (Ah)"", ""Charge_Energy (Wh)"", ""Discharge_Energy (Wh)""]","[""cycle_index"", ""test_time_s"", ""min_current_a"", ""max_current_a"", ""min_voltage_v"", ""max_voltage_v"", ""charge_capacity_ah"", ""discharge_capacity_ah"", ""charge_energy_wh"", ""discharge_energy_wh""]",50,utf-8-sig,",",False,success,
Michigan Formation.zip,Michigan Formation/MICH_BLForm14_pouch_NMC_25C_0-100_1-1C_d_cycle_data.csv,MICH_BLForm14_pouch_NMC_25C_0-100_1-1C_d_cycle_data.csv,schema_63d0cb98b657,10,"[""Cycle_Index"", ""Test_Time (s)"", ""Min_Current (A)"", ""Max_Current (A)"", ""Min_Voltage (V)"", ""Max_Voltage (V)"", ""Charge_Capacity (Ah)"", ""Discharge_Capacity (Ah)"", ""Charge_Energy (Wh)"", ""Discharge_Energy (Wh)""]","[""cycle_index"", ""test_time_s"", ""min_current_a"", ""max_current_a"", ""min_voltage_v"", ""max_voltage_v"", ""charge_capacity_ah"", ""discharge_capacity_ah"", ""charge_energy_wh"", ""discharge_energy_wh""]",50,utf-8-sig,",",False,success,
Michigan Formation.zip,Michigan Formation/MICH_BLForm15_pouch_NMC_25C_0-100_1-1C_e_cycle_data.csv,MICH_BLForm15_pouch_NMC_25C_0-100_1-1C_e_cycle_data.csv,schema_63d0cb98b657,10,"[""Cycle_Index"", ""Test_Time (s)"", ""Min_Current (A)"", ""Max_Current (A)"", ""Min_Voltage (V)"", ""Max_Voltage (V)"", ""Charge_Capacity (Ah)"", ""Discharge_Capacity (Ah)"", ""Charge_Energy (Wh)"", ""Discharge_Energy (Wh)""]","[""cycle_index"", ""test_time_s"", ""min_current_a"", ""max_current_a"", ""min_voltage_v"", ""max_voltage_v"", ""charge_capacity_ah"", ""discharge_capacity_ah"", ""charge_energy_wh"", ""discharge_energy_wh""]",50,utf-8-sig,",",False,success,
Michigan Formation.zip,Michigan Formation/MICH_BLForm16_pouch_NMC_25C_0-100_1-1C_f_cycle_data.csv,MICH_BLForm16_pouch_NMC_25C_0-100_1-1C_f_cycle_data.csv,schema_63d0cb98b657,10,"[""Cycle_Index"", ""Test_Time (s)"", ""Min_Current (A)"", ""Max_Current (A)"", ""Min_Voltage (V)"", ""Max_Voltage (V)"", ""Charge_Capacity (Ah)"", ""Discharge_Capacity (Ah)"", ""Charge_Energy (Wh)"", ""Discharge_Energy (Wh)""]","[""cycle_index"", ""test_time_s"", ""min_current_a"", ""max_current_a"", ""min_voltage_v"", ""max_voltage_v"", ""charge_capacity_ah"", ""discharge_capacity_ah"", ""charge_energy_wh"", ""discharge_energy_wh""]",50,utf-8-sig,",",False,success,
Michigan Formation.zip,Michigan Formation/MICH_BLForm17_pouch_NMC_25C_0-100_1-1C_g_cycle_data.csv,MICH_BLForm17_pouch_NMC_25C_0-100_1-1C_g_cycle_data.csv,schema_63d0cb98b657,10,"[""Cycle_Index"", ""Test_Time (s)"", ""Min_Current (A)"", ""Max_Current (A)"", ""Min_Voltage (V)"", ""Max_Voltage (V)"", ""Charge_Capacity (Ah)"", ""Discharge_Capacity (Ah)"", ""Charge_Energy (Wh)"", ""Discharge_Energy (Wh)""]","[""cycle_index"", ""test_time_s"", ""min_current_a"", ""max_current_a"", ""min_voltage_v"", ""max_voltage_v"", ""charge_capacity_ah"", ""discharge_capacity_ah"", ""charge_energy_wh"", ""discharge_energy_wh""]",50,utf-8-sig,",",False,success,
Michigan Formation.zip,Michigan Formation/MICH_BLForm18_pouch_NMC_25C_0-100_1-1C_h_cycle_data.csv,MICH_BLForm18_pouch_NMC_25C_0-100_1-1C_h_cycle_data.csv,schema_63d0cb98b657,10,"[""Cycle_Index"", ""Test_Time (s)"", ""Min_Current (A)"", ""Max_Current (A)"", ""Min_Voltage (V)"", ""Max_Voltage (V)"", ""Charge_Capacity (Ah)"", ""Discharge_Capacity (Ah)"", ""Charge_Energy (Wh)"", ""Discharge_Energy (Wh)""]","[""cycle_index"", ""test_time_s"", ""min_current_a"", ""max_current_a"", ""min_voltage_v"", ""max_voltage_v"", ""charge_capacity_ah"", ""discharge_capacity_ah"", ""charge_energy_wh"", ""discharge_energy_wh""]",50,utf-8-sig,",",False,success,
Michigan Formation.zip,Michigan Formation/MICH_BLForm19_pouch_NMC_25C_0-100_1-1C_i_cycle_data.csv,MICH_BLForm19_pouch_NMC_25C_0-100_1-1C_i_cycle_data.csv,schema_63d0cb98b657,10,"[""Cycle_Index"", ""Test_Time (s)"", ""Min_Current (A)"", ""Max_Current (A)"", ""Min_Voltage (V)"", ""Max_Voltage (V)"", ""Charge_Capacity (Ah)"", ""Discharge_Capacity (Ah)"", ""Charge_Energy (Wh)"", ""Discharge_Energy (Wh)""]","[""cycle_index"", ""test_time_s"", ""min_current_a"", ""max_current_a"", ""min_voltage_v"", ""max_voltage_v"", ""charge_capacity_ah"", ""discharge_capacity_ah"", ""charge_energy_wh"", ""discharge_energy_wh""]",50,utf-8-sig,",",False,success,
Michigan Formation.zip,Michigan Formation/MICH_BLForm1_pouch_NMC_45C_0-100_1-1C_a_cycle_data.csv,MICH_BLForm1_pouch_NMC_45C_0-100_1-1C_a_cycle_data.csv,schema_63d0cb98b657,10,"[""Cycle_Index"", ""Test_Time (s)"", ""Min_Current (A)"", ""Max_Current (A)"", ""Min_Voltage (V)"", ""Max_Voltage (V)"", ""Charge_Capacity (Ah)"", ""Discharge_Capacity (Ah)"", ""Charge_Energy (Wh)"", ""Discharge_Energy (Wh)""]","[""cycle_index"", ""test_time_s"", ""min_current_a"", ""max_current_a"", ""min_voltage_v"", ""max_voltage_v"", ""charge_capacity_ah"", ""discharge_capacity_ah"", ""charge_energy_wh"", ""discharge_energy_wh""]",50,utf-8-sig,",",False,success,
Michigan Formation.zip,Michigan Formation/MICH_BLForm20_pouch_NMC_25C_0-100_1-1C_j_cycle_data.csv,MICH_BLForm20_pouch_NMC_25C_0-100_1-1C_j_cycle_data.csv,schema_63d0cb98b657,10,"[""Cycle_Index"", ""Test_Time (s)"", ""Min_Current (A)"", ""Max_Current (A)"", ""Min_Voltage (V)"", ""Max_Voltage (V)"", ""Charge_Capacity (Ah)"", ""Discharge_Capacity (Ah)"", ""Charge_Energy (Wh)"", ""Discharge_Energy (Wh)""]","[""cycle_index"", ""test_time_s"", ""min_current_a"", ""max_current_a"", ""min_voltage_v"", ""max_voltage_v"", ""charge_capacity_ah"", ""discharge_capacity_ah"", ""charge_energy_wh"", ""discharge_energy_wh""]",50,utf-8-sig,",",False,success,
Michigan Formation.zip,Michigan Formation/MICH_BLForm2_pouch_NMC_45C_0-100_1-1C_b_cycle_data.csv,MICH_BLForm2_pouch_NMC_45C_0-100_1-1C_b_cycle_data.csv,schema_63d0cb98b657,10,"[""Cycle_Index"", ""Test_Time (s)"", ""Min_Current (A)"", ""Max_Current (A)"", ""Min_Voltage (V)"", ""Max_Voltage (V)"", ""Charge_Capacity (Ah)"", ""Discharge_Capacity (Ah)"", ""Charge_Energy (Wh)"", ""Discharge_Energy (Wh)""]","[""cycle_index"", ""test_time_s"", ""min_current_a"", ""max_current_a"", ""min_voltage_v"", ""max_voltage_v"", ""charge_capacity_ah"", ""discharge_capacity_ah"", ""charge_energy_wh"", ""discharge_energy_wh""]",50,utf-8-sig,",",False,success,
Michigan Formation.zip,Michigan Formation/MICH_BLForm3_pouch_NMC_45C_0-100_1-1C_c_cycle_data.csv,MICH_BLForm3_pouch_NMC_45C_0-100_1-1C_c_cycle_data.csv,schema_63d0cb98b657,10,"[""Cycle_Index"", ""Test_Time (s)"", ""Min_Current (A)"", ""Max_Current (A)"", ""Min_Voltage (V)"", ""Max_Voltage (V)"", ""Charge_Capacity (Ah)"", ""Discharge_Capacity (Ah)"", ""Charge_Energy (Wh)"", ""Discharge_Energy (Wh)""]","[""cycle_index"", ""test_time_s"", ""min_current_a"", ""max_current_a"", ""min_voltage_v"", ""max_voltage_v"", ""charge_capacity_ah"", ""discharge_capacity_ah"", ""charge_energy_wh"", ""discharge_energy_wh""]",50,utf-8-sig,",",False,success,
Michigan Formation.zip,Michigan Formation/MICH_BLForm4_pouch_NMC_45C_0-100_1-1C_d_cycle_data.csv,MICH_BLForm4_pouch_NMC_45C_0-100_1-1C_d_cycle_data.csv,schema_63d0cb98b657,10,"[""Cycle_Index"", ""Test_Time (s)"", ""Min_Current (A)"", ""Max_Current (A)"", ""Min_Voltage (V)"", ""Max_Voltage (V)"", ""Charge_Capacity (Ah)"", ""Discharge_Capacity (Ah)"", ""Charge_Energy (Wh)"", ""Discharge_Energy (Wh)""]","[""cycle_index"", ""test_time_s"", ""min_current_a"", ""max_current_a"", ""min_voltage_v"", ""max_voltage_v"", ""charge_capacity_ah"", ""discharge_capacity_ah"", ""charge_energy_wh"", ""discharge_energy_wh""]",50,utf-8-sig,",",False,success,
Michigan Formation.zip,Michigan Formation/MICH_BLForm5_pouch_NMC_45C_0-100_1-1C_e_cycle_data.csv,MICH_BLForm5_pouch_NMC_45C_0-100_1-1C_e_cycle_data.csv,schema_63d0cb98b657,10,"[""Cycle_Index"", ""Test_Time (s)"", ""Min_Current (A)"", ""Max_Current (A)"", ""Min_Voltage (V)"", ""Max_Voltage (V)"", ""Charge_Capacity (Ah)"", ""Discharge_Capacity (Ah)"", ""Charge_Energy (Wh)"", ""Discharge_Energy (Wh)""]","[""cycle_index"", ""test_time_s"", ""min_current_a"", ""max_current_a"", ""min_voltage_v"", ""max_voltage_v"", ""charge_capacity_ah"", ""discharge_capacity_ah"", ""charge_energy_wh"", ""discharge_energy_wh""]",50,utf-8-sig,",",False,success,
Michigan Formation.zip,Michigan Formation/MICH_BLForm6_pouch_NMC_45C_0-100_1-1C_f_cycle_data.csv,MICH_BLForm6_pouch_NMC_45C_0-100_1-1C_f_cycle_data.csv,schema_63d0cb98b657,10,"[""Cycle_Index"", ""Test_Time (s)"", ""Min_Current (A)"", ""Max_Current (A)"", ""Min_Voltage (V)"", ""Max_Voltage (V)"", ""Charge_Capacity (Ah)"", ""Discharge_Capacity (Ah)"", ""Charge_Energy (Wh)"", ""Discharge_Energy (Wh)""]","[""cycle_index"", ""test_time_s"", ""min_current_a"", ""max_current_a"", ""min_voltage_v"", ""max_voltage_v"", ""charge_capacity_ah"", ""discharge_capacity_ah"", ""charge_energy_wh"", ""discharge_energy_wh""]",50,utf-8-sig,",",False,success,
Michigan Formation.zip,Michigan Formation/MICH_BLForm7_pouch_NMC_45C_0-100_1-1C_g_cycle_data.csv,MICH_BLForm7_pouch_NMC_45C_0-100_1-1C_g_cycle_data.csv,schema_63d0cb98b657,10,"[""Cycle_Index"", ""Test_Time (s)"", ""Min_Current (A)"", ""Max_Current (A)"", ""Min_Voltage (V)"", ""Max_Voltage (V)"", ""Charge_Capacity (Ah)"", ""Discharge_Capacity (Ah)"", ""Charge_Energy (Wh)"", ""Discharge_Energy (Wh)""]","[""cycle_index"", ""test_time_s"", ""min_current_a"", ""max_current_a"", ""min_voltage_v"", ""max_voltage_v"", ""charge_capacity_ah"", ""discharge_capacity_ah"", ""charge_energy_wh"", ""discharge_energy_wh""]",50,utf-8-sig,",",False,success,
Michigan Formation.zip,Michigan Formation/MICH_BLForm8_pouch_NMC_45C_0-100_1-1C_h_cycle_data.csv,MICH_BLForm8_pouch_NMC_45C_0-100_1-1C_h_cycle_data.csv,schema_63d0cb98b657,10,"[""Cycle_Index"", ""Test_Time (s)"", ""Min_Current (A)"", ""Max_Current (A)"", ""Min_Voltage (V)"", ""Max_Voltage (V)"", ""Charge_Capacity (Ah)"", ""Discharge_Capacity (Ah)"", ""Charge_Energy (Wh)"", ""Discharge_Energy (Wh)""]","[""cycle_index"", ""test_time_s"", ""min_current_a"", ""max_current_a"", ""min_voltage_v"", ""max_voltage_v"", ""charge_capacity_ah"", ""discharge_capacity_ah"", ""charge_energy_wh"", ""discharge_energy_wh""]",50,utf-8-sig,",",False,success,
Michigan Formation.zip,Michigan Formation/MICH_BLForm9_pouch_NMC_45C_0-100_1-1C_i_cycle_data.csv,MICH_BLForm9_pouch_NMC_45C_0-100_1-1C_i_cycle_data.csv,schema_63d0cb98b657,10,"[""Cycle_Index"", ""Test_Time (s)"", ""Min_Current (A)"", ""Max_Current (A)"", ""Min_Voltage (V)"", ""Max_Voltage (V)"", ""Charge_Capacity (Ah)"", ""Discharge_Capacity (Ah)"", ""Charge_Energy (Wh)"", ""Discharge_Energy (Wh)""]","[""cycle_index"", ""test_time_s"", ""min_current_a"", ""max_current_a"", ""min_voltage_v"", ""max_voltage_v"", ""charge_capacity_ah"", ""discharge_capacity_ah"", ""charge_energy_wh"", ""discharge_energy_wh""]",50,utf-8-sig,",",False,success,
Michigan Formation.zip,Michigan Formation/MICH_MCForm21_pouch_NMC_25C_0-100_1-1C_a_cycle_data.csv,MICH_MCForm21_pouch_NMC_25C_0-100_1-1C_a_cycle_data.csv,schema_63d0cb98b657,10,"[""Cycle_Index"", ""Test_Time (s)"", ""Min_Current (A)"", ""Max_Current (A)"", ""Min_Voltage (V)"", ""Max_Voltage (V)"", ""Charge_Capacity (Ah)"", ""Discharge_Capacity (Ah)"", ""Charge_Energy (Wh)"", ""Discharge_Energy (Wh)""]","[""cycle_index"", ""test_time_s"", ""min_current_a"", ""max_current_a"", ""min_voltage_v"", ""max_voltage_v"", ""charge_capacity_ah"", ""discharge_capacity_ah"", ""charge_energy_wh"", ""discharge_energy_wh""]",50,utf-8-sig,",",False,success,
Michigan Formation.zip,Michigan Formation/MICH_MCForm22_pouch_NMC_25C_0-100_1-1C_b_cycle_data.csv,MICH_MCForm22_pouch_NMC_25C_0-100_1-1C_b_cycle_data.csv,schema_63d0cb98b657,10,"[""Cycle_Index"", ""Test_Time (s)"", ""Min_Current (A)"", ""Max_Current (A)"", ""Min_Voltage (V)"", ""Max_Voltage (V)"", ""Charge_Capacity (Ah)"", ""Discharge_Capacity (Ah)"", ""Charge_Energy (Wh)"", ""Discharge_Energy (Wh)""]","[""cycle_index"", ""test_time_s"", ""min_current_a"", ""max_current_a"", ""min_voltage_v"", ""max_voltage_v"", ""charge_capacity_ah"", ""discharge_capacity_ah"", ""charge_energy_wh"", ""discharge_energy_wh""]",50,utf-8-sig,",",False,success,
Michigan Formation.zip,Michigan Formation/MICH_MCForm23_pouch_NMC_25C_0-100_1-1C_c_cycle_data.csv,MICH_MCForm23_pouch_NMC_25C_0-100_1-1C_c_cycle_data.csv,schema_63d0cb98b657,10,"[""Cycle_Index"", ""Test_Time (s)"", ""Min_Current (A)"", ""Max_Current (A)"", ""Min_Voltage (V)"", ""Max_Voltage (V)"", ""Charge_Capacity (Ah)"", ""Discharge_Capacity (Ah)"", ""Charge_Energy (Wh)"", ""Discharge_Energy (Wh)""]","[""cycle_index"", ""test_time_s"", ""min_current_a"", ""max_current_a"", ""min_voltage_v"", ""max_voltage_v"", ""charge_capacity_ah"", ""discharge_capacity_ah"", ""charge_energy_wh"", ""discharge_energy_wh""]",50,utf-8-sig,",",False,success,
Michigan Formation.zip,Michigan Formation/MICH_MCForm24_pouch_NMC_25C_0-100_1-1C_d_cycle_data.csv,MICH_MCForm24_pouch_NMC_25C_0-100_1-1C_d_cycle_data.csv,schema_63d0cb98b657,10,"[""Cycle_Index"", ""Test_Time (s)"", ""Min_Current (A)"", ""Max_Current (A)"", ""Min_Voltage (V)"", ""Max_Voltage (V)"", ""Charge_Capacity (Ah)"", ""Discharge_Capacity (Ah)"", ""Charge_Energy (Wh)"", ""Discharge_Energy (Wh)""]","[""cycle_index"", ""test_time_s"", ""min_current_a"", ""max_current_a"", ""min_voltage_v"", ""max_voltage_v"", ""charge_capacity_ah"", ""discharge_capacity_ah"", ""charge_energy_wh"", ""discharge_energy_wh""]",50,utf-8-sig,",",False,success,
Michigan Formation.zip,Michigan Formation/MICH_MCForm25_pouch_NMC_25C_0-100_1-1C_e_cycle_data.csv,MICH_MCForm25_pouch_NMC_25C_0-100_1-1C_e_cycle_data.csv,schema_63d0cb98b657,10,"[""Cycle_Index"", ""Test_Time (s)"", ""Min_Current (A)"", ""Max_Current (A)"", ""Min_Voltage (V)"", ""Max_Voltage (V)"", ""Charge_Capacity (Ah)"", ""Discharge_Capacity (Ah)"", ""Charge_Energy (Wh)"", ""Discharge_Energy (Wh)""]","[""cycle_index"", ""test_time_s"", ""min_current_a"", ""max_current_a"", ""min_voltage_v"", ""max_voltage_v"", ""charge_capacity_ah"", ""discharge_capacity_ah"", ""charge_energy_wh"", ""discharge_energy_wh""]",50,utf-8-sig,",",False,success,
Michigan Formation.zip,Michigan Formation/MICH_MCForm26_pouch_NMC_25C_0-100_1-1C_f_cycle_data.csv,MICH_MCForm26_pouch_NMC_25C_0-100_1-1C_f_cycle_data.csv,schema_63d0cb98b657,10,"[""Cycle_Index"", ""Test_Time (s)"", ""Min_Current (A)"", ""Max_Current (A)"", ""Min_Voltage (V)"", ""Max_Voltage (V)"", ""Charge_Capacity (Ah)"", ""Discharge_Capacity (Ah)"", ""Charge_Energy (Wh)"", ""Discharge_Energy (Wh)""]","[""cycle_index"", ""test_time_s"", ""min_current_a"", ""max_current_a"", ""min_voltage_v"", ""max_voltage_v"", ""charge_capacity_ah"", ""discharge_capacity_ah"", ""charge_energy_wh"", ""discharge_energy_wh""]",50,utf-8-sig,",",False,success,
Michigan Formation.zip,Michigan Formation/MICH_MCForm27_pouch_NMC_25C_0-100_1-1C_g_cycle_data.csv,MICH_MCForm27_pouch_NMC_25C_0-100_1-1C_g_cycle_data.csv,schema_63d0cb98b657,10,"[""Cycle_Index"", ""Test_Time (s)"", ""Min_Current (A)"", ""Max_Current (A)"", ""Min_Voltage (V)"", ""Max_Voltage (V)"", ""Charge_Capacity (Ah)"", ""Discharge_Capacity (Ah)"", ""Charge_Energy (Wh)"", ""Discharge_Energy (Wh)""]","[""cycle_index"", ""test_time_s"", ""min_current_a"", ""max_current_a"", ""min_voltage_v"", ""max_voltage_v"", ""charge_capacity_ah"", ""discharge_capacity_ah"", ""charge_energy_wh"", ""discharge_energy_wh""]",50,utf-8-sig,",",False,success,
Michigan Formation.zip,Michigan Formation/MICH_MCForm28_pouch_NMC_25C_0-100_1-1C_h_cycle_data.csv,MICH_MCForm28_pouch_NMC_25C_0-100_1-1C_h_cycle_data.csv,schema_63d0cb98b657,10,"[""Cycle_Index"", ""Test_Time (s)"", ""Min_Current (A)"", ""Max_Current (A)"", ""Min_Voltage (V)"", ""Max_Voltage (V)"", ""Charge_Capacity (Ah)"", ""Discharge_Capacity (Ah)"", ""Charge_Energy (Wh)"", ""Discharge_Energy (Wh)""]","[""cycle_index"", ""test_time_s"", ""min_current_a"", ""max_current_a"", ""min_voltage_v"", ""max_voltage_v"", ""charge_capacity_ah"", ""discharge_capacity_ah"", ""charge_energy_wh"", ""discharge_energy_wh""]",50,utf-8-sig,",",False,success,
Michigan Formation.zip,Michigan Formation/MICH_MCForm29_pouch_NMC_25C_0-100_1-1C_i_cycle_data.csv,MICH_MCForm29_pouch_NMC_25C_0-100_1-1C_i_cycle_data.csv,schema_63d0cb98b657,10,"[""Cycle_Index"", ""Test_Time (s)"", ""Min_Current (A)"", ""Max_Current (A)"", ""Min_Voltage (V)"", ""Max_Voltage (V)"", ""Charge_Capacity (Ah)"", ""Discharge_Capacity (Ah)"", ""Charge_Energy (Wh)"", ""Discharge_Energy (Wh)""]","[""cycle_index"", ""test_time_s"", ""min_current_a"", ""max_current_a"", ""min_voltage_v"", ""max_voltage_v"", ""charge_capacity_ah"", ""discharge_capacity_ah"", ""charge_energy_wh"", ""discharge_energy_wh""]",50,utf-8-sig,",",False,success,
Michigan Formation.zip,Michigan Formation/MICH_MCForm30_pouch_NMC_25C_0-100_1-1C_j_cycle_data.csv,MICH_MCForm30_pouch_NMC_25C_0-100_1-1C_j_cycle_data.csv,schema_63d0cb98b657,10,"[""Cycle_Index"", ""Test_Time (s)"", ""Min_Current (A)"", ""Max_Current (A)"", ""Min_Voltage (V)"", ""Max_Voltage (V)"", ""Charge_Capacity (Ah)"", ""Discharge_Capacity (Ah)"", ""Charge_Energy (Wh)"", ""Discharge_Energy (Wh)""]","[""cycle_index"", ""test_time_s"", ""min_current_a"", ""max_current_a"", ""min_voltage_v"", ""max_voltage_v"", ""charge_capacity_ah"", ""discharge_capacity_ah"", ""charge_energy_wh"", ""discharge_energy_wh""]",50,utf-8-sig,",",False,success,
Michigan Formation.zip,Michigan Formation/MICH_MCForm31_pouch_NMC_45C_0-100_1-1C_a_cycle_data.csv,MICH_MCForm31_pouch_NMC_45C_0-100_1-1C_a_cycle_data.csv,schema_63d0cb98b657,10,"[""Cycle_Index"", ""Test_Time (s)"", ""Min_Current (A)"", ""Max_Current (A)"", ""Min_Voltage (V)"", ""Max_Voltage (V)"", ""Charge_Capacity (Ah)"", ""Discharge_Capacity (Ah)"", ""Charge_Energy (Wh)"", ""Discharge_Energy (Wh)""]","[""cycle_index"", ""test_time_s"", ""min_current_a"", ""max_current_a"", ""min_voltage_v"", ""max_voltage_v"", ""charge_capacity_ah"", ""discharge_capacity_ah"", ""charge_energy_wh"", ""discharge_energy_wh""]",50,utf-8-sig,",",False,success,
Michigan Formation.zip,Michigan Formation/MICH_MCForm32_pouch_NMC_45C_0-100_1-1C_b_cycle_data.csv,MICH_MCForm32_pouch_NMC_45C_0-100_1-1C_b_cycle_data.csv,schema_63d0cb98b657,10,"[""Cycle_Index"", ""Test_Time (s)"", ""Min_Current (A)"", ""Max_Current (A)"", ""Min_Voltage (V)"", ""Max_Voltage (V)"", ""Charge_Capacity (Ah)"", ""Discharge_Capacity (Ah)"", ""Charge_Energy (Wh)"", ""Discharge_Energy (Wh)""]","[""cycle_index"", ""test_time_s"", ""min_current_a"", ""max_current_a"", ""min_voltage_v"", ""max_voltage_v"", ""charge_capacity_ah"", ""discharge_capacity_ah"", ""charge_energy_wh"", ""discharge_energy_wh""]",50,utf-8-sig,",",False,success,
Michigan Formation.zip,Michigan Formation/MICH_MCForm33_pouch_NMC_45C_0-100_1-1C_c_cycle_data.csv,MICH_MCForm33_pouch_NMC_45C_0-100_1-1C_c_cycle_data.csv,schema_63d0cb98b657,10,"[""Cycle_Index"", ""Test_Time (s)"", ""Min_Current (A)"", ""Max_Current (A)"", ""Min_Voltage (V)"", ""Max_Voltage (V)"", ""Charge_Capacity (Ah)"", ""Discharge_Capacity (Ah)"", ""Charge_Energy (Wh)"", ""Discharge_Energy (Wh)""]","[""cycle_index"", ""test_time_s"", ""min_current_a"", ""max_current_a"", ""min_voltage_v"", ""max_voltage_v"", ""charge_capacity_ah"", ""discharge_capacity_ah"", ""charge_energy_wh"", ""discharge_energy_wh""]",50,utf-8-sig,",",False,success,
Michigan Formation.zip,Michigan Formation/MICH_MCForm34_pouch_NMC_45C_0-100_1-1C_d_cycle_data.csv,MICH_MCForm34_pouch_NMC_45C_0-100_1-1C_d_cycle_data.csv,schema_63d0cb98b657,10,"[""Cycle_Index"", ""Test_Time (s)"", ""Min_Current (A)"", ""Max_Current (A)"", ""Min_Voltage (V)"", ""Max_Voltage (V)"", ""Charge_Capacity (Ah)"", ""Discharge_Capacity (Ah)"", ""Charge_Energy (Wh)"", ""Discharge_Energy (Wh)""]","[""cycle_index"", ""test_time_s"", ""min_current_a"", ""max_current_a"", ""min_voltage_v"", ""max_voltage_v"", ""charge_capacity_ah"", ""discharge_capacity_ah"", ""charge_energy_wh"", ""discharge_energy_wh""]",50,utf-8-sig,",",False,success,
Michigan Formation.zip,Michigan Formation/MICH_MCForm35_pouch_NMC_45C_0-100_1-1C_e_cycle_data.csv,MICH_MCForm35_pouch_NMC_45C_0-100_1-1C_e_cycle_data.csv,schema_63d0cb98b657,10,"[""Cycle_Index"", ""Test_Time (s)"", ""Min_Current (A)"", ""Max_Current (A)"", ""Min_Voltage (V)"", ""Max_Voltage (V)"", ""Charge_Capacity (Ah)"", ""Discharge_Capacity (Ah)"", ""Charge_Energy (Wh)"", ""Discharge_Energy (Wh)""]","[""cycle_index"", ""test_time_s"", ""min_current_a"", ""max_current_a"", ""min_voltage_v"", ""max_voltage_v"", ""charge_capacity_ah"", ""discharge_capacity_ah"", ""charge_energy_wh"", ""discharge_energy_wh""]",50,utf-8-sig,",",False,success,
Michigan Formation.zip,Michigan Formation/MICH_MCForm36_pouch_NMC_45C_0-100_1-1C_f_cycle_data.csv,MICH_MCForm36_pouch_NMC_45C_0-100_1-1C_f_cycle_data.csv,schema_63d0cb98b657,10,"[""Cycle_Index"", ""Test_Time (s)"", ""Min_Current (A)"", ""Max_Current (A)"", ""Min_Voltage (V)"", ""Max_Voltage (V)"", ""Charge_Capacity (Ah)"", ""Discharge_Capacity (Ah)"", ""Charge_Energy (Wh)"", ""Discharge_Energy (Wh)""]","[""cycle_index"", ""test_time_s"", ""min_current_a"", ""max_current_a"", ""min_voltage_v"", ""max_voltage_v"", ""charge_capacity_ah"", ""discharge_capacity_ah"", ""charge_energy_wh"", ""discharge_energy_wh""]",50,utf-8-sig,",",False,success,
Michigan Formation.zip,Michigan Formation/MICH_MCForm37_pouch_NMC_45C_0-100_1-1C_g_cycle_data.csv,MICH_MCForm37_pouch_NMC_45C_0-100_1-1C_g_cycle_data.csv,schema_63d0cb98b657,10,"[""Cycle_Index"", ""Test_Time (s)"", ""Min_Current (A)"", ""Max_Current (A)"", ""Min_Voltage (V)"", ""Max_Voltage (V)"", ""Charge_Capacity (Ah)"", ""Discharge_Capacity (Ah)"", ""Charge_Energy (Wh)"", ""Discharge_Energy (Wh)""]","[""cycle_index"", ""test_time_s"", ""min_current_a"", ""max_current_a"", ""min_voltage_v"", ""max_voltage_v"", ""charge_capacity_ah"", ""discharge_capacity_ah"", ""charge_energy_wh"", ""discharge_energy_wh""]",50,utf-8-sig,",",False,success,
Michigan Formation.zip,Michigan Formation/MICH_MCForm38_pouch_NMC_45C_0-100_1-1C_h_cycle_data.csv,MICH_MCForm38_pouch_NMC_45C_0-100_1-1C_h_cycle_data.csv,schema_63d0cb98b657,10,"[""Cycle_Index"", ""Test_Time (s)"", ""Min_Current (A)"", ""Max_Current (A)"", ""Min_Voltage (V)"", ""Max_Voltage (V)"", ""Charge_Capacity (Ah)"", ""Discharge_Capacity (Ah)"", ""Charge_Energy (Wh)"", ""Discharge_Energy (Wh)""]","[""cycle_index"", ""test_time_s"", ""min_current_a"", ""max_current_a"", ""min_voltage_v"", ""max_voltage_v"", ""charge_capacity_ah"", ""discharge_capacity_ah"", ""charge_energy_wh"", ""discharge_energy_wh""]",50,utf-8-sig,",",False,success,
Michigan Formation.zip,Michigan Formation/MICH_MCForm39_pouch_NMC_45C_0-100_1-1C_i_cycle_data.csv,MICH_MCForm39_pouch_NMC_45C_0-100_1-1C_i_cycle_data.csv,schema_63d0cb98b657,10,"[""Cycle_Index"", ""Test_Time (s)"", ""Min_Current (A)"", ""Max_Current (A)"", ""Min_Voltage (V)"", ""Max_Voltage (V)"", ""Charge_Capacity (Ah)"", ""Discharge_Capacity (Ah)"", ""Charge_Energy (Wh)"", ""Discharge_Energy (Wh)""]","[""cycle_index"", ""test_time_s"", ""min_current_a"", ""max_current_a"", ""min_voltage_v"", ""max_voltage_v"", ""charge_capacity_ah"", ""discharge_capacity_ah"", ""charge_energy_wh"", ""discharge_energy_wh""]",50,utf-8-sig,",",False,success,
Michigan Formation.zip,Michigan Formation/MICH_MCForm40_pouch_NMC_45C_0-100_1-1C_j_cycle_data.csv,MICH_MCForm40_pouch_NMC_45C_0-100_1-1C_j_cycle_data.csv,schema_63d0cb98b657,10,"[""Cycle_Index"", ""Test_Time (s)"", ""Min_Current (A)"", ""Max_Current (A)"", ""Min_Voltage (V)"", ""Max_Voltage (V)"", ""Charge_Capacity (Ah)"", ""Discharge_Capacity (Ah)"", ""Charge_Energy (Wh)"", ""Discharge_Energy (Wh)""]","[""cycle_index"", ""test_time_s"", ""min_current_a"", ""max_current_a"", ""min_voltage_v"", ""max_voltage_v"", ""charge_capacity_ah"", ""discharge_capacity_ah"", ""charge_energy_wh"", ""discharge_energy_wh""]",50,utf-8-sig,",",False,success,
Oxford.zip,Oxford/OX_1-1_pouch_LCO_40C_0-100_2-1.84C_a_cycle_data.csv,OX_1-1_pouch_LCO_40C_0-100_2-1.84C_a_cycle_data.csv,schema_d2669a99bc63,12,"[""Cycle_Index"", ""Start_Time"", ""End_Time"", ""Test_Time (s)"", ""Min_Current (A)"", ""Max_Current (A)"", ""Min_Voltage (V)"", ""Max_Voltage (V)"", ""Charge_Capacity (Ah)"", ""Discharge_Capacity (Ah)"", ""Charge_Energy (Wh)"", ""Discharge_Energy (Wh)""]","[""cycle_index"", ""start_time"", ""end_time"", ""test_time_s"", ""min_current_a"", ""max_current_a"", ""min_voltage_v"", ""max_voltage_v"", ""charge_capacity_ah"", ""discharge_capacity_ah"", ""charge_energy_wh"", ""discharge_energy_wh""]",50,utf-8-sig,",",False,success,
Oxford.zip,Oxford/OX_1-2_pouch_LCO_40C_0-100_2-1.84C_b_cycle_data.csv,OX_1-2_pouch_LCO_40C_0-100_2-1.84C_b_cycle_data.csv,schema_d2669a99bc63,12,"[""Cycle_Index"", ""Start_Time"", ""End_Time"", ""Test_Time (s)"", ""Min_Current (A)"", ""Max_Current (A)"", ""Min_Voltage (V)"", ""Max_Voltage (V)"", ""Charge_Capacity (Ah)"", ""Discharge_Capacity (Ah)"", ""Charge_Energy (Wh)"", ""Discharge_Energy (Wh)""]","[""cycle_index"", ""start_time"", ""end_time"", ""test_time_s"", ""min_current_a"", ""max_current_a"", ""min_voltage_v"", ""max_voltage_v"", ""charge_capacity_ah"", ""discharge_capacity_ah"", ""charge_energy_wh"", ""discharge_energy_wh""]",50,utf-8-sig,",",False,success,
Oxford.zip,Oxford/OX_1-3_pouch_LCO_40C_0-100_2-1.84C_c_cycle_data.csv,OX_1-3_pouch_LCO_40C_0-100_2-1.84C_c_cycle_data.csv,schema_d2669a99bc63,12,"[""Cycle_Index"", ""Start_Time"", ""End_Time"", ""Test_Time (s)"", ""Min_Current (A)"", ""Max_Current (A)"", ""Min_Voltage (V)"", ""Max_Voltage (V)"", ""Charge_Capacity (Ah)"", ""Discharge_Capacity (Ah)"", ""Charge_Energy (Wh)"", ""Discharge_Energy (Wh)""]","[""cycle_index"", ""start_time"", ""end_time"", ""test_time_s"", ""min_current_a"", ""max_current_a"", ""min_voltage_v"", ""max_voltage_v"", ""charge_capacity_ah"", ""discharge_capacity_ah"", ""charge_energy_wh"", ""discharge_energy_wh""]",50,utf-8-sig,",",False,success,
Oxford.zip,Oxford/OX_1-4_pouch_LCO_40C_0-100_2-1.84C_d_cycle_data.csv,OX_1-4_pouch_LCO_40C_0-100_2-1.84C_d_cycle_data.csv,schema_d2669a99bc63,12,"[""Cycle_Index"", ""Start_Time"", ""End_Time"", ""Test_Time (s)"", ""Min_Current (A)"", ""Max_Current (A)"", ""Min_Voltage (V)"", ""Max_Voltage (V)"", ""Charge_Capacity (Ah)"", ""Discharge_Capacity (Ah)"", ""Charge_Energy (Wh)"", ""Discharge_Energy (Wh)""]","[""cycle_index"", ""start_time"", ""end_time"", ""test_time_s"", ""min_current_a"", ""max_current_a"", ""min_voltage_v"", ""max_voltage_v"", ""charge_capacity_ah"", ""discharge_capacity_ah"", ""charge_energy_wh"", ""discharge_energy_wh""]",47,utf-8-sig,",",False,success,
Oxford.zip,Oxford/OX_1-5_pouch_LCO_40C_0-100_2-1.84C_e_cycle_data.csv,OX_1-5_pouch_LCO_40C_0-100_2-1.84C_e_cycle_data.csv,schema_d2669a99bc63,12,"[""Cycle_Index"", ""Start_Time"", ""End_Time"", ""Test_Time (s)"", ""Min_Current (A)"", ""Max_Current (A)"", ""Min_Voltage (V)"", ""Max_Voltage (V)"", ""Charge_Capacity (Ah)"", ""Discharge_Capacity (Ah)"", ""Charge_Energy (Wh)"", ""Discharge_Energy (Wh)""]","[""cycle_index"", ""start_time"", ""end_time"", ""test_time_s"", ""min_current_a"", ""max_current_a"", ""min_voltage_v"", ""max_voltage_v"", ""charge_capacity_ah"", ""discharge_capacity_ah"", ""charge_energy_wh"", ""discharge_energy_wh""]",46,utf-8-sig,",",False,success,
Oxford.zip,Oxford/OX_1-6_pouch_LCO_40C_0-100_2-1.84C_f_cycle_data.csv,OX_1-6_pouch_LCO_40C_0-100_2-1.84C_f_cycle_data.csv,schema_d2669a99bc63,12,"[""Cycle_Index"", ""Start_Time"", ""End_Time"", ""Test_Time (s)"", ""Min_Current (A)"", ""Max_Current (A)"", ""Min_Voltage (V)"", ""Max_Voltage (V)"", ""Charge_Capacity (Ah)"", ""Discharge_Capacity (Ah)"", ""Charge_Energy (Wh)"", ""Discharge_Energy (Wh)""]","[""cycle_index"", ""start_time"", ""end_time"", ""test_time_s"", ""min_current_a"", ""max_current_a"", ""min_voltage_v"", ""max_voltage_v"", ""charge_capacity_ah"", ""discharge_capacity_ah"", ""charge_energy_wh"", ""discharge_energy_wh""]",46,utf-8-sig,",",False,success,
Oxford.zip,Oxford/OX_1-7_pouch_LCO_40C_0-100_2-1.84C_g_cycle_data.csv,OX_1-7_pouch_LCO_40C_0-100_2-1.84C_g_cycle_data.csv,schema_d2669a99bc63,12,"[""Cycle_Index"", ""Start_Time"", ""End_Time"", ""Test_Time (s)"", ""Min_Current (A)"", ""Max_Current (A)"", ""Min_Voltage (V)"", ""Max_Voltage (V)"", ""Charge_Capacity (Ah)"", ""Discharge_Capacity (Ah)"", ""Charge_Energy (Wh)"", ""Discharge_Energy (Wh)""]","[""cycle_index"", ""start_time"", ""end_time"", ""test_time_s"", ""min_current_a"", ""max_current_a"", ""min_voltage_v"", ""max_voltage_v"", ""charge_capacity_ah"", ""discharge_capacity_ah"", ""charge_energy_wh"", ""discharge_energy_wh""]",50,utf-8-sig,",",False,success,
Oxford.zip,Oxford/OX_1-8_pouch_LCO_40C_0-100_2-1.84C_h_cycle_data.csv,OX_1-8_pouch_LCO_40C_0-100_2-1.84C_h_cycle_data.csv,schema_d2669a99bc63,12,"[""Cycle_Index"", ""Start_Time"", ""End_Time"", ""Test_Time (s)"", ""Min_Current (A)"", ""Max_Current (A)"", ""Min_Voltage (V)"", ""Max_Voltage (V)"", ""Charge_Capacity (Ah)"", ""Discharge_Capacity (Ah)"", ""Charge_Energy (Wh)"", ""Discharge_Energy (Wh)""]","[""cycle_index"", ""start_time"", ""end_time"", ""test_time_s"", ""min_current_a"", ""max_current_a"", ""min_voltage_v"", ""max_voltage_v"", ""charge_capacity_ah"", ""discharge_capacity_ah"", ""charge_energy_wh"", ""discharge_energy_wh""]",50,utf-8-sig,",",False,success,
SNL LFP.zip,SNL LFP/SNL_18650_LFP_15C_0-100_0.5-1C_a_cycle_data.csv,SNL_18650_LFP_15C_0-100_0.5-1C_a_cycle_data.csv,schema_d2669a99bc63,12,"[""Cycle_Index"", ""Start_Time"", ""End_Time"", ""Test_Time (s)"", ""Min_Current (A)"", ""Max_Current (A)"", ""Min_Voltage (V)"", ""Max_Voltage (V)"", ""Charge_Capacity (Ah)"", ""Discharge_Capacity (Ah)"", ""Charge_Energy (Wh)"", ""Discharge_Energy (Wh)""]","[""cycle_index"", ""start_time"", ""end_time"", ""test_time_s"", ""min_current_a"", ""max_current_a"", ""min_voltage_v"", ""max_voltage_v"", ""charge_capacity_ah"", ""discharge_capacity_ah"", ""charge_energy_wh"", ""discharge_energy_wh""]",50,utf-8-sig,",",False,success,
SNL LFP.zip,SNL LFP/SNL_18650_LFP_15C_0-100_0.5-1C_b_cycle_data.csv,SNL_18650_LFP_15C_0-100_0.5-1C_b_cycle_data.csv,schema_d2669a99bc63,12,"[""Cycle_Index"", ""Start_Time"", ""End_Time"", ""Test_Time (s)"", ""Min_Current (A)"", ""Max_Current (A)"", ""Min_Voltage (V)"", ""Max_Voltage (V)"", ""Charge_Capacity (Ah)"", ""Discharge_Capacity (Ah)"", ""Charge_Energy (Wh)"", ""Discharge_Energy (Wh)""]","[""cycle_index"", ""start_time"", ""end_time"", ""test_time_s"", ""min_current_a"", ""max_current_a"", ""min_voltage_v"", ""max_voltage_v"", ""charge_capacity_ah"", ""discharge_capacity_ah"", ""charge_energy_wh"", ""discharge_energy_wh""]",50,utf-8-sig,",",False,success,
SNL LFP.zip,SNL LFP/SNL_18650_LFP_15C_0-100_0.5-2C_a_cycle_data.csv,SNL_18650_LFP_15C_0-100_0.5-2C_a_cycle_data.csv,schema_d2669a99bc63,12,"[""Cycle_Index"", ""Start_Time"", ""End_Time"", ""Test_Time (s)"", ""Min_Current (A)"", ""Max_Current (A)"", ""Min_Voltage (V)"", ""Max_Voltage (V)"", ""Charge_Capacity (Ah)"", ""Discharge_Capacity (Ah)"", ""Charge_Energy (Wh)"", ""Discharge_Energy (Wh)""]","[""cycle_index"", ""start_time"", ""end_time"", ""test_time_s"", ""min_current_a"", ""max_current_a"", ""min_voltage_v"", ""max_voltage_v"", ""charge_capacity_ah"", ""discharge_capacity_ah"", ""charge_energy_wh"", ""discharge_energy_wh""]",50,utf-8-sig,",",False,success,
SNL LFP.zip,SNL LFP/SNL_18650_LFP_15C_0-100_0.5-2C_b_cycle_data.csv,SNL_18650_LFP_15C_0-100_0.5-2C_b_cycle_data.csv,schema_d2669a99bc63,12,"[""Cycle_Index"", ""Start_Time"", ""End_Time"", ""Test_Time (s)"", ""Min_Current (A)"", ""Max_Current (A)"", ""Min_Voltage (V)"", ""Max_Voltage (V)"", ""Charge_Capacity (Ah)"", ""Discharge_Capacity (Ah)"", ""Charge_Energy (Wh)"", ""Discharge_Energy (Wh)""]","[""cycle_index"", ""start_time"", ""end_time"", ""test_time_s"", ""min_current_a"", ""max_current_a"", ""min_voltage_v"", ""max_voltage_v"", ""charge_capacity_ah"", ""discharge_capacity_ah"", ""charge_energy_wh"", ""discharge_energy_wh""]",50,utf-8-sig,",",False,success,
SNL LFP.zip,SNL LFP/SNL_18650_LFP_25C_0-100_0.5-0.5C_a_cycle_data.csv,SNL_18650_LFP_25C_0-100_0.5-0.5C_a_cycle_data.csv,schema_d2669a99bc63,12,"[""Cycle_Index"", ""Start_Time"", ""End_Time"", ""Test_Time (s)"", ""Min_Current (A)"", ""Max_Current (A)"", ""Min_Voltage (V)"", ""Max_Voltage (V)"", ""Charge_Capacity (Ah)"", ""Discharge_Capacity (Ah)"", ""Charge_Energy (Wh)"", ""Discharge_Energy (Wh)""]","[""cycle_index"", ""start_time"", ""end_time"", ""test_time_s"", ""min_current_a"", ""max_current_a"", ""min_voltage_v"", ""max_voltage_v"", ""charge_capacity_ah"", ""discharge_capacity_ah"", ""charge_energy_wh"", ""discharge_energy_wh""]",50,utf-8-sig,",",False,success,
SNL LFP.zip,SNL LFP/SNL_18650_LFP_25C_0-100_0.5-1C_a_cycle_data.csv,SNL_18650_LFP_25C_0-100_0.5-1C_a_cycle_data.csv,schema_d2669a99bc63,12,"[""Cycle_Index"", ""Start_Time"", ""End_Time"", ""Test_Time (s)"", ""Min_Current (A)"", ""Max_Current (A)"", ""Min_Voltage (V)"", ""Max_Voltage (V)"", ""Charge_Capacity (Ah)"", ""Discharge_Capacity (Ah)"", ""Charge_Energy (Wh)"", ""Discharge_Energy (Wh)""]","[""cycle_index"", ""start_time"", ""end_time"", ""test_time_s"", ""min_current_a"", ""max_current_a"", ""min_voltage_v"", ""max_voltage_v"", ""charge_capacity_ah"", ""discharge_capacity_ah"", ""charge_energy_wh"", ""discharge_energy_wh""]",50,utf-8-sig,",",False,success,
SNL LFP.zip,SNL LFP/SNL_18650_LFP_25C_0-100_0.5-1C_b_cycle_data.csv,SNL_18650_LFP_25C_0-100_0.5-1C_b_cycle_data.csv,schema_d2669a99bc63,12,"[""Cycle_Index"", ""Start_Time"", ""End_Time"", ""Test_Time (s)"", ""Min_Current (A)"", ""Max_Current (A)"", ""Min_Voltage (V)"", ""Max_Voltage (V)"", ""Charge_Capacity (Ah)"", ""Discharge_Capacity (Ah)"", ""Charge_Energy (Wh)"", ""Discharge_Energy (Wh)""]","[""cycle_index"", ""start_time"", ""end_time"", ""test_time_s"", ""min_current_a"", ""max_current_a"", ""min_voltage_v"", ""max_voltage_v"", ""charge_capacity_ah"", ""discharge_capacity_ah"", ""charge_energy_wh"", ""discharge_energy_wh""]",50,utf-8-sig,",",False,success,
SNL LFP.zip,SNL LFP/SNL_18650_LFP_25C_0-100_0.5-1C_c_cycle_data.csv,SNL_18650_LFP_25C_0-100_0.5-1C_c_cycle_data.csv,schema_d2669a99bc63,12,"[""Cycle_Index"", ""Start_Time"", ""End_Time"", ""Test_Time (s)"", ""Min_Current (A)"", ""Max_Current (A)"", ""Min_Voltage (V)"", ""Max_Voltage (V)"", ""Charge_Capacity (Ah)"", ""Discharge_Capacity (Ah)"", ""Charge_Energy (Wh)"", ""Discharge_Energy (Wh)""]","[""cycle_index"", ""start_time"", ""end_time"", ""test_time_s"", ""min_current_a"", ""max_current_a"", ""min_voltage_v"", ""max_voltage_v"", ""charge_capacity_ah"", ""discharge_capacity_ah"", ""charge_energy_wh"", ""discharge_energy_wh""]",50,utf-8-sig,",",False,success,
SNL LFP.zip,SNL LFP/SNL_18650_LFP_25C_0-100_0.5-1C_d_cycle_data.csv,SNL_18650_LFP_25C_0-100_0.5-1C_d_cycle_data.csv,schema_d2669a99bc63,12,"[""Cycle_Index"", ""Start_Time"", ""End_Time"", ""Test_Time (s)"", ""Min_Current (A)"", ""Max_Current (A)"", ""Min_Voltage (V)"", ""Max_Voltage (V)"", ""Charge_Capacity (Ah)"", ""Discharge_Capacity (Ah)"", ""Charge_Energy (Wh)"", ""Discharge_Energy (Wh)""]","[""cycle_index"", ""start_time"", ""end_time"", ""test_time_s"", ""min_current_a"", ""max_current_a"", ""min_voltage_v"", ""max_voltage_v"", ""charge_capacity_ah"", ""discharge_capacity_ah"", ""charge_energy_wh"", ""discharge_energy_wh""]",50,utf-8-sig,",",False,success,
SNL LFP.zip,SNL LFP/SNL_18650_LFP_25C_0-100_0.5-2C_a_cycle_data.csv,SNL_18650_LFP_25C_0-100_0.5-2C_a_cycle_data.csv,schema_d2669a99bc63,12,"[""Cycle_Index"", ""Start_Time"", ""End_Time"", ""Test_Time (s)"", ""Min_Current (A)"", ""Max_Current (A)"", ""Min_Voltage (V)"", ""Max_Voltage (V)"", ""Charge_Capacity (Ah)"", ""Discharge_Capacity (Ah)"", ""Charge_Energy (Wh)"", ""Discharge_Energy (Wh)""]","[""cycle_index"", ""start_time"", ""end_time"", ""test_time_s"", ""min_current_a"", ""max_current_a"", ""min_voltage_v"", ""max_voltage_v"", ""charge_capacity_ah"", ""discharge_capacity_ah"", ""charge_energy_wh"", ""discharge_energy_wh""]",50,utf-8-sig,",",False,success,
SNL LFP.zip,SNL LFP/SNL_18650_LFP_25C_0-100_0.5-2C_b_cycle_data.csv,SNL_18650_LFP_25C_0-100_0.5-2C_b_cycle_data.csv,schema_d2669a99bc63,12,"[""Cycle_Index"", ""Start_Time"", ""End_Time"", ""Test_Time (s)"", ""Min_Current (A)"", ""Max_Current (A)"", ""Min_Voltage (V)"", ""Max_Voltage (V)"", ""Charge_Capacity (Ah)"", ""Discharge_Capacity (Ah)"", ""Charge_Energy (Wh)"", ""Discharge_Energy (Wh)""]","[""cycle_index"", ""start_time"", ""end_time"", ""test_time_s"", ""min_current_a"", ""max_current_a"", ""min_voltage_v"", ""max_voltage_v"", ""charge_capacity_ah"", ""discharge_capacity_ah"", ""charge_energy_wh"", ""discharge_energy_wh""]",50,utf-8-sig,",",False,success,
SNL LFP.zip,SNL LFP/SNL_18650_LFP_25C_0-100_0.5-3C_a_cycle_data.csv,SNL_18650_LFP_25C_0-100_0.5-3C_a_cycle_data.csv,schema_d2669a99bc63,12,"[""Cycle_Index"", ""Start_Time"", ""End_Time"", ""Test_Time (s)"", ""Min_Current (A)"", ""Max_Current (A)"", ""Min_Voltage (V)"", ""Max_Voltage (V)"", ""Charge_Capacity (Ah)"", ""Discharge_Capacity (Ah)"", ""Charge_Energy (Wh)"", ""Discharge_Energy (Wh)""]","[""cycle_index"", ""start_time"", ""end_time"", ""test_time_s"", ""min_current_a"", ""max_current_a"", ""min_voltage_v"", ""max_voltage_v"", ""charge_capacity_ah"", ""discharge_capacity_ah"", ""charge_energy_wh"", ""discharge_energy_wh""]",50,utf-8-sig,",",False,success,
SNL LFP.zip,SNL LFP/SNL_18650_LFP_25C_0-100_0.5-3C_b_cycle_data.csv,SNL_18650_LFP_25C_0-100_0.5-3C_b_cycle_data.csv,schema_d2669a99bc63,12,"[""Cycle_Index"", ""Start_Time"", ""End_Time"", ""Test_Time (s)"", ""Min_Current (A)"", ""Max_Current (A)"", ""Min_Voltage (V)"", ""Max_Voltage (V)"", ""Charge_Capacity (Ah)"", ""Discharge_Capacity (Ah)"", ""Charge_Energy (Wh)"", ""Discharge_Energy (Wh)""]","[""cycle_index"", ""start_time"", ""end_time"", ""test_time_s"", ""min_current_a"", ""max_current_a"", ""min_voltage_v"", ""max_voltage_v"", ""charge_capacity_ah"", ""discharge_capacity_ah"", ""charge_energy_wh"", ""discharge_energy_wh""]",50,utf-8-sig,",",False,success,
SNL LFP.zip,SNL LFP/SNL_18650_LFP_25C_0-100_0.5-3C_c_cycle_data.csv,SNL_18650_LFP_25C_0-100_0.5-3C_c_cycle_data.csv,schema_d2669a99bc63,12,"[""Cycle_Index"", ""Start_Time"", ""End_Time"", ""Test_Time (s)"", ""Min_Current (A)"", ""Max_Current (A)"", ""Min_Voltage (V)"", ""Max_Voltage (V)"", ""Charge_Capacity (Ah)"", ""Discharge_Capacity (Ah)"", ""Charge_Energy (Wh)"", ""Discharge_Energy (Wh)""]","[""cycle_index"", ""start_time"", ""end_time"", ""test_time_s"", ""min_current_a"", ""max_current_a"", ""min_voltage_v"", ""max_voltage_v"", ""charge_capacity_ah"", ""discharge_capacity_ah"", ""charge_energy_wh"", ""discharge_energy_wh""]",50,utf-8-sig,",",False,success,
SNL LFP.zip,SNL LFP/SNL_18650_LFP_25C_0-100_0.5-3C_d_cycle_data.csv,SNL_18650_LFP_25C_0-100_0.5-3C_d_cycle_data.csv,schema_d2669a99bc63,12,"[""Cycle_Index"", ""Start_Time"", ""End_Time"", ""Test_Time (s)"", ""Min_Current (A)"", ""Max_Current (A)"", ""Min_Voltage (V)"", ""Max_Voltage (V)"", ""Charge_Capacity (Ah)"", ""Discharge_Capacity (Ah)"", ""Charge_Energy (Wh)"", ""Discharge_Energy (Wh)""]","[""cycle_index"", ""start_time"", ""end_time"", ""test_time_s"", ""min_current_a"", ""max_current_a"", ""min_voltage_v"", ""max_voltage_v"", ""charge_capacity_ah"", ""discharge_capacity_ah"", ""charge_energy_wh"", ""discharge_energy_wh""]",50,utf-8-sig,",",False,success,
SNL LFP.zip,SNL LFP/SNL_18650_LFP_25C_20-80_0.5-0.5C_a_cycle_data.csv,SNL_18650_LFP_25C_20-80_0.5-0.5C_a_cycle_data.csv,schema_d2669a99bc63,12,"[""Cycle_Index"", ""Start_Time"", ""End_Time"", ""Test_Time (s)"", ""Min_Current (A)"", ""Max_Current (A)"", ""Min_Voltage (V)"", ""Max_Voltage (V)"", ""Charge_Capacity (Ah)"", ""Discharge_Capacity (Ah)"", ""Charge_Energy (Wh)"", ""Discharge_Energy (Wh)""]","[""cycle_index"", ""start_time"", ""end_time"", ""test_time_s"", ""min_current_a"", ""max_current_a"", ""min_voltage_v"", ""max_voltage_v"", ""charge_capacity_ah"", ""discharge_capacity_ah"", ""charge_energy_wh"", ""discharge_energy_wh""]",50,utf-8-sig,",",False,success,
SNL LFP.zip,SNL LFP/SNL_18650_LFP_25C_20-80_0.5-0.5C_b_cycle_data.csv,SNL_18650_LFP_25C_20-80_0.5-0.5C_b_cycle_data.csv,schema_d2669a99bc63,12,"[""Cycle_Index"", ""Start_Time"", ""End_Time"", ""Test_Time (s)"", ""Min_Current (A)"", ""Max_Current (A)"", ""Min_Voltage (V)"", ""Max_Voltage (V)"", ""Charge_Capacity (Ah)"", ""Discharge_Capacity (Ah)"", ""Charge_Energy (Wh)"", ""Discharge_Energy (Wh)""]","[""cycle_index"", ""start_time"", ""end_time"", ""test_time_s"", ""min_current_a"", ""max_current_a"", ""min_voltage_v"", ""max_voltage_v"", ""charge_capacity_ah"", ""discharge_capacity_ah"", ""charge_energy_wh"", ""discharge_energy_wh""]",50,utf-8-sig,",",False,success,
SNL LFP.zip,SNL LFP/SNL_18650_LFP_25C_20-80_0.5-0.5C_c_cycle_data.csv,SNL_18650_LFP_25C_20-80_0.5-0.5C_c_cycle_data.csv,schema_d2669a99bc63,12,"[""Cycle_Index"", ""Start_Time"", ""End_Time"", ""Test_Time (s)"", ""Min_Current (A)"", ""Max_Current (A)"", ""Min_Voltage (V)"", ""Max_Voltage (V)"", ""Charge_Capacity (Ah)"", ""Discharge_Capacity (Ah)"", ""Charge_Energy (Wh)"", ""Discharge_Energy (Wh)""]","[""cycle_index"", ""start_time"", ""end_time"", ""test_time_s"", ""min_current_a"", ""max_current_a"", ""min_voltage_v"", ""max_voltage_v"", ""charge_capacity_ah"", ""discharge_capacity_ah"", ""charge_energy_wh"", ""discharge_energy_wh""]",50,utf-8-sig,",",False,success,
SNL LFP.zip,SNL LFP/SNL_18650_LFP_25C_20-80_0.5-0.5C_d_cycle_data.csv,SNL_18650_LFP_25C_20-80_0.5-0.5C_d_cycle_data.csv,schema_d2669a99bc63,12,"[""Cycle_Index"", ""Start_Time"", ""End_Time"", ""Test_Time (s)"", ""Min_Current (A)"", ""Max_Current (A)"", ""Min_Voltage (V)"", ""Max_Voltage (V)"", ""Charge_Capacity (Ah)"", ""Discharge_Capacity (Ah)"", ""Charge_Energy (Wh)"", ""Discharge_Energy (Wh)""]","[""cycle_index"", ""start_time"", ""end_time"", ""test_time_s"", ""min_current_a"", ""max_current_a"", ""min_voltage_v"", ""max_voltage_v"", ""charge_capacity_ah"", ""discharge_capacity_ah"", ""charge_energy_wh"", ""discharge_energy_wh""]",50,utf-8-sig,",",False,success,
SNL LFP.zip,SNL LFP/SNL_18650_LFP_25C_20-80_0.5-3C_a_cycle_data.csv,SNL_18650_LFP_25C_20-80_0.5-3C_a_cycle_data.csv,schema_d2669a99bc63,12,"[""Cycle_Index"", ""Start_Time"", ""End_Time"", ""Test_Time (s)"", ""Min_Current (A)"", ""Max_Current (A)"", ""Min_Voltage (V)"", ""Max_Voltage (V)"", ""Charge_Capacity (Ah)"", ""Discharge_Capacity (Ah)"", ""Charge_Energy (Wh)"", ""Discharge_Energy (Wh)""]","[""cycle_index"", ""start_time"", ""end_time"", ""test_time_s"", ""min_current_a"", ""max_current_a"", ""min_voltage_v"", ""max_voltage_v"", ""charge_capacity_ah"", ""discharge_capacity_ah"", ""charge_energy_wh"", ""discharge_energy_wh""]",50,utf-8-sig,",",False,success,
SNL LFP.zip,SNL LFP/SNL_18650_LFP_25C_40-60_0.5-0.5C_a_cycle_data.csv,SNL_18650_LFP_25C_40-60_0.5-0.5C_a_cycle_data.csv,schema_d2669a99bc63,12,"[""Cycle_Index"", ""Start_Time"", ""End_Time"", ""Test_Time (s)"", ""Min_Current (A)"", ""Max_Current (A)"", ""Min_Voltage (V)"", ""Max_Voltage (V)"", ""Charge_Capacity (Ah)"", ""Discharge_Capacity (Ah)"", ""Charge_Energy (Wh)"", ""Discharge_Energy (Wh)""]","[""cycle_index"", ""start_time"", ""end_time"", ""test_time_s"", ""min_current_a"", ""max_current_a"", ""min_voltage_v"", ""max_voltage_v"", ""charge_capacity_ah"", ""discharge_capacity_ah"", ""charge_energy_wh"", ""discharge_energy_wh""]",50,utf-8-sig,",",False,success,
SNL LFP.zip,SNL LFP/SNL_18650_LFP_25C_40-60_0.5-0.5C_b_cycle_data.csv,SNL_18650_LFP_25C_40-60_0.5-0.5C_b_cycle_data.csv,schema_d2669a99bc63,12,"[""Cycle_Index"", ""Start_Time"", ""End_Time"", ""Test_Time (s)"", ""Min_Current (A)"", ""Max_Current (A)"", ""Min_Voltage (V)"", ""Max_Voltage (V)"", ""Charge_Capacity (Ah)"", ""Discharge_Capacity (Ah)"", ""Charge_Energy (Wh)"", ""Discharge_Energy (Wh)""]","[""cycle_index"", ""start_time"", ""end_time"", ""test_time_s"", ""min_current_a"", ""max_current_a"", ""min_voltage_v"", ""max_voltage_v"", ""charge_capacity_ah"", ""discharge_capacity_ah"", ""charge_energy_wh"", ""discharge_energy_wh""]",50,utf-8-sig,",",False,success,
SNL LFP.zip,SNL LFP/SNL_18650_LFP_25C_40-60_0.5-3C_a_cycle_data.csv,SNL_18650_LFP_25C_40-60_0.5-3C_a_cycle_data.csv,schema_d2669a99bc63,12,"[""Cycle_Index"", ""Start_Time"", ""End_Time"", ""Test_Time (s)"", ""Min_Current (A)"", ""Max_Current (A)"", ""Min_Voltage (V)"", ""Max_Voltage (V)"", ""Charge_Capacity (Ah)"", ""Discharge_Capacity (Ah)"", ""Charge_Energy (Wh)"", ""Discharge_Energy (Wh)""]","[""cycle_index"", ""start_time"", ""end_time"", ""test_time_s"", ""min_current_a"", ""max_current_a"", ""min_voltage_v"", ""max_voltage_v"", ""charge_capacity_ah"", ""discharge_capacity_ah"", ""charge_energy_wh"", ""discharge_energy_wh""]",50,utf-8-sig,",",False,success,
SNL LFP.zip,SNL LFP/SNL_18650_LFP_25C_40-60_0.5-3C_b_cycle_data.csv,SNL_18650_LFP_25C_40-60_0.5-3C_b_cycle_data.csv,schema_d2669a99bc63,12,"[""Cycle_Index"", ""Start_Time"", ""End_Time"", ""Test_Time (s)"", ""Min_Current (A)"", ""Max_Current (A)"", ""Min_Voltage (V)"", ""Max_Voltage (V)"", ""Charge_Capacity (Ah)"", ""Discharge_Capacity (Ah)"", ""Charge_Energy (Wh)"", ""Discharge_Energy (Wh)""]","[""cycle_index"", ""start_time"", ""end_time"", ""test_time_s"", ""min_current_a"", ""max_current_a"", ""min_voltage_v"", ""max_voltage_v"", ""charge_capacity_ah"", ""discharge_capacity_ah"", ""charge_energy_wh"", ""discharge_energy_wh""]",50,utf-8-sig,",",False,success,
SNL LFP.zip,SNL LFP/SNL_18650_LFP_35C_0-100_0.5-1C_a_cycle_data.csv,SNL_18650_LFP_35C_0-100_0.5-1C_a_cycle_data.csv,schema_d2669a99bc63,12,"[""Cycle_Index"", ""Start_Time"", ""End_Time"", ""Test_Time (s)"", ""Min_Current (A)"", ""Max_Current (A)"", ""Min_Voltage (V)"", ""Max_Voltage (V)"", ""Charge_Capacity (Ah)"", ""Discharge_Capacity (Ah)"", ""Charge_Energy (Wh)"", ""Discharge_Energy (Wh)""]","[""cycle_index"", ""start_time"", ""end_time"", ""test_time_s"", ""min_current_a"", ""max_current_a"", ""min_voltage_v"", ""max_voltage_v"", ""charge_capacity_ah"", ""discharge_capacity_ah"", ""charge_energy_wh"", ""discharge_energy_wh""]",50,utf-8-sig,",",False,success,
SNL LFP.zip,SNL LFP/SNL_18650_LFP_35C_0-100_0.5-1C_b_cycle_data.csv,SNL_18650_LFP_35C_0-100_0.5-1C_b_cycle_data.csv,schema_d2669a99bc63,12,"[""Cycle_Index"", ""Start_Time"", ""End_Time"", ""Test_Time (s)"", ""Min_Current (A)"", ""Max_Current (A)"", ""Min_Voltage (V)"", ""Max_Voltage (V)"", ""Charge_Capacity (Ah)"", ""Discharge_Capacity (Ah)"", ""Charge_Energy (Wh)"", ""Discharge_Energy (Wh)""]","[""cycle_index"", ""start_time"", ""end_time"", ""test_time_s"", ""min_current_a"", ""max_current_a"", ""min_voltage_v"", ""max_voltage_v"", ""charge_capacity_ah"", ""discharge_capacity_ah"", ""charge_energy_wh"", ""discharge_energy_wh""]",50,utf-8-sig,",",False,success,
SNL LFP.zip,SNL LFP/SNL_18650_LFP_35C_0-100_0.5-1C_c_cycle_data.csv,SNL_18650_LFP_35C_0-100_0.5-1C_c_cycle_data.csv,schema_d2669a99bc63,12,"[""Cycle_Index"", ""Start_Time"", ""End_Time"", ""Test_Time (s)"", ""Min_Current (A)"", ""Max_Current (A)"", ""Min_Voltage (V)"", ""Max_Voltage (V)"", ""Charge_Capacity (Ah)"", ""Discharge_Capacity (Ah)"", ""Charge_Energy (Wh)"", ""Discharge_Energy (Wh)""]","[""cycle_index"", ""start_time"", ""end_time"", ""test_time_s"", ""min_current_a"", ""max_current_a"", ""min_voltage_v"", ""max_voltage_v"", ""charge_capacity_ah"", ""discharge_capacity_ah"", ""charge_energy_wh"", ""discharge_energy_wh""]",50,utf-8-sig,",",False,success,
SNL LFP.zip,SNL LFP/SNL_18650_LFP_35C_0-100_0.5-1C_d_cycle_data.csv,SNL_18650_LFP_35C_0-100_0.5-1C_d_cycle_data.csv,schema_d2669a99bc63,12,"[""Cycle_Index"", ""Start_Time"", ""End_Time"", ""Test_Time (s)"", ""Min_Current (A)"", ""Max_Current (A)"", ""Min_Voltage (V)"", ""Max_Voltage (V)"", ""Charge_Capacity (Ah)"", ""Discharge_Capacity (Ah)"", ""Charge_Energy (Wh)"", ""Discharge_Energy (Wh)""]","[""cycle_index"", ""start_time"", ""end_time"", ""test_time_s"", ""min_current_a"", ""max_current_a"", ""min_voltage_v"", ""max_voltage_v"", ""charge_capacity_ah"", ""discharge_capacity_ah"", ""charge_energy_wh"", ""discharge_energy_wh""]",50,utf-8-sig,",",False,success,
SNL LFP.zip,SNL LFP/SNL_18650_LFP_35C_0-100_0.5-2C_a_cycle_data.csv,SNL_18650_LFP_35C_0-100_0.5-2C_a_cycle_data.csv,schema_d2669a99bc63,12,"[""Cycle_Index"", ""Start_Time"", ""End_Time"", ""Test_Time (s)"", ""Min_Current (A)"", ""Max_Current (A)"", ""Min_Voltage (V)"", ""Max_Voltage (V)"", ""Charge_Capacity (Ah)"", ""Discharge_Capacity (Ah)"", ""Charge_Energy (Wh)"", ""Discharge_Energy (Wh)""]","[""cycle_index"", ""start_time"", ""end_time"", ""test_time_s"", ""min_current_a"", ""max_current_a"", ""min_voltage_v"", ""max_voltage_v"", ""charge_capacity_ah"", ""discharge_capacity_ah"", ""charge_energy_wh"", ""discharge_energy_wh""]",50,utf-8-sig,",",False,success,
SNL LFP.zip,SNL LFP/SNL_18650_LFP_35C_0-100_0.5-2C_b_cycle_data.csv,SNL_18650_LFP_35C_0-100_0.5-2C_b_cycle_data.csv,schema_d2669a99bc63,12,"[""Cycle_Index"", ""Start_Time"", ""End_Time"", ""Test_Time (s)"", ""Min_Current (A)"", ""Max_Current (A)"", ""Min_Voltage (V)"", ""Max_Voltage (V)"", ""Charge_Capacity (Ah)"", ""Discharge_Capacity (Ah)"", ""Charge_Energy (Wh)"", ""Discharge_Energy (Wh)""]","[""cycle_index"", ""start_time"", ""end_time"", ""test_time_s"", ""min_current_a"", ""max_current_a"", ""min_voltage_v"", ""max_voltage_v"", ""charge_capacity_ah"", ""discharge_capacity_ah"", ""charge_energy_wh"", ""discharge_energy_wh""]",50,utf-8-sig,",",False,success,
SNL NCA.zip,SNL NCA/SNL_18650_NCA_15C_0-100_0.5-1C_a_cycle_data.csv,SNL_18650_NCA_15C_0-100_0.5-1C_a_cycle_data.csv,schema_d2669a99bc63,12,"[""Cycle_Index"", ""Start_Time"", ""End_Time"", ""Test_Time (s)"", ""Min_Current (A)"", ""Max_Current (A)"", ""Min_Voltage (V)"", ""Max_Voltage (V)"", ""Charge_Capacity (Ah)"", ""Discharge_Capacity (Ah)"", ""Charge_Energy (Wh)"", ""Discharge_Energy (Wh)""]","[""cycle_index"", ""start_time"", ""end_time"", ""test_time_s"", ""min_current_a"", ""max_current_a"", ""min_voltage_v"", ""max_voltage_v"", ""charge_capacity_ah"", ""discharge_capacity_ah"", ""charge_energy_wh"", ""discharge_energy_wh""]",50,utf-8-sig,",",False,success,
SNL NCA.zip,SNL NCA/SNL_18650_NCA_15C_0-100_0.5-1C_b_cycle_data.csv,SNL_18650_NCA_15C_0-100_0.5-1C_b_cycle_data.csv,schema_d2669a99bc63,12,"[""Cycle_Index"", ""Start_Time"", ""End_Time"", ""Test_Time (s)"", ""Min_Current (A)"", ""Max_Current (A)"", ""Min_Voltage (V)"", ""Max_Voltage (V)"", ""Charge_Capacity (Ah)"", ""Discharge_Capacity (Ah)"", ""Charge_Energy (Wh)"", ""Discharge_Energy (Wh)""]","[""cycle_index"", ""start_time"", ""end_time"", ""test_time_s"", ""min_current_a"", ""max_current_a"", ""min_voltage_v"", ""max_voltage_v"", ""charge_capacity_ah"", ""discharge_capacity_ah"", ""charge_energy_wh"", ""discharge_energy_wh""]",50,utf-8-sig,",",False,success,
SNL NCA.zip,SNL NCA/SNL_18650_NCA_15C_0-100_0.5-2C_a_cycle_data.csv,SNL_18650_NCA_15C_0-100_0.5-2C_a_cycle_data.csv,schema_d2669a99bc63,12,"[""Cycle_Index"", ""Start_Time"", ""End_Time"", ""Test_Time (s)"", ""Min_Current (A)"", ""Max_Current (A)"", ""Min_Voltage (V)"", ""Max_Voltage (V)"", ""Charge_Capacity (Ah)"", ""Discharge_Capacity (Ah)"", ""Charge_Energy (Wh)"", ""Discharge_Energy (Wh)""]","[""cycle_index"", ""start_time"", ""end_time"", ""test_time_s"", ""min_current_a"", ""max_current_a"", ""min_voltage_v"", ""max_voltage_v"", ""charge_capacity_ah"", ""discharge_capacity_ah"", ""charge_energy_wh"", ""discharge_energy_wh""]",50,utf-8-sig,",",False,success,
SNL NCA.zip,SNL NCA/SNL_18650_NCA_15C_0-100_0.5-2C_b_cycle_data.csv,SNL_18650_NCA_15C_0-100_0.5-2C_b_cycle_data.csv,schema_d2669a99bc63,12,"[""Cycle_Index"", ""Start_Time"", ""End_Time"", ""Test_Time (s)"", ""Min_Current (A)"", ""Max_Current (A)"", ""Min_Voltage (V)"", ""Max_Voltage (V)"", ""Charge_Capacity (Ah)"", ""Discharge_Capacity (Ah)"", ""Charge_Energy (Wh)"", ""Discharge_Energy (Wh)""]","[""cycle_index"", ""start_time"", ""end_time"", ""test_time_s"", ""min_current_a"", ""max_current_a"", ""min_voltage_v"", ""max_voltage_v"", ""charge_capacity_ah"", ""discharge_capacity_ah"", ""charge_energy_wh"", ""discharge_energy_wh""]",50,utf-8-sig,",",False,success,
SNL NCA.zip,SNL NCA/SNL_18650_NCA_25C_0-100_0.5-0.5C_a_cycle_data.csv,SNL_18650_NCA_25C_0-100_0.5-0.5C_a_cycle_data.csv,schema_d2669a99bc63,12,"[""Cycle_Index"", ""Start_Time"", ""End_Time"", ""Test_Time (s)"", ""Min_Current (A)"", ""Max_Current (A)"", ""Min_Voltage (V)"", ""Max_Voltage (V)"", ""Charge_Capacity (Ah)"", ""Discharge_Capacity (Ah)"", ""Charge_Energy (Wh)"", ""Discharge_Energy (Wh)""]","[""cycle_index"", ""start_time"", ""end_time"", ""test_time_s"", ""min_current_a"", ""max_current_a"", ""min_voltage_v"", ""max_voltage_v"", ""charge_capacity_ah"", ""discharge_capacity_ah"", ""charge_energy_wh"", ""discharge_energy_wh""]",50,utf-8-sig,",",False,success,
SNL NCA.zip,SNL NCA/SNL_18650_NCA_25C_0-100_0.5-0.5C_b_cycle_data.csv,SNL_18650_NCA_25C_0-100_0.5-0.5C_b_cycle_data.csv,schema_d2669a99bc63,12,"[""Cycle_Index"", ""Start_Time"", ""End_Time"", ""Test_Time (s)"", ""Min_Current (A)"", ""Max_Current (A)"", ""Min_Voltage (V)"", ""Max_Voltage (V)"", ""Charge_Capacity (Ah)"", ""Discharge_Capacity (Ah)"", ""Charge_Energy (Wh)"", ""Discharge_Energy (Wh)""]","[""cycle_index"", ""start_time"", ""end_time"", ""test_time_s"", ""min_current_a"", ""max_current_a"", ""min_voltage_v"", ""max_voltage_v"", ""charge_capacity_ah"", ""discharge_capacity_ah"", ""charge_energy_wh"", ""discharge_energy_wh""]",50,utf-8-sig,",",False,success,
SNL NCA.zip,SNL NCA/SNL_18650_NCA_25C_0-100_0.5-1C_a_cycle_data.csv,SNL_18650_NCA_25C_0-100_0.5-1C_a_cycle_data.csv,schema_d2669a99bc63,12,"[""Cycle_Index"", ""Start_Time"", ""End_Time"", ""Test_Time (s)"", ""Min_Current (A)"", ""Max_Current (A)"", ""Min_Voltage (V)"", ""Max_Voltage (V)"", ""Charge_Capacity (Ah)"", ""Discharge_Capacity (Ah)"", ""Charge_Energy (Wh)"", ""Discharge_Energy (Wh)""]","[""cycle_index"", ""start_time"", ""end_time"", ""test_time_s"", ""min_current_a"", ""max_current_a"", ""min_voltage_v"", ""max_voltage_v"", ""charge_capacity_ah"", ""discharge_capacity_ah"", ""charge_energy_wh"", ""discharge_energy_wh""]",50,utf-8-sig,",",False,success,
SNL NCA.zip,SNL NCA/SNL_18650_NCA_25C_0-100_0.5-1C_b_cycle_data.csv,SNL_18650_NCA_25C_0-100_0.5-1C_b_cycle_data.csv,schema_d2669a99bc63,12,"[""Cycle_Index"", ""Start_Time"", ""End_Time"", ""Test_Time (s)"", ""Min_Current (A)"", ""Max_Current (A)"", ""Min_Voltage (V)"", ""Max_Voltage (V)"", ""Charge_Capacity (Ah)"", ""Discharge_Capacity (Ah)"", ""Charge_Energy (Wh)"", ""Discharge_Energy (Wh)""]","[""cycle_index"", ""start_time"", ""end_time"", ""test_time_s"", ""min_current_a"", ""max_current_a"", ""min_voltage_v"", ""max_voltage_v"", ""charge_capacity_ah"", ""discharge_capacity_ah"", ""charge_energy_wh"", ""discharge_energy_wh""]",50,utf-8-sig,",",False,success,
SNL NCA.zip,SNL NCA/SNL_18650_NCA_25C_0-100_0.5-1C_c_cycle_data.csv,SNL_18650_NCA_25C_0-100_0.5-1C_c_cycle_data.csv,schema_d2669a99bc63,12,"[""Cycle_Index"", ""Start_Time"", ""End_Time"", ""Test_Time (s)"", ""Min_Current (A)"", ""Max_Current (A)"", ""Min_Voltage (V)"", ""Max_Voltage (V)"", ""Charge_Capacity (Ah)"", ""Discharge_Capacity (Ah)"", ""Charge_Energy (Wh)"", ""Discharge_Energy (Wh)""]","[""cycle_index"", ""start_time"", ""end_time"", ""test_time_s"", ""min_current_a"", ""max_current_a"", ""min_voltage_v"", ""max_voltage_v"", ""charge_capacity_ah"", ""discharge_capacity_ah"", ""charge_energy_wh"", ""discharge_energy_wh""]",50,utf-8-sig,",",False,success,
SNL NCA.zip,SNL NCA/SNL_18650_NCA_25C_0-100_0.5-1C_d_cycle_data.csv,SNL_18650_NCA_25C_0-100_0.5-1C_d_cycle_data.csv,schema_d2669a99bc63,12,"[""Cycle_Index"", ""Start_Time"", ""End_Time"", ""Test_Time (s)"", ""Min_Current (A)"", ""Max_Current (A)"", ""Min_Voltage (V)"", ""Max_Voltage (V)"", ""Charge_Capacity (Ah)"", ""Discharge_Capacity (Ah)"", ""Charge_Energy (Wh)"", ""Discharge_Energy (Wh)""]","[""cycle_index"", ""start_time"", ""end_time"", ""test_time_s"", ""min_current_a"", ""max_current_a"", ""min_voltage_v"", ""max_voltage_v"", ""charge_capacity_ah"", ""discharge_capacity_ah"", ""charge_energy_wh"", ""discharge_energy_wh""]",50,utf-8-sig,",",False,success,
SNL NCA.zip,SNL NCA/SNL_18650_NCA_25C_0-100_0.5-2C_a_cycle_data.csv,SNL_18650_NCA_25C_0-100_0.5-2C_a_cycle_data.csv,schema_d2669a99bc63,12,"[""Cycle_Index"", ""Start_Time"", ""End_Time"", ""Test_Time (s)"", ""Min_Current (A)"", ""Max_Current (A)"", ""Min_Voltage (V)"", ""Max_Voltage (V)"", ""Charge_Capacity (Ah)"", ""Discharge_Capacity (Ah)"", ""Charge_Energy (Wh)"", ""Discharge_Energy (Wh)""]","[""cycle_index"", ""start_time"", ""end_time"", ""test_time_s"", ""min_current_a"", ""max_current_a"", ""min_voltage_v"", ""max_voltage_v"", ""charge_capacity_ah"", ""discharge_capacity_ah"", ""charge_energy_wh"", ""discharge_energy_wh""]",50,utf-8-sig,",",False,success,
SNL NCA.zip,SNL NCA/SNL_18650_NCA_25C_0-100_0.5-2C_b_cycle_data.csv,SNL_18650_NCA_25C_0-100_0.5-2C_b_cycle_data.csv,schema_d2669a99bc63,12,"[""Cycle_Index"", ""Start_Time"", ""End_Time"", ""Test_Time (s)"", ""Min_Current (A)"", ""Max_Current (A)"", ""Min_Voltage (V)"", ""Max_Voltage (V)"", ""Charge_Capacity (Ah)"", ""Discharge_Capacity (Ah)"", ""Charge_Energy (Wh)"", ""Discharge_Energy (Wh)""]","[""cycle_index"", ""start_time"", ""end_time"", ""test_time_s"", ""min_current_a"", ""max_current_a"", ""min_voltage_v"", ""max_voltage_v"", ""charge_capacity_ah"", ""discharge_capacity_ah"", ""charge_energy_wh"", ""discharge_energy_wh""]",50,utf-8-sig,",",False,success,
SNL NCA.zip,SNL NCA/SNL_18650_NCA_25C_20-80_0.5-0.5C_a_cycle_data.csv,SNL_18650_NCA_25C_20-80_0.5-0.5C_a_cycle_data.csv,schema_d2669a99bc63,12,"[""Cycle_Index"", ""Start_Time"", ""End_Time"", ""Test_Time (s)"", ""Min_Current (A)"", ""Max_Current (A)"", ""Min_Voltage (V)"", ""Max_Voltage (V)"", ""Charge_Capacity (Ah)"", ""Discharge_Capacity (Ah)"", ""Charge_Energy (Wh)"", ""Discharge_Energy (Wh)""]","[""cycle_index"", ""start_time"", ""end_time"", ""test_time_s"", ""min_current_a"", ""max_current_a"", ""min_voltage_v"", ""max_voltage_v"", ""charge_capacity_ah"", ""discharge_capacity_ah"", ""charge_energy_wh"", ""discharge_energy_wh""]",50,utf-8-sig,",",False,success,
SNL NCA.zip,SNL NCA/SNL_18650_NCA_25C_20-80_0.5-0.5C_b_cycle_data.csv,SNL_18650_NCA_25C_20-80_0.5-0.5C_b_cycle_data.csv,schema_d2669a99bc63,12,"[""Cycle_Index"", ""Start_Time"", ""End_Time"", ""Test_Time (s)"", ""Min_Current (A)"", ""Max_Current (A)"", ""Min_Voltage (V)"", ""Max_Voltage (V)"", ""Charge_Capacity (Ah)"", ""Discharge_Capacity (Ah)"", ""Charge_Energy (Wh)"", ""Discharge_Energy (Wh)""]","[""cycle_index"", ""start_time"", ""end_time"", ""test_time_s"", ""min_current_a"", ""max_current_a"", ""min_voltage_v"", ""max_voltage_v"", ""charge_capacity_ah"", ""discharge_capacity_ah"", ""charge_energy_wh"", ""discharge_energy_wh""]",50,utf-8-sig,",",False,success,
SNL NCA.zip,SNL NCA/SNL_18650_NCA_25C_20-80_0.5-0.5C_c_cycle_data.csv,SNL_18650_NCA_25C_20-80_0.5-0.5C_c_cycle_data.csv,schema_d2669a99bc63,12,"[""Cycle_Index"", ""Start_Time"", ""End_Time"", ""Test_Time (s)"", ""Min_Current (A)"", ""Max_Current (A)"", ""Min_Voltage (V)"", ""Max_Voltage (V)"", ""Charge_Capacity (Ah)"", ""Discharge_Capacity (Ah)"", ""Charge_Energy (Wh)"", ""Discharge_Energy (Wh)""]","[""cycle_index"", ""start_time"", ""end_time"", ""test_time_s"", ""min_current_a"", ""max_current_a"", ""min_voltage_v"", ""max_voltage_v"", ""charge_capacity_ah"", ""discharge_capacity_ah"", ""charge_energy_wh"", ""discharge_energy_wh""]",50,utf-8-sig,",",False,success,
SNL NCA.zip,SNL NCA/SNL_18650_NCA_25C_20-80_0.5-0.5C_d_cycle_data.csv,SNL_18650_NCA_25C_20-80_0.5-0.5C_d_cycle_data.csv,schema_d2669a99bc63,12,"[""Cycle_Index"", ""Start_Time"", ""End_Time"", ""Test_Time (s)"", ""Min_Current (A)"", ""Max_Current (A)"", ""Min_Voltage (V)"", ""Max_Voltage (V)"", ""Charge_Capacity (Ah)"", ""Discharge_Capacity (Ah)"", ""Charge_Energy (Wh)"", ""Discharge_Energy (Wh)""]","[""cycle_index"", ""start_time"", ""end_time"", ""test_time_s"", ""min_current_a"", ""max_current_a"", ""min_voltage_v"", ""max_voltage_v"", ""charge_capacity_ah"", ""discharge_capacity_ah"", ""charge_energy_wh"", ""discharge_energy_wh""]",50,utf-8-sig,",",False,success,
SNL NCA.zip,SNL NCA/SNL_18650_NCA_25C_40-60_0.5-0.5C_a_cycle_data.csv,SNL_18650_NCA_25C_40-60_0.5-0.5C_a_cycle_data.csv,schema_d2669a99bc63,12,"[""Cycle_Index"", ""Start_Time"", ""End_Time"", ""Test_Time (s)"", ""Min_Current (A)"", ""Max_Current (A)"", ""Min_Voltage (V)"", ""Max_Voltage (V)"", ""Charge_Capacity (Ah)"", ""Discharge_Capacity (Ah)"", ""Charge_Energy (Wh)"", ""Discharge_Energy (Wh)""]","[""cycle_index"", ""start_time"", ""end_time"", ""test_time_s"", ""min_current_a"", ""max_current_a"", ""min_voltage_v"", ""max_voltage_v"", ""charge_capacity_ah"", ""discharge_capacity_ah"", ""charge_energy_wh"", ""discharge_energy_wh""]",50,utf-8-sig,",",False,success,
SNL NCA.zip,SNL NCA/SNL_18650_NCA_25C_40-60_0.5-0.5C_b_cycle_data.csv,SNL_18650_NCA_25C_40-60_0.5-0.5C_b_cycle_data.csv,schema_d2669a99bc63,12,"[""Cycle_Index"", ""Start_Time"", ""End_Time"", ""Test_Time (s)"", ""Min_Current (A)"", ""Max_Current (A)"", ""Min_Voltage (V)"", ""Max_Voltage (V)"", ""Charge_Capacity (Ah)"", ""Discharge_Capacity (Ah)"", ""Charge_Energy (Wh)"", ""Discharge_Energy (Wh)""]","[""cycle_index"", ""start_time"", ""end_time"", ""test_time_s"", ""min_current_a"", ""max_current_a"", ""min_voltage_v"", ""max_voltage_v"", ""charge_capacity_ah"", ""discharge_capacity_ah"", ""charge_energy_wh"", ""discharge_energy_wh""]",50,utf-8-sig,",",False,success,
SNL NCA.zip,SNL NCA/SNL_18650_NCA_35C_0-100_0.5-1C_a_cycle_data.csv,SNL_18650_NCA_35C_0-100_0.5-1C_a_cycle_data.csv,schema_d2669a99bc63,12,"[""Cycle_Index"", ""Start_Time"", ""End_Time"", ""Test_Time (s)"", ""Min_Current (A)"", ""Max_Current (A)"", ""Min_Voltage (V)"", ""Max_Voltage (V)"", ""Charge_Capacity (Ah)"", ""Discharge_Capacity (Ah)"", ""Charge_Energy (Wh)"", ""Discharge_Energy (Wh)""]","[""cycle_index"", ""start_time"", ""end_time"", ""test_time_s"", ""min_current_a"", ""max_current_a"", ""min_voltage_v"", ""max_voltage_v"", ""charge_capacity_ah"", ""discharge_capacity_ah"", ""charge_energy_wh"", ""discharge_energy_wh""]",50,utf-8-sig,",",False,success,
SNL NCA.zip,SNL NCA/SNL_18650_NCA_35C_0-100_0.5-1C_b_cycle_data.csv,SNL_18650_NCA_35C_0-100_0.5-1C_b_cycle_data.csv,schema_d2669a99bc63,12,"[""Cycle_Index"", ""Start_Time"", ""End_Time"", ""Test_Time (s)"", ""Min_Current (A)"", ""Max_Current (A)"", ""Min_Voltage (V)"", ""Max_Voltage (V)"", ""Charge_Capacity (Ah)"", ""Discharge_Capacity (Ah)"", ""Charge_Energy (Wh)"", ""Discharge_Energy (Wh)""]","[""cycle_index"", ""start_time"", ""end_time"", ""test_time_s"", ""min_current_a"", ""max_current_a"", ""min_voltage_v"", ""max_voltage_v"", ""charge_capacity_ah"", ""discharge_capacity_ah"", ""charge_energy_wh"", ""discharge_energy_wh""]",50,utf-8-sig,",",False,success,
SNL NCA.zip,SNL NCA/SNL_18650_NCA_35C_0-100_0.5-1C_c_cycle_data.csv,SNL_18650_NCA_35C_0-100_0.5-1C_c_cycle_data.csv,schema_d2669a99bc63,12,"[""Cycle_Index"", ""Start_Time"", ""End_Time"", ""Test_Time (s)"", ""Min_Current (A)"", ""Max_Current (A)"", ""Min_Voltage (V)"", ""Max_Voltage (V)"", ""Charge_Capacity (Ah)"", ""Discharge_Capacity (Ah)"", ""Charge_Energy (Wh)"", ""Discharge_Energy (Wh)""]","[""cycle_index"", ""start_time"", ""end_time"", ""test_time_s"", ""min_current_a"", ""max_current_a"", ""min_voltage_v"", ""max_voltage_v"", ""charge_capacity_ah"", ""discharge_capacity_ah"", ""charge_energy_wh"", ""discharge_energy_wh""]",50,utf-8-sig,",",False,success,
SNL NCA.zip,SNL NCA/SNL_18650_NCA_35C_0-100_0.5-1C_d_cycle_data.csv,SNL_18650_NCA_35C_0-100_0.5-1C_d_cycle_data.csv,schema_d2669a99bc63,12,"[""Cycle_Index"", ""Start_Time"", ""End_Time"", ""Test_Time (s)"", ""Min_Current (A)"", ""Max_Current (A)"", ""Min_Voltage (V)"", ""Max_Voltage (V)"", ""Charge_Capacity (Ah)"", ""Discharge_Capacity (Ah)"", ""Charge_Energy (Wh)"", ""Discharge_Energy (Wh)""]","[""cycle_index"", ""start_time"", ""end_time"", ""test_time_s"", ""min_current_a"", ""max_current_a"", ""min_voltage_v"", ""max_voltage_v"", ""charge_capacity_ah"", ""discharge_capacity_ah"", ""charge_energy_wh"", ""discharge_energy_wh""]",50,utf-8-sig,",",False,success,
SNL NCA.zip,SNL NCA/SNL_18650_NCA_35C_0-100_0.5-2C_a_cycle_data.csv,SNL_18650_NCA_35C_0-100_0.5-2C_a_cycle_data.csv,schema_d2669a99bc63,12,"[""Cycle_Index"", ""Start_Time"", ""End_Time"", ""Test_Time (s)"", ""Min_Current (A)"", ""Max_Current (A)"", ""Min_Voltage (V)"", ""Max_Voltage (V)"", ""Charge_Capacity (Ah)"", ""Discharge_Capacity (Ah)"", ""Charge_Energy (Wh)"", ""Discharge_Energy (Wh)""]","[""cycle_index"", ""start_time"", ""end_time"", ""test_time_s"", ""min_current_a"", ""max_current_a"", ""min_voltage_v"", ""max_voltage_v"", ""charge_capacity_ah"", ""discharge_capacity_ah"", ""charge_energy_wh"", ""discharge_energy_wh""]",50,utf-8-sig,",",False,success,
SNL NCA.zip,SNL NCA/SNL_18650_NCA_35C_0-100_0.5-2C_b_cycle_data.csv,SNL_18650_NCA_35C_0-100_0.5-2C_b_cycle_data.csv,schema_d2669a99bc63,12,"[""Cycle_Index"", ""Start_Time"", ""End_Time"", ""Test_Time (s)"", ""Min_Current (A)"", ""Max_Current (A)"", ""Min_Voltage (V)"", ""Max_Voltage (V)"", ""Charge_Capacity (Ah)"", ""Discharge_Capacity (Ah)"", ""Charge_Energy (Wh)"", ""Discharge_Energy (Wh)""]","[""cycle_index"", ""start_time"", ""end_time"", ""test_time_s"", ""min_current_a"", ""max_current_a"", ""min_voltage_v"", ""max_voltage_v"", ""charge_capacity_ah"", ""discharge_capacity_ah"", ""charge_energy_wh"", ""discharge_energy_wh""]",50,utf-8-sig,",",False,success,
SNL NMC.zip,SNL NMC/SNL_18650_NMC_15C_0-100_0.5-1C_a_cycle_data.csv,SNL_18650_NMC_15C_0-100_0.5-1C_a_cycle_data.csv,schema_d2669a99bc63,12,"[""Cycle_Index"", ""Start_Time"", ""End_Time"", ""Test_Time (s)"", ""Min_Current (A)"", ""Max_Current (A)"", ""Min_Voltage (V)"", ""Max_Voltage (V)"", ""Charge_Capacity (Ah)"", ""Discharge_Capacity (Ah)"", ""Charge_Energy (Wh)"", ""Discharge_Energy (Wh)""]","[""cycle_index"", ""start_time"", ""end_time"", ""test_time_s"", ""min_current_a"", ""max_current_a"", ""min_voltage_v"", ""max_voltage_v"", ""charge_capacity_ah"", ""discharge_capacity_ah"", ""charge_energy_wh"", ""discharge_energy_wh""]",50,utf-8-sig,",",False,success,
SNL NMC.zip,SNL NMC/SNL_18650_NMC_15C_0-100_0.5-1C_b_cycle_data.csv,SNL_18650_NMC_15C_0-100_0.5-1C_b_cycle_data.csv,schema_d2669a99bc63,12,"[""Cycle_Index"", ""Start_Time"", ""End_Time"", ""Test_Time (s)"", ""Min_Current (A)"", ""Max_Current (A)"", ""Min_Voltage (V)"", ""Max_Voltage (V)"", ""Charge_Capacity (Ah)"", ""Discharge_Capacity (Ah)"", ""Charge_Energy (Wh)"", ""Discharge_Energy (Wh)""]","[""cycle_index"", ""start_time"", ""end_time"", ""test_time_s"", ""min_current_a"", ""max_current_a"", ""min_voltage_v"", ""max_voltage_v"", ""charge_capacity_ah"", ""discharge_capacity_ah"", ""charge_energy_wh"", ""discharge_energy_wh""]",50,utf-8-sig,",",False,success,
SNL NMC.zip,SNL NMC/SNL_18650_NMC_15C_0-100_0.5-2C_a_cycle_data.csv,SNL_18650_NMC_15C_0-100_0.5-2C_a_cycle_data.csv,schema_d2669a99bc63,12,"[""Cycle_Index"", ""Start_Time"", ""End_Time"", ""Test_Time (s)"", ""Min_Current (A)"", ""Max_Current (A)"", ""Min_Voltage (V)"", ""Max_Voltage (V)"", ""Charge_Capacity (Ah)"", ""Discharge_Capacity (Ah)"", ""Charge_Energy (Wh)"", ""Discharge_Energy (Wh)""]","[""cycle_index"", ""start_time"", ""end_time"", ""test_time_s"", ""min_current_a"", ""max_current_a"", ""min_voltage_v"", ""max_voltage_v"", ""charge_capacity_ah"", ""discharge_capacity_ah"", ""charge_energy_wh"", ""discharge_energy_wh""]",50,utf-8-sig,",",False,success,
SNL NMC.zip,SNL NMC/SNL_18650_NMC_15C_0-100_0.5-2C_b_cycle_data.csv,SNL_18650_NMC_15C_0-100_0.5-2C_b_cycle_data.csv,schema_d2669a99bc63,12,"[""Cycle_Index"", ""Start_Time"", ""End_Time"", ""Test_Time (s)"", ""Min_Current (A)"", ""Max_Current (A)"", ""Min_Voltage (V)"", ""Max_Voltage (V)"", ""Charge_Capacity (Ah)"", ""Discharge_Capacity (Ah)"", ""Charge_Energy (Wh)"", ""Discharge_Energy (Wh)""]","[""cycle_index"", ""start_time"", ""end_time"", ""test_time_s"", ""min_current_a"", ""max_current_a"", ""min_voltage_v"", ""max_voltage_v"", ""charge_capacity_ah"", ""discharge_capacity_ah"", ""charge_energy_wh"", ""discharge_energy_wh""]",50,utf-8-sig,",",False,success,
SNL NMC.zip,SNL NMC/SNL_18650_NMC_25C_0-100_0.5-0.5C_a_cycle_data.csv,SNL_18650_NMC_25C_0-100_0.5-0.5C_a_cycle_data.csv,schema_d2669a99bc63,12,"[""Cycle_Index"", ""Start_Time"", ""End_Time"", ""Test_Time (s)"", ""Min_Current (A)"", ""Max_Current (A)"", ""Min_Voltage (V)"", ""Max_Voltage (V)"", ""Charge_Capacity (Ah)"", ""Discharge_Capacity (Ah)"", ""Charge_Energy (Wh)"", ""Discharge_Energy (Wh)""]","[""cycle_index"", ""start_time"", ""end_time"", ""test_time_s"", ""min_current_a"", ""max_current_a"", ""min_voltage_v"", ""max_voltage_v"", ""charge_capacity_ah"", ""discharge_capacity_ah"", ""charge_energy_wh"", ""discharge_energy_wh""]",50,utf-8-sig,",",False,success,
SNL NMC.zip,SNL NMC/SNL_18650_NMC_25C_0-100_0.5-0.5C_b_cycle_data.csv,SNL_18650_NMC_25C_0-100_0.5-0.5C_b_cycle_data.csv,schema_d2669a99bc63,12,"[""Cycle_Index"", ""Start_Time"", ""End_Time"", ""Test_Time (s)"", ""Min_Current (A)"", ""Max_Current (A)"", ""Min_Voltage (V)"", ""Max_Voltage (V)"", ""Charge_Capacity (Ah)"", ""Discharge_Capacity (Ah)"", ""Charge_Energy (Wh)"", ""Discharge_Energy (Wh)""]","[""cycle_index"", ""start_time"", ""end_time"", ""test_time_s"", ""min_current_a"", ""max_current_a"", ""min_voltage_v"", ""max_voltage_v"", ""charge_capacity_ah"", ""discharge_capacity_ah"", ""charge_energy_wh"", ""discharge_energy_wh""]",50,utf-8-sig,",",False,success,
SNL NMC.zip,SNL NMC/SNL_18650_NMC_25C_0-100_0.5-1C_a_cycle_data.csv,SNL_18650_NMC_25C_0-100_0.5-1C_a_cycle_data.csv,schema_d2669a99bc63,12,"[""Cycle_Index"", ""Start_Time"", ""End_Time"", ""Test_Time (s)"", ""Min_Current (A)"", ""Max_Current (A)"", ""Min_Voltage (V)"", ""Max_Voltage (V)"", ""Charge_Capacity (Ah)"", ""Discharge_Capacity (Ah)"", ""Charge_Energy (Wh)"", ""Discharge_Energy (Wh)""]","[""cycle_index"", ""start_time"", ""end_time"", ""test_time_s"", ""min_current_a"", ""max_current_a"", ""min_voltage_v"", ""max_voltage_v"", ""charge_capacity_ah"", ""discharge_capacity_ah"", ""charge_energy_wh"", ""discharge_energy_wh""]",50,utf-8-sig,",",False,success,
SNL NMC.zip,SNL NMC/SNL_18650_NMC_25C_0-100_0.5-1C_b_cycle_data.csv,SNL_18650_NMC_25C_0-100_0.5-1C_b_cycle_data.csv,schema_d2669a99bc63,12,"[""Cycle_Index"", ""Start_Time"", ""End_Time"", ""Test_Time (s)"", ""Min_Current (A)"", ""Max_Current (A)"", ""Min_Voltage (V)"", ""Max_Voltage (V)"", ""Charge_Capacity (Ah)"", ""Discharge_Capacity (Ah)"", ""Charge_Energy (Wh)"", ""Discharge_Energy (Wh)""]","[""cycle_index"", ""start_time"", ""end_time"", ""test_time_s"", ""min_current_a"", ""max_current_a"", ""min_voltage_v"", ""max_voltage_v"", ""charge_capacity_ah"", ""discharge_capacity_ah"", ""charge_energy_wh"", ""discharge_energy_wh""]",50,utf-8-sig,",",False,success,
SNL NMC.zip,SNL NMC/SNL_18650_NMC_25C_0-100_0.5-1C_c_cycle_data.csv,SNL_18650_NMC_25C_0-100_0.5-1C_c_cycle_data.csv,schema_d2669a99bc63,12,"[""Cycle_Index"", ""Start_Time"", ""End_Time"", ""Test_Time (s)"", ""Min_Current (A)"", ""Max_Current (A)"", ""Min_Voltage (V)"", ""Max_Voltage (V)"", ""Charge_Capacity (Ah)"", ""Discharge_Capacity (Ah)"", ""Charge_Energy (Wh)"", ""Discharge_Energy (Wh)""]","[""cycle_index"", ""start_time"", ""end_time"", ""test_time_s"", ""min_current_a"", ""max_current_a"", ""min_voltage_v"", ""max_voltage_v"", ""charge_capacity_ah"", ""discharge_capacity_ah"", ""charge_energy_wh"", ""discharge_energy_wh""]",50,utf-8-sig,",",False,success,
SNL NMC.zip,SNL NMC/SNL_18650_NMC_25C_0-100_0.5-1C_d_cycle_data.csv,SNL_18650_NMC_25C_0-100_0.5-1C_d_cycle_data.csv,schema_d2669a99bc63,12,"[""Cycle_Index"", ""Start_Time"", ""End_Time"", ""Test_Time (s)"", ""Min_Current (A)"", ""Max_Current (A)"", ""Min_Voltage (V)"", ""Max_Voltage (V)"", ""Charge_Capacity (Ah)"", ""Discharge_Capacity (Ah)"", ""Charge_Energy (Wh)"", ""Discharge_Energy (Wh)""]","[""cycle_index"", ""start_time"", ""end_time"", ""test_time_s"", ""min_current_a"", ""max_current_a"", ""min_voltage_v"", ""max_voltage_v"", ""charge_capacity_ah"", ""discharge_capacity_ah"", ""charge_energy_wh"", ""discharge_energy_wh""]",50,utf-8-sig,",",False,success,
SNL NMC.zip,SNL NMC/SNL_18650_NMC_25C_0-100_0.5-2C_a_cycle_data.csv,SNL_18650_NMC_25C_0-100_0.5-2C_a_cycle_data.csv,schema_d2669a99bc63,12,"[""Cycle_Index"", ""Start_Time"", ""End_Time"", ""Test_Time (s)"", ""Min_Current (A)"", ""Max_Current (A)"", ""Min_Voltage (V)"", ""Max_Voltage (V)"", ""Charge_Capacity (Ah)"", ""Discharge_Capacity (Ah)"", ""Charge_Energy (Wh)"", ""Discharge_Energy (Wh)""]","[""cycle_index"", ""start_time"", ""end_time"", ""test_time_s"", ""min_current_a"", ""max_current_a"", ""min_voltage_v"", ""max_voltage_v"", ""charge_capacity_ah"", ""discharge_capacity_ah"", ""charge_energy_wh"", ""discharge_energy_wh""]",50,utf-8-sig,",",False,success,
SNL NMC.zip,SNL NMC/SNL_18650_NMC_25C_0-100_0.5-2C_b_cycle_data.csv,SNL_18650_NMC_25C_0-100_0.5-2C_b_cycle_data.csv,schema_d2669a99bc63,12,"[""Cycle_Index"", ""Start_Time"", ""End_Time"", ""Test_Time (s)"", ""Min_Current (A)"", ""Max_Current (A)"", ""Min_Voltage (V)"", ""Max_Voltage (V)"", ""Charge_Capacity (Ah)"", ""Discharge_Capacity (Ah)"", ""Charge_Energy (Wh)"", ""Discharge_Energy (Wh)""]","[""cycle_index"", ""start_time"", ""end_time"", ""test_time_s"", ""min_current_a"", ""max_current_a"", ""min_voltage_v"", ""max_voltage_v"", ""charge_capacity_ah"", ""discharge_capacity_ah"", ""charge_energy_wh"", ""discharge_energy_wh""]",50,utf-8-sig,",",False,success,
SNL NMC.zip,SNL NMC/SNL_18650_NMC_25C_0-100_0.5-3C_a_cycle_data.csv,SNL_18650_NMC_25C_0-100_0.5-3C_a_cycle_data.csv,schema_d2669a99bc63,12,"[""Cycle_Index"", ""Start_Time"", ""End_Time"", ""Test_Time (s)"", ""Min_Current (A)"", ""Max_Current (A)"", ""Min_Voltage (V)"", ""Max_Voltage (V)"", ""Charge_Capacity (Ah)"", ""Discharge_Capacity (Ah)"", ""Charge_Energy (Wh)"", ""Discharge_Energy (Wh)""]","[""cycle_index"", ""start_time"", ""end_time"", ""test_time_s"", ""min_current_a"", ""max_current_a"", ""min_voltage_v"", ""max_voltage_v"", ""charge_capacity_ah"", ""discharge_capacity_ah"", ""charge_energy_wh"", ""discharge_energy_wh""]",50,utf-8-sig,",",False,success,
SNL NMC.zip,SNL NMC/SNL_18650_NMC_25C_0-100_0.5-3C_b_cycle_data.csv,SNL_18650_NMC_25C_0-100_0.5-3C_b_cycle_data.csv,schema_d2669a99bc63,12,"[""Cycle_Index"", ""Start_Time"", ""End_Time"", ""Test_Time (s)"", ""Min_Current (A)"", ""Max_Current (A)"", ""Min_Voltage (V)"", ""Max_Voltage (V)"", ""Charge_Capacity (Ah)"", ""Discharge_Capacity (Ah)"", ""Charge_Energy (Wh)"", ""Discharge_Energy (Wh)""]","[""cycle_index"", ""start_time"", ""end_time"", ""test_time_s"", ""min_current_a"", ""max_current_a"", ""min_voltage_v"", ""max_voltage_v"", ""charge_capacity_ah"", ""discharge_capacity_ah"", ""charge_energy_wh"", ""discharge_energy_wh""]",50,utf-8-sig,",",False,success,
SNL NMC.zip,SNL NMC/SNL_18650_NMC_25C_0-100_0.5-3C_c_cycle_data.csv,SNL_18650_NMC_25C_0-100_0.5-3C_c_cycle_data.csv,schema_d2669a99bc63,12,"[""Cycle_Index"", ""Start_Time"", ""End_Time"", ""Test_Time (s)"", ""Min_Current (A)"", ""Max_Current (A)"", ""Min_Voltage (V)"", ""Max_Voltage (V)"", ""Charge_Capacity (Ah)"", ""Discharge_Capacity (Ah)"", ""Charge_Energy (Wh)"", ""Discharge_Energy (Wh)""]","[""cycle_index"", ""start_time"", ""end_time"", ""test_time_s"", ""min_current_a"", ""max_current_a"", ""min_voltage_v"", ""max_voltage_v"", ""charge_capacity_ah"", ""discharge_capacity_ah"", ""charge_energy_wh"", ""discharge_energy_wh""]",50,utf-8-sig,",",False,success,
SNL NMC.zip,SNL NMC/SNL_18650_NMC_25C_0-100_0.5-3C_d_cycle_data.csv,SNL_18650_NMC_25C_0-100_0.5-3C_d_cycle_data.csv,schema_d2669a99bc63,12,"[""Cycle_Index"", ""Start_Time"", ""End_Time"", ""Test_Time (s)"", ""Min_Current (A)"", ""Max_Current (A)"", ""Min_Voltage (V)"", ""Max_Voltage (V)"", ""Charge_Capacity (Ah)"", ""Discharge_Capacity (Ah)"", ""Charge_Energy (Wh)"", ""Discharge_Energy (Wh)""]","[""cycle_index"", ""start_time"", ""end_time"", ""test_time_s"", ""min_current_a"", ""max_current_a"", ""min_voltage_v"", ""max_voltage_v"", ""charge_capacity_ah"", ""discharge_capacity_ah"", ""charge_energy_wh"", ""discharge_energy_wh""]",50,utf-8-sig,",",False,success,
SNL NMC.zip,SNL NMC/SNL_18650_NMC_25C_20-80_0.5-0.5C_a_cycle_data.csv,SNL_18650_NMC_25C_20-80_0.5-0.5C_a_cycle_data.csv,schema_d2669a99bc63,12,"[""Cycle_Index"", ""Start_Time"", ""End_Time"", ""Test_Time (s)"", ""Min_Current (A)"", ""Max_Current (A)"", ""Min_Voltage (V)"", ""Max_Voltage (V)"", ""Charge_Capacity (Ah)"", ""Discharge_Capacity (Ah)"", ""Charge_Energy (Wh)"", ""Discharge_Energy (Wh)""]","[""cycle_index"", ""start_time"", ""end_time"", ""test_time_s"", ""min_current_a"", ""max_current_a"", ""min_voltage_v"", ""max_voltage_v"", ""charge_capacity_ah"", ""discharge_capacity_ah"", ""charge_energy_wh"", ""discharge_energy_wh""]",50,utf-8-sig,",",False,success,
SNL NMC.zip,SNL NMC/SNL_18650_NMC_25C_20-80_0.5-0.5C_b_cycle_data.csv,SNL_18650_NMC_25C_20-80_0.5-0.5C_b_cycle_data.csv,schema_d2669a99bc63,12,"[""Cycle_Index"", ""Start_Time"", ""End_Time"", ""Test_Time (s)"", ""Min_Current (A)"", ""Max_Current (A)"", ""Min_Voltage (V)"", ""Max_Voltage (V)"", ""Charge_Capacity (Ah)"", ""Discharge_Capacity (Ah)"", ""Charge_Energy (Wh)"", ""Discharge_Energy (Wh)""]","[""cycle_index"", ""start_time"", ""end_time"", ""test_time_s"", ""min_current_a"", ""max_current_a"", ""min_voltage_v"", ""max_voltage_v"", ""charge_capacity_ah"", ""discharge_capacity_ah"", ""charge_energy_wh"", ""discharge_energy_wh""]",50,utf-8-sig,",",False,success,
SNL NMC.zip,SNL NMC/SNL_18650_NMC_25C_20-80_0.5-0.5C_c_cycle_data.csv,SNL_18650_NMC_25C_20-80_0.5-0.5C_c_cycle_data.csv,schema_d2669a99bc63,12,"[""Cycle_Index"", ""Start_Time"", ""End_Time"", ""Test_Time (s)"", ""Min_Current (A)"", ""Max_Current (A)"", ""Min_Voltage (V)"", ""Max_Voltage (V)"", ""Charge_Capacity (Ah)"", ""Discharge_Capacity (Ah)"", ""Charge_Energy (Wh)"", ""Discharge_Energy (Wh)""]","[""cycle_index"", ""start_time"", ""end_time"", ""test_time_s"", ""min_current_a"", ""max_current_a"", ""min_voltage_v"", ""max_voltage_v"", ""charge_capacity_ah"", ""discharge_capacity_ah"", ""charge_energy_wh"", ""discharge_energy_wh""]",50,utf-8-sig,",",False,success,
SNL NMC.zip,SNL NMC/SNL_18650_NMC_25C_20-80_0.5-0.5C_d_cycle_data.csv,SNL_18650_NMC_25C_20-80_0.5-0.5C_d_cycle_data.csv,schema_d2669a99bc63,12,"[""Cycle_Index"", ""Start_Time"", ""End_Time"", ""Test_Time (s)"", ""Min_Current (A)"", ""Max_Current (A)"", ""Min_Voltage (V)"", ""Max_Voltage (V)"", ""Charge_Capacity (Ah)"", ""Discharge_Capacity (Ah)"", ""Charge_Energy (Wh)"", ""Discharge_Energy (Wh)""]","[""cycle_index"", ""start_time"", ""end_time"", ""test_time_s"", ""min_current_a"", ""max_current_a"", ""min_voltage_v"", ""max_voltage_v"", ""charge_capacity_ah"", ""discharge_capacity_ah"", ""charge_energy_wh"", ""discharge_energy_wh""]",50,utf-8-sig,",",False,success,
SNL NMC.zip,SNL NMC/SNL_18650_NMC_25C_20-80_0.5-3C_a_cycle_data.csv,SNL_18650_NMC_25C_20-80_0.5-3C_a_cycle_data.csv,schema_d2669a99bc63,12,"[""Cycle_Index"", ""Start_Time"", ""End_Time"", ""Test_Time (s)"", ""Min_Current (A)"", ""Max_Current (A)"", ""Min_Voltage (V)"", ""Max_Voltage (V)"", ""Charge_Capacity (Ah)"", ""Discharge_Capacity (Ah)"", ""Charge_Energy (Wh)"", ""Discharge_Energy (Wh)""]","[""cycle_index"", ""start_time"", ""end_time"", ""test_time_s"", ""min_current_a"", ""max_current_a"", ""min_voltage_v"", ""max_voltage_v"", ""charge_capacity_ah"", ""discharge_capacity_ah"", ""charge_energy_wh"", ""discharge_energy_wh""]",50,utf-8-sig,",",False,success,
SNL NMC.zip,SNL NMC/SNL_18650_NMC_25C_20-80_0.5-3C_b_cycle_data.csv,SNL_18650_NMC_25C_20-80_0.5-3C_b_cycle_data.csv,schema_d2669a99bc63,12,"[""Cycle_Index"", ""Start_Time"", ""End_Time"", ""Test_Time (s)"", ""Min_Current (A)"", ""Max_Current (A)"", ""Min_Voltage (V)"", ""Max_Voltage (V)"", ""Charge_Capacity (Ah)"", ""Discharge_Capacity (Ah)"", ""Charge_Energy (Wh)"", ""Discharge_Energy (Wh)""]","[""cycle_index"", ""start_time"", ""end_time"", ""test_time_s"", ""min_current_a"", ""max_current_a"", ""min_voltage_v"", ""max_voltage_v"", ""charge_capacity_ah"", ""discharge_capacity_ah"", ""charge_energy_wh"", ""discharge_energy_wh""]",50,utf-8-sig,",",False,success,
SNL NMC.zip,SNL NMC/SNL_18650_NMC_25C_40-60_0.5-0.5C_a_cycle_data.csv,SNL_18650_NMC_25C_40-60_0.5-0.5C_a_cycle_data.csv,schema_d2669a99bc63,12,"[""Cycle_Index"", ""Start_Time"", ""End_Time"", ""Test_Time (s)"", ""Min_Current (A)"", ""Max_Current (A)"", ""Min_Voltage (V)"", ""Max_Voltage (V)"", ""Charge_Capacity (Ah)"", ""Discharge_Capacity (Ah)"", ""Charge_Energy (Wh)"", ""Discharge_Energy (Wh)""]","[""cycle_index"", ""start_time"", ""end_time"", ""test_time_s"", ""min_current_a"", ""max_current_a"", ""min_voltage_v"", ""max_voltage_v"", ""charge_capacity_ah"", ""discharge_capacity_ah"", ""charge_energy_wh"", ""discharge_energy_wh""]",50,utf-8-sig,",",False,success,
SNL NMC.zip,SNL NMC/SNL_18650_NMC_25C_40-60_0.5-0.5C_b_cycle_data.csv,SNL_18650_NMC_25C_40-60_0.5-0.5C_b_cycle_data.csv,schema_d2669a99bc63,12,"[""Cycle_Index"", ""Start_Time"", ""End_Time"", ""Test_Time (s)"", ""Min_Current (A)"", ""Max_Current (A)"", ""Min_Voltage (V)"", ""Max_Voltage (V)"", ""Charge_Capacity (Ah)"", ""Discharge_Capacity (Ah)"", ""Charge_Energy (Wh)"", ""Discharge_Energy (Wh)""]","[""cycle_index"", ""start_time"", ""end_time"", ""test_time_s"", ""min_current_a"", ""max_current_a"", ""min_voltage_v"", ""max_voltage_v"", ""charge_capacity_ah"", ""discharge_capacity_ah"", ""charge_energy_wh"", ""discharge_energy_wh""]",50,utf-8-sig,",",False,success,
SNL NMC.zip,SNL NMC/SNL_18650_NMC_25C_40-60_0.5-3C_a_cycle_data.csv,SNL_18650_NMC_25C_40-60_0.5-3C_a_cycle_data.csv,schema_d2669a99bc63,12,"[""Cycle_Index"", ""Start_Time"", ""End_Time"", ""Test_Time (s)"", ""Min_Current (A)"", ""Max_Current (A)"", ""Min_Voltage (V)"", ""Max_Voltage (V)"", ""Charge_Capacity (Ah)"", ""Discharge_Capacity (Ah)"", ""Charge_Energy (Wh)"", ""Discharge_Energy (Wh)""]","[""cycle_index"", ""start_time"", ""end_time"", ""test_time_s"", ""min_current_a"", ""max_current_a"", ""min_voltage_v"", ""max_voltage_v"", ""charge_capacity_ah"", ""discharge_capacity_ah"", ""charge_energy_wh"", ""discharge_energy_wh""]",50,utf-8-sig,",",False,success,
SNL NMC.zip,SNL NMC/SNL_18650_NMC_25C_40-60_0.5-3C_b_cycle_data.csv,SNL_18650_NMC_25C_40-60_0.5-3C_b_cycle_data.csv,schema_d2669a99bc63,12,"[""Cycle_Index"", ""Start_Time"", ""End_Time"", ""Test_Time (s)"", ""Min_Current (A)"", ""Max_Current (A)"", ""Min_Voltage (V)"", ""Max_Voltage (V)"", ""Charge_Capacity (Ah)"", ""Discharge_Capacity (Ah)"", ""Charge_Energy (Wh)"", ""Discharge_Energy (Wh)""]","[""cycle_index"", ""start_time"", ""end_time"", ""test_time_s"", ""min_current_a"", ""max_current_a"", ""min_voltage_v"", ""max_voltage_v"", ""charge_capacity_ah"", ""discharge_capacity_ah"", ""charge_energy_wh"", ""discharge_energy_wh""]",50,utf-8-sig,",",False,success,
SNL NMC.zip,SNL NMC/SNL_18650_NMC_35C_0-100_0.5-1C_a_cycle_data.csv,SNL_18650_NMC_35C_0-100_0.5-1C_a_cycle_data.csv,schema_d2669a99bc63,12,"[""Cycle_Index"", ""Start_Time"", ""End_Time"", ""Test_Time (s)"", ""Min_Current (A)"", ""Max_Current (A)"", ""Min_Voltage (V)"", ""Max_Voltage (V)"", ""Charge_Capacity (Ah)"", ""Discharge_Capacity (Ah)"", ""Charge_Energy (Wh)"", ""Discharge_Energy (Wh)""]","[""cycle_index"", ""start_time"", ""end_time"", ""test_time_s"", ""min_current_a"", ""max_current_a"", ""min_voltage_v"", ""max_voltage_v"", ""charge_capacity_ah"", ""discharge_capacity_ah"", ""charge_energy_wh"", ""discharge_energy_wh""]",50,utf-8-sig,",",False,success,
SNL NMC.zip,SNL NMC/SNL_18650_NMC_35C_0-100_0.5-1C_b_cycle_data.csv,SNL_18650_NMC_35C_0-100_0.5-1C_b_cycle_data.csv,schema_d2669a99bc63,12,"[""Cycle_Index"", ""Start_Time"", ""End_Time"", ""Test_Time (s)"", ""Min_Current (A)"", ""Max_Current (A)"", ""Min_Voltage (V)"", ""Max_Voltage (V)"", ""Charge_Capacity (Ah)"", ""Discharge_Capacity (Ah)"", ""Charge_Energy (Wh)"", ""Discharge_Energy (Wh)""]","[""cycle_index"", ""start_time"", ""end_time"", ""test_time_s"", ""min_current_a"", ""max_current_a"", ""min_voltage_v"", ""max_voltage_v"", ""charge_capacity_ah"", ""discharge_capacity_ah"", ""charge_energy_wh"", ""discharge_energy_wh""]",50,utf-8-sig,",",False,success,
SNL NMC.zip,SNL NMC/SNL_18650_NMC_35C_0-100_0.5-1C_c_cycle_data.csv,SNL_18650_NMC_35C_0-100_0.5-1C_c_cycle_data.csv,schema_d2669a99bc63,12,"[""Cycle_Index"", ""Start_Time"", ""End_Time"", ""Test_Time (s)"", ""Min_Current (A)"", ""Max_Current (A)"", ""Min_Voltage (V)"", ""Max_Voltage (V)"", ""Charge_Capacity (Ah)"", ""Discharge_Capacity (Ah)"", ""Charge_Energy (Wh)"", ""Discharge_Energy (Wh)""]","[""cycle_index"", ""start_time"", ""end_time"", ""test_time_s"", ""min_current_a"", ""max_current_a"", ""min_voltage_v"", ""max_voltage_v"", ""charge_capacity_ah"", ""discharge_capacity_ah"", ""charge_energy_wh"", ""discharge_energy_wh""]",50,utf-8-sig,",",False,success,
SNL NMC.zip,SNL NMC/SNL_18650_NMC_35C_0-100_0.5-1C_d_cycle_data.csv,SNL_18650_NMC_35C_0-100_0.5-1C_d_cycle_data.csv,schema_d2669a99bc63,12,"[""Cycle_Index"", ""Start_Time"", ""End_Time"", ""Test_Time (s)"", ""Min_Current (A)"", ""Max_Current (A)"", ""Min_Voltage (V)"", ""Max_Voltage (V)"", ""Charge_Capacity (Ah)"", ""Discharge_Capacity (Ah)"", ""Charge_Energy (Wh)"", ""Discharge_Energy (Wh)""]","[""cycle_index"", ""start_time"", ""end_time"", ""test_time_s"", ""min_current_a"", ""max_current_a"", ""min_voltage_v"", ""max_voltage_v"", ""charge_capacity_ah"", ""discharge_capacity_ah"", ""charge_energy_wh"", ""discharge_energy_wh""]",50,utf-8-sig,",",False,success,
SNL NMC.zip,SNL NMC/SNL_18650_NMC_35C_0-100_0.5-2C_a_cycle_data.csv,SNL_18650_NMC_35C_0-100_0.5-2C_a_cycle_data.csv,schema_d2669a99bc63,12,"[""Cycle_Index"", ""Start_Time"", ""End_Time"", ""Test_Time (s)"", ""Min_Current (A)"", ""Max_Current (A)"", ""Min_Voltage (V)"", ""Max_Voltage (V)"", ""Charge_Capacity (Ah)"", ""Discharge_Capacity (Ah)"", ""Charge_Energy (Wh)"", ""Discharge_Energy (Wh)""]","[""cycle_index"", ""start_time"", ""end_time"", ""test_time_s"", ""min_current_a"", ""max_current_a"", ""min_voltage_v"", ""max_voltage_v"", ""charge_capacity_ah"", ""discharge_capacity_ah"", ""charge_energy_wh"", ""discharge_energy_wh""]",50,utf-8-sig,",",False,success,
SNL NMC.zip,SNL NMC/SNL_18650_NMC_35C_0-100_0.5-2C_b_cycle_data.csv,SNL_18650_NMC_35C_0-100_0.5-2C_b_cycle_data.csv,schema_d2669a99bc63,12,"[""Cycle_Index"", ""Start_Time"", ""End_Time"", ""Test_Time (s)"", ""Min_Current (A)"", ""Max_Current (A)"", ""Min_Voltage (V)"", ""Max_Voltage (V)"", ""Charge_Capacity (Ah)"", ""Discharge_Capacity (Ah)"", ""Charge_Energy (Wh)"", ""Discharge_Energy (Wh)""]","[""cycle_index"", ""start_time"", ""end_time"", ""test_time_s"", ""min_current_a"", ""max_current_a"", ""min_voltage_v"", ""max_voltage_v"", ""charge_capacity_ah"", ""discharge_capacity_ah"", ""charge_energy_wh"", ""discharge_energy_wh""]",50,utf-8-sig,",",False,success,
UL-Purdue.zip,UL-Purdue/UL-PUR_CF10DPA_pouch_NCA_25C_0-100_1-1C_n_cycle_data.csv,UL-PUR_CF10DPA_pouch_NCA_25C_0-100_1-1C_n_cycle_data.csv,schema_63d0cb98b657,10,"[""Cycle_Index"", ""Test_Time (s)"", ""Min_Current (A)"", ""Max_Current (A)"", ""Min_Voltage (V)"", ""Max_Voltage (V)"", ""Charge_Capacity (Ah)"", ""Discharge_Capacity (Ah)"", ""Charge_Energy (Wh)"", ""Discharge_Energy (Wh)""]","[""cycle_index"", ""test_time_s"", ""min_current_a"", ""max_current_a"", ""min_voltage_v"", ""max_voltage_v"", ""charge_capacity_ah"", ""discharge_capacity_ah"", ""charge_energy_wh"", ""discharge_energy_wh""]",50,utf-8-sig,",",False,success,
UL-Purdue.zip,UL-Purdue/UL-PUR_N10-EX9_18650_NCA_23C_0-100_0.5-0.5C_i_cycle_data.csv,UL-PUR_N10-EX9_18650_NCA_23C_0-100_0.5-0.5C_i_cycle_data.csv,schema_63d0cb98b657,10,"[""Cycle_Index"", ""Test_Time (s)"", ""Min_Current (A)"", ""Max_Current (A)"", ""Min_Voltage (V)"", ""Max_Voltage (V)"", ""Charge_Capacity (Ah)"", ""Discharge_Capacity (Ah)"", ""Charge_Energy (Wh)"", ""Discharge_Energy (Wh)""]","[""cycle_index"", ""test_time_s"", ""min_current_a"", ""max_current_a"", ""min_voltage_v"", ""max_voltage_v"", ""charge_capacity_ah"", ""discharge_capacity_ah"", ""charge_energy_wh"", ""discharge_energy_wh""]",50,utf-8-sig,",",False,success,
UL-Purdue.zip,UL-Purdue/UL-PUR_N10-NA7_18650_NCA_23C_0-100_0.5-0.5C_g_cycle_data.csv,UL-PUR_N10-NA7_18650_NCA_23C_0-100_0.5-0.5C_g_cycle_data.csv,schema_63d0cb98b657,10,"[""Cycle_Index"", ""Test_Time (s)"", ""Min_Current (A)"", ""Max_Current (A)"", ""Min_Voltage (V)"", ""Max_Voltage (V)"", ""Charge_Capacity (Ah)"", ""Discharge_Capacity (Ah)"", ""Charge_Energy (Wh)"", ""Discharge_Energy (Wh)""]","[""cycle_index"", ""test_time_s"", ""min_current_a"", ""max_current_a"", ""min_voltage_v"", ""max_voltage_v"", ""charge_capacity_ah"", ""discharge_capacity_ah"", ""charge_energy_wh"", ""discharge_energy_wh""]",50,utf-8-sig,",",False,success,
UL-Purdue.zip,UL-Purdue/UL-PUR_N10-OV8_18650_NCA_23C_0-100_0.5-0.5C_h_cycle_data.csv,UL-PUR_N10-OV8_18650_NCA_23C_0-100_0.5-0.5C_h_cycle_data.csv,schema_63d0cb98b657,10,"[""Cycle_Index"", ""Test_Time (s)"", ""Min_Current (A)"", ""Max_Current (A)"", ""Min_Voltage (V)"", ""Max_Voltage (V)"", ""Charge_Capacity (Ah)"", ""Discharge_Capacity (Ah)"", ""Charge_Energy (Wh)"", ""Discharge_Energy (Wh)""]","[""cycle_index"", ""test_time_s"", ""min_current_a"", ""max_current_a"", ""min_voltage_v"", ""max_voltage_v"", ""charge_capacity_ah"", ""discharge_capacity_ah"", ""charge_energy_wh"", ""discharge_energy_wh""]",50,utf-8-sig,",",False,success,
UL-Purdue.zip,UL-Purdue/UL-PUR_N15-EX4_18650_NCA_23C_0-100_0.5-0.5C_d_cycle_data.csv,UL-PUR_N15-EX4_18650_NCA_23C_0-100_0.5-0.5C_d_cycle_data.csv,schema_63d0cb98b657,10,"[""Cycle_Index"", ""Test_Time (s)"", ""Min_Current (A)"", ""Max_Current (A)"", ""Min_Voltage (V)"", ""Max_Voltage (V)"", ""Charge_Capacity (Ah)"", ""Discharge_Capacity (Ah)"", ""Charge_Energy (Wh)"", ""Discharge_Energy (Wh)""]","[""cycle_index"", ""test_time_s"", ""min_current_a"", ""max_current_a"", ""min_voltage_v"", ""max_voltage_v"", ""charge_capacity_ah"", ""discharge_capacity_ah"", ""charge_energy_wh"", ""discharge_energy_wh""]",50,utf-8-sig,",",False,success,
UL-Purdue.zip,UL-Purdue/UL-PUR_N15-NA10_18650_NCA_23C_0-100_0.5-0.5C_j_cycle_data.csv,UL-PUR_N15-NA10_18650_NCA_23C_0-100_0.5-0.5C_j_cycle_data.csv,schema_63d0cb98b657,10,"[""Cycle_Index"", ""Test_Time (s)"", ""Min_Current (A)"", ""Max_Current (A)"", ""Min_Voltage (V)"", ""Max_Voltage (V)"", ""Charge_Capacity (Ah)"", ""Discharge_Capacity (Ah)"", ""Charge_Energy (Wh)"", ""Discharge_Energy (Wh)""]","[""cycle_index"", ""test_time_s"", ""min_current_a"", ""max_current_a"", ""min_voltage_v"", ""max_voltage_v"", ""charge_capacity_ah"", ""discharge_capacity_ah"", ""charge_energy_wh"", ""discharge_energy_wh""]",50,utf-8-sig,",",False,success,
UL-Purdue.zip,UL-Purdue/UL-PUR_N15-OV3_18650_NCA_23C_0-100_0.5-0.5C_c_cycle_data.csv,UL-PUR_N15-OV3_18650_NCA_23C_0-100_0.5-0.5C_c_cycle_data.csv,schema_63d0cb98b657,10,"[""Cycle_Index"", ""Test_Time (s)"", ""Min_Current (A)"", ""Max_Current (A)"", ""Min_Voltage (V)"", ""Max_Voltage (V)"", ""Charge_Capacity (Ah)"", ""Discharge_Capacity (Ah)"", ""Charge_Energy (Wh)"", ""Discharge_Energy (Wh)""]","[""cycle_index"", ""test_time_s"", ""min_current_a"", ""max_current_a"", ""min_voltage_v"", ""max_voltage_v"", ""charge_capacity_ah"", ""discharge_capacity_ah"", ""charge_energy_wh"", ""discharge_energy_wh""]",50,utf-8-sig,",",False,success,
UL-Purdue.zip,UL-Purdue/UL-PUR_N20-EX2_18650_NCA_23C_0-100_0.5-0.5C_b_cycle_data.csv,UL-PUR_N20-EX2_18650_NCA_23C_0-100_0.5-0.5C_b_cycle_data.csv,schema_63d0cb98b657,10,"[""Cycle_Index"", ""Test_Time (s)"", ""Min_Current (A)"", ""Max_Current (A)"", ""Min_Voltage (V)"", ""Max_Voltage (V)"", ""Charge_Capacity (Ah)"", ""Discharge_Capacity (Ah)"", ""Charge_Energy (Wh)"", ""Discharge_Energy (Wh)""]","[""cycle_index"", ""test_time_s"", ""min_current_a"", ""max_current_a"", ""min_voltage_v"", ""max_voltage_v"", ""charge_capacity_ah"", ""discharge_capacity_ah"", ""charge_energy_wh"", ""discharge_energy_wh""]",50,utf-8-sig,",",False,success,
UL-Purdue.zip,UL-Purdue/UL-PUR_N20-NA5_18650_NCA_23C_0-100_0.5-0.5C_e_cycle_data.csv,UL-PUR_N20-NA5_18650_NCA_23C_0-100_0.5-0.5C_e_cycle_data.csv,schema_63d0cb98b657,10,"[""Cycle_Index"", ""Test_Time (s)"", ""Min_Current (A)"", ""Max_Current (A)"", ""Min_Voltage (V)"", ""Max_Voltage (V)"", ""Charge_Capacity (Ah)"", ""Discharge_Capacity (Ah)"", ""Charge_Energy (Wh)"", ""Discharge_Energy (Wh)""]","[""cycle_index"", ""test_time_s"", ""min_current_a"", ""max_current_a"", ""min_voltage_v"", ""max_voltage_v"", ""charge_capacity_ah"", ""discharge_capacity_ah"", ""charge_energy_wh"", ""discharge_energy_wh""]",50,utf-8-sig,",",False,success,
UL-Purdue.zip,UL-Purdue/UL-PUR_N20-NA6_18650_NCA_23C_0-100_0.5-0.5C_f_cycle_data.csv,UL-PUR_N20-NA6_18650_NCA_23C_0-100_0.5-0.5C_f_cycle_data.csv,schema_63d0cb98b657,10,"[""Cycle_Index"", ""Test_Time (s)"", ""Min_Current (A)"", ""Max_Current (A)"", ""Min_Voltage (V)"", ""Max_Voltage (V)"", ""Charge_Capacity (Ah)"", ""Discharge_Capacity (Ah)"", ""Charge_Energy (Wh)"", ""Discharge_Energy (Wh)""]","[""cycle_index"", ""test_time_s"", ""min_current_a"", ""max_current_a"", ""min_voltage_v"", ""max_voltage_v"", ""charge_capacity_ah"", ""discharge_capacity_ah"", ""charge_energy_wh"", ""discharge_energy_wh""]",50,utf-8-sig,",",False,success,
UL-Purdue.zip,UL-Purdue/UL-PUR_N20-OV1_18650_NCA_23C_0-100_0.5-0.5C_a_cycle_data.csv,UL-PUR_N20-OV1_18650_NCA_23C_0-100_0.5-0.5C_a_cycle_data.csv,schema_63d0cb98b657,10,"[""Cycle_Index"", ""Test_Time (s)"", ""Min_Current (A)"", ""Max_Current (A)"", ""Min_Voltage (V)"", ""Max_Voltage (V)"", ""Charge_Capacity (Ah)"", ""Discharge_Capacity (Ah)"", ""Charge_Energy (Wh)"", ""Discharge_Energy (Wh)""]","[""cycle_index"", ""test_time_s"", ""min_current_a"", ""max_current_a"", ""min_voltage_v"", ""max_voltage_v"", ""charge_capacity_ah"", ""discharge_capacity_ah"", ""charge_energy_wh"", ""discharge_energy_wh""]",50,utf-8-sig,",",False,success,
UL-Purdue.zip,UL-Purdue/UL-PUR_R10-EX6_18650_NCA_23C_2.5-96.5_0.5-0.5C_f_cycle_data.csv,UL-PUR_R10-EX6_18650_NCA_23C_2.5-96.5_0.5-0.5C_f_cycle_data.csv,schema_63d0cb98b657,10,"[""Cycle_Index"", ""Test_Time (s)"", ""Min_Current (A)"", ""Max_Current (A)"", ""Min_Voltage (V)"", ""Max_Voltage (V)"", ""Charge_Capacity (Ah)"", ""Discharge_Capacity (Ah)"", ""Charge_Energy (Wh)"", ""Discharge_Energy (Wh)""]","[""cycle_index"", ""test_time_s"", ""min_current_a"", ""max_current_a"", ""min_voltage_v"", ""max_voltage_v"", ""charge_capacity_ah"", ""discharge_capacity_ah"", ""charge_energy_wh"", ""discharge_energy_wh""]",50,utf-8-sig,",",False,success,
UL-Purdue.zip,UL-Purdue/UL-PUR_R10-NA11_18650_NCA_23C_2.5-96.5_0.5-0.5C_k_cycle_data.csv,UL-PUR_R10-NA11_18650_NCA_23C_2.5-96.5_0.5-0.5C_k_cycle_data.csv,schema_63d0cb98b657,10,"[""Cycle_Index"", ""Test_Time (s)"", ""Min_Current (A)"", ""Max_Current (A)"", ""Min_Voltage (V)"", ""Max_Voltage (V)"", ""Charge_Capacity (Ah)"", ""Discharge_Capacity (Ah)"", ""Charge_Energy (Wh)"", ""Discharge_Energy (Wh)""]","[""cycle_index"", ""test_time_s"", ""min_current_a"", ""max_current_a"", ""min_voltage_v"", ""max_voltage_v"", ""charge_capacity_ah"", ""discharge_capacity_ah"", ""charge_energy_wh"", ""discharge_energy_wh""]",50,utf-8-sig,",",False,success,
UL-Purdue.zip,UL-Purdue/UL-PUR_R10-OV5_18650_NCA_23C_2.5-96.5_0.5-0.5C_e_cycle_data.csv,UL-PUR_R10-OV5_18650_NCA_23C_2.5-96.5_0.5-0.5C_e_cycle_data.csv,schema_63d0cb98b657,10,"[""Cycle_Index"", ""Test_Time (s)"", ""Min_Current (A)"", ""Max_Current (A)"", ""Min_Voltage (V)"", ""Max_Voltage (V)"", ""Charge_Capacity (Ah)"", ""Discharge_Capacity (Ah)"", ""Charge_Energy (Wh)"", ""Discharge_Energy (Wh)""]","[""cycle_index"", ""test_time_s"", ""min_current_a"", ""max_current_a"", ""min_voltage_v"", ""max_voltage_v"", ""charge_capacity_ah"", ""discharge_capacity_ah"", ""charge_energy_wh"", ""discharge_energy_wh""]",50,utf-8-sig,",",False,success,
UL-Purdue.zip,UL-Purdue/UL-PUR_R15-EX4_18650_NCA_23C_2.5-96.5_0.5-0.5C_d_cycle_data.csv,UL-PUR_R15-EX4_18650_NCA_23C_2.5-96.5_0.5-0.5C_d_cycle_data.csv,schema_63d0cb98b657,10,"[""Cycle_Index"", ""Test_Time (s)"", ""Min_Current (A)"", ""Max_Current (A)"", ""Min_Voltage (V)"", ""Max_Voltage (V)"", ""Charge_Capacity (Ah)"", ""Discharge_Capacity (Ah)"", ""Charge_Energy (Wh)"", ""Discharge_Energy (Wh)""]","[""cycle_index"", ""test_time_s"", ""min_current_a"", ""max_current_a"", ""min_voltage_v"", ""max_voltage_v"", ""charge_capacity_ah"", ""discharge_capacity_ah"", ""charge_energy_wh"", ""discharge_energy_wh""]",50,utf-8-sig,",",False,success,
UL-Purdue.zip,UL-Purdue/UL-PUR_R15-NA10_18650_NCA_23C_2.5-96.5_0.5-0.5C_j_cycle_data.csv,UL-PUR_R15-NA10_18650_NCA_23C_2.5-96.5_0.5-0.5C_j_cycle_data.csv,schema_63d0cb98b657,10,"[""Cycle_Index"", ""Test_Time (s)"", ""Min_Current (A)"", ""Max_Current (A)"", ""Min_Voltage (V)"", ""Max_Voltage (V)"", ""Charge_Capacity (Ah)"", ""Discharge_Capacity (Ah)"", ""Charge_Energy (Wh)"", ""Discharge_Energy (Wh)""]","[""cycle_index"", ""test_time_s"", ""min_current_a"", ""max_current_a"", ""min_voltage_v"", ""max_voltage_v"", ""charge_capacity_ah"", ""discharge_capacity_ah"", ""charge_energy_wh"", ""discharge_energy_wh""]",50,utf-8-sig,",",False,success,
UL-Purdue.zip,UL-Purdue/UL-PUR_R15-OV3_18650_NCA_23C_2.5-96.5_0.5-0.5C_c_cycle_data.csv,UL-PUR_R15-OV3_18650_NCA_23C_2.5-96.5_0.5-0.5C_c_cycle_data.csv,schema_63d0cb98b657,10,"[""Cycle_Index"", ""Test_Time (s)"", ""Min_Current (A)"", ""Max_Current (A)"", ""Min_Voltage (V)"", ""Max_Voltage (V)"", ""Charge_Capacity (Ah)"", ""Discharge_Capacity (Ah)"", ""Charge_Energy (Wh)"", ""Discharge_Energy (Wh)""]","[""cycle_index"", ""test_time_s"", ""min_current_a"", ""max_current_a"", ""min_voltage_v"", ""max_voltage_v"", ""charge_capacity_ah"", ""discharge_capacity_ah"", ""charge_energy_wh"", ""discharge_energy_wh""]",50,utf-8-sig,",",False,success,
UL-Purdue.zip,UL-Purdue/UL-PUR_R20-EX2_18650_NCA_23C_2.5-96.5_0.5-0.5C_b_cycle_data.csv,UL-PUR_R20-EX2_18650_NCA_23C_2.5-96.5_0.5-0.5C_b_cycle_data.csv,schema_63d0cb98b657,10,"[""Cycle_Index"", ""Test_Time (s)"", ""Min_Current (A)"", ""Max_Current (A)"", ""Min_Voltage (V)"", ""Max_Voltage (V)"", ""Charge_Capacity (Ah)"", ""Discharge_Capacity (Ah)"", ""Charge_Energy (Wh)"", ""Discharge_Energy (Wh)""]","[""cycle_index"", ""test_time_s"", ""min_current_a"", ""max_current_a"", ""min_voltage_v"", ""max_voltage_v"", ""charge_capacity_ah"", ""discharge_capacity_ah"", ""charge_energy_wh"", ""discharge_energy_wh""]",50,utf-8-sig,",",False,success,
UL-Purdue.zip,UL-Purdue/UL-PUR_R20-NA7_18650_NCA_23C_2.5-96.5_0.5-0.5C_g_cycle_data.csv,UL-PUR_R20-NA7_18650_NCA_23C_2.5-96.5_0.5-0.5C_g_cycle_data.csv,schema_63d0cb98b657,10,"[""Cycle_Index"", ""Test_Time (s)"", ""Min_Current (A)"", ""Max_Current (A)"", ""Min_Voltage (V)"", ""Max_Voltage (V)"", ""Charge_Capacity (Ah)"", ""Discharge_Capacity (Ah)"", ""Charge_Energy (Wh)"", ""Discharge_Energy (Wh)""]","[""cycle_index"", ""test_time_s"", ""min_current_a"", ""max_current_a"", ""min_voltage_v"", ""max_voltage_v"", ""charge_capacity_ah"", ""discharge_capacity_ah"", ""charge_energy_wh"", ""discharge_energy_wh""]",50,utf-8-sig,",",False,success,
UL-Purdue.zip,UL-Purdue/UL-PUR_R20-NA8_18650_NCA_23C_2.5-96.5_0.5-0.5C_h_cycle_data.csv,UL-PUR_R20-NA8_18650_NCA_23C_2.5-96.5_0.5-0.5C_h_cycle_data.csv,schema_63d0cb98b657,10,"[""Cycle_Index"", ""Test_Time (s)"", ""Min_Current (A)"", ""Max_Current (A)"", ""Min_Voltage (V)"", ""Max_Voltage (V)"", ""Charge_Capacity (Ah)"", ""Discharge_Capacity (Ah)"", ""Charge_Energy (Wh)"", ""Discharge_Energy (Wh)""]","[""cycle_index"", ""test_time_s"", ""min_current_a"", ""max_current_a"", ""min_voltage_v"", ""max_voltage_v"", ""charge_capacity_ah"", ""discharge_capacity_ah"", ""charge_energy_wh"", ""discharge_energy_wh""]",50,utf-8-sig,",",False,success,
UL-Purdue.zip,UL-Purdue/UL-PUR_R20-NA9_18650_NCA_23C_2.5-96.5_0.5-0.5C_i_cycle_data.csv,UL-PUR_R20-NA9_18650_NCA_23C_2.5-96.5_0.5-0.5C_i_cycle_data.csv,schema_63d0cb98b657,10,"[""Cycle_Index"", ""Test_Time (s)"", ""Min_Current (A)"", ""Max_Current (A)"", ""Min_Voltage (V)"", ""Max_Voltage (V)"", ""Charge_Capacity (Ah)"", ""Discharge_Capacity (Ah)"", ""Charge_Energy (Wh)"", ""Discharge_Energy (Wh)""]","[""cycle_index"", ""test_time_s"", ""min_current_a"", ""max_current_a"", ""min_voltage_v"", ""max_voltage_v"", ""charge_capacity_ah"", ""discharge_capacity_ah"", ""charge_energy_wh"", ""discharge_energy_wh""]",50,utf-8-sig,",",False,success,
UL-Purdue.zip,UL-Purdue/UL-PUR_R20-OV1_18650_NCA_23C_2.5-96.5_0.5-0.5C_a_cycle_data.csv,UL-PUR_R20-OV1_18650_NCA_23C_2.5-96.5_0.5-0.5C_a_cycle_data.csv,schema_63d0cb98b657,10,"[""Cycle_Index"", ""Test_Time (s)"", ""Min_Current (A)"", ""Max_Current (A)"", ""Min_Voltage (V)"", ""Max_Voltage (V)"", ""Charge_Capacity (Ah)"", ""Discharge_Capacity (Ah)"", ""Charge_Energy (Wh)"", ""Discharge_Energy (Wh)""]","[""cycle_index"", ""test_time_s"", ""min_current_a"", ""max_current_a"", ""min_voltage_v"", ""max_voltage_v"", ""charge_capacity_ah"", ""discharge_capacity_ah"", ""charge_energy_wh"", ""discharge_energy_wh""]",50,utf-8-sig,",",False,success,
