zip_file,internal_csv_path,file_name,schema_fingerprint,raw_column_name,normalized_column_name,column_position,sample_inferred_dtype,sample_non_null_count,sample_null_count,sample_values,unit_candidate,mapping_candidate,mapping_confidence,mapping_note
CALCE.zip,CALCE/CALCE_CX2-16_prism_LCO_25C_0-100_0.5-0.5C_a_cycle_data.csv,CALCE_CX2-16_prism_LCO_25C_0-100_0.5-0.5C_a_cycle_data.csv,schema_d2669a99bc63,Cycle_Index,cycle_index,1,float64,50,0,"[""1.0"", ""2.0"", ""3.0"", ""4.0"", ""5.0""]",unknown,cycle_index,high,explicit cycle index/name
CALCE.zip,CALCE/CALCE_CX2-16_prism_LCO_25C_0-100_0.5-0.5C_a_cycle_data.csv,CALCE_CX2-16_prism_LCO_25C_0-100_0.5-0.5C_a_cycle_data.csv,schema_d2669a99bc63,Start_Time,start_time,2,float64,0,50,[],unknown,date_or_timestamp,high,explicit date/time column
CALCE.zip,CALCE/CALCE_CX2-16_prism_LCO_25C_0-100_0.5-0.5C_a_cycle_data.csv,CALCE_CX2-16_prism_LCO_25C_0-100_0.5-0.5C_a_cycle_data.csv,schema_d2669a99bc63,End_Time,end_time,3,float64,0,50,[],unknown,date_or_timestamp,high,explicit date/time column
CALCE.zip,CALCE/CALCE_CX2-16_prism_LCO_25C_0-100_0.5-0.5C_a_cycle_data.csv,CALCE_CX2-16_prism_LCO_25C_0-100_0.5-0.5C_a_cycle_data.csv,schema_d2669a99bc63,Test_Time (s),test_time_s,4,float64,50,0,"[""10907.674"", ""28594.592"", ""46275.123"", ""63919.436"", ""81579.524""]",s,elapsed_time,high,explicit elapsed/test time column
CALCE.zip,CALCE/CALCE_CX2-16_prism_LCO_25C_0-100_0.5-0.5C_a_cycle_data.csv,CALCE_CX2-16_prism_LCO_25C_0-100_0.5-0.5C_a_cycle_data.csv,schema_d2669a99bc63,Min_Current (A),min_current_a,5,float64,50,0,"[""-0.55"", ""-0.551"", ""-0.552"", ""-0.595"", ""-0.658""]",A,unknown,none,"observed electrical measurement, not a requested mapping target"
CALCE.zip,CALCE/CALCE_CX2-16_prism_LCO_25C_0-100_0.5-0.5C_a_cycle_data.csv,CALCE_CX2-16_prism_LCO_25C_0-100_0.5-0.5C_a_cycle_data.csv,schema_d2669a99bc63,Max_Current (A),max_current_a,6,float64,50,0,"[""0.905"", ""1.275"", ""1.293"", ""1.273"", ""1.281""]",A,unknown,none,"observed electrical measurement, not a requested mapping target"
CALCE.zip,CALCE/CALCE_CX2-16_prism_LCO_25C_0-100_0.5-0.5C_a_cycle_data.csv,CALCE_CX2-16_prism_LCO_25C_0-100_0.5-0.5C_a_cycle_data.csv,schema_d2669a99bc63,Min_Voltage (V),min_voltage_v,7,float64,50,0,"[""2.699""]",V,unknown,none,"observed electrical measurement, not a requested mapping target"
CALCE.zip,CALCE/CALCE_CX2-16_prism_LCO_25C_0-100_0.5-0.5C_a_cycle_data.csv,CALCE_CX2-16_prism_LCO_25C_0-100_0.5-0.5C_a_cycle_data.csv,schema_d2669a99bc63,Max_Voltage (V),max_voltage_v,8,float64,50,0,"[""4.201"", ""4.2"", ""4.212"", ""4.202"", ""4.207""]",V,unknown,none,"observed electrical measurement, not a requested mapping target"
CALCE.zip,CALCE/CALCE_CX2-16_prism_LCO_25C_0-100_0.5-0.5C_a_cycle_data.csv,CALCE_CX2-16_prism_LCO_25C_0-100_0.5-0.5C_a_cycle_data.csv,schema_d2669a99bc63,Charge_Capacity (Ah),charge_capacity_ah,9,float64,50,0,"[""0.108"", ""1.268"", ""1.269"", ""1.267"", ""1.266""]",Ah,charge_capacity,high,explicit charge capacity column
CALCE.zip,CALCE/CALCE_CX2-16_prism_LCO_25C_0-100_0.5-0.5C_a_cycle_data.csv,CALCE_CX2-16_prism_LCO_25C_0-100_0.5-0.5C_a_cycle_data.csv,schema_d2669a99bc63,Discharge_Capacity (Ah),discharge_capacity_ah,10,float64,50,0,"[""1.268"", ""1.269"", ""1.267"", ""1.266"", ""1.265""]",Ah,discharge_capacity,high,explicit discharge capacity column
CALCE.zip,CALCE/CALCE_CX2-16_prism_LCO_25C_0-100_0.5-0.5C_a_cycle_data.csv,CALCE_CX2-16_prism_LCO_25C_0-100_0.5-0.5C_a_cycle_data.csv,schema_d2669a99bc63,Charge_Energy (Wh),charge_energy_wh,11,float64,50,0,"[""0.455"", ""5.073"", ""5.071"", ""5.076"", ""5.072""]",Wh,charge_energy,high,explicit charge energy column
CALCE.zip,CALCE/CALCE_CX2-16_prism_LCO_25C_0-100_0.5-0.5C_a_cycle_data.csv,CALCE_CX2-16_prism_LCO_25C_0-100_0.5-0.5C_a_cycle_data.csv,schema_d2669a99bc63,Discharge_Energy (Wh),discharge_energy_wh,12,float64,50,0,"[""4.717"", ""4.725"", ""4.73"", ""4.727"", ""4.724""]",Wh,discharge_energy,high,explicit discharge energy column
CALCE.zip,CALCE/CALCE_CX2-25_prism_LCO_25C_0-100_0.5-0.5C_b_cycle_data.csv,CALCE_CX2-25_prism_LCO_25C_0-100_0.5-0.5C_b_cycle_data.csv,schema_d2669a99bc63,Cycle_Index,cycle_index,1,float64,50,0,"[""1.0"", ""2.0"", ""3.0"", ""4.0"", ""5.0""]",unknown,cycle_index,high,explicit cycle index/name
CALCE.zip,CALCE/CALCE_CX2-25_prism_LCO_25C_0-100_0.5-0.5C_b_cycle_data.csv,CALCE_CX2-25_prism_LCO_25C_0-100_0.5-0.5C_b_cycle_data.csv,schema_d2669a99bc63,Start_Time,start_time,2,float64,0,50,[],unknown,date_or_timestamp,high,explicit date/time column
CALCE.zip,CALCE/CALCE_CX2-25_prism_LCO_25C_0-100_0.5-0.5C_b_cycle_data.csv,CALCE_CX2-25_prism_LCO_25C_0-100_0.5-0.5C_b_cycle_data.csv,schema_d2669a99bc63,End_Time,end_time,3,float64,0,50,[],unknown,date_or_timestamp,high,explicit date/time column
CALCE.zip,CALCE/CALCE_CX2-25_prism_LCO_25C_0-100_0.5-0.5C_b_cycle_data.csv,CALCE_CX2-25_prism_LCO_25C_0-100_0.5-0.5C_b_cycle_data.csv,schema_d2669a99bc63,Test_Time (s),test_time_s,4,float64,50,0,"[""17206.108"", ""34383.158"", ""51374.058"", ""68486.904"", ""85549.605""]",s,elapsed_time,high,explicit elapsed/test time column
CALCE.zip,CALCE/CALCE_CX2-25_prism_LCO_25C_0-100_0.5-0.5C_b_cycle_data.csv,CALCE_CX2-25_prism_LCO_25C_0-100_0.5-0.5C_b_cycle_data.csv,schema_d2669a99bc63,Min_Current (A),min_current_a,5,float64,50,0,"[""-0.675"", ""-0.674""]",A,unknown,none,"observed electrical measurement, not a requested mapping target"
CALCE.zip,CALCE/CALCE_CX2-25_prism_LCO_25C_0-100_0.5-0.5C_b_cycle_data.csv,CALCE_CX2-25_prism_LCO_25C_0-100_0.5-0.5C_b_cycle_data.csv,schema_d2669a99bc63,Max_Current (A),max_current_a,6,float64,50,0,"[""1.19"", ""1.184"", ""1.173"", ""1.183"", ""1.18""]",A,unknown,none,"observed electrical measurement, not a requested mapping target"
CALCE.zip,CALCE/CALCE_CX2-25_prism_LCO_25C_0-100_0.5-0.5C_b_cycle_data.csv,CALCE_CX2-25_prism_LCO_25C_0-100_0.5-0.5C_b_cycle_data.csv,schema_d2669a99bc63,Min_Voltage (V),min_voltage_v,7,float64,50,0,"[""2.699""]",V,unknown,none,"observed electrical measurement, not a requested mapping target"
CALCE.zip,CALCE/CALCE_CX2-25_prism_LCO_25C_0-100_0.5-0.5C_b_cycle_data.csv,CALCE_CX2-25_prism_LCO_25C_0-100_0.5-0.5C_b_cycle_data.csv,schema_d2669a99bc63,Max_Voltage (V),max_voltage_v,8,float64,50,0,"[""4.2"", ""4.196""]",V,unknown,none,"observed electrical measurement, not a requested mapping target"
CALCE.zip,CALCE/CALCE_CX2-25_prism_LCO_25C_0-100_0.5-0.5C_b_cycle_data.csv,CALCE_CX2-25_prism_LCO_25C_0-100_0.5-0.5C_b_cycle_data.csv,schema_d2669a99bc63,Charge_Capacity (Ah),charge_capacity_ah,9,float64,50,0,"[""1.367"", ""1.369"", ""1.362"", ""1.366"", ""1.365""]",Ah,charge_capacity,high,explicit charge capacity column
CALCE.zip,CALCE/CALCE_CX2-25_prism_LCO_25C_0-100_0.5-0.5C_b_cycle_data.csv,CALCE_CX2-25_prism_LCO_25C_0-100_0.5-0.5C_b_cycle_data.csv,schema_d2669a99bc63,Discharge_Capacity (Ah),discharge_capacity_ah,10,float64,50,0,"[""1.363"", ""1.365"", ""1.361"", ""1.364"", ""1.362""]",Ah,discharge_capacity,high,explicit discharge capacity column
CALCE.zip,CALCE/CALCE_CX2-25_prism_LCO_25C_0-100_0.5-0.5C_b_cycle_data.csv,CALCE_CX2-25_prism_LCO_25C_0-100_0.5-0.5C_b_cycle_data.csv,schema_d2669a99bc63,Charge_Energy (Wh),charge_energy_wh,11,float64,50,0,"[""5.49"", ""5.476"", ""5.462"", ""5.457"", ""5.46""]",Wh,charge_energy,high,explicit charge energy column
CALCE.zip,CALCE/CALCE_CX2-25_prism_LCO_25C_0-100_0.5-0.5C_b_cycle_data.csv,CALCE_CX2-25_prism_LCO_25C_0-100_0.5-0.5C_b_cycle_data.csv,schema_d2669a99bc63,Discharge_Energy (Wh),discharge_energy_wh,12,float64,50,0,"[""5.039"", ""5.065"", ""5.067"", ""5.058"", ""5.018""]",Wh,discharge_energy,high,explicit discharge energy column
CALCE.zip,CALCE/CALCE_CX2-33_prism_LCO_25C_0-100_0.5-0.5C_d_cycle_data.csv,CALCE_CX2-33_prism_LCO_25C_0-100_0.5-0.5C_d_cycle_data.csv,schema_d2669a99bc63,Cycle_Index,cycle_index,1,float64,50,0,"[""1.0"", ""2.0"", ""3.0"", ""4.0"", ""5.0""]",unknown,cycle_index,high,explicit cycle index/name
CALCE.zip,CALCE/CALCE_CX2-33_prism_LCO_25C_0-100_0.5-0.5C_d_cycle_data.csv,CALCE_CX2-33_prism_LCO_25C_0-100_0.5-0.5C_d_cycle_data.csv,schema_d2669a99bc63,Start_Time,start_time,2,float64,0,50,[],unknown,date_or_timestamp,high,explicit date/time column
CALCE.zip,CALCE/CALCE_CX2-33_prism_LCO_25C_0-100_0.5-0.5C_d_cycle_data.csv,CALCE_CX2-33_prism_LCO_25C_0-100_0.5-0.5C_d_cycle_data.csv,schema_d2669a99bc63,End_Time,end_time,3,float64,0,50,[],unknown,date_or_timestamp,high,explicit date/time column
CALCE.zip,CALCE/CALCE_CX2-33_prism_LCO_25C_0-100_0.5-0.5C_d_cycle_data.csv,CALCE_CX2-33_prism_LCO_25C_0-100_0.5-0.5C_d_cycle_data.csv,schema_d2669a99bc63,Test_Time (s),test_time_s,4,float64,50,0,"[""12923.434"", ""29533.288"", ""46063.491"", ""62601.426"", ""79120.977""]",s,elapsed_time,high,explicit elapsed/test time column
CALCE.zip,CALCE/CALCE_CX2-33_prism_LCO_25C_0-100_0.5-0.5C_d_cycle_data.csv,CALCE_CX2-33_prism_LCO_25C_0-100_0.5-0.5C_d_cycle_data.csv,schema_d2669a99bc63,Min_Current (A),min_current_a,5,float64,50,0,"[""-0.674"", ""-0.886""]",A,unknown,none,"observed electrical measurement, not a requested mapping target"
CALCE.zip,CALCE/CALCE_CX2-33_prism_LCO_25C_0-100_0.5-0.5C_d_cycle_data.csv,CALCE_CX2-33_prism_LCO_25C_0-100_0.5-0.5C_d_cycle_data.csv,schema_d2669a99bc63,Max_Current (A),max_current_a,6,float64,50,0,"[""1.124"", ""1.141"", ""1.145"", ""1.13"", ""1.148""]",A,unknown,none,"observed electrical measurement, not a requested mapping target"
CALCE.zip,CALCE/CALCE_CX2-33_prism_LCO_25C_0-100_0.5-0.5C_d_cycle_data.csv,CALCE_CX2-33_prism_LCO_25C_0-100_0.5-0.5C_d_cycle_data.csv,schema_d2669a99bc63,Min_Voltage (V),min_voltage_v,7,float64,50,0,"[""2.699"", ""3.165""]",V,unknown,none,"observed electrical measurement, not a requested mapping target"
CALCE.zip,CALCE/CALCE_CX2-33_prism_LCO_25C_0-100_0.5-0.5C_d_cycle_data.csv,CALCE_CX2-33_prism_LCO_25C_0-100_0.5-0.5C_d_cycle_data.csv,schema_d2669a99bc63,Max_Voltage (V),max_voltage_v,8,float64,50,0,"[""4.2""]",V,unknown,none,"observed electrical measurement, not a requested mapping target"
CALCE.zip,CALCE/CALCE_CX2-33_prism_LCO_25C_0-100_0.5-0.5C_d_cycle_data.csv,CALCE_CX2-33_prism_LCO_25C_0-100_0.5-0.5C_d_cycle_data.csv,schema_d2669a99bc63,Charge_Capacity (Ah),charge_capacity_ah,9,float64,50,0,"[""0.604"", ""1.291"", ""1.296"", ""1.293"", ""1.289""]",Ah,charge_capacity,high,explicit charge capacity column
CALCE.zip,CALCE/CALCE_CX2-33_prism_LCO_25C_0-100_0.5-0.5C_d_cycle_data.csv,CALCE_CX2-33_prism_LCO_25C_0-100_0.5-0.5C_d_cycle_data.csv,schema_d2669a99bc63,Discharge_Capacity (Ah),discharge_capacity_ah,10,float64,50,0,"[""1.292"", ""1.295"", ""1.29"", ""1.291"", ""1.289""]",Ah,discharge_capacity,high,explicit discharge capacity column
CALCE.zip,CALCE/CALCE_CX2-33_prism_LCO_25C_0-100_0.5-0.5C_d_cycle_data.csv,CALCE_CX2-33_prism_LCO_25C_0-100_0.5-0.5C_d_cycle_data.csv,schema_d2669a99bc63,Charge_Energy (Wh),charge_energy_wh,11,float64,50,0,"[""2.5"", ""5.184"", ""5.198"", ""5.189"", ""5.175""]",Wh,charge_energy,high,explicit charge energy column
CALCE.zip,CALCE/CALCE_CX2-33_prism_LCO_25C_0-100_0.5-0.5C_d_cycle_data.csv,CALCE_CX2-33_prism_LCO_25C_0-100_0.5-0.5C_d_cycle_data.csv,schema_d2669a99bc63,Discharge_Energy (Wh),discharge_energy_wh,12,float64,50,0,"[""4.758"", ""4.781"", ""4.785"", ""4.757"", ""4.764""]",Wh,discharge_energy,high,explicit discharge energy column
CALCE.zip,CALCE/CALCE_CX2-34_prism_LCO_25C_0-100_0.5-0.5C_e_cycle_data.csv,CALCE_CX2-34_prism_LCO_25C_0-100_0.5-0.5C_e_cycle_data.csv,schema_d2669a99bc63,Cycle_Index,cycle_index,1,float64,50,0,"[""1.0"", ""2.0"", ""3.0"", ""4.0"", ""5.0""]",unknown,cycle_index,high,explicit cycle index/name
CALCE.zip,CALCE/CALCE_CX2-34_prism_LCO_25C_0-100_0.5-0.5C_e_cycle_data.csv,CALCE_CX2-34_prism_LCO_25C_0-100_0.5-0.5C_e_cycle_data.csv,schema_d2669a99bc63,Start_Time,start_time,2,float64,0,50,[],unknown,date_or_timestamp,high,explicit date/time column
CALCE.zip,CALCE/CALCE_CX2-34_prism_LCO_25C_0-100_0.5-0.5C_e_cycle_data.csv,CALCE_CX2-34_prism_LCO_25C_0-100_0.5-0.5C_e_cycle_data.csv,schema_d2669a99bc63,End_Time,end_time,3,float64,0,50,[],unknown,date_or_timestamp,high,explicit date/time column
CALCE.zip,CALCE/CALCE_CX2-34_prism_LCO_25C_0-100_0.5-0.5C_e_cycle_data.csv,CALCE_CX2-34_prism_LCO_25C_0-100_0.5-0.5C_e_cycle_data.csv,schema_d2669a99bc63,Test_Time (s),test_time_s,4,float64,50,0,"[""22677.132"", ""36017.556"", ""49215.927"", ""62359.066"", ""75537.513""]",s,elapsed_time,high,explicit elapsed/test time column
CALCE.zip,CALCE/CALCE_CX2-34_prism_LCO_25C_0-100_0.5-0.5C_e_cycle_data.csv,CALCE_CX2-34_prism_LCO_25C_0-100_0.5-0.5C_e_cycle_data.csv,schema_d2669a99bc63,Min_Current (A),min_current_a,5,float64,50,0,"[""-1.35""]",A,unknown,none,"observed electrical measurement, not a requested mapping target"
CALCE.zip,CALCE/CALCE_CX2-34_prism_LCO_25C_0-100_0.5-0.5C_e_cycle_data.csv,CALCE_CX2-34_prism_LCO_25C_0-100_0.5-0.5C_e_cycle_data.csv,schema_d2669a99bc63,Max_Current (A),max_current_a,6,float64,50,0,"[""1.189"", ""1.181"", ""1.174"", ""1.17"", ""1.175""]",A,unknown,none,"observed electrical measurement, not a requested mapping target"
CALCE.zip,CALCE/CALCE_CX2-34_prism_LCO_25C_0-100_0.5-0.5C_e_cycle_data.csv,CALCE_CX2-34_prism_LCO_25C_0-100_0.5-0.5C_e_cycle_data.csv,schema_d2669a99bc63,Min_Voltage (V),min_voltage_v,7,float64,50,0,"[""2.699""]",V,unknown,none,"observed electrical measurement, not a requested mapping target"
CALCE.zip,CALCE/CALCE_CX2-34_prism_LCO_25C_0-100_0.5-0.5C_e_cycle_data.csv,CALCE_CX2-34_prism_LCO_25C_0-100_0.5-0.5C_e_cycle_data.csv,schema_d2669a99bc63,Max_Voltage (V),max_voltage_v,8,float64,50,0,"[""4.2"", ""4.199""]",V,unknown,none,"observed electrical measurement, not a requested mapping target"
CALCE.zip,CALCE/CALCE_CX2-34_prism_LCO_25C_0-100_0.5-0.5C_e_cycle_data.csv,CALCE_CX2-34_prism_LCO_25C_0-100_0.5-0.5C_e_cycle_data.csv,schema_d2669a99bc63,Charge_Capacity (Ah),charge_capacity_ah,9,float64,50,0,"[""1.357"", ""1.351"", ""1.348"", ""1.34"", ""1.336""]",Ah,charge_capacity,high,explicit charge capacity column
CALCE.zip,CALCE/CALCE_CX2-34_prism_LCO_25C_0-100_0.5-0.5C_e_cycle_data.csv,CALCE_CX2-34_prism_LCO_25C_0-100_0.5-0.5C_e_cycle_data.csv,schema_d2669a99bc63,Discharge_Capacity (Ah),discharge_capacity_ah,10,float64,50,0,"[""1.354"", ""1.348"", ""1.34"", ""1.337"", ""1.333""]",Ah,discharge_capacity,high,explicit discharge capacity column
CALCE.zip,CALCE/CALCE_CX2-34_prism_LCO_25C_0-100_0.5-0.5C_e_cycle_data.csv,CALCE_CX2-34_prism_LCO_25C_0-100_0.5-0.5C_e_cycle_data.csv,schema_d2669a99bc63,Charge_Energy (Wh),charge_energy_wh,11,float64,50,0,"[""5.431"", ""5.401"", ""5.389"", ""5.377"", ""5.353""]",Wh,charge_energy,high,explicit charge energy column
CALCE.zip,CALCE/CALCE_CX2-34_prism_LCO_25C_0-100_0.5-0.5C_e_cycle_data.csv,CALCE_CX2-34_prism_LCO_25C_0-100_0.5-0.5C_e_cycle_data.csv,schema_d2669a99bc63,Discharge_Energy (Wh),discharge_energy_wh,12,float64,50,0,"[""4.857"", ""4.868"", ""4.875"", ""4.85"", ""4.809""]",Wh,discharge_energy,high,explicit discharge energy column
CALCE.zip,CALCE/CALCE_CX2-36_prism_LCO_25C_0-100_0.5-0.5C_f_cycle_data.csv,CALCE_CX2-36_prism_LCO_25C_0-100_0.5-0.5C_f_cycle_data.csv,schema_d2669a99bc63,Cycle_Index,cycle_index,1,float64,50,0,"[""1.0"", ""2.0"", ""3.0"", ""4.0"", ""5.0""]",unknown,cycle_index,high,explicit cycle index/name
CALCE.zip,CALCE/CALCE_CX2-36_prism_LCO_25C_0-100_0.5-0.5C_f_cycle_data.csv,CALCE_CX2-36_prism_LCO_25C_0-100_0.5-0.5C_f_cycle_data.csv,schema_d2669a99bc63,Start_Time,start_time,2,float64,0,50,[],unknown,date_or_timestamp,high,explicit date/time column
CALCE.zip,CALCE/CALCE_CX2-36_prism_LCO_25C_0-100_0.5-0.5C_f_cycle_data.csv,CALCE_CX2-36_prism_LCO_25C_0-100_0.5-0.5C_f_cycle_data.csv,schema_d2669a99bc63,End_Time,end_time,3,float64,0,50,[],unknown,date_or_timestamp,high,explicit date/time column
CALCE.zip,CALCE/CALCE_CX2-36_prism_LCO_25C_0-100_0.5-0.5C_f_cycle_data.csv,CALCE_CX2-36_prism_LCO_25C_0-100_0.5-0.5C_f_cycle_data.csv,schema_d2669a99bc63,Test_Time (s),test_time_s,4,float64,50,0,"[""13640.301"", ""27098.127"", ""40431.49"", ""53860.826"", ""67279.171""]",s,elapsed_time,high,explicit elapsed/test time column
CALCE.zip,CALCE/CALCE_CX2-36_prism_LCO_25C_0-100_0.5-0.5C_f_cycle_data.csv,CALCE_CX2-36_prism_LCO_25C_0-100_0.5-0.5C_f_cycle_data.csv,schema_d2669a99bc63,Min_Current (A),min_current_a,5,float64,50,0,"[""-1.35"", ""-1.351"", ""-1.349""]",A,unknown,none,"observed electrical measurement, not a requested mapping target"
CALCE.zip,CALCE/CALCE_CX2-36_prism_LCO_25C_0-100_0.5-0.5C_f_cycle_data.csv,CALCE_CX2-36_prism_LCO_25C_0-100_0.5-0.5C_f_cycle_data.csv,schema_d2669a99bc63,Max_Current (A),max_current_a,6,float64,50,0,"[""1.186"", ""1.181"", ""1.189"", ""1.175"", ""1.166""]",A,unknown,none,"observed electrical measurement, not a requested mapping target"
CALCE.zip,CALCE/CALCE_CX2-36_prism_LCO_25C_0-100_0.5-0.5C_f_cycle_data.csv,CALCE_CX2-36_prism_LCO_25C_0-100_0.5-0.5C_f_cycle_data.csv,schema_d2669a99bc63,Min_Voltage (V),min_voltage_v,7,float64,50,0,"[""2.699""]",V,unknown,none,"observed electrical measurement, not a requested mapping target"
CALCE.zip,CALCE/CALCE_CX2-36_prism_LCO_25C_0-100_0.5-0.5C_f_cycle_data.csv,CALCE_CX2-36_prism_LCO_25C_0-100_0.5-0.5C_f_cycle_data.csv,schema_d2669a99bc63,Max_Voltage (V),max_voltage_v,8,float64,50,0,"[""4.2"", ""4.199"", ""4.198""]",V,unknown,none,"observed electrical measurement, not a requested mapping target"
CALCE.zip,CALCE/CALCE_CX2-36_prism_LCO_25C_0-100_0.5-0.5C_f_cycle_data.csv,CALCE_CX2-36_prism_LCO_25C_0-100_0.5-0.5C_f_cycle_data.csv,schema_d2669a99bc63,Charge_Capacity (Ah),charge_capacity_ah,9,float64,50,0,"[""1.38"", ""1.361"", ""1.368"", ""1.359"", ""1.357""]",Ah,charge_capacity,high,explicit charge capacity column
CALCE.zip,CALCE/CALCE_CX2-36_prism_LCO_25C_0-100_0.5-0.5C_f_cycle_data.csv,CALCE_CX2-36_prism_LCO_25C_0-100_0.5-0.5C_f_cycle_data.csv,schema_d2669a99bc63,Discharge_Capacity (Ah),discharge_capacity_ah,10,float64,50,0,"[""1.355"", ""1.36"", ""1.361"", ""1.353"", ""1.359""]",Ah,discharge_capacity,high,explicit discharge capacity column
CALCE.zip,CALCE/CALCE_CX2-36_prism_LCO_25C_0-100_0.5-0.5C_f_cycle_data.csv,CALCE_CX2-36_prism_LCO_25C_0-100_0.5-0.5C_f_cycle_data.csv,schema_d2669a99bc63,Charge_Energy (Wh),charge_energy_wh,11,float64,50,0,"[""5.54"", ""5.448"", ""5.462"", ""5.432"", ""5.439""]",Wh,charge_energy,high,explicit charge energy column
CALCE.zip,CALCE/CALCE_CX2-36_prism_LCO_25C_0-100_0.5-0.5C_f_cycle_data.csv,CALCE_CX2-36_prism_LCO_25C_0-100_0.5-0.5C_f_cycle_data.csv,schema_d2669a99bc63,Discharge_Energy (Wh),discharge_energy_wh,12,float64,50,0,"[""4.838"", ""4.881"", ""4.898"", ""4.889"", ""4.893""]",Wh,discharge_energy,high,explicit discharge energy column
CALCE.zip,CALCE/CALCE_CX2-37_prism_LCO_25C_0-100_0.5-0.5C_g_cycle_data.csv,CALCE_CX2-37_prism_LCO_25C_0-100_0.5-0.5C_g_cycle_data.csv,schema_d2669a99bc63,Cycle_Index,cycle_index,1,float64,50,0,"[""1.0"", ""2.0"", ""3.0"", ""4.0"", ""5.0""]",unknown,cycle_index,high,explicit cycle index/name
CALCE.zip,CALCE/CALCE_CX2-37_prism_LCO_25C_0-100_0.5-0.5C_g_cycle_data.csv,CALCE_CX2-37_prism_LCO_25C_0-100_0.5-0.5C_g_cycle_data.csv,schema_d2669a99bc63,Start_Time,start_time,2,float64,0,50,[],unknown,date_or_timestamp,high,explicit date/time column
CALCE.zip,CALCE/CALCE_CX2-37_prism_LCO_25C_0-100_0.5-0.5C_g_cycle_data.csv,CALCE_CX2-37_prism_LCO_25C_0-100_0.5-0.5C_g_cycle_data.csv,schema_d2669a99bc63,End_Time,end_time,3,float64,0,50,[],unknown,date_or_timestamp,high,explicit date/time column
CALCE.zip,CALCE/CALCE_CX2-37_prism_LCO_25C_0-100_0.5-0.5C_g_cycle_data.csv,CALCE_CX2-37_prism_LCO_25C_0-100_0.5-0.5C_g_cycle_data.csv,schema_d2669a99bc63,Test_Time (s),test_time_s,4,float64,50,0,"[""13549.071"", ""27035.502"", ""40404.856"", ""53818.131"", ""67278.805""]",s,elapsed_time,high,explicit elapsed/test time column
CALCE.zip,CALCE/CALCE_CX2-37_prism_LCO_25C_0-100_0.5-0.5C_g_cycle_data.csv,CALCE_CX2-37_prism_LCO_25C_0-100_0.5-0.5C_g_cycle_data.csv,schema_d2669a99bc63,Min_Current (A),min_current_a,5,float64,50,0,"[""-1.35"", ""-1.349""]",A,unknown,none,"observed electrical measurement, not a requested mapping target"
CALCE.zip,CALCE/CALCE_CX2-37_prism_LCO_25C_0-100_0.5-0.5C_g_cycle_data.csv,CALCE_CX2-37_prism_LCO_25C_0-100_0.5-0.5C_g_cycle_data.csv,schema_d2669a99bc63,Max_Current (A),max_current_a,6,float64,50,0,"[""1.172"", ""1.17"", ""1.165"", ""1.174"", ""1.162""]",A,unknown,none,"observed electrical measurement, not a requested mapping target"
CALCE.zip,CALCE/CALCE_CX2-37_prism_LCO_25C_0-100_0.5-0.5C_g_cycle_data.csv,CALCE_CX2-37_prism_LCO_25C_0-100_0.5-0.5C_g_cycle_data.csv,schema_d2669a99bc63,Min_Voltage (V),min_voltage_v,7,float64,50,0,"[""2.699"", ""2.698""]",V,unknown,none,"observed electrical measurement, not a requested mapping target"
CALCE.zip,CALCE/CALCE_CX2-37_prism_LCO_25C_0-100_0.5-0.5C_g_cycle_data.csv,CALCE_CX2-37_prism_LCO_25C_0-100_0.5-0.5C_g_cycle_data.csv,schema_d2669a99bc63,Max_Voltage (V),max_voltage_v,8,float64,50,0,"[""4.2"", ""4.197"", ""4.198""]",V,unknown,none,"observed electrical measurement, not a requested mapping target"
CALCE.zip,CALCE/CALCE_CX2-37_prism_LCO_25C_0-100_0.5-0.5C_g_cycle_data.csv,CALCE_CX2-37_prism_LCO_25C_0-100_0.5-0.5C_g_cycle_data.csv,schema_d2669a99bc63,Charge_Capacity (Ah),charge_capacity_ah,9,float64,50,0,"[""1.373"", ""1.368"", ""1.369"", ""1.359"", ""1.364""]",Ah,charge_capacity,high,explicit charge capacity column
CALCE.zip,CALCE/CALCE_CX2-37_prism_LCO_25C_0-100_0.5-0.5C_g_cycle_data.csv,CALCE_CX2-37_prism_LCO_25C_0-100_0.5-0.5C_g_cycle_data.csv,schema_d2669a99bc63,Discharge_Capacity (Ah),discharge_capacity_ah,10,float64,50,0,"[""1.366"", ""1.364"", ""1.365"", ""1.363"", ""1.362""]",Ah,discharge_capacity,high,explicit discharge capacity column
CALCE.zip,CALCE/CALCE_CX2-37_prism_LCO_25C_0-100_0.5-0.5C_g_cycle_data.csv,CALCE_CX2-37_prism_LCO_25C_0-100_0.5-0.5C_g_cycle_data.csv,schema_d2669a99bc63,Charge_Energy (Wh),charge_energy_wh,11,float64,50,0,"[""5.512"", ""5.47"", ""5.464"", ""5.445"", ""5.452""]",Wh,charge_energy,high,explicit charge energy column
CALCE.zip,CALCE/CALCE_CX2-37_prism_LCO_25C_0-100_0.5-0.5C_g_cycle_data.csv,CALCE_CX2-37_prism_LCO_25C_0-100_0.5-0.5C_g_cycle_data.csv,schema_d2669a99bc63,Discharge_Energy (Wh),discharge_energy_wh,12,float64,50,0,"[""4.899"", ""4.915"", ""4.894"", ""4.906"", ""4.911""]",Wh,discharge_energy,high,explicit discharge energy column
CALCE.zip,CALCE/CALCE_CX2-38_prism_LCO_25C_0-100_0.5-0.5C_h_cycle_data.csv,CALCE_CX2-38_prism_LCO_25C_0-100_0.5-0.5C_h_cycle_data.csv,schema_d2669a99bc63,Cycle_Index,cycle_index,1,float64,50,0,"[""1.0"", ""2.0"", ""3.0"", ""4.0"", ""5.0""]",unknown,cycle_index,high,explicit cycle index/name
CALCE.zip,CALCE/CALCE_CX2-38_prism_LCO_25C_0-100_0.5-0.5C_h_cycle_data.csv,CALCE_CX2-38_prism_LCO_25C_0-100_0.5-0.5C_h_cycle_data.csv,schema_d2669a99bc63,Start_Time,start_time,2,float64,0,50,[],unknown,date_or_timestamp,high,explicit date/time column
CALCE.zip,CALCE/CALCE_CX2-38_prism_LCO_25C_0-100_0.5-0.5C_h_cycle_data.csv,CALCE_CX2-38_prism_LCO_25C_0-100_0.5-0.5C_h_cycle_data.csv,schema_d2669a99bc63,End_Time,end_time,3,float64,0,50,[],unknown,date_or_timestamp,high,explicit date/time column
CALCE.zip,CALCE/CALCE_CX2-38_prism_LCO_25C_0-100_0.5-0.5C_h_cycle_data.csv,CALCE_CX2-38_prism_LCO_25C_0-100_0.5-0.5C_h_cycle_data.csv,schema_d2669a99bc63,Test_Time (s),test_time_s,4,float64,50,0,"[""13790.3"", ""27467.914"", ""41002.015"", ""54625.521"", ""68247.113""]",s,elapsed_time,high,explicit elapsed/test time column
CALCE.zip,CALCE/CALCE_CX2-38_prism_LCO_25C_0-100_0.5-0.5C_h_cycle_data.csv,CALCE_CX2-38_prism_LCO_25C_0-100_0.5-0.5C_h_cycle_data.csv,schema_d2669a99bc63,Min_Current (A),min_current_a,5,float64,50,0,"[""-1.349"", ""-1.35""]",A,unknown,none,"observed electrical measurement, not a requested mapping target"
CALCE.zip,CALCE/CALCE_CX2-38_prism_LCO_25C_0-100_0.5-0.5C_h_cycle_data.csv,CALCE_CX2-38_prism_LCO_25C_0-100_0.5-0.5C_h_cycle_data.csv,schema_d2669a99bc63,Max_Current (A),max_current_a,6,float64,50,0,"[""1.189"", ""1.186"", ""1.176"", ""1.19"", ""1.182""]",A,unknown,none,"observed electrical measurement, not a requested mapping target"
CALCE.zip,CALCE/CALCE_CX2-38_prism_LCO_25C_0-100_0.5-0.5C_h_cycle_data.csv,CALCE_CX2-38_prism_LCO_25C_0-100_0.5-0.5C_h_cycle_data.csv,schema_d2669a99bc63,Min_Voltage (V),min_voltage_v,7,float64,50,0,"[""2.699""]",V,unknown,none,"observed electrical measurement, not a requested mapping target"
CALCE.zip,CALCE/CALCE_CX2-38_prism_LCO_25C_0-100_0.5-0.5C_h_cycle_data.csv,CALCE_CX2-38_prism_LCO_25C_0-100_0.5-0.5C_h_cycle_data.csv,schema_d2669a99bc63,Max_Voltage (V),max_voltage_v,8,float64,50,0,"[""4.2"", ""4.198""]",V,unknown,none,"observed electrical measurement, not a requested mapping target"
CALCE.zip,CALCE/CALCE_CX2-38_prism_LCO_25C_0-100_0.5-0.5C_h_cycle_data.csv,CALCE_CX2-38_prism_LCO_25C_0-100_0.5-0.5C_h_cycle_data.csv,schema_d2669a99bc63,Charge_Capacity (Ah),charge_capacity_ah,9,float64,50,0,"[""1.396"", ""1.385"", ""1.386"", ""1.379"", ""1.382""]",Ah,charge_capacity,high,explicit charge capacity column
CALCE.zip,CALCE/CALCE_CX2-38_prism_LCO_25C_0-100_0.5-0.5C_h_cycle_data.csv,CALCE_CX2-38_prism_LCO_25C_0-100_0.5-0.5C_h_cycle_data.csv,schema_d2669a99bc63,Discharge_Capacity (Ah),discharge_capacity_ah,10,float64,50,0,"[""1.362"", ""1.361"", ""1.36"", ""1.353"", ""1.346""]",Ah,discharge_capacity,high,explicit discharge capacity column
CALCE.zip,CALCE/CALCE_CX2-38_prism_LCO_25C_0-100_0.5-0.5C_h_cycle_data.csv,CALCE_CX2-38_prism_LCO_25C_0-100_0.5-0.5C_h_cycle_data.csv,schema_d2669a99bc63,Charge_Energy (Wh),charge_energy_wh,11,float64,50,0,"[""5.604"", ""5.539"", ""5.532"", ""5.525"", ""5.51""]",Wh,charge_energy,high,explicit charge energy column
CALCE.zip,CALCE/CALCE_CX2-38_prism_LCO_25C_0-100_0.5-0.5C_h_cycle_data.csv,CALCE_CX2-38_prism_LCO_25C_0-100_0.5-0.5C_h_cycle_data.csv,schema_d2669a99bc63,Discharge_Energy (Wh),discharge_energy_wh,12,float64,50,0,"[""4.889"", ""4.897"", ""4.914"", ""4.887"", ""4.906""]",Wh,discharge_energy,high,explicit discharge energy column
HNEI.zip,HNEI/HNEI_18650_NMC_LCO_25C_0-100_0.5-1.5C_a_cycle_data.csv,HNEI_18650_NMC_LCO_25C_0-100_0.5-1.5C_a_cycle_data.csv,schema_d2669a99bc63,Cycle_Index,cycle_index,1,float64,50,0,"[""1.0"", ""2.0"", ""3.0"", ""4.0"", ""5.0""]",unknown,cycle_index,high,explicit cycle index/name
HNEI.zip,HNEI/HNEI_18650_NMC_LCO_25C_0-100_0.5-1.5C_a_cycle_data.csv,HNEI_18650_NMC_LCO_25C_0-100_0.5-1.5C_a_cycle_data.csv,schema_d2669a99bc63,Start_Time,start_time,2,float64,0,50,[],unknown,date_or_timestamp,high,explicit date/time column
HNEI.zip,HNEI/HNEI_18650_NMC_LCO_25C_0-100_0.5-1.5C_a_cycle_data.csv,HNEI_18650_NMC_LCO_25C_0-100_0.5-1.5C_a_cycle_data.csv,schema_d2669a99bc63,End_Time,end_time,3,float64,0,50,[],unknown,date_or_timestamp,high,explicit date/time column
HNEI.zip,HNEI/HNEI_18650_NMC_LCO_25C_0-100_0.5-1.5C_a_cycle_data.csv,HNEI_18650_NMC_LCO_25C_0-100_0.5-1.5C_a_cycle_data.csv,schema_d2669a99bc63,Test_Time (s),test_time_s,4,float64,50,0,"[""14648.447"", ""33772.734"", ""52802.238"", ""71725.89"", ""79109.117""]",s,elapsed_time,high,explicit elapsed/test time column
HNEI.zip,HNEI/HNEI_18650_NMC_LCO_25C_0-100_0.5-1.5C_a_cycle_data.csv,HNEI_18650_NMC_LCO_25C_0-100_0.5-1.5C_a_cycle_data.csv,schema_d2669a99bc63,Min_Current (A),min_current_a,5,float64,50,0,"[""-1.399"", ""-1.4"", ""-2.799"", ""-1.405"", ""-1.406""]",A,unknown,none,"observed electrical measurement, not a requested mapping target"
HNEI.zip,HNEI/HNEI_18650_NMC_LCO_25C_0-100_0.5-1.5C_a_cycle_data.csv,HNEI_18650_NMC_LCO_25C_0-100_0.5-1.5C_a_cycle_data.csv,schema_d2669a99bc63,Max_Current (A),max_current_a,6,float64,50,0,"[""1.348"", ""-1.397"", ""1.398"", ""1.399"", ""2.8""]",A,unknown,none,"observed electrical measurement, not a requested mapping target"
HNEI.zip,HNEI/HNEI_18650_NMC_LCO_25C_0-100_0.5-1.5C_a_cycle_data.csv,HNEI_18650_NMC_LCO_25C_0-100_0.5-1.5C_a_cycle_data.csv,schema_d2669a99bc63,Min_Voltage (V),min_voltage_v,7,float64,50,0,"[""2.799"", ""2.999""]",V,unknown,none,"observed electrical measurement, not a requested mapping target"
HNEI.zip,HNEI/HNEI_18650_NMC_LCO_25C_0-100_0.5-1.5C_a_cycle_data.csv,HNEI_18650_NMC_LCO_25C_0-100_0.5-1.5C_a_cycle_data.csv,schema_d2669a99bc63,Max_Voltage (V),max_voltage_v,8,float64,50,0,"[""4.354"", ""4.353"", ""4.25"", ""4.3"", ""4.529""]",V,unknown,none,"observed electrical measurement, not a requested mapping target"
HNEI.zip,HNEI/HNEI_18650_NMC_LCO_25C_0-100_0.5-1.5C_a_cycle_data.csv,HNEI_18650_NMC_LCO_25C_0-100_0.5-1.5C_a_cycle_data.csv,schema_d2669a99bc63,Charge_Capacity (Ah),charge_capacity_ah,9,float64,50,0,"[""2.869"", ""2.854"", ""2.846"", ""2.842"", ""0.0""]",Ah,charge_capacity,high,explicit charge capacity column
HNEI.zip,HNEI/HNEI_18650_NMC_LCO_25C_0-100_0.5-1.5C_a_cycle_data.csv,HNEI_18650_NMC_LCO_25C_0-100_0.5-1.5C_a_cycle_data.csv,schema_d2669a99bc63,Discharge_Capacity (Ah),discharge_capacity_ah,10,float64,50,0,"[""1.009"", ""2.878"", ""2.872"", ""2.869"", ""2.865""]",Ah,discharge_capacity,high,explicit discharge capacity column
HNEI.zip,HNEI/HNEI_18650_NMC_LCO_25C_0-100_0.5-1.5C_a_cycle_data.csv,HNEI_18650_NMC_LCO_25C_0-100_0.5-1.5C_a_cycle_data.csv,schema_d2669a99bc63,Charge_Energy (Wh),charge_energy_wh,11,float64,50,0,"[""11.58"", ""11.485"", ""11.451"", ""11.432"", ""0.0""]",Wh,charge_energy,high,explicit charge energy column
HNEI.zip,HNEI/HNEI_18650_NMC_LCO_25C_0-100_0.5-1.5C_a_cycle_data.csv,HNEI_18650_NMC_LCO_25C_0-100_0.5-1.5C_a_cycle_data.csv,schema_d2669a99bc63,Discharge_Energy (Wh),discharge_energy_wh,12,float64,50,0,"[""3.538"", ""10.766"", ""10.758"", ""10.752"", ""10.743""]",Wh,discharge_energy,high,explicit discharge energy column
HNEI.zip,HNEI/HNEI_18650_NMC_LCO_25C_0-100_0.5-1.5C_b_cycle_data.csv,HNEI_18650_NMC_LCO_25C_0-100_0.5-1.5C_b_cycle_data.csv,schema_d2669a99bc63,Cycle_Index,cycle_index,1,float64,50,0,"[""1.0"", ""2.0"", ""3.0"", ""4.0"", ""5.0""]",unknown,cycle_index,high,explicit cycle index/name
HNEI.zip,HNEI/HNEI_18650_NMC_LCO_25C_0-100_0.5-1.5C_b_cycle_data.csv,HNEI_18650_NMC_LCO_25C_0-100_0.5-1.5C_b_cycle_data.csv,schema_d2669a99bc63,Start_Time,start_time,2,float64,0,50,[],unknown,date_or_timestamp,high,explicit date/time column
HNEI.zip,HNEI/HNEI_18650_NMC_LCO_25C_0-100_0.5-1.5C_b_cycle_data.csv,HNEI_18650_NMC_LCO_25C_0-100_0.5-1.5C_b_cycle_data.csv,schema_d2669a99bc63,End_Time,end_time,3,float64,0,50,[],unknown,date_or_timestamp,high,explicit date/time column
HNEI.zip,HNEI/HNEI_18650_NMC_LCO_25C_0-100_0.5-1.5C_b_cycle_data.csv,HNEI_18650_NMC_LCO_25C_0-100_0.5-1.5C_b_cycle_data.csv,schema_d2669a99bc63,Test_Time (s),test_time_s,4,float64,50,0,"[""14663.71"", ""33763.582"", ""52720.832"", ""71606.109"", ""78968.257""]",s,elapsed_time,high,explicit elapsed/test time column
HNEI.zip,HNEI/HNEI_18650_NMC_LCO_25C_0-100_0.5-1.5C_b_cycle_data.csv,HNEI_18650_NMC_LCO_25C_0-100_0.5-1.5C_b_cycle_data.csv,schema_d2669a99bc63,Min_Current (A),min_current_a,5,float64,50,0,"[""-1.399"", ""-1.398"", ""-2.799"", ""-4.202"", ""-4.201""]",A,unknown,none,"observed electrical measurement, not a requested mapping target"
HNEI.zip,HNEI/HNEI_18650_NMC_LCO_25C_0-100_0.5-1.5C_b_cycle_data.csv,HNEI_18650_NMC_LCO_25C_0-100_0.5-1.5C_b_cycle_data.csv,schema_d2669a99bc63,Max_Current (A),max_current_a,6,float64,50,0,"[""1.351"", ""-1.397"", ""1.4"", ""1.399"", ""2.799""]",A,unknown,none,"observed electrical measurement, not a requested mapping target"
HNEI.zip,HNEI/HNEI_18650_NMC_LCO_25C_0-100_0.5-1.5C_b_cycle_data.csv,HNEI_18650_NMC_LCO_25C_0-100_0.5-1.5C_b_cycle_data.csv,schema_d2669a99bc63,Min_Voltage (V),min_voltage_v,7,float64,50,0,"[""2.836"", ""2.824"", ""2.832"", ""2.828"", ""2.822""]",V,unknown,none,"observed electrical measurement, not a requested mapping target"
HNEI.zip,HNEI/HNEI_18650_NMC_LCO_25C_0-100_0.5-1.5C_b_cycle_data.csv,HNEI_18650_NMC_LCO_25C_0-100_0.5-1.5C_b_cycle_data.csv,schema_d2669a99bc63,Max_Voltage (V),max_voltage_v,8,float64,50,0,"[""4.352"", ""4.351"", ""4.246"", ""4.3"", ""4.302""]",V,unknown,none,"observed electrical measurement, not a requested mapping target"
HNEI.zip,HNEI/HNEI_18650_NMC_LCO_25C_0-100_0.5-1.5C_b_cycle_data.csv,HNEI_18650_NMC_LCO_25C_0-100_0.5-1.5C_b_cycle_data.csv,schema_d2669a99bc63,Charge_Capacity (Ah),charge_capacity_ah,9,float64,50,0,"[""2.868"", ""2.856"", ""2.848"", ""2.845"", ""0.0""]",Ah,charge_capacity,high,explicit charge capacity column
HNEI.zip,HNEI/HNEI_18650_NMC_LCO_25C_0-100_0.5-1.5C_b_cycle_data.csv,HNEI_18650_NMC_LCO_25C_0-100_0.5-1.5C_b_cycle_data.csv,schema_d2669a99bc63,Discharge_Capacity (Ah),discharge_capacity_ah,10,float64,50,0,"[""1.012"", ""2.868"", ""2.86"", ""2.857"", ""2.855""]",Ah,discharge_capacity,high,explicit discharge capacity column
HNEI.zip,HNEI/HNEI_18650_NMC_LCO_25C_0-100_0.5-1.5C_b_cycle_data.csv,HNEI_18650_NMC_LCO_25C_0-100_0.5-1.5C_b_cycle_data.csv,schema_d2669a99bc63,Charge_Energy (Wh),charge_energy_wh,11,float64,50,0,"[""11.578"", ""11.495"", ""11.456"", ""11.443"", ""0.0""]",Wh,charge_energy,high,explicit charge energy column
HNEI.zip,HNEI/HNEI_18650_NMC_LCO_25C_0-100_0.5-1.5C_b_cycle_data.csv,HNEI_18650_NMC_LCO_25C_0-100_0.5-1.5C_b_cycle_data.csv,schema_d2669a99bc63,Discharge_Energy (Wh),discharge_energy_wh,12,float64,50,0,"[""3.547"", ""10.719"", ""10.702"", ""10.699"", ""10.693""]",Wh,discharge_energy,high,explicit discharge energy column
HNEI.zip,HNEI/HNEI_18650_NMC_LCO_25C_0-100_0.5-1.5C_c_cycle_data.csv,HNEI_18650_NMC_LCO_25C_0-100_0.5-1.5C_c_cycle_data.csv,schema_d2669a99bc63,Cycle_Index,cycle_index,1,float64,50,0,"[""1.0"", ""2.0"", ""3.0"", ""4.0"", ""5.0""]",unknown,cycle_index,high,explicit cycle index/name
HNEI.zip,HNEI/HNEI_18650_NMC_LCO_25C_0-100_0.5-1.5C_c_cycle_data.csv,HNEI_18650_NMC_LCO_25C_0-100_0.5-1.5C_c_cycle_data.csv,schema_d2669a99bc63,Start_Time,start_time,2,float64,0,50,[],unknown,date_or_timestamp,high,explicit date/time column
HNEI.zip,HNEI/HNEI_18650_NMC_LCO_25C_0-100_0.5-1.5C_c_cycle_data.csv,HNEI_18650_NMC_LCO_25C_0-100_0.5-1.5C_c_cycle_data.csv,schema_d2669a99bc63,End_Time,end_time,3,float64,0,50,[],unknown,date_or_timestamp,high,explicit date/time column
HNEI.zip,HNEI/HNEI_18650_NMC_LCO_25C_0-100_0.5-1.5C_c_cycle_data.csv,HNEI_18650_NMC_LCO_25C_0-100_0.5-1.5C_c_cycle_data.csv,schema_d2669a99bc63,Test_Time (s),test_time_s,4,float64,50,0,"[""14684.703"", ""33761.375"", ""52704.894"", ""71548.093"", ""78856.414""]",s,elapsed_time,high,explicit elapsed/test time column
HNEI.zip,HNEI/HNEI_18650_NMC_LCO_25C_0-100_0.5-1.5C_c_cycle_data.csv,HNEI_18650_NMC_LCO_25C_0-100_0.5-1.5C_c_cycle_data.csv,schema_d2669a99bc63,Min_Current (A),min_current_a,5,float64,50,0,"[""-1.399"", ""-1.401"", ""-1.402"", ""-2.799"", ""-4.196""]",A,unknown,none,"observed electrical measurement, not a requested mapping target"
HNEI.zip,HNEI/HNEI_18650_NMC_LCO_25C_0-100_0.5-1.5C_c_cycle_data.csv,HNEI_18650_NMC_LCO_25C_0-100_0.5-1.5C_c_cycle_data.csv,schema_d2669a99bc63,Max_Current (A),max_current_a,6,float64,50,0,"[""1.35"", ""-1.398"", ""1.401"", ""1.4"", ""2.802""]",A,unknown,none,"observed electrical measurement, not a requested mapping target"
HNEI.zip,HNEI/HNEI_18650_NMC_LCO_25C_0-100_0.5-1.5C_c_cycle_data.csv,HNEI_18650_NMC_LCO_25C_0-100_0.5-1.5C_c_cycle_data.csv,schema_d2669a99bc63,Min_Voltage (V),min_voltage_v,7,float64,50,0,"[""2.832"", ""2.799"", ""2.821"", ""2.805"", ""2.819""]",V,unknown,none,"observed electrical measurement, not a requested mapping target"
HNEI.zip,HNEI/HNEI_18650_NMC_LCO_25C_0-100_0.5-1.5C_c_cycle_data.csv,HNEI_18650_NMC_LCO_25C_0-100_0.5-1.5C_c_cycle_data.csv,schema_d2669a99bc63,Max_Voltage (V),max_voltage_v,8,float64,50,0,"[""4.353"", ""4.352"", ""4.25"", ""4.3"", ""4.459""]",V,unknown,none,"observed electrical measurement, not a requested mapping target"
HNEI.zip,HNEI/HNEI_18650_NMC_LCO_25C_0-100_0.5-1.5C_c_cycle_data.csv,HNEI_18650_NMC_LCO_25C_0-100_0.5-1.5C_c_cycle_data.csv,schema_d2669a99bc63,Charge_Capacity (Ah),charge_capacity_ah,9,float64,50,0,"[""2.874"", ""2.848"", ""2.837"", ""2.833"", ""0.0""]",Ah,charge_capacity,high,explicit charge capacity column
HNEI.zip,HNEI/HNEI_18650_NMC_LCO_25C_0-100_0.5-1.5C_c_cycle_data.csv,HNEI_18650_NMC_LCO_25C_0-100_0.5-1.5C_c_cycle_data.csv,schema_d2669a99bc63,Discharge_Capacity (Ah),discharge_capacity_ah,10,float64,50,0,"[""0.996"", ""2.852"", ""2.842"", ""2.839"", ""2.836""]",Ah,discharge_capacity,high,explicit discharge capacity column
HNEI.zip,HNEI/HNEI_18650_NMC_LCO_25C_0-100_0.5-1.5C_c_cycle_data.csv,HNEI_18650_NMC_LCO_25C_0-100_0.5-1.5C_c_cycle_data.csv,schema_d2669a99bc63,Charge_Energy (Wh),charge_energy_wh,11,float64,50,0,"[""11.598"", ""11.463"", ""11.414"", ""11.395"", ""0.0""]",Wh,charge_energy,high,explicit charge energy column
HNEI.zip,HNEI/HNEI_18650_NMC_LCO_25C_0-100_0.5-1.5C_c_cycle_data.csv,HNEI_18650_NMC_LCO_25C_0-100_0.5-1.5C_c_cycle_data.csv,schema_d2669a99bc63,Discharge_Energy (Wh),discharge_energy_wh,12,float64,50,0,"[""3.494"", ""10.668"", ""10.646"", ""10.642"", ""10.637""]",Wh,discharge_energy,high,explicit discharge energy column
HNEI.zip,HNEI/HNEI_18650_NMC_LCO_25C_0-100_0.5-1.5C_d_cycle_data.csv,HNEI_18650_NMC_LCO_25C_0-100_0.5-1.5C_d_cycle_data.csv,schema_d2669a99bc63,Cycle_Index,cycle_index,1,float64,50,0,"[""1.0"", ""2.0"", ""3.0"", ""4.0"", ""5.0""]",unknown,cycle_index,high,explicit cycle index/name
HNEI.zip,HNEI/HNEI_18650_NMC_LCO_25C_0-100_0.5-1.5C_d_cycle_data.csv,HNEI_18650_NMC_LCO_25C_0-100_0.5-1.5C_d_cycle_data.csv,schema_d2669a99bc63,Start_Time,start_time,2,float64,0,50,[],unknown,date_or_timestamp,high,explicit date/time column
HNEI.zip,HNEI/HNEI_18650_NMC_LCO_25C_0-100_0.5-1.5C_d_cycle_data.csv,HNEI_18650_NMC_LCO_25C_0-100_0.5-1.5C_d_cycle_data.csv,schema_d2669a99bc63,End_Time,end_time,3,float64,0,50,[],unknown,date_or_timestamp,high,explicit date/time column
HNEI.zip,HNEI/HNEI_18650_NMC_LCO_25C_0-100_0.5-1.5C_d_cycle_data.csv,HNEI_18650_NMC_LCO_25C_0-100_0.5-1.5C_d_cycle_data.csv,schema_d2669a99bc63,Test_Time (s),test_time_s,4,float64,50,0,"[""14782.111"", ""33944.671"", ""52935.421"", ""71844.929"", ""79735.296""]",s,elapsed_time,high,explicit elapsed/test time column
HNEI.zip,HNEI/HNEI_18650_NMC_LCO_25C_0-100_0.5-1.5C_d_cycle_data.csv,HNEI_18650_NMC_LCO_25C_0-100_0.5-1.5C_d_cycle_data.csv,schema_d2669a99bc63,Min_Current (A),min_current_a,5,float64,50,0,"[""-1.4"", ""-1.397"", ""-1.398"", ""-2.797"", ""-4.199""]",A,unknown,none,"observed electrical measurement, not a requested mapping target"
HNEI.zip,HNEI/HNEI_18650_NMC_LCO_25C_0-100_0.5-1.5C_d_cycle_data.csv,HNEI_18650_NMC_LCO_25C_0-100_0.5-1.5C_d_cycle_data.csv,schema_d2669a99bc63,Max_Current (A),max_current_a,6,float64,50,0,"[""1.35"", ""0.0"", ""1.403"", ""1.402"", ""2.802""]",A,unknown,none,"observed electrical measurement, not a requested mapping target"
HNEI.zip,HNEI/HNEI_18650_NMC_LCO_25C_0-100_0.5-1.5C_d_cycle_data.csv,HNEI_18650_NMC_LCO_25C_0-100_0.5-1.5C_d_cycle_data.csv,schema_d2669a99bc63,Min_Voltage (V),min_voltage_v,7,float64,50,0,"[""2.799"", ""2.999""]",V,unknown,none,"observed electrical measurement, not a requested mapping target"
HNEI.zip,HNEI/HNEI_18650_NMC_LCO_25C_0-100_0.5-1.5C_d_cycle_data.csv,HNEI_18650_NMC_LCO_25C_0-100_0.5-1.5C_d_cycle_data.csv,schema_d2669a99bc63,Max_Voltage (V),max_voltage_v,8,float64,50,0,"[""4.353"", ""4.352"", ""4.247"", ""4.3"", ""4.303""]",V,unknown,none,"observed electrical measurement, not a requested mapping target"
HNEI.zip,HNEI/HNEI_18650_NMC_LCO_25C_0-100_0.5-1.5C_d_cycle_data.csv,HNEI_18650_NMC_LCO_25C_0-100_0.5-1.5C_d_cycle_data.csv,schema_d2669a99bc63,Charge_Capacity (Ah),charge_capacity_ah,9,float64,50,0,"[""2.879"", ""2.852"", ""2.836"", ""2.834"", ""0.0""]",Ah,charge_capacity,high,explicit charge capacity column
HNEI.zip,HNEI/HNEI_18650_NMC_LCO_25C_0-100_0.5-1.5C_d_cycle_data.csv,HNEI_18650_NMC_LCO_25C_0-100_0.5-1.5C_d_cycle_data.csv,schema_d2669a99bc63,Discharge_Capacity (Ah),discharge_capacity_ah,10,float64,50,0,"[""0.999"", ""2.849"", ""2.835"", ""2.834"", ""2.831""]",Ah,discharge_capacity,high,explicit discharge capacity column
HNEI.zip,HNEI/HNEI_18650_NMC_LCO_25C_0-100_0.5-1.5C_d_cycle_data.csv,HNEI_18650_NMC_LCO_25C_0-100_0.5-1.5C_d_cycle_data.csv,schema_d2669a99bc63,Charge_Energy (Wh),charge_energy_wh,11,float64,50,0,"[""11.62"", ""11.482"", ""11.417"", ""11.404"", ""0.0""]",Wh,charge_energy,high,explicit charge energy column
HNEI.zip,HNEI/HNEI_18650_NMC_LCO_25C_0-100_0.5-1.5C_d_cycle_data.csv,HNEI_18650_NMC_LCO_25C_0-100_0.5-1.5C_d_cycle_data.csv,schema_d2669a99bc63,Discharge_Energy (Wh),discharge_energy_wh,12,float64,50,0,"[""3.501"", ""10.653"", ""10.619"", ""10.618"", ""10.612""]",Wh,discharge_energy,high,explicit discharge energy column
HNEI.zip,HNEI/HNEI_18650_NMC_LCO_25C_0-100_0.5-1.5C_e_cycle_data.csv,HNEI_18650_NMC_LCO_25C_0-100_0.5-1.5C_e_cycle_data.csv,schema_d2669a99bc63,Cycle_Index,cycle_index,1,float64,50,0,"[""1.0"", ""2.0"", ""3.0"", ""4.0"", ""5.0""]",unknown,cycle_index,high,explicit cycle index/name
HNEI.zip,HNEI/HNEI_18650_NMC_LCO_25C_0-100_0.5-1.5C_e_cycle_data.csv,HNEI_18650_NMC_LCO_25C_0-100_0.5-1.5C_e_cycle_data.csv,schema_d2669a99bc63,Start_Time,start_time,2,float64,0,50,[],unknown,date_or_timestamp,high,explicit date/time column
HNEI.zip,HNEI/HNEI_18650_NMC_LCO_25C_0-100_0.5-1.5C_e_cycle_data.csv,HNEI_18650_NMC_LCO_25C_0-100_0.5-1.5C_e_cycle_data.csv,schema_d2669a99bc63,End_Time,end_time,3,float64,0,50,[],unknown,date_or_timestamp,high,explicit date/time column
HNEI.zip,HNEI/HNEI_18650_NMC_LCO_25C_0-100_0.5-1.5C_e_cycle_data.csv,HNEI_18650_NMC_LCO_25C_0-100_0.5-1.5C_e_cycle_data.csv,schema_d2669a99bc63,Test_Time (s),test_time_s,4,float64,50,0,"[""14689.918"", ""33791.519"", ""52787.773"", ""71622.109"", ""79514.593""]",s,elapsed_time,high,explicit elapsed/test time column
HNEI.zip,HNEI/HNEI_18650_NMC_LCO_25C_0-100_0.5-1.5C_e_cycle_data.csv,HNEI_18650_NMC_LCO_25C_0-100_0.5-1.5C_e_cycle_data.csv,schema_d2669a99bc63,Min_Current (A),min_current_a,5,float64,50,0,"[""-1.402"", ""-1.398"", ""-2.798"", ""-4.197"", ""-4.198""]",A,unknown,none,"observed electrical measurement, not a requested mapping target"
HNEI.zip,HNEI/HNEI_18650_NMC_LCO_25C_0-100_0.5-1.5C_e_cycle_data.csv,HNEI_18650_NMC_LCO_25C_0-100_0.5-1.5C_e_cycle_data.csv,schema_d2669a99bc63,Max_Current (A),max_current_a,6,float64,50,0,"[""1.351"", ""0.0"", ""1.404"", ""1.403"", ""2.801""]",A,unknown,none,"observed electrical measurement, not a requested mapping target"
HNEI.zip,HNEI/HNEI_18650_NMC_LCO_25C_0-100_0.5-1.5C_e_cycle_data.csv,HNEI_18650_NMC_LCO_25C_0-100_0.5-1.5C_e_cycle_data.csv,schema_d2669a99bc63,Min_Voltage (V),min_voltage_v,7,float64,50,0,"[""2.817"", ""2.799"", ""3.03"", ""3.073"", ""3.08""]",V,unknown,none,"observed electrical measurement, not a requested mapping target"
HNEI.zip,HNEI/HNEI_18650_NMC_LCO_25C_0-100_0.5-1.5C_e_cycle_data.csv,HNEI_18650_NMC_LCO_25C_0-100_0.5-1.5C_e_cycle_data.csv,schema_d2669a99bc63,Max_Voltage (V),max_voltage_v,8,float64,50,0,"[""4.352"", ""4.351"", ""4.241"", ""4.3"", ""4.299""]",V,unknown,none,"observed electrical measurement, not a requested mapping target"
HNEI.zip,HNEI/HNEI_18650_NMC_LCO_25C_0-100_0.5-1.5C_e_cycle_data.csv,HNEI_18650_NMC_LCO_25C_0-100_0.5-1.5C_e_cycle_data.csv,schema_d2669a99bc63,Charge_Capacity (Ah),charge_capacity_ah,9,float64,50,0,"[""2.867"", ""2.847"", ""2.833"", ""2.826"", ""0.0""]",Ah,charge_capacity,high,explicit charge capacity column
HNEI.zip,HNEI/HNEI_18650_NMC_LCO_25C_0-100_0.5-1.5C_e_cycle_data.csv,HNEI_18650_NMC_LCO_25C_0-100_0.5-1.5C_e_cycle_data.csv,schema_d2669a99bc63,Discharge_Capacity (Ah),discharge_capacity_ah,10,float64,50,0,"[""1.01"", ""2.859"", ""2.846"", ""2.842"", ""2.837""]",Ah,discharge_capacity,high,explicit discharge capacity column
HNEI.zip,HNEI/HNEI_18650_NMC_LCO_25C_0-100_0.5-1.5C_e_cycle_data.csv,HNEI_18650_NMC_LCO_25C_0-100_0.5-1.5C_e_cycle_data.csv,schema_d2669a99bc63,Charge_Energy (Wh),charge_energy_wh,11,float64,50,0,"[""11.586"", ""11.474"", ""11.414"", ""11.386"", ""0.0""]",Wh,charge_energy,high,explicit charge energy column
HNEI.zip,HNEI/HNEI_18650_NMC_LCO_25C_0-100_0.5-1.5C_e_cycle_data.csv,HNEI_18650_NMC_LCO_25C_0-100_0.5-1.5C_e_cycle_data.csv,schema_d2669a99bc63,Discharge_Energy (Wh),discharge_energy_wh,12,float64,50,0,"[""3.53"", ""10.669"", ""10.635"", ""10.628"", ""10.612""]",Wh,discharge_energy,high,explicit discharge energy column
HNEI.zip,HNEI/HNEI_18650_NMC_LCO_25C_0-100_0.5-1.5C_f_cycle_data.csv,HNEI_18650_NMC_LCO_25C_0-100_0.5-1.5C_f_cycle_data.csv,schema_d2669a99bc63,Cycle_Index,cycle_index,1,float64,50,0,"[""1.0"", ""2.0"", ""3.0"", ""4.0"", ""5.0""]",unknown,cycle_index,high,explicit cycle index/name
HNEI.zip,HNEI/HNEI_18650_NMC_LCO_25C_0-100_0.5-1.5C_f_cycle_data.csv,HNEI_18650_NMC_LCO_25C_0-100_0.5-1.5C_f_cycle_data.csv,schema_d2669a99bc63,Start_Time,start_time,2,float64,0,50,[],unknown,date_or_timestamp,high,explicit date/time column
HNEI.zip,HNEI/HNEI_18650_NMC_LCO_25C_0-100_0.5-1.5C_f_cycle_data.csv,HNEI_18650_NMC_LCO_25C_0-100_0.5-1.5C_f_cycle_data.csv,schema_d2669a99bc63,End_Time,end_time,3,float64,0,50,[],unknown,date_or_timestamp,high,explicit date/time column
HNEI.zip,HNEI/HNEI_18650_NMC_LCO_25C_0-100_0.5-1.5C_f_cycle_data.csv,HNEI_18650_NMC_LCO_25C_0-100_0.5-1.5C_f_cycle_data.csv,schema_d2669a99bc63,Test_Time (s),test_time_s,4,float64,50,0,"[""14963.455"", ""34351.742"", ""53575.839"", ""72703.71"", ""80629.664""]",s,elapsed_time,high,explicit elapsed/test time column
HNEI.zip,HNEI/HNEI_18650_NMC_LCO_25C_0-100_0.5-1.5C_f_cycle_data.csv,HNEI_18650_NMC_LCO_25C_0-100_0.5-1.5C_f_cycle_data.csv,schema_d2669a99bc63,Min_Current (A),min_current_a,5,float64,50,0,"[""-1.399"", ""-2.799"", ""-4.202"", ""-4.201""]",A,unknown,none,"observed electrical measurement, not a requested mapping target"
HNEI.zip,HNEI/HNEI_18650_NMC_LCO_25C_0-100_0.5-1.5C_f_cycle_data.csv,HNEI_18650_NMC_LCO_25C_0-100_0.5-1.5C_f_cycle_data.csv,schema_d2669a99bc63,Max_Current (A),max_current_a,6,float64,50,0,"[""1.347"", ""1.348"", ""0.0"", ""1.4"", ""1.399""]",A,unknown,none,"observed electrical measurement, not a requested mapping target"
HNEI.zip,HNEI/HNEI_18650_NMC_LCO_25C_0-100_0.5-1.5C_f_cycle_data.csv,HNEI_18650_NMC_LCO_25C_0-100_0.5-1.5C_f_cycle_data.csv,schema_d2669a99bc63,Min_Voltage (V),min_voltage_v,7,float64,50,0,"[""2.799"", ""3.153"", ""2.999"", ""3.006""]",V,unknown,none,"observed electrical measurement, not a requested mapping target"
HNEI.zip,HNEI/HNEI_18650_NMC_LCO_25C_0-100_0.5-1.5C_f_cycle_data.csv,HNEI_18650_NMC_LCO_25C_0-100_0.5-1.5C_f_cycle_data.csv,schema_d2669a99bc63,Max_Voltage (V),max_voltage_v,8,float64,50,0,"[""4.352"", ""4.233"", ""4.3"", ""4.303"", ""4.304""]",V,unknown,none,"observed electrical measurement, not a requested mapping target"
HNEI.zip,HNEI/HNEI_18650_NMC_LCO_25C_0-100_0.5-1.5C_f_cycle_data.csv,HNEI_18650_NMC_LCO_25C_0-100_0.5-1.5C_f_cycle_data.csv,schema_d2669a99bc63,Charge_Capacity (Ah),charge_capacity_ah,9,float64,50,0,"[""2.879"", ""2.863"", ""2.847"", ""2.839"", ""0.0""]",Ah,charge_capacity,high,explicit charge capacity column
HNEI.zip,HNEI/HNEI_18650_NMC_LCO_25C_0-100_0.5-1.5C_f_cycle_data.csv,HNEI_18650_NMC_LCO_25C_0-100_0.5-1.5C_f_cycle_data.csv,schema_d2669a99bc63,Discharge_Capacity (Ah),discharge_capacity_ah,10,float64,50,0,"[""1.015"", ""2.866"", ""2.852"", ""2.845"", ""2.842""]",Ah,discharge_capacity,high,explicit discharge capacity column
HNEI.zip,HNEI/HNEI_18650_NMC_LCO_25C_0-100_0.5-1.5C_f_cycle_data.csv,HNEI_18650_NMC_LCO_25C_0-100_0.5-1.5C_f_cycle_data.csv,schema_d2669a99bc63,Charge_Energy (Wh),charge_energy_wh,11,float64,50,0,"[""11.654"", ""11.556"", ""11.49"", ""11.458"", ""0.0""]",Wh,charge_energy,high,explicit charge energy column
HNEI.zip,HNEI/HNEI_18650_NMC_LCO_25C_0-100_0.5-1.5C_f_cycle_data.csv,HNEI_18650_NMC_LCO_25C_0-100_0.5-1.5C_f_cycle_data.csv,schema_d2669a99bc63,Discharge_Energy (Wh),discharge_energy_wh,12,float64,50,0,"[""3.538"", ""10.671"", ""10.635"", ""10.616"", ""10.609""]",Wh,discharge_energy,high,explicit discharge energy column
HNEI.zip,HNEI/HNEI_18650_NMC_LCO_25C_0-100_0.5-1.5C_g_cycle_data.csv,HNEI_18650_NMC_LCO_25C_0-100_0.5-1.5C_g_cycle_data.csv,schema_d2669a99bc63,Cycle_Index,cycle_index,1,float64,50,0,"[""1.0"", ""2.0"", ""3.0"", ""4.0"", ""5.0""]",unknown,cycle_index,high,explicit cycle index/name
HNEI.zip,HNEI/HNEI_18650_NMC_LCO_25C_0-100_0.5-1.5C_g_cycle_data.csv,HNEI_18650_NMC_LCO_25C_0-100_0.5-1.5C_g_cycle_data.csv,schema_d2669a99bc63,Start_Time,start_time,2,float64,0,50,[],unknown,date_or_timestamp,high,explicit date/time column
HNEI.zip,HNEI/HNEI_18650_NMC_LCO_25C_0-100_0.5-1.5C_g_cycle_data.csv,HNEI_18650_NMC_LCO_25C_0-100_0.5-1.5C_g_cycle_data.csv,schema_d2669a99bc63,End_Time,end_time,3,float64,0,50,[],unknown,date_or_timestamp,high,explicit date/time column
HNEI.zip,HNEI/HNEI_18650_NMC_LCO_25C_0-100_0.5-1.5C_g_cycle_data.csv,HNEI_18650_NMC_LCO_25C_0-100_0.5-1.5C_g_cycle_data.csv,schema_d2669a99bc63,Test_Time (s),test_time_s,4,float64,50,0,"[""14685.663"", ""33743.007"", ""52716.0"", ""71623.937"", ""79539.265""]",s,elapsed_time,high,explicit elapsed/test time column
HNEI.zip,HNEI/HNEI_18650_NMC_LCO_25C_0-100_0.5-1.5C_g_cycle_data.csv,HNEI_18650_NMC_LCO_25C_0-100_0.5-1.5C_g_cycle_data.csv,schema_d2669a99bc63,Min_Current (A),min_current_a,5,float64,50,0,"[""-1.401"", ""-1.4"", ""-2.8"", ""-4.199"", ""-4.2""]",A,unknown,none,"observed electrical measurement, not a requested mapping target"
HNEI.zip,HNEI/HNEI_18650_NMC_LCO_25C_0-100_0.5-1.5C_g_cycle_data.csv,HNEI_18650_NMC_LCO_25C_0-100_0.5-1.5C_g_cycle_data.csv,schema_d2669a99bc63,Max_Current (A),max_current_a,6,float64,50,0,"[""1.351"", ""0.0"", ""1.352"", ""1.399"", ""1.398""]",A,unknown,none,"observed electrical measurement, not a requested mapping target"
HNEI.zip,HNEI/HNEI_18650_NMC_LCO_25C_0-100_0.5-1.5C_g_cycle_data.csv,HNEI_18650_NMC_LCO_25C_0-100_0.5-1.5C_g_cycle_data.csv,schema_d2669a99bc63,Min_Voltage (V),min_voltage_v,7,float64,50,0,"[""2.799"", ""2.999""]",V,unknown,none,"observed electrical measurement, not a requested mapping target"
HNEI.zip,HNEI/HNEI_18650_NMC_LCO_25C_0-100_0.5-1.5C_g_cycle_data.csv,HNEI_18650_NMC_LCO_25C_0-100_0.5-1.5C_g_cycle_data.csv,schema_d2669a99bc63,Max_Voltage (V),max_voltage_v,8,float64,50,0,"[""4.351"", ""4.352"", ""4.247"", ""4.299"", ""4.3""]",V,unknown,none,"observed electrical measurement, not a requested mapping target"
HNEI.zip,HNEI/HNEI_18650_NMC_LCO_25C_0-100_0.5-1.5C_g_cycle_data.csv,HNEI_18650_NMC_LCO_25C_0-100_0.5-1.5C_g_cycle_data.csv,schema_d2669a99bc63,Charge_Capacity (Ah),charge_capacity_ah,9,float64,50,0,"[""2.873"", ""2.849"", ""2.841"", ""2.839"", ""0.0""]",Ah,charge_capacity,high,explicit charge capacity column
HNEI.zip,HNEI/HNEI_18650_NMC_LCO_25C_0-100_0.5-1.5C_g_cycle_data.csv,HNEI_18650_NMC_LCO_25C_0-100_0.5-1.5C_g_cycle_data.csv,schema_d2669a99bc63,Discharge_Capacity (Ah),discharge_capacity_ah,10,float64,50,0,"[""1.009"", ""2.851"", ""2.844"", ""2.843"", ""2.841""]",Ah,discharge_capacity,high,explicit discharge capacity column
HNEI.zip,HNEI/HNEI_18650_NMC_LCO_25C_0-100_0.5-1.5C_g_cycle_data.csv,HNEI_18650_NMC_LCO_25C_0-100_0.5-1.5C_g_cycle_data.csv,schema_d2669a99bc63,Charge_Energy (Wh),charge_energy_wh,11,float64,50,0,"[""11.597"", ""11.47"", ""11.435"", ""11.422"", ""0.0""]",Wh,charge_energy,high,explicit charge energy column
HNEI.zip,HNEI/HNEI_18650_NMC_LCO_25C_0-100_0.5-1.5C_g_cycle_data.csv,HNEI_18650_NMC_LCO_25C_0-100_0.5-1.5C_g_cycle_data.csv,schema_d2669a99bc63,Discharge_Energy (Wh),discharge_energy_wh,12,float64,50,0,"[""3.536"", ""10.659"", ""10.648"", ""10.65"", ""10.645""]",Wh,discharge_energy,high,explicit discharge energy column
HNEI.zip,HNEI/HNEI_18650_NMC_LCO_25C_0-100_0.5-1.5C_j_cycle_data.csv,HNEI_18650_NMC_LCO_25C_0-100_0.5-1.5C_j_cycle_data.csv,schema_d2669a99bc63,Cycle_Index,cycle_index,1,float64,50,0,"[""1.0"", ""2.0"", ""3.0"", ""4.0"", ""5.0""]",unknown,cycle_index,high,explicit cycle index/name
HNEI.zip,HNEI/HNEI_18650_NMC_LCO_25C_0-100_0.5-1.5C_j_cycle_data.csv,HNEI_18650_NMC_LCO_25C_0-100_0.5-1.5C_j_cycle_data.csv,schema_d2669a99bc63,Start_Time,start_time,2,float64,0,50,[],unknown,date_or_timestamp,high,explicit date/time column
HNEI.zip,HNEI/HNEI_18650_NMC_LCO_25C_0-100_0.5-1.5C_j_cycle_data.csv,HNEI_18650_NMC_LCO_25C_0-100_0.5-1.5C_j_cycle_data.csv,schema_d2669a99bc63,End_Time,end_time,3,float64,0,50,[],unknown,date_or_timestamp,high,explicit date/time column
HNEI.zip,HNEI/HNEI_18650_NMC_LCO_25C_0-100_0.5-1.5C_j_cycle_data.csv,HNEI_18650_NMC_LCO_25C_0-100_0.5-1.5C_j_cycle_data.csv,schema_d2669a99bc63,Test_Time (s),test_time_s,4,float64,50,0,"[""14627.487"", ""33679.742"", ""52658.046"", ""71565.406"", ""79519.773""]",s,elapsed_time,high,explicit elapsed/test time column
HNEI.zip,HNEI/HNEI_18650_NMC_LCO_25C_0-100_0.5-1.5C_j_cycle_data.csv,HNEI_18650_NMC_LCO_25C_0-100_0.5-1.5C_j_cycle_data.csv,schema_d2669a99bc63,Min_Current (A),min_current_a,5,float64,50,0,"[""-1.404"", ""-1.397"", ""-1.398"", ""-2.801"", ""-4.2""]",A,unknown,none,"observed electrical measurement, not a requested mapping target"
HNEI.zip,HNEI/HNEI_18650_NMC_LCO_25C_0-100_0.5-1.5C_j_cycle_data.csv,HNEI_18650_NMC_LCO_25C_0-100_0.5-1.5C_j_cycle_data.csv,schema_d2669a99bc63,Max_Current (A),max_current_a,6,float64,50,0,"[""1.351"", ""0.0"", ""1.401"", ""1.4"", ""2.801""]",A,unknown,none,"observed electrical measurement, not a requested mapping target"
HNEI.zip,HNEI/HNEI_18650_NMC_LCO_25C_0-100_0.5-1.5C_j_cycle_data.csv,HNEI_18650_NMC_LCO_25C_0-100_0.5-1.5C_j_cycle_data.csv,schema_d2669a99bc63,Min_Voltage (V),min_voltage_v,7,float64,50,0,"[""2.799"", ""3.018"", ""3.172"", ""3.174"", ""3.136""]",V,unknown,none,"observed electrical measurement, not a requested mapping target"
HNEI.zip,HNEI/HNEI_18650_NMC_LCO_25C_0-100_0.5-1.5C_j_cycle_data.csv,HNEI_18650_NMC_LCO_25C_0-100_0.5-1.5C_j_cycle_data.csv,schema_d2669a99bc63,Max_Voltage (V),max_voltage_v,8,float64,50,0,"[""4.352"", ""4.353"", ""4.247"", ""4.3"", ""4.299""]",V,unknown,none,"observed electrical measurement, not a requested mapping target"
HNEI.zip,HNEI/HNEI_18650_NMC_LCO_25C_0-100_0.5-1.5C_j_cycle_data.csv,HNEI_18650_NMC_LCO_25C_0-100_0.5-1.5C_j_cycle_data.csv,schema_d2669a99bc63,Charge_Capacity (Ah),charge_capacity_ah,9,float64,50,0,"[""2.877"", ""2.864"", ""2.854"", ""2.851"", ""0.0""]",Ah,charge_capacity,high,explicit charge capacity column
HNEI.zip,HNEI/HNEI_18650_NMC_LCO_25C_0-100_0.5-1.5C_j_cycle_data.csv,HNEI_18650_NMC_LCO_25C_0-100_0.5-1.5C_j_cycle_data.csv,schema_d2669a99bc63,Discharge_Capacity (Ah),discharge_capacity_ah,10,float64,50,0,"[""1.012"", ""2.88"", ""2.871"", ""2.868"", ""2.864""]",Ah,discharge_capacity,high,explicit discharge capacity column
HNEI.zip,HNEI/HNEI_18650_NMC_LCO_25C_0-100_0.5-1.5C_j_cycle_data.csv,HNEI_18650_NMC_LCO_25C_0-100_0.5-1.5C_j_cycle_data.csv,schema_d2669a99bc63,Charge_Energy (Wh),charge_energy_wh,11,float64,50,0,"[""11.608"", ""11.526"", ""11.483"", ""11.468"", ""0.0""]",Wh,charge_energy,high,explicit charge energy column
HNEI.zip,HNEI/HNEI_18650_NMC_LCO_25C_0-100_0.5-1.5C_j_cycle_data.csv,HNEI_18650_NMC_LCO_25C_0-100_0.5-1.5C_j_cycle_data.csv,schema_d2669a99bc63,Discharge_Energy (Wh),discharge_energy_wh,12,float64,50,0,"[""3.545"", ""10.766"", ""10.744"", ""10.733"", ""11.006""]",Wh,discharge_energy,high,explicit discharge energy column
HNEI.zip,HNEI/HNEI_18650_NMC_LCO_25C_0-100_0.5-1.5C_l_cycle_data.csv,HNEI_18650_NMC_LCO_25C_0-100_0.5-1.5C_l_cycle_data.csv,schema_d2669a99bc63,Cycle_Index,cycle_index,1,float64,50,0,"[""1.0"", ""2.0"", ""3.0"", ""4.0"", ""5.0""]",unknown,cycle_index,high,explicit cycle index/name
HNEI.zip,HNEI/HNEI_18650_NMC_LCO_25C_0-100_0.5-1.5C_l_cycle_data.csv,HNEI_18650_NMC_LCO_25C_0-100_0.5-1.5C_l_cycle_data.csv,schema_d2669a99bc63,Start_Time,start_time,2,float64,0,50,[],unknown,date_or_timestamp,high,explicit date/time column
HNEI.zip,HNEI/HNEI_18650_NMC_LCO_25C_0-100_0.5-1.5C_l_cycle_data.csv,HNEI_18650_NMC_LCO_25C_0-100_0.5-1.5C_l_cycle_data.csv,schema_d2669a99bc63,End_Time,end_time,3,float64,0,50,[],unknown,date_or_timestamp,high,explicit date/time column
HNEI.zip,HNEI/HNEI_18650_NMC_LCO_25C_0-100_0.5-1.5C_l_cycle_data.csv,HNEI_18650_NMC_LCO_25C_0-100_0.5-1.5C_l_cycle_data.csv,schema_d2669a99bc63,Test_Time (s),test_time_s,4,float64,50,0,"[""14839.806"", ""34072.64"", ""53169.535"", ""72168.382"", ""80073.601""]",s,elapsed_time,high,explicit elapsed/test time column
HNEI.zip,HNEI/HNEI_18650_NMC_LCO_25C_0-100_0.5-1.5C_l_cycle_data.csv,HNEI_18650_NMC_LCO_25C_0-100_0.5-1.5C_l_cycle_data.csv,schema_d2669a99bc63,Min_Current (A),min_current_a,5,float64,50,0,"[""-1.402"", ""-1.401"", ""-1.399"", ""-2.802"", ""-4.203""]",A,unknown,none,"observed electrical measurement, not a requested mapping target"
HNEI.zip,HNEI/HNEI_18650_NMC_LCO_25C_0-100_0.5-1.5C_l_cycle_data.csv,HNEI_18650_NMC_LCO_25C_0-100_0.5-1.5C_l_cycle_data.csv,schema_d2669a99bc63,Max_Current (A),max_current_a,6,float64,50,0,"[""1.35"", ""0.0"", ""1.403"", ""1.402"", ""2.804""]",A,unknown,none,"observed electrical measurement, not a requested mapping target"
HNEI.zip,HNEI/HNEI_18650_NMC_LCO_25C_0-100_0.5-1.5C_l_cycle_data.csv,HNEI_18650_NMC_LCO_25C_0-100_0.5-1.5C_l_cycle_data.csv,schema_d2669a99bc63,Min_Voltage (V),min_voltage_v,7,float64,50,0,"[""2.799"", ""2.999"", ""3.123""]",V,unknown,none,"observed electrical measurement, not a requested mapping target"
HNEI.zip,HNEI/HNEI_18650_NMC_LCO_25C_0-100_0.5-1.5C_l_cycle_data.csv,HNEI_18650_NMC_LCO_25C_0-100_0.5-1.5C_l_cycle_data.csv,schema_d2669a99bc63,Max_Voltage (V),max_voltage_v,8,float64,50,0,"[""4.353"", ""4.352"", ""4.244"", ""4.3"", ""4.304""]",V,unknown,none,"observed electrical measurement, not a requested mapping target"
HNEI.zip,HNEI/HNEI_18650_NMC_LCO_25C_0-100_0.5-1.5C_l_cycle_data.csv,HNEI_18650_NMC_LCO_25C_0-100_0.5-1.5C_l_cycle_data.csv,schema_d2669a99bc63,Charge_Capacity (Ah),charge_capacity_ah,9,float64,50,0,"[""2.887"", ""2.864"", ""2.85"", ""2.848"", ""0.0""]",Ah,charge_capacity,high,explicit charge capacity column
HNEI.zip,HNEI/HNEI_18650_NMC_LCO_25C_0-100_0.5-1.5C_l_cycle_data.csv,HNEI_18650_NMC_LCO_25C_0-100_0.5-1.5C_l_cycle_data.csv,schema_d2669a99bc63,Discharge_Capacity (Ah),discharge_capacity_ah,10,float64,50,0,"[""0.999"", ""2.854"", ""2.842"", ""2.841"", ""2.84""]",Ah,discharge_capacity,high,explicit discharge capacity column
HNEI.zip,HNEI/HNEI_18650_NMC_LCO_25C_0-100_0.5-1.5C_l_cycle_data.csv,HNEI_18650_NMC_LCO_25C_0-100_0.5-1.5C_l_cycle_data.csv,schema_d2669a99bc63,Charge_Energy (Wh),charge_energy_wh,11,float64,50,0,"[""11.659"", ""11.537"", ""11.48"", ""11.467"", ""0.0""]",Wh,charge_energy,high,explicit charge energy column
HNEI.zip,HNEI/HNEI_18650_NMC_LCO_25C_0-100_0.5-1.5C_l_cycle_data.csv,HNEI_18650_NMC_LCO_25C_0-100_0.5-1.5C_l_cycle_data.csv,schema_d2669a99bc63,Discharge_Energy (Wh),discharge_energy_wh,12,float64,50,0,"[""3.5"", ""10.664"", ""10.633"", ""10.634"", ""10.882""]",Wh,discharge_energy,high,explicit discharge energy column
HNEI.zip,HNEI/HNEI_18650_NMC_LCO_25C_0-100_0.5-1.5C_m_cycle_data.csv,HNEI_18650_NMC_LCO_25C_0-100_0.5-1.5C_m_cycle_data.csv,schema_d2669a99bc63,Cycle_Index,cycle_index,1,float64,50,0,"[""1.0"", ""2.0"", ""3.0"", ""4.0"", ""5.0""]",unknown,cycle_index,high,explicit cycle index/name
HNEI.zip,HNEI/HNEI_18650_NMC_LCO_25C_0-100_0.5-1.5C_m_cycle_data.csv,HNEI_18650_NMC_LCO_25C_0-100_0.5-1.5C_m_cycle_data.csv,schema_d2669a99bc63,Start_Time,start_time,2,float64,0,50,[],unknown,date_or_timestamp,high,explicit date/time column
HNEI.zip,HNEI/HNEI_18650_NMC_LCO_25C_0-100_0.5-1.5C_m_cycle_data.csv,HNEI_18650_NMC_LCO_25C_0-100_0.5-1.5C_m_cycle_data.csv,schema_d2669a99bc63,End_Time,end_time,3,float64,0,50,[],unknown,date_or_timestamp,high,explicit date/time column
HNEI.zip,HNEI/HNEI_18650_NMC_LCO_25C_0-100_0.5-1.5C_m_cycle_data.csv,HNEI_18650_NMC_LCO_25C_0-100_0.5-1.5C_m_cycle_data.csv,schema_d2669a99bc63,Test_Time (s),test_time_s,4,float64,50,0,"[""14766.558"", ""33968.031"", ""52988.863"", ""71918.593"", ""79849.343""]",s,elapsed_time,high,explicit elapsed/test time column
HNEI.zip,HNEI/HNEI_18650_NMC_LCO_25C_0-100_0.5-1.5C_m_cycle_data.csv,HNEI_18650_NMC_LCO_25C_0-100_0.5-1.5C_m_cycle_data.csv,schema_d2669a99bc63,Min_Current (A),min_current_a,5,float64,50,0,"[""-1.399"", ""-1.398"", ""-2.801"", ""-4.202"", ""-4.201""]",A,unknown,none,"observed electrical measurement, not a requested mapping target"
HNEI.zip,HNEI/HNEI_18650_NMC_LCO_25C_0-100_0.5-1.5C_m_cycle_data.csv,HNEI_18650_NMC_LCO_25C_0-100_0.5-1.5C_m_cycle_data.csv,schema_d2669a99bc63,Max_Current (A),max_current_a,6,float64,50,0,"[""1.355"", ""0.0"", ""1.398"", ""2.799"", ""1.348""]",A,unknown,none,"observed electrical measurement, not a requested mapping target"
HNEI.zip,HNEI/HNEI_18650_NMC_LCO_25C_0-100_0.5-1.5C_m_cycle_data.csv,HNEI_18650_NMC_LCO_25C_0-100_0.5-1.5C_m_cycle_data.csv,schema_d2669a99bc63,Min_Voltage (V),min_voltage_v,7,float64,50,0,"[""2.799"", ""3.054"", ""3.103"", ""3.098"", ""3.048""]",V,unknown,none,"observed electrical measurement, not a requested mapping target"
HNEI.zip,HNEI/HNEI_18650_NMC_LCO_25C_0-100_0.5-1.5C_m_cycle_data.csv,HNEI_18650_NMC_LCO_25C_0-100_0.5-1.5C_m_cycle_data.csv,schema_d2669a99bc63,Max_Voltage (V),max_voltage_v,8,float64,50,0,"[""4.352"", ""4.24"", ""4.3"", ""4.299"", ""4.302""]",V,unknown,none,"observed electrical measurement, not a requested mapping target"
HNEI.zip,HNEI/HNEI_18650_NMC_LCO_25C_0-100_0.5-1.5C_m_cycle_data.csv,HNEI_18650_NMC_LCO_25C_0-100_0.5-1.5C_m_cycle_data.csv,schema_d2669a99bc63,Charge_Capacity (Ah),charge_capacity_ah,9,float64,50,0,"[""2.874"", ""2.855"", ""2.841"", ""2.838"", ""0.0""]",Ah,charge_capacity,high,explicit charge capacity column
HNEI.zip,HNEI/HNEI_18650_NMC_LCO_25C_0-100_0.5-1.5C_m_cycle_data.csv,HNEI_18650_NMC_LCO_25C_0-100_0.5-1.5C_m_cycle_data.csv,schema_d2669a99bc63,Discharge_Capacity (Ah),discharge_capacity_ah,10,float64,50,0,"[""1.011"", ""2.866"", ""2.854"", ""2.851"", ""2.847""]",Ah,discharge_capacity,high,explicit discharge capacity column
HNEI.zip,HNEI/HNEI_18650_NMC_LCO_25C_0-100_0.5-1.5C_m_cycle_data.csv,HNEI_18650_NMC_LCO_25C_0-100_0.5-1.5C_m_cycle_data.csv,schema_d2669a99bc63,Charge_Energy (Wh),charge_energy_wh,11,float64,50,0,"[""11.619"", ""11.511"", ""11.45"", ""11.434"", ""0.0""]",Wh,charge_energy,high,explicit charge energy column
HNEI.zip,HNEI/HNEI_18650_NMC_LCO_25C_0-100_0.5-1.5C_m_cycle_data.csv,HNEI_18650_NMC_LCO_25C_0-100_0.5-1.5C_m_cycle_data.csv,schema_d2669a99bc63,Discharge_Energy (Wh),discharge_energy_wh,12,float64,50,0,"[""3.533"", ""10.694"", ""10.665"", ""10.66"", ""10.649""]",Wh,discharge_energy,high,explicit discharge energy column
HNEI.zip,HNEI/HNEI_18650_NMC_LCO_25C_0-100_0.5-1.5C_n_cycle_data.csv,HNEI_18650_NMC_LCO_25C_0-100_0.5-1.5C_n_cycle_data.csv,schema_d2669a99bc63,Cycle_Index,cycle_index,1,float64,50,0,"[""1.0"", ""2.0"", ""3.0"", ""4.0"", ""5.0""]",unknown,cycle_index,high,explicit cycle index/name
HNEI.zip,HNEI/HNEI_18650_NMC_LCO_25C_0-100_0.5-1.5C_n_cycle_data.csv,HNEI_18650_NMC_LCO_25C_0-100_0.5-1.5C_n_cycle_data.csv,schema_d2669a99bc63,Start_Time,start_time,2,str,50,0,"[""2013-05-25 12:00:12"", ""2013-05-25 16:05:33"", ""2013-05-25 21:24:37"", ""2013-05-26 02:41:34"", ""2013-05-26 07:56:55""]",unknown,date_or_timestamp,high,explicit date/time column
HNEI.zip,HNEI/HNEI_18650_NMC_LCO_25C_0-100_0.5-1.5C_n_cycle_data.csv,HNEI_18650_NMC_LCO_25C_0-100_0.5-1.5C_n_cycle_data.csv,schema_d2669a99bc63,End_Time,end_time,3,str,50,0,"[""2013-05-25 16:05:26"", ""2013-05-25 21:24:30"", ""2013-05-26 02:41:27"", ""2013-05-26 07:56:47"", ""2013-05-26 10:08:59""]",unknown,date_or_timestamp,high,explicit date/time column
HNEI.zip,HNEI/HNEI_18650_NMC_LCO_25C_0-100_0.5-1.5C_n_cycle_data.csv,HNEI_18650_NMC_LCO_25C_0-100_0.5-1.5C_n_cycle_data.csv,schema_d2669a99bc63,Test_Time (s),test_time_s,4,float64,50,0,"[""14720.415"", ""33864.574"", ""52881.023"", ""71801.89"", ""79732.992""]",s,elapsed_time,high,explicit elapsed/test time column
HNEI.zip,HNEI/HNEI_18650_NMC_LCO_25C_0-100_0.5-1.5C_n_cycle_data.csv,HNEI_18650_NMC_LCO_25C_0-100_0.5-1.5C_n_cycle_data.csv,schema_d2669a99bc63,Min_Current (A),min_current_a,5,float64,50,0,"[""-1.4"", ""-1.401"", ""-2.801"", ""-4.2""]",A,unknown,none,"observed electrical measurement, not a requested mapping target"
HNEI.zip,HNEI/HNEI_18650_NMC_LCO_25C_0-100_0.5-1.5C_n_cycle_data.csv,HNEI_18650_NMC_LCO_25C_0-100_0.5-1.5C_n_cycle_data.csv,schema_d2669a99bc63,Max_Current (A),max_current_a,6,float64,50,0,"[""1.352"", ""0.0"", ""1.402"", ""2.8"", ""1.351""]",A,unknown,none,"observed electrical measurement, not a requested mapping target"
HNEI.zip,HNEI/HNEI_18650_NMC_LCO_25C_0-100_0.5-1.5C_n_cycle_data.csv,HNEI_18650_NMC_LCO_25C_0-100_0.5-1.5C_n_cycle_data.csv,schema_d2669a99bc63,Min_Voltage (V),min_voltage_v,7,float64,50,0,"[""2.799"", ""3.175"", ""3.092"", ""3.082"", ""3.026""]",V,unknown,none,"observed electrical measurement, not a requested mapping target"
HNEI.zip,HNEI/HNEI_18650_NMC_LCO_25C_0-100_0.5-1.5C_n_cycle_data.csv,HNEI_18650_NMC_LCO_25C_0-100_0.5-1.5C_n_cycle_data.csv,schema_d2669a99bc63,Max_Voltage (V),max_voltage_v,8,float64,50,0,"[""4.35"", ""4.351"", ""4.239"", ""4.3"", ""4.302""]",V,unknown,none,"observed electrical measurement, not a requested mapping target"
HNEI.zip,HNEI/HNEI_18650_NMC_LCO_25C_0-100_0.5-1.5C_n_cycle_data.csv,HNEI_18650_NMC_LCO_25C_0-100_0.5-1.5C_n_cycle_data.csv,schema_d2669a99bc63,Charge_Capacity (Ah),charge_capacity_ah,9,float64,50,0,"[""2.873"", ""2.854"", ""2.845"", ""2.84"", ""0.0""]",Ah,charge_capacity,high,explicit charge capacity column
HNEI.zip,HNEI/HNEI_18650_NMC_LCO_25C_0-100_0.5-1.5C_n_cycle_data.csv,HNEI_18650_NMC_LCO_25C_0-100_0.5-1.5C_n_cycle_data.csv,schema_d2669a99bc63,Discharge_Capacity (Ah),discharge_capacity_ah,10,float64,50,0,"[""1.009"", ""2.864"", ""2.856"", ""2.852"", ""2.848""]",Ah,discharge_capacity,high,explicit discharge capacity column
HNEI.zip,HNEI/HNEI_18650_NMC_LCO_25C_0-100_0.5-1.5C_n_cycle_data.csv,HNEI_18650_NMC_LCO_25C_0-100_0.5-1.5C_n_cycle_data.csv,schema_d2669a99bc63,Charge_Energy (Wh),charge_energy_wh,11,float64,50,0,"[""11.609"", ""11.501"", ""11.461"", ""11.438"", ""0.0""]",Wh,charge_energy,high,explicit charge energy column
HNEI.zip,HNEI/HNEI_18650_NMC_LCO_25C_0-100_0.5-1.5C_n_cycle_data.csv,HNEI_18650_NMC_LCO_25C_0-100_0.5-1.5C_n_cycle_data.csv,schema_d2669a99bc63,Discharge_Energy (Wh),discharge_energy_wh,12,float64,50,0,"[""3.529"", ""10.685"", ""10.67"", ""10.661"", ""10.649""]",Wh,discharge_energy,high,explicit discharge energy column
HNEI.zip,HNEI/HNEI_18650_NMC_LCO_25C_0-100_0.5-1.5C_o_cycle_data.csv,HNEI_18650_NMC_LCO_25C_0-100_0.5-1.5C_o_cycle_data.csv,schema_d2669a99bc63,Cycle_Index,cycle_index,1,float64,50,0,"[""1.0"", ""2.0"", ""3.0"", ""4.0"", ""5.0""]",unknown,cycle_index,high,explicit cycle index/name
HNEI.zip,HNEI/HNEI_18650_NMC_LCO_25C_0-100_0.5-1.5C_o_cycle_data.csv,HNEI_18650_NMC_LCO_25C_0-100_0.5-1.5C_o_cycle_data.csv,schema_d2669a99bc63,Start_Time,start_time,2,str,50,0,"[""2013-05-25 12:00:12"", ""2013-05-25 16:04:43"", ""2013-05-25 21:22:53"", ""2013-05-26 02:38:56"", ""2013-05-26 07:54:18""]",unknown,date_or_timestamp,high,explicit date/time column
HNEI.zip,HNEI/HNEI_18650_NMC_LCO_25C_0-100_0.5-1.5C_o_cycle_data.csv,HNEI_18650_NMC_LCO_25C_0-100_0.5-1.5C_o_cycle_data.csv,schema_d2669a99bc63,End_Time,end_time,3,str,50,0,"[""2013-05-25 16:04:35"", ""2013-05-25 21:22:46"", ""2013-05-26 02:38:48"", ""2013-05-26 07:54:11"", ""2013-05-26 10:06:25""]",unknown,date_or_timestamp,high,explicit date/time column
HNEI.zip,HNEI/HNEI_18650_NMC_LCO_25C_0-100_0.5-1.5C_o_cycle_data.csv,HNEI_18650_NMC_LCO_25C_0-100_0.5-1.5C_o_cycle_data.csv,schema_d2669a99bc63,Test_Time (s),test_time_s,4,float64,50,0,"[""14664.831"", ""33755.39"", ""52722.781"", ""71645.179"", ""79579.804""]",s,elapsed_time,high,explicit elapsed/test time column
HNEI.zip,HNEI/HNEI_18650_NMC_LCO_25C_0-100_0.5-1.5C_o_cycle_data.csv,HNEI_18650_NMC_LCO_25C_0-100_0.5-1.5C_o_cycle_data.csv,schema_d2669a99bc63,Min_Current (A),min_current_a,5,float64,50,0,"[""-1.4"", ""-2.799"", ""-4.199""]",A,unknown,none,"observed electrical measurement, not a requested mapping target"
HNEI.zip,HNEI/HNEI_18650_NMC_LCO_25C_0-100_0.5-1.5C_o_cycle_data.csv,HNEI_18650_NMC_LCO_25C_0-100_0.5-1.5C_o_cycle_data.csv,schema_d2669a99bc63,Max_Current (A),max_current_a,6,float64,50,0,"[""1.351"", ""0.0"", ""1.401"", ""2.802""]",A,unknown,none,"observed electrical measurement, not a requested mapping target"
HNEI.zip,HNEI/HNEI_18650_NMC_LCO_25C_0-100_0.5-1.5C_o_cycle_data.csv,HNEI_18650_NMC_LCO_25C_0-100_0.5-1.5C_o_cycle_data.csv,schema_d2669a99bc63,Min_Voltage (V),min_voltage_v,7,float64,50,0,"[""2.817"", ""2.81"", ""2.807"", ""2.803"", ""2.799""]",V,unknown,none,"observed electrical measurement, not a requested mapping target"
HNEI.zip,HNEI/HNEI_18650_NMC_LCO_25C_0-100_0.5-1.5C_o_cycle_data.csv,HNEI_18650_NMC_LCO_25C_0-100_0.5-1.5C_o_cycle_data.csv,schema_d2669a99bc63,Max_Voltage (V),max_voltage_v,8,float64,50,0,"[""4.353"", ""4.354"", ""4.244"", ""4.3"", ""4.299""]",V,unknown,none,"observed electrical measurement, not a requested mapping target"
HNEI.zip,HNEI/HNEI_18650_NMC_LCO_25C_0-100_0.5-1.5C_o_cycle_data.csv,HNEI_18650_NMC_LCO_25C_0-100_0.5-1.5C_o_cycle_data.csv,schema_d2669a99bc63,Charge_Capacity (Ah),charge_capacity_ah,9,float64,50,0,"[""2.878"", ""2.857"", ""2.844"", ""2.839"", ""0.0""]",Ah,charge_capacity,high,explicit charge capacity column
HNEI.zip,HNEI/HNEI_18650_NMC_LCO_25C_0-100_0.5-1.5C_o_cycle_data.csv,HNEI_18650_NMC_LCO_25C_0-100_0.5-1.5C_o_cycle_data.csv,schema_d2669a99bc63,Discharge_Capacity (Ah),discharge_capacity_ah,10,float64,50,0,"[""1.006"", ""2.865"", ""2.853"", ""2.854"", ""2.851""]",Ah,discharge_capacity,high,explicit discharge capacity column
HNEI.zip,HNEI/HNEI_18650_NMC_LCO_25C_0-100_0.5-1.5C_o_cycle_data.csv,HNEI_18650_NMC_LCO_25C_0-100_0.5-1.5C_o_cycle_data.csv,schema_d2669a99bc63,Charge_Energy (Wh),charge_energy_wh,11,float64,50,0,"[""11.619"", ""11.504"", ""11.449"", ""11.43"", ""0.0""]",Wh,charge_energy,high,explicit charge energy column
HNEI.zip,HNEI/HNEI_18650_NMC_LCO_25C_0-100_0.5-1.5C_o_cycle_data.csv,HNEI_18650_NMC_LCO_25C_0-100_0.5-1.5C_o_cycle_data.csv,schema_d2669a99bc63,Discharge_Energy (Wh),discharge_energy_wh,12,float64,50,0,"[""3.522"", ""10.698"", ""10.67"", ""10.677"", ""10.672""]",Wh,discharge_energy,high,explicit discharge energy column
HNEI.zip,HNEI/HNEI_18650_NMC_LCO_25C_0-100_0.5-1.5C_p_cycle_data.csv,HNEI_18650_NMC_LCO_25C_0-100_0.5-1.5C_p_cycle_data.csv,schema_d2669a99bc63,Cycle_Index,cycle_index,1,float64,50,0,"[""1.0"", ""2.0"", ""3.0"", ""4.0"", ""5.0""]",unknown,cycle_index,high,explicit cycle index/name
HNEI.zip,HNEI/HNEI_18650_NMC_LCO_25C_0-100_0.5-1.5C_p_cycle_data.csv,HNEI_18650_NMC_LCO_25C_0-100_0.5-1.5C_p_cycle_data.csv,schema_d2669a99bc63,Start_Time,start_time,2,str,50,0,"[""2013-05-25 12:00:12"", ""2013-05-25 16:09:27"", ""2013-05-25 21:31:57"", ""2013-05-26 02:51:31"", ""2013-05-26 08:10:17""]",unknown,date_or_timestamp,high,explicit date/time column
HNEI.zip,HNEI/HNEI_18650_NMC_LCO_25C_0-100_0.5-1.5C_p_cycle_data.csv,HNEI_18650_NMC_LCO_25C_0-100_0.5-1.5C_p_cycle_data.csv,schema_d2669a99bc63,End_Time,end_time,3,str,50,0,"[""2013-05-25 16:09:20"", ""2013-05-25 21:31:49"", ""2013-05-26 02:51:23"", ""2013-05-26 08:10:09"", ""2013-05-26 10:22:11""]",unknown,date_or_timestamp,high,explicit date/time column
HNEI.zip,HNEI/HNEI_18650_NMC_LCO_25C_0-100_0.5-1.5C_p_cycle_data.csv,HNEI_18650_NMC_LCO_25C_0-100_0.5-1.5C_p_cycle_data.csv,schema_d2669a99bc63,Test_Time (s),test_time_s,4,float64,50,0,"[""14949.342"", ""34303.488"", ""53477.789"", ""72603.804"", ""80524.898""]",s,elapsed_time,high,explicit elapsed/test time column
HNEI.zip,HNEI/HNEI_18650_NMC_LCO_25C_0-100_0.5-1.5C_p_cycle_data.csv,HNEI_18650_NMC_LCO_25C_0-100_0.5-1.5C_p_cycle_data.csv,schema_d2669a99bc63,Min_Current (A),min_current_a,5,float64,50,0,"[""-1.398"", ""-1.399"", ""-2.8"", ""-4.201""]",A,unknown,none,"observed electrical measurement, not a requested mapping target"
HNEI.zip,HNEI/HNEI_18650_NMC_LCO_25C_0-100_0.5-1.5C_p_cycle_data.csv,HNEI_18650_NMC_LCO_25C_0-100_0.5-1.5C_p_cycle_data.csv,schema_d2669a99bc63,Max_Current (A),max_current_a,6,float64,50,0,"[""1.353"", ""1.354"", ""0.0"", ""1.399"", ""1.398""]",A,unknown,none,"observed electrical measurement, not a requested mapping target"
HNEI.zip,HNEI/HNEI_18650_NMC_LCO_25C_0-100_0.5-1.5C_p_cycle_data.csv,HNEI_18650_NMC_LCO_25C_0-100_0.5-1.5C_p_cycle_data.csv,schema_d2669a99bc63,Min_Voltage (V),min_voltage_v,7,float64,50,0,"[""2.837"", ""2.833"", ""2.828"", ""2.814"", ""2.81""]",V,unknown,none,"observed electrical measurement, not a requested mapping target"
HNEI.zip,HNEI/HNEI_18650_NMC_LCO_25C_0-100_0.5-1.5C_p_cycle_data.csv,HNEI_18650_NMC_LCO_25C_0-100_0.5-1.5C_p_cycle_data.csv,schema_d2669a99bc63,Max_Voltage (V),max_voltage_v,8,float64,50,0,"[""4.353"", ""4.233"", ""4.3"", ""4.302"", ""4.301""]",V,unknown,none,"observed electrical measurement, not a requested mapping target"
HNEI.zip,HNEI/HNEI_18650_NMC_LCO_25C_0-100_0.5-1.5C_p_cycle_data.csv,HNEI_18650_NMC_LCO_25C_0-100_0.5-1.5C_p_cycle_data.csv,schema_d2669a99bc63,Charge_Capacity (Ah),charge_capacity_ah,9,float64,50,0,"[""2.889"", ""2.864"", ""2.852"", ""2.849"", ""0.0""]",Ah,charge_capacity,high,explicit charge capacity column
HNEI.zip,HNEI/HNEI_18650_NMC_LCO_25C_0-100_0.5-1.5C_p_cycle_data.csv,HNEI_18650_NMC_LCO_25C_0-100_0.5-1.5C_p_cycle_data.csv,schema_d2669a99bc63,Discharge_Capacity (Ah),discharge_capacity_ah,10,float64,50,0,"[""1.035"", ""2.856"", ""2.848"", ""2.846"", ""2.843""]",Ah,discharge_capacity,high,explicit discharge capacity column
HNEI.zip,HNEI/HNEI_18650_NMC_LCO_25C_0-100_0.5-1.5C_p_cycle_data.csv,HNEI_18650_NMC_LCO_25C_0-100_0.5-1.5C_p_cycle_data.csv,schema_d2669a99bc63,Charge_Energy (Wh),charge_energy_wh,11,float64,50,0,"[""11.687"", ""11.561"", ""11.51"", ""11.5"", ""0.0""]",Wh,charge_energy,high,explicit charge energy column
HNEI.zip,HNEI/HNEI_18650_NMC_LCO_25C_0-100_0.5-1.5C_p_cycle_data.csv,HNEI_18650_NMC_LCO_25C_0-100_0.5-1.5C_p_cycle_data.csv,schema_d2669a99bc63,Discharge_Energy (Wh),discharge_energy_wh,12,float64,50,0,"[""3.616"", ""10.644"", ""10.626"", ""10.621"", ""10.613""]",Wh,discharge_energy,high,explicit discharge energy column
HNEI.zip,HNEI/HNEI_18650_NMC_LCO_25C_0-100_0.5-1.5C_s_cycle_data.csv,HNEI_18650_NMC_LCO_25C_0-100_0.5-1.5C_s_cycle_data.csv,schema_d2669a99bc63,Cycle_Index,cycle_index,1,float64,50,0,"[""1.0"", ""2.0"", ""3.0"", ""4.0"", ""5.0""]",unknown,cycle_index,high,explicit cycle index/name
HNEI.zip,HNEI/HNEI_18650_NMC_LCO_25C_0-100_0.5-1.5C_s_cycle_data.csv,HNEI_18650_NMC_LCO_25C_0-100_0.5-1.5C_s_cycle_data.csv,schema_d2669a99bc63,Start_Time,start_time,2,str,50,0,"[""2013-05-25 12:00:12"", ""2013-05-25 16:05:52"", ""2013-05-25 21:25:27"", ""2013-05-26 02:43:06"", ""2013-05-26 07:59:23""]",unknown,date_or_timestamp,high,explicit date/time column
HNEI.zip,HNEI/HNEI_18650_NMC_LCO_25C_0-100_0.5-1.5C_s_cycle_data.csv,HNEI_18650_NMC_LCO_25C_0-100_0.5-1.5C_s_cycle_data.csv,schema_d2669a99bc63,End_Time,end_time,3,str,50,0,"[""2013-05-25 16:05:44"", ""2013-05-25 21:25:20"", ""2013-05-26 02:42:59"", ""2013-05-26 07:59:15"", ""2013-05-26 10:11:35""]",unknown,date_or_timestamp,high,explicit date/time column
HNEI.zip,HNEI/HNEI_18650_NMC_LCO_25C_0-100_0.5-1.5C_s_cycle_data.csv,HNEI_18650_NMC_LCO_25C_0-100_0.5-1.5C_s_cycle_data.csv,schema_d2669a99bc63,Test_Time (s),test_time_s,4,float64,50,0,"[""14738.718"", ""33913.597"", ""52972.863"", ""71949.789"", ""79888.828""]",s,elapsed_time,high,explicit elapsed/test time column
HNEI.zip,HNEI/HNEI_18650_NMC_LCO_25C_0-100_0.5-1.5C_s_cycle_data.csv,HNEI_18650_NMC_LCO_25C_0-100_0.5-1.5C_s_cycle_data.csv,schema_d2669a99bc63,Min_Current (A),min_current_a,5,float64,50,0,"[""-1.399"", ""-1.401"", ""-2.805"", ""-4.204""]",A,unknown,none,"observed electrical measurement, not a requested mapping target"
HNEI.zip,HNEI/HNEI_18650_NMC_LCO_25C_0-100_0.5-1.5C_s_cycle_data.csv,HNEI_18650_NMC_LCO_25C_0-100_0.5-1.5C_s_cycle_data.csv,schema_d2669a99bc63,Max_Current (A),max_current_a,6,float64,50,0,"[""1.351"", ""0.0"", ""1.399"", ""2.796"", ""1.348""]",A,unknown,none,"observed electrical measurement, not a requested mapping target"
HNEI.zip,HNEI/HNEI_18650_NMC_LCO_25C_0-100_0.5-1.5C_s_cycle_data.csv,HNEI_18650_NMC_LCO_25C_0-100_0.5-1.5C_s_cycle_data.csv,schema_d2669a99bc63,Min_Voltage (V),min_voltage_v,7,float64,50,0,"[""2.837"", ""2.814"", ""2.807"", ""2.844"", ""2.811""]",V,unknown,none,"observed electrical measurement, not a requested mapping target"
HNEI.zip,HNEI/HNEI_18650_NMC_LCO_25C_0-100_0.5-1.5C_s_cycle_data.csv,HNEI_18650_NMC_LCO_25C_0-100_0.5-1.5C_s_cycle_data.csv,schema_d2669a99bc63,Max_Voltage (V),max_voltage_v,8,float64,50,0,"[""4.351"", ""4.352"", ""4.237"", ""4.3"", ""4.301""]",V,unknown,none,"observed electrical measurement, not a requested mapping target"
HNEI.zip,HNEI/HNEI_18650_NMC_LCO_25C_0-100_0.5-1.5C_s_cycle_data.csv,HNEI_18650_NMC_LCO_25C_0-100_0.5-1.5C_s_cycle_data.csv,schema_d2669a99bc63,Charge_Capacity (Ah),charge_capacity_ah,9,float64,50,0,"[""2.873"", ""2.853"", ""2.846"", ""2.838"", ""0.0""]",Ah,charge_capacity,high,explicit charge capacity column
HNEI.zip,HNEI/HNEI_18650_NMC_LCO_25C_0-100_0.5-1.5C_s_cycle_data.csv,HNEI_18650_NMC_LCO_25C_0-100_0.5-1.5C_s_cycle_data.csv,schema_d2669a99bc63,Discharge_Capacity (Ah),discharge_capacity_ah,10,float64,50,0,"[""1.008"", ""2.865"", ""2.857"", ""2.852"", ""2.849""]",Ah,discharge_capacity,high,explicit discharge capacity column
HNEI.zip,HNEI/HNEI_18650_NMC_LCO_25C_0-100_0.5-1.5C_s_cycle_data.csv,HNEI_18650_NMC_LCO_25C_0-100_0.5-1.5C_s_cycle_data.csv,schema_d2669a99bc63,Charge_Energy (Wh),charge_energy_wh,11,float64,50,0,"[""11.612"", ""11.502"", ""11.467"", ""11.436"", ""0.0""]",Wh,charge_energy,high,explicit charge energy column
HNEI.zip,HNEI/HNEI_18650_NMC_LCO_25C_0-100_0.5-1.5C_s_cycle_data.csv,HNEI_18650_NMC_LCO_25C_0-100_0.5-1.5C_s_cycle_data.csv,schema_d2669a99bc63,Discharge_Energy (Wh),discharge_energy_wh,12,float64,50,0,"[""3.525"", ""10.685"", ""10.669"", ""10.658"", ""10.651""]",Wh,discharge_energy,high,explicit discharge energy column
HNEI.zip,HNEI/HNEI_18650_NMC_LCO_25C_0-100_0.5-1.5C_t_cycle_data.csv,HNEI_18650_NMC_LCO_25C_0-100_0.5-1.5C_t_cycle_data.csv,schema_d2669a99bc63,Cycle_Index,cycle_index,1,float64,50,0,"[""1.0"", ""2.0"", ""3.0"", ""4.0"", ""5.0""]",unknown,cycle_index,high,explicit cycle index/name
HNEI.zip,HNEI/HNEI_18650_NMC_LCO_25C_0-100_0.5-1.5C_t_cycle_data.csv,HNEI_18650_NMC_LCO_25C_0-100_0.5-1.5C_t_cycle_data.csv,schema_d2669a99bc63,Start_Time,start_time,2,str,50,0,"[""2013-05-25 12:00:12"", ""2013-05-25 16:06:32"", ""2013-05-25 21:26:10"", ""2013-05-26 02:43:19"", ""2013-05-26 07:59:04""]",unknown,date_or_timestamp,high,explicit date/time column
HNEI.zip,HNEI/HNEI_18650_NMC_LCO_25C_0-100_0.5-1.5C_t_cycle_data.csv,HNEI_18650_NMC_LCO_25C_0-100_0.5-1.5C_t_cycle_data.csv,schema_d2669a99bc63,End_Time,end_time,3,str,50,0,"[""2013-05-25 16:06:25"", ""2013-05-25 21:26:02"", ""2013-05-26 02:43:12"", ""2013-05-26 07:58:56"", ""2013-05-26 10:10:51""]",unknown,date_or_timestamp,high,explicit date/time column
HNEI.zip,HNEI/HNEI_18650_NMC_LCO_25C_0-100_0.5-1.5C_t_cycle_data.csv,HNEI_18650_NMC_LCO_25C_0-100_0.5-1.5C_t_cycle_data.csv,schema_d2669a99bc63,Test_Time (s),test_time_s,4,float64,50,0,"[""14779.071"", ""33956.445"", ""52986.078"", ""71930.781"", ""79844.898""]",s,elapsed_time,high,explicit elapsed/test time column
HNEI.zip,HNEI/HNEI_18650_NMC_LCO_25C_0-100_0.5-1.5C_t_cycle_data.csv,HNEI_18650_NMC_LCO_25C_0-100_0.5-1.5C_t_cycle_data.csv,schema_d2669a99bc63,Min_Current (A),min_current_a,5,float64,50,0,"[""-1.399"", ""-4.198"", ""-1.4"", ""-1.401"", ""-2.802""]",A,unknown,none,"observed electrical measurement, not a requested mapping target"
HNEI.zip,HNEI/HNEI_18650_NMC_LCO_25C_0-100_0.5-1.5C_t_cycle_data.csv,HNEI_18650_NMC_LCO_25C_0-100_0.5-1.5C_t_cycle_data.csv,schema_d2669a99bc63,Max_Current (A),max_current_a,6,float64,50,0,"[""1.35"", ""0.0"", ""4.202"", ""1.397"", ""2.8""]",A,unknown,none,"observed electrical measurement, not a requested mapping target"
HNEI.zip,HNEI/HNEI_18650_NMC_LCO_25C_0-100_0.5-1.5C_t_cycle_data.csv,HNEI_18650_NMC_LCO_25C_0-100_0.5-1.5C_t_cycle_data.csv,schema_d2669a99bc63,Min_Voltage (V),min_voltage_v,7,float64,50,0,"[""2.814"", ""2.803"", ""2.816"", ""2.841"", ""2.81""]",V,unknown,none,"observed electrical measurement, not a requested mapping target"
HNEI.zip,HNEI/HNEI_18650_NMC_LCO_25C_0-100_0.5-1.5C_t_cycle_data.csv,HNEI_18650_NMC_LCO_25C_0-100_0.5-1.5C_t_cycle_data.csv,schema_d2669a99bc63,Max_Voltage (V),max_voltage_v,8,float64,50,0,"[""4.353"", ""4.245"", ""4.4"", ""4.335"", ""4.3""]",V,unknown,none,"observed electrical measurement, not a requested mapping target"
HNEI.zip,HNEI/HNEI_18650_NMC_LCO_25C_0-100_0.5-1.5C_t_cycle_data.csv,HNEI_18650_NMC_LCO_25C_0-100_0.5-1.5C_t_cycle_data.csv,schema_d2669a99bc63,Charge_Capacity (Ah),charge_capacity_ah,9,float64,50,0,"[""2.88"", ""2.857"", ""2.842"", ""2.843"", ""0.0""]",Ah,charge_capacity,high,explicit charge capacity column
HNEI.zip,HNEI/HNEI_18650_NMC_LCO_25C_0-100_0.5-1.5C_t_cycle_data.csv,HNEI_18650_NMC_LCO_25C_0-100_0.5-1.5C_t_cycle_data.csv,schema_d2669a99bc63,Discharge_Capacity (Ah),discharge_capacity_ah,10,float64,50,0,"[""1.012"", ""2.858"", ""2.847"", ""2.844"", ""2.841""]",Ah,discharge_capacity,high,explicit discharge capacity column
HNEI.zip,HNEI/HNEI_18650_NMC_LCO_25C_0-100_0.5-1.5C_t_cycle_data.csv,HNEI_18650_NMC_LCO_25C_0-100_0.5-1.5C_t_cycle_data.csv,schema_d2669a99bc63,Charge_Energy (Wh),charge_energy_wh,11,float64,50,0,"[""11.63"", ""11.508"", ""11.444"", ""0.0"", ""28.124""]",Wh,charge_energy,high,explicit charge energy column
HNEI.zip,HNEI/HNEI_18650_NMC_LCO_25C_0-100_0.5-1.5C_t_cycle_data.csv,HNEI_18650_NMC_LCO_25C_0-100_0.5-1.5C_t_cycle_data.csv,schema_d2669a99bc63,Discharge_Energy (Wh),discharge_energy_wh,12,float64,50,0,"[""3.542"", ""10.675"", ""10.65"", ""10.647"", ""10.64""]",Wh,discharge_energy,high,explicit discharge energy column
Michigan Expansion.zip,Michigan Expansion/MICH_01R_pouch_NMC_25C_0-100_0.2-0.2C_cycle_data.csv,MICH_01R_pouch_NMC_25C_0-100_0.2-0.2C_cycle_data.csv,schema_63d0cb98b657,Cycle_Index,cycle_index,1,float64,50,0,"[""1.0"", ""2.0"", ""3.0"", ""4.0"", ""5.0""]",unknown,cycle_index,high,explicit cycle index/name
Michigan Expansion.zip,Michigan Expansion/MICH_01R_pouch_NMC_25C_0-100_0.2-0.2C_cycle_data.csv,MICH_01R_pouch_NMC_25C_0-100_0.2-0.2C_cycle_data.csv,schema_63d0cb98b657,Test_Time (s),test_time_s,2,float64,50,0,"[""71583.575"", ""107394.101"", ""143148.636"", ""178869.387"", ""214550.235""]",s,elapsed_time,high,explicit elapsed/test time column
Michigan Expansion.zip,Michigan Expansion/MICH_01R_pouch_NMC_25C_0-100_0.2-0.2C_cycle_data.csv,MICH_01R_pouch_NMC_25C_0-100_0.2-0.2C_cycle_data.csv,schema_63d0cb98b657,Min_Current (A),min_current_a,3,float64,50,0,"[""-1.0"", ""-1.002"", ""-1.001"", ""-1.003"", ""-1.004""]",A,unknown,none,"observed electrical measurement, not a requested mapping target"
Michigan Expansion.zip,Michigan Expansion/MICH_01R_pouch_NMC_25C_0-100_0.2-0.2C_cycle_data.csv,MICH_01R_pouch_NMC_25C_0-100_0.2-0.2C_cycle_data.csv,schema_63d0cb98b657,Max_Current (A),max_current_a,4,float64,50,0,"[""1.001"", ""1.002"", ""1.0"", ""1.007"", ""1.004""]",A,unknown,none,"observed electrical measurement, not a requested mapping target"
Michigan Expansion.zip,Michigan Expansion/MICH_01R_pouch_NMC_25C_0-100_0.2-0.2C_cycle_data.csv,MICH_01R_pouch_NMC_25C_0-100_0.2-0.2C_cycle_data.csv,schema_63d0cb98b657,Min_Voltage (V),min_voltage_v,5,float64,50,0,"[""3.0""]",V,unknown,none,"observed electrical measurement, not a requested mapping target"
Michigan Expansion.zip,Michigan Expansion/MICH_01R_pouch_NMC_25C_0-100_0.2-0.2C_cycle_data.csv,MICH_01R_pouch_NMC_25C_0-100_0.2-0.2C_cycle_data.csv,schema_63d0cb98b657,Max_Voltage (V),max_voltage_v,6,float64,50,0,"[""4.2""]",V,unknown,none,"observed electrical measurement, not a requested mapping target"
Michigan Expansion.zip,Michigan Expansion/MICH_01R_pouch_NMC_25C_0-100_0.2-0.2C_cycle_data.csv,MICH_01R_pouch_NMC_25C_0-100_0.2-0.2C_cycle_data.csv,schema_63d0cb98b657,Charge_Capacity (Ah),charge_capacity_ah,7,float64,50,0,"[""4.898"", ""4.88"", ""4.884"", ""4.871"", ""4.86""]",Ah,charge_capacity,high,explicit charge capacity column
Michigan Expansion.zip,Michigan Expansion/MICH_01R_pouch_NMC_25C_0-100_0.2-0.2C_cycle_data.csv,MICH_01R_pouch_NMC_25C_0-100_0.2-0.2C_cycle_data.csv,schema_63d0cb98b657,Discharge_Capacity (Ah),discharge_capacity_ah,8,float64,50,0,"[""4.873"", ""4.877"", ""4.868"", ""4.862"", ""4.858""]",Ah,discharge_capacity,high,explicit discharge capacity column
Michigan Expansion.zip,Michigan Expansion/MICH_01R_pouch_NMC_25C_0-100_0.2-0.2C_cycle_data.csv,MICH_01R_pouch_NMC_25C_0-100_0.2-0.2C_cycle_data.csv,schema_63d0cb98b657,Charge_Energy (Wh),charge_energy_wh,9,float64,50,0,"[""18.499"", ""18.439"", ""18.442"", ""18.399"", ""18.395""]",Wh,charge_energy,high,explicit charge energy column
Michigan Expansion.zip,Michigan Expansion/MICH_01R_pouch_NMC_25C_0-100_0.2-0.2C_cycle_data.csv,MICH_01R_pouch_NMC_25C_0-100_0.2-0.2C_cycle_data.csv,schema_63d0cb98b657,Discharge_Energy (Wh),discharge_energy_wh,10,float64,50,0,"[""18.122"", ""18.141"", ""18.107"", ""18.085"", ""18.071""]",Wh,discharge_energy,high,explicit discharge energy column
Michigan Expansion.zip,Michigan Expansion/MICH_02C_pouch_NMC_-5C_0-100_0.2-0.2C_cycle_data.csv,MICH_02C_pouch_NMC_-5C_0-100_0.2-0.2C_cycle_data.csv,schema_63d0cb98b657,Cycle_Index,cycle_index,1,float64,50,0,"[""1.0"", ""2.0"", ""3.0"", ""4.0"", ""5.0""]",unknown,cycle_index,high,explicit cycle index/name
Michigan Expansion.zip,Michigan Expansion/MICH_02C_pouch_NMC_-5C_0-100_0.2-0.2C_cycle_data.csv,MICH_02C_pouch_NMC_-5C_0-100_0.2-0.2C_cycle_data.csv,schema_63d0cb98b657,Test_Time (s),test_time_s,2,float64,50,0,"[""49402.7"", ""82265.2"", ""115098.058"", ""147900.38"", ""180663.698""]",s,elapsed_time,high,explicit elapsed/test time column
Michigan Expansion.zip,Michigan Expansion/MICH_02C_pouch_NMC_-5C_0-100_0.2-0.2C_cycle_data.csv,MICH_02C_pouch_NMC_-5C_0-100_0.2-0.2C_cycle_data.csv,schema_63d0cb98b657,Min_Current (A),min_current_a,3,float64,50,0,"[""-1.0"", ""0.999"", ""1.0""]",A,unknown,none,"observed electrical measurement, not a requested mapping target"
Michigan Expansion.zip,Michigan Expansion/MICH_02C_pouch_NMC_-5C_0-100_0.2-0.2C_cycle_data.csv,MICH_02C_pouch_NMC_-5C_0-100_0.2-0.2C_cycle_data.csv,schema_63d0cb98b657,Max_Current (A),max_current_a,4,float64,50,0,"[""1.001"", ""1.0""]",A,unknown,none,"observed electrical measurement, not a requested mapping target"
Michigan Expansion.zip,Michigan Expansion/MICH_02C_pouch_NMC_-5C_0-100_0.2-0.2C_cycle_data.csv,MICH_02C_pouch_NMC_-5C_0-100_0.2-0.2C_cycle_data.csv,schema_63d0cb98b657,Min_Voltage (V),min_voltage_v,5,float64,50,0,"[""3.0"", ""3.02""]",V,unknown,none,"observed electrical measurement, not a requested mapping target"
Michigan Expansion.zip,Michigan Expansion/MICH_02C_pouch_NMC_-5C_0-100_0.2-0.2C_cycle_data.csv,MICH_02C_pouch_NMC_-5C_0-100_0.2-0.2C_cycle_data.csv,schema_63d0cb98b657,Max_Voltage (V),max_voltage_v,6,float64,50,0,"[""4.2"", ""3.688"", ""3.596""]",V,unknown,none,"observed electrical measurement, not a requested mapping target"
Michigan Expansion.zip,Michigan Expansion/MICH_02C_pouch_NMC_-5C_0-100_0.2-0.2C_cycle_data.csv,MICH_02C_pouch_NMC_-5C_0-100_0.2-0.2C_cycle_data.csv,schema_63d0cb98b657,Charge_Capacity (Ah),charge_capacity_ah,7,float64,50,0,"[""4.316"", ""4.314"", ""4.31"", ""4.307"", ""4.306""]",Ah,charge_capacity,high,explicit charge capacity column
Michigan Expansion.zip,Michigan Expansion/MICH_02C_pouch_NMC_-5C_0-100_0.2-0.2C_cycle_data.csv,MICH_02C_pouch_NMC_-5C_0-100_0.2-0.2C_cycle_data.csv,schema_63d0cb98b657,Discharge_Capacity (Ah),discharge_capacity_ah,8,float64,50,0,"[""4.311"", ""4.307"", ""4.303"", ""4.304"", ""4.298""]",Ah,discharge_capacity,high,explicit discharge capacity column
Michigan Expansion.zip,Michigan Expansion/MICH_02C_pouch_NMC_-5C_0-100_0.2-0.2C_cycle_data.csv,MICH_02C_pouch_NMC_-5C_0-100_0.2-0.2C_cycle_data.csv,schema_63d0cb98b657,Charge_Energy (Wh),charge_energy_wh,9,float64,50,0,"[""16.564"", ""16.555"", ""16.539"", ""16.527"", ""16.523""]",Wh,charge_energy,high,explicit charge energy column
Michigan Expansion.zip,Michigan Expansion/MICH_02C_pouch_NMC_-5C_0-100_0.2-0.2C_cycle_data.csv,MICH_02C_pouch_NMC_-5C_0-100_0.2-0.2C_cycle_data.csv,schema_63d0cb98b657,Discharge_Energy (Wh),discharge_energy_wh,10,float64,50,0,"[""15.94"", ""15.926"", ""15.911"", ""15.915"", ""15.895""]",Wh,discharge_energy,high,explicit discharge energy column
Michigan Expansion.zip,Michigan Expansion/MICH_03H_pouch_NMC_45C_0-100_0.2-0.2C_cycle_data.csv,MICH_03H_pouch_NMC_45C_0-100_0.2-0.2C_cycle_data.csv,schema_63d0cb98b657,Cycle_Index,cycle_index,1,float64,50,0,"[""1.0"", ""2.0"", ""3.0"", ""4.0"", ""5.0""]",unknown,cycle_index,high,explicit cycle index/name
Michigan Expansion.zip,Michigan Expansion/MICH_03H_pouch_NMC_45C_0-100_0.2-0.2C_cycle_data.csv,MICH_03H_pouch_NMC_45C_0-100_0.2-0.2C_cycle_data.csv,schema_63d0cb98b657,Test_Time (s),test_time_s,2,float64,50,0,"[""70866.577"", ""106197.365"", ""141433.547"", ""171685.109"", ""206413.752""]",s,elapsed_time,high,explicit elapsed/test time column
Michigan Expansion.zip,Michigan Expansion/MICH_03H_pouch_NMC_45C_0-100_0.2-0.2C_cycle_data.csv,MICH_03H_pouch_NMC_45C_0-100_0.2-0.2C_cycle_data.csv,schema_63d0cb98b657,Min_Current (A),min_current_a,3,float64,50,0,"[""-1.0"", ""1.0""]",A,unknown,none,"observed electrical measurement, not a requested mapping target"
Michigan Expansion.zip,Michigan Expansion/MICH_03H_pouch_NMC_45C_0-100_0.2-0.2C_cycle_data.csv,MICH_03H_pouch_NMC_45C_0-100_0.2-0.2C_cycle_data.csv,schema_63d0cb98b657,Max_Current (A),max_current_a,4,float64,50,0,"[""1.001"", ""1.0""]",A,unknown,none,"observed electrical measurement, not a requested mapping target"
Michigan Expansion.zip,Michigan Expansion/MICH_03H_pouch_NMC_45C_0-100_0.2-0.2C_cycle_data.csv,MICH_03H_pouch_NMC_45C_0-100_0.2-0.2C_cycle_data.csv,schema_63d0cb98b657,Min_Voltage (V),min_voltage_v,5,float64,50,0,"[""3.0"", ""3.015"", ""3.016"", ""3.018"", ""3.019""]",V,unknown,none,"observed electrical measurement, not a requested mapping target"
Michigan Expansion.zip,Michigan Expansion/MICH_03H_pouch_NMC_45C_0-100_0.2-0.2C_cycle_data.csv,MICH_03H_pouch_NMC_45C_0-100_0.2-0.2C_cycle_data.csv,schema_63d0cb98b657,Max_Voltage (V),max_voltage_v,6,float64,50,0,"[""4.2"", ""3.903"", ""3.655""]",V,unknown,none,"observed electrical measurement, not a requested mapping target"
Michigan Expansion.zip,Michigan Expansion/MICH_03H_pouch_NMC_45C_0-100_0.2-0.2C_cycle_data.csv,MICH_03H_pouch_NMC_45C_0-100_0.2-0.2C_cycle_data.csv,schema_63d0cb98b657,Charge_Capacity (Ah),charge_capacity_ah,7,float64,50,0,"[""4.885"", ""4.865"", ""4.85"", ""4.838"", ""4.736""]",Ah,charge_capacity,high,explicit charge capacity column
Michigan Expansion.zip,Michigan Expansion/MICH_03H_pouch_NMC_45C_0-100_0.2-0.2C_cycle_data.csv,MICH_03H_pouch_NMC_45C_0-100_0.2-0.2C_cycle_data.csv,schema_63d0cb98b657,Discharge_Capacity (Ah),discharge_capacity_ah,8,float64,50,0,"[""4.851"", ""4.837"", ""4.826"", ""3.455"", ""4.787""]",Ah,discharge_capacity,high,explicit discharge capacity column
Michigan Expansion.zip,Michigan Expansion/MICH_03H_pouch_NMC_45C_0-100_0.2-0.2C_cycle_data.csv,MICH_03H_pouch_NMC_45C_0-100_0.2-0.2C_cycle_data.csv,schema_63d0cb98b657,Charge_Energy (Wh),charge_energy_wh,9,float64,50,0,"[""18.412"", ""18.337"", ""18.282"", ""18.238"", ""17.911""]",Wh,charge_energy,high,explicit charge energy column
Michigan Expansion.zip,Michigan Expansion/MICH_03H_pouch_NMC_45C_0-100_0.2-0.2C_cycle_data.csv,MICH_03H_pouch_NMC_45C_0-100_0.2-0.2C_cycle_data.csv,schema_63d0cb98b657,Discharge_Energy (Wh),discharge_energy_wh,10,float64,50,0,"[""18.085"", ""18.035"", ""17.992"", ""13.223"", ""17.848""]",Wh,discharge_energy,high,explicit discharge energy column
Michigan Expansion.zip,Michigan Expansion/MICH_04R_pouch_NMC_25C_0-100_1.5-1.5C_cycle_data.csv,MICH_04R_pouch_NMC_25C_0-100_1.5-1.5C_cycle_data.csv,schema_63d0cb98b657,Cycle_Index,cycle_index,1,float64,50,0,"[""1.0"", ""2.0"", ""3.0"", ""4.0"", ""5.0""]",unknown,cycle_index,high,explicit cycle index/name
Michigan Expansion.zip,Michigan Expansion/MICH_04R_pouch_NMC_25C_0-100_1.5-1.5C_cycle_data.csv,MICH_04R_pouch_NMC_25C_0-100_1.5-1.5C_cycle_data.csv,schema_63d0cb98b657,Test_Time (s),test_time_s,2,float64,50,0,"[""11398.201"", ""16985.135"", ""22557.757"", ""28123.365"", ""33675.372""]",s,elapsed_time,high,explicit elapsed/test time column
Michigan Expansion.zip,Michigan Expansion/MICH_04R_pouch_NMC_25C_0-100_1.5-1.5C_cycle_data.csv,MICH_04R_pouch_NMC_25C_0-100_1.5-1.5C_cycle_data.csv,schema_63d0cb98b657,Min_Current (A),min_current_a,3,float64,50,0,"[""-7.498"", ""-7.499"", ""-7.5""]",A,unknown,none,"observed electrical measurement, not a requested mapping target"
Michigan Expansion.zip,Michigan Expansion/MICH_04R_pouch_NMC_25C_0-100_1.5-1.5C_cycle_data.csv,MICH_04R_pouch_NMC_25C_0-100_1.5-1.5C_cycle_data.csv,schema_63d0cb98b657,Max_Current (A),max_current_a,4,float64,50,0,"[""7.501"", ""7.504"", ""7.502""]",A,unknown,none,"observed electrical measurement, not a requested mapping target"
Michigan Expansion.zip,Michigan Expansion/MICH_04R_pouch_NMC_25C_0-100_1.5-1.5C_cycle_data.csv,MICH_04R_pouch_NMC_25C_0-100_1.5-1.5C_cycle_data.csv,schema_63d0cb98b657,Min_Voltage (V),min_voltage_v,5,float64,50,0,"[""3.0""]",V,unknown,none,"observed electrical measurement, not a requested mapping target"
Michigan Expansion.zip,Michigan Expansion/MICH_04R_pouch_NMC_25C_0-100_1.5-1.5C_cycle_data.csv,MICH_04R_pouch_NMC_25C_0-100_1.5-1.5C_cycle_data.csv,schema_63d0cb98b657,Max_Voltage (V),max_voltage_v,6,float64,50,0,"[""4.2""]",V,unknown,none,"observed electrical measurement, not a requested mapping target"
Michigan Expansion.zip,Michigan Expansion/MICH_04R_pouch_NMC_25C_0-100_1.5-1.5C_cycle_data.csv,MICH_04R_pouch_NMC_25C_0-100_1.5-1.5C_cycle_data.csv,schema_63d0cb98b657,Charge_Capacity (Ah),charge_capacity_ah,7,float64,50,0,"[""4.65"", ""4.649"", ""4.643"", ""4.639"", ""4.63""]",Ah,charge_capacity,high,explicit charge capacity column
Michigan Expansion.zip,Michigan Expansion/MICH_04R_pouch_NMC_25C_0-100_1.5-1.5C_cycle_data.csv,MICH_04R_pouch_NMC_25C_0-100_1.5-1.5C_cycle_data.csv,schema_63d0cb98b657,Discharge_Capacity (Ah),discharge_capacity_ah,8,float64,50,0,"[""4.629"", ""4.624"", ""4.62"", ""4.611"", ""4.602""]",Ah,discharge_capacity,high,explicit discharge capacity column
Michigan Expansion.zip,Michigan Expansion/MICH_04R_pouch_NMC_25C_0-100_1.5-1.5C_cycle_data.csv,MICH_04R_pouch_NMC_25C_0-100_1.5-1.5C_cycle_data.csv,schema_63d0cb98b657,Charge_Energy (Wh),charge_energy_wh,9,float64,50,0,"[""18.01"", ""17.999"", ""17.975"", ""17.956"", ""17.924""]",Wh,charge_energy,high,explicit charge energy column
Michigan Expansion.zip,Michigan Expansion/MICH_04R_pouch_NMC_25C_0-100_1.5-1.5C_cycle_data.csv,MICH_04R_pouch_NMC_25C_0-100_1.5-1.5C_cycle_data.csv,schema_63d0cb98b657,Discharge_Energy (Wh),discharge_energy_wh,10,float64,50,0,"[""16.879"", ""16.862"", ""16.848"", ""16.818"", ""16.782""]",Wh,discharge_energy,high,explicit discharge energy column
Michigan Expansion.zip,Michigan Expansion/MICH_05C_pouch_NMC_-5C_0-100_1.5-1.5C_cycle_data.csv,MICH_05C_pouch_NMC_-5C_0-100_1.5-1.5C_cycle_data.csv,schema_63d0cb98b657,Cycle_Index,cycle_index,1,float64,50,0,"[""1.0"", ""2.0"", ""3.0"", ""4.0"", ""5.0""]",unknown,cycle_index,high,explicit cycle index/name
Michigan Expansion.zip,Michigan Expansion/MICH_05C_pouch_NMC_-5C_0-100_1.5-1.5C_cycle_data.csv,MICH_05C_pouch_NMC_-5C_0-100_1.5-1.5C_cycle_data.csv,schema_63d0cb98b657,Test_Time (s),test_time_s,2,float64,50,0,"[""9360.01"", ""15964.005"", ""22516.785"", ""29071.337"", ""35611.75""]",s,elapsed_time,high,explicit elapsed/test time column
Michigan Expansion.zip,Michigan Expansion/MICH_05C_pouch_NMC_-5C_0-100_1.5-1.5C_cycle_data.csv,MICH_05C_pouch_NMC_-5C_0-100_1.5-1.5C_cycle_data.csv,schema_63d0cb98b657,Min_Current (A),min_current_a,3,float64,50,0,"[""-7.499"", ""-7.5"", ""-7.498""]",A,unknown,none,"observed electrical measurement, not a requested mapping target"
Michigan Expansion.zip,Michigan Expansion/MICH_05C_pouch_NMC_-5C_0-100_1.5-1.5C_cycle_data.csv,MICH_05C_pouch_NMC_-5C_0-100_1.5-1.5C_cycle_data.csv,schema_63d0cb98b657,Max_Current (A),max_current_a,4,float64,50,0,"[""7.501""]",A,unknown,none,"observed electrical measurement, not a requested mapping target"
Michigan Expansion.zip,Michigan Expansion/MICH_05C_pouch_NMC_-5C_0-100_1.5-1.5C_cycle_data.csv,MICH_05C_pouch_NMC_-5C_0-100_1.5-1.5C_cycle_data.csv,schema_63d0cb98b657,Min_Voltage (V),min_voltage_v,5,float64,50,0,"[""3.0""]",V,unknown,none,"observed electrical measurement, not a requested mapping target"
Michigan Expansion.zip,Michigan Expansion/MICH_05C_pouch_NMC_-5C_0-100_1.5-1.5C_cycle_data.csv,MICH_05C_pouch_NMC_-5C_0-100_1.5-1.5C_cycle_data.csv,schema_63d0cb98b657,Max_Voltage (V),max_voltage_v,6,float64,50,0,"[""4.2""]",V,unknown,none,"observed electrical measurement, not a requested mapping target"
Michigan Expansion.zip,Michigan Expansion/MICH_05C_pouch_NMC_-5C_0-100_1.5-1.5C_cycle_data.csv,MICH_05C_pouch_NMC_-5C_0-100_1.5-1.5C_cycle_data.csv,schema_63d0cb98b657,Charge_Capacity (Ah),charge_capacity_ah,7,float64,50,0,"[""3.714"", ""3.689"", ""3.684"", ""3.679"", ""3.675""]",Ah,charge_capacity,high,explicit charge capacity column
Michigan Expansion.zip,Michigan Expansion/MICH_05C_pouch_NMC_-5C_0-100_1.5-1.5C_cycle_data.csv,MICH_05C_pouch_NMC_-5C_0-100_1.5-1.5C_cycle_data.csv,schema_63d0cb98b657,Discharge_Capacity (Ah),discharge_capacity_ah,8,float64,50,0,"[""3.673"", ""3.666"", ""3.664"", ""3.659"", ""3.668""]",Ah,discharge_capacity,high,explicit discharge capacity column
Michigan Expansion.zip,Michigan Expansion/MICH_05C_pouch_NMC_-5C_0-100_1.5-1.5C_cycle_data.csv,MICH_05C_pouch_NMC_-5C_0-100_1.5-1.5C_cycle_data.csv,schema_63d0cb98b657,Charge_Energy (Wh),charge_energy_wh,9,float64,50,0,"[""14.914"", ""14.815"", ""14.795"", ""14.774"", ""14.757""]",Wh,charge_energy,high,explicit charge energy column
Michigan Expansion.zip,Michigan Expansion/MICH_05C_pouch_NMC_-5C_0-100_1.5-1.5C_cycle_data.csv,MICH_05C_pouch_NMC_-5C_0-100_1.5-1.5C_cycle_data.csv,schema_63d0cb98b657,Discharge_Energy (Wh),discharge_energy_wh,10,float64,50,0,"[""12.96"", ""12.938"", ""12.935"", ""12.915"", ""12.947""]",Wh,discharge_energy,high,explicit discharge energy column
Michigan Expansion.zip,Michigan Expansion/MICH_06H_pouch_NMC_45C_0-100_1.5-1.5C_cycle_data.csv,MICH_06H_pouch_NMC_45C_0-100_1.5-1.5C_cycle_data.csv,schema_63d0cb98b657,Cycle_Index,cycle_index,1,float64,50,0,"[""1.0"", ""2.0"", ""3.0"", ""4.0"", ""5.0""]",unknown,cycle_index,high,explicit cycle index/name
Michigan Expansion.zip,Michigan Expansion/MICH_06H_pouch_NMC_45C_0-100_1.5-1.5C_cycle_data.csv,MICH_06H_pouch_NMC_45C_0-100_1.5-1.5C_cycle_data.csv,schema_63d0cb98b657,Test_Time (s),test_time_s,2,float64,50,0,"[""11062.699"", ""16537.949"", ""22001.017"", ""27448.947"", ""32891.472""]",s,elapsed_time,high,explicit elapsed/test time column
Michigan Expansion.zip,Michigan Expansion/MICH_06H_pouch_NMC_45C_0-100_1.5-1.5C_cycle_data.csv,MICH_06H_pouch_NMC_45C_0-100_1.5-1.5C_cycle_data.csv,schema_63d0cb98b657,Min_Current (A),min_current_a,3,float64,50,0,"[""-7.499"", ""-7.498"", ""-7.5""]",A,unknown,none,"observed electrical measurement, not a requested mapping target"
Michigan Expansion.zip,Michigan Expansion/MICH_06H_pouch_NMC_45C_0-100_1.5-1.5C_cycle_data.csv,MICH_06H_pouch_NMC_45C_0-100_1.5-1.5C_cycle_data.csv,schema_63d0cb98b657,Max_Current (A),max_current_a,4,float64,50,0,"[""7.501"", ""7.502""]",A,unknown,none,"observed electrical measurement, not a requested mapping target"
Michigan Expansion.zip,Michigan Expansion/MICH_06H_pouch_NMC_45C_0-100_1.5-1.5C_cycle_data.csv,MICH_06H_pouch_NMC_45C_0-100_1.5-1.5C_cycle_data.csv,schema_63d0cb98b657,Min_Voltage (V),min_voltage_v,5,float64,50,0,"[""3.0""]",V,unknown,none,"observed electrical measurement, not a requested mapping target"
Michigan Expansion.zip,Michigan Expansion/MICH_06H_pouch_NMC_45C_0-100_1.5-1.5C_cycle_data.csv,MICH_06H_pouch_NMC_45C_0-100_1.5-1.5C_cycle_data.csv,schema_63d0cb98b657,Max_Voltage (V),max_voltage_v,6,float64,50,0,"[""4.2""]",V,unknown,none,"observed electrical measurement, not a requested mapping target"
Michigan Expansion.zip,Michigan Expansion/MICH_06H_pouch_NMC_45C_0-100_1.5-1.5C_cycle_data.csv,MICH_06H_pouch_NMC_45C_0-100_1.5-1.5C_cycle_data.csv,schema_63d0cb98b657,Charge_Capacity (Ah),charge_capacity_ah,7,float64,50,0,"[""4.876"", ""4.856"", ""4.842"", ""4.831"", ""4.821""]",Ah,charge_capacity,high,explicit charge capacity column
Michigan Expansion.zip,Michigan Expansion/MICH_06H_pouch_NMC_45C_0-100_1.5-1.5C_cycle_data.csv,MICH_06H_pouch_NMC_45C_0-100_1.5-1.5C_cycle_data.csv,schema_63d0cb98b657,Discharge_Capacity (Ah),discharge_capacity_ah,8,float64,50,0,"[""4.834"", ""4.82"", ""4.81"", ""4.8"", ""4.791""]",Ah,discharge_capacity,high,explicit discharge capacity column
Michigan Expansion.zip,Michigan Expansion/MICH_06H_pouch_NMC_45C_0-100_1.5-1.5C_cycle_data.csv,MICH_06H_pouch_NMC_45C_0-100_1.5-1.5C_cycle_data.csv,schema_63d0cb98b657,Charge_Energy (Wh),charge_energy_wh,9,float64,50,0,"[""18.711"", ""18.639"", ""18.589"", ""18.549"", ""18.514""]",Wh,charge_energy,high,explicit charge energy column
Michigan Expansion.zip,Michigan Expansion/MICH_06H_pouch_NMC_45C_0-100_1.5-1.5C_cycle_data.csv,MICH_06H_pouch_NMC_45C_0-100_1.5-1.5C_cycle_data.csv,schema_63d0cb98b657,Discharge_Energy (Wh),discharge_energy_wh,10,float64,50,0,"[""17.702"", ""17.65"", ""17.612"", ""17.573"", ""17.54""]",Wh,discharge_energy,high,explicit discharge energy column
Michigan Expansion.zip,Michigan Expansion/MICH_07R_pouch_NMC_25C_0-100_2-2C_cycle_data.csv,MICH_07R_pouch_NMC_25C_0-100_2-2C_cycle_data.csv,schema_63d0cb98b657,Cycle_Index,cycle_index,1,float64,50,0,"[""1.0"", ""2.0"", ""3.0"", ""4.0"", ""5.0""]",unknown,cycle_index,high,explicit cycle index/name
Michigan Expansion.zip,Michigan Expansion/MICH_07R_pouch_NMC_25C_0-100_2-2C_cycle_data.csv,MICH_07R_pouch_NMC_25C_0-100_2-2C_cycle_data.csv,schema_63d0cb98b657,Test_Time (s),test_time_s,2,float64,50,0,"[""9258.01"", ""13756.449"", ""18242.945"", ""22717.025"", ""27176.387""]",s,elapsed_time,high,explicit elapsed/test time column
Michigan Expansion.zip,Michigan Expansion/MICH_07R_pouch_NMC_25C_0-100_2-2C_cycle_data.csv,MICH_07R_pouch_NMC_25C_0-100_2-2C_cycle_data.csv,schema_63d0cb98b657,Min_Current (A),min_current_a,3,float64,50,0,"[""-9.997"", ""-9.998"", ""-10.002"", ""-10.004"", ""-10.0""]",A,unknown,none,"observed electrical measurement, not a requested mapping target"
Michigan Expansion.zip,Michigan Expansion/MICH_07R_pouch_NMC_25C_0-100_2-2C_cycle_data.csv,MICH_07R_pouch_NMC_25C_0-100_2-2C_cycle_data.csv,schema_63d0cb98b657,Max_Current (A),max_current_a,4,float64,50,0,"[""10.003"", ""10.004"", ""10.005"", ""10.023""]",A,unknown,none,"observed electrical measurement, not a requested mapping target"
Michigan Expansion.zip,Michigan Expansion/MICH_07R_pouch_NMC_25C_0-100_2-2C_cycle_data.csv,MICH_07R_pouch_NMC_25C_0-100_2-2C_cycle_data.csv,schema_63d0cb98b657,Min_Voltage (V),min_voltage_v,5,float64,50,0,"[""3.0""]",V,unknown,none,"observed electrical measurement, not a requested mapping target"
Michigan Expansion.zip,Michigan Expansion/MICH_07R_pouch_NMC_25C_0-100_2-2C_cycle_data.csv,MICH_07R_pouch_NMC_25C_0-100_2-2C_cycle_data.csv,schema_63d0cb98b657,Max_Voltage (V),max_voltage_v,6,float64,50,0,"[""4.2""]",V,unknown,none,"observed electrical measurement, not a requested mapping target"
Michigan Expansion.zip,Michigan Expansion/MICH_07R_pouch_NMC_25C_0-100_2-2C_cycle_data.csv,MICH_07R_pouch_NMC_25C_0-100_2-2C_cycle_data.csv,schema_63d0cb98b657,Charge_Capacity (Ah),charge_capacity_ah,7,float64,50,0,"[""4.612"", ""4.616"", ""4.613"", ""4.608"", ""4.602""]",Ah,charge_capacity,high,explicit charge capacity column
Michigan Expansion.zip,Michigan Expansion/MICH_07R_pouch_NMC_25C_0-100_2-2C_cycle_data.csv,MICH_07R_pouch_NMC_25C_0-100_2-2C_cycle_data.csv,schema_63d0cb98b657,Discharge_Capacity (Ah),discharge_capacity_ah,8,float64,50,0,"[""4.597"", ""4.592"", ""4.588"", ""4.583"", ""4.577""]",Ah,discharge_capacity,high,explicit discharge capacity column
Michigan Expansion.zip,Michigan Expansion/MICH_07R_pouch_NMC_25C_0-100_2-2C_cycle_data.csv,MICH_07R_pouch_NMC_25C_0-100_2-2C_cycle_data.csv,schema_63d0cb98b657,Charge_Energy (Wh),charge_energy_wh,9,float64,50,0,"[""17.992"", ""17.996"", ""17.978"", ""17.958"", ""17.937""]",Wh,charge_energy,high,explicit charge energy column
Michigan Expansion.zip,Michigan Expansion/MICH_07R_pouch_NMC_25C_0-100_2-2C_cycle_data.csv,MICH_07R_pouch_NMC_25C_0-100_2-2C_cycle_data.csv,schema_63d0cb98b657,Discharge_Energy (Wh),discharge_energy_wh,10,float64,50,0,"[""16.64"", ""16.628"", ""16.616"", ""16.596"", ""16.575""]",Wh,discharge_energy,high,explicit discharge energy column
Michigan Expansion.zip,Michigan Expansion/MICH_08C_pouch_NMC_-5C_0-100_2-2C_cycle_data.csv,MICH_08C_pouch_NMC_-5C_0-100_2-2C_cycle_data.csv,schema_63d0cb98b657,Cycle_Index,cycle_index,1,float64,50,0,"[""1.0"", ""2.0"", ""3.0"", ""4.0"", ""5.0""]",unknown,cycle_index,high,explicit cycle index/name
Michigan Expansion.zip,Michigan Expansion/MICH_08C_pouch_NMC_-5C_0-100_2-2C_cycle_data.csv,MICH_08C_pouch_NMC_-5C_0-100_2-2C_cycle_data.csv,schema_63d0cb98b657,Test_Time (s),test_time_s,2,float64,50,0,"[""7735.42"", ""13234.439"", ""18694.001"", ""24116.851"", ""29526.351""]",s,elapsed_time,high,explicit elapsed/test time column
Michigan Expansion.zip,Michigan Expansion/MICH_08C_pouch_NMC_-5C_0-100_2-2C_cycle_data.csv,MICH_08C_pouch_NMC_-5C_0-100_2-2C_cycle_data.csv,schema_63d0cb98b657,Min_Current (A),min_current_a,3,float64,50,0,"[""-9.998"", ""-9.997""]",A,unknown,none,"observed electrical measurement, not a requested mapping target"
Michigan Expansion.zip,Michigan Expansion/MICH_08C_pouch_NMC_-5C_0-100_2-2C_cycle_data.csv,MICH_08C_pouch_NMC_-5C_0-100_2-2C_cycle_data.csv,schema_63d0cb98b657,Max_Current (A),max_current_a,4,float64,50,0,"[""10.003"", ""10.002"", ""10.004""]",A,unknown,none,"observed electrical measurement, not a requested mapping target"
Michigan Expansion.zip,Michigan Expansion/MICH_08C_pouch_NMC_-5C_0-100_2-2C_cycle_data.csv,MICH_08C_pouch_NMC_-5C_0-100_2-2C_cycle_data.csv,schema_63d0cb98b657,Min_Voltage (V),min_voltage_v,5,float64,50,0,"[""3.0""]",V,unknown,none,"observed electrical measurement, not a requested mapping target"
Michigan Expansion.zip,Michigan Expansion/MICH_08C_pouch_NMC_-5C_0-100_2-2C_cycle_data.csv,MICH_08C_pouch_NMC_-5C_0-100_2-2C_cycle_data.csv,schema_63d0cb98b657,Max_Voltage (V),max_voltage_v,6,float64,50,0,"[""4.2""]",V,unknown,none,"observed electrical measurement, not a requested mapping target"
Michigan Expansion.zip,Michigan Expansion/MICH_08C_pouch_NMC_-5C_0-100_2-2C_cycle_data.csv,MICH_08C_pouch_NMC_-5C_0-100_2-2C_cycle_data.csv,schema_63d0cb98b657,Charge_Capacity (Ah),charge_capacity_ah,7,float64,50,0,"[""3.501"", ""3.479"", ""3.47"", ""3.465"", ""3.458""]",Ah,charge_capacity,high,explicit charge capacity column
Michigan Expansion.zip,Michigan Expansion/MICH_08C_pouch_NMC_-5C_0-100_2-2C_cycle_data.csv,MICH_08C_pouch_NMC_-5C_0-100_2-2C_cycle_data.csv,schema_63d0cb98b657,Discharge_Capacity (Ah),discharge_capacity_ah,8,float64,50,0,"[""3.462"", ""3.452"", ""3.447"", ""3.441"", ""3.437""]",Ah,discharge_capacity,high,explicit discharge capacity column
Michigan Expansion.zip,Michigan Expansion/MICH_08C_pouch_NMC_-5C_0-100_2-2C_cycle_data.csv,MICH_08C_pouch_NMC_-5C_0-100_2-2C_cycle_data.csv,schema_63d0cb98b657,Charge_Energy (Wh),charge_energy_wh,9,float64,50,0,"[""14.189"", ""14.097"", ""14.056"", ""14.035"", ""14.009""]",Wh,charge_energy,high,explicit charge energy column
Michigan Expansion.zip,Michigan Expansion/MICH_08C_pouch_NMC_-5C_0-100_2-2C_cycle_data.csv,MICH_08C_pouch_NMC_-5C_0-100_2-2C_cycle_data.csv,schema_63d0cb98b657,Discharge_Energy (Wh),discharge_energy_wh,10,float64,50,0,"[""12.037"", ""12.006"", ""11.989"", ""11.966"", ""11.957""]",Wh,discharge_energy,high,explicit discharge energy column
Michigan Expansion.zip,Michigan Expansion/MICH_09H_pouch_NMC_45C_0-100_2-2C_cycle_data.csv,MICH_09H_pouch_NMC_45C_0-100_2-2C_cycle_data.csv,schema_63d0cb98b657,Cycle_Index,cycle_index,1,float64,50,0,"[""1.0"", ""2.0"", ""3.0"", ""4.0"", ""5.0""]",unknown,cycle_index,high,explicit cycle index/name
Michigan Expansion.zip,Michigan Expansion/MICH_09H_pouch_NMC_45C_0-100_2-2C_cycle_data.csv,MICH_09H_pouch_NMC_45C_0-100_2-2C_cycle_data.csv,schema_63d0cb98b657,Test_Time (s),test_time_s,2,float64,50,0,"[""8485.098"", ""12802.971"", ""17084.697"", ""21368.023"", ""25641.897""]",s,elapsed_time,high,explicit elapsed/test time column
Michigan Expansion.zip,Michigan Expansion/MICH_09H_pouch_NMC_45C_0-100_2-2C_cycle_data.csv,MICH_09H_pouch_NMC_45C_0-100_2-2C_cycle_data.csv,schema_63d0cb98b657,Min_Current (A),min_current_a,3,float64,50,0,"[""-9.997"", ""-9.996"", ""-9.998""]",A,unknown,none,"observed electrical measurement, not a requested mapping target"
Michigan Expansion.zip,Michigan Expansion/MICH_09H_pouch_NMC_45C_0-100_2-2C_cycle_data.csv,MICH_09H_pouch_NMC_45C_0-100_2-2C_cycle_data.csv,schema_63d0cb98b657,Max_Current (A),max_current_a,4,float64,50,0,"[""10.004"", ""10.005"", ""10.007"", ""10.012"", ""10.013""]",A,unknown,none,"observed electrical measurement, not a requested mapping target"
Michigan Expansion.zip,Michigan Expansion/MICH_09H_pouch_NMC_45C_0-100_2-2C_cycle_data.csv,MICH_09H_pouch_NMC_45C_0-100_2-2C_cycle_data.csv,schema_63d0cb98b657,Min_Voltage (V),min_voltage_v,5,float64,50,0,"[""3.0""]",V,unknown,none,"observed electrical measurement, not a requested mapping target"
Michigan Expansion.zip,Michigan Expansion/MICH_09H_pouch_NMC_45C_0-100_2-2C_cycle_data.csv,MICH_09H_pouch_NMC_45C_0-100_2-2C_cycle_data.csv,schema_63d0cb98b657,Max_Voltage (V),max_voltage_v,6,float64,50,0,"[""4.2""]",V,unknown,none,"observed electrical measurement, not a requested mapping target"
Michigan Expansion.zip,Michigan Expansion/MICH_09H_pouch_NMC_45C_0-100_2-2C_cycle_data.csv,MICH_09H_pouch_NMC_45C_0-100_2-2C_cycle_data.csv,schema_63d0cb98b657,Charge_Capacity (Ah),charge_capacity_ah,7,float64,50,0,"[""4.847"", ""4.832"", ""4.819"", ""4.809"", ""4.799""]",Ah,charge_capacity,high,explicit charge capacity column
Michigan Expansion.zip,Michigan Expansion/MICH_09H_pouch_NMC_45C_0-100_2-2C_cycle_data.csv,MICH_09H_pouch_NMC_45C_0-100_2-2C_cycle_data.csv,schema_63d0cb98b657,Discharge_Capacity (Ah),discharge_capacity_ah,8,float64,50,0,"[""4.809"", ""4.797"", ""4.786"", ""4.777"", ""4.768""]",Ah,discharge_capacity,high,explicit discharge capacity column
Michigan Expansion.zip,Michigan Expansion/MICH_09H_pouch_NMC_45C_0-100_2-2C_cycle_data.csv,MICH_09H_pouch_NMC_45C_0-100_2-2C_cycle_data.csv,schema_63d0cb98b657,Charge_Energy (Wh),charge_energy_wh,9,float64,50,0,"[""18.719"", ""18.661"", ""18.614"", ""18.578"", ""18.543""]",Wh,charge_energy,high,explicit charge energy column
Michigan Expansion.zip,Michigan Expansion/MICH_09H_pouch_NMC_45C_0-100_2-2C_cycle_data.csv,MICH_09H_pouch_NMC_45C_0-100_2-2C_cycle_data.csv,schema_63d0cb98b657,Discharge_Energy (Wh),discharge_energy_wh,10,float64,50,0,"[""17.501"", ""17.458"", ""17.415"", ""17.383"", ""17.346""]",Wh,discharge_energy,high,explicit discharge energy column
Michigan Expansion.zip,Michigan Expansion/MICH_10R_pouch_NMC_25C_0-100_0.2-1.5C_cycle_data.csv,MICH_10R_pouch_NMC_25C_0-100_0.2-1.5C_cycle_data.csv,schema_63d0cb98b657,Cycle_Index,cycle_index,1,float64,50,0,"[""1.0"", ""2.0"", ""3.0"", ""4.0"", ""5.0""]",unknown,cycle_index,high,explicit cycle index/name
Michigan Expansion.zip,Michigan Expansion/MICH_10R_pouch_NMC_25C_0-100_0.2-1.5C_cycle_data.csv,MICH_10R_pouch_NMC_25C_0-100_0.2-1.5C_cycle_data.csv,schema_63d0cb98b657,Test_Time (s),test_time_s,2,float64,50,0,"[""39402.602"", ""58616.039"", ""77713.434"", ""96768.707"", ""115919.278""]",s,elapsed_time,high,explicit elapsed/test time column
Michigan Expansion.zip,Michigan Expansion/MICH_10R_pouch_NMC_25C_0-100_0.2-1.5C_cycle_data.csv,MICH_10R_pouch_NMC_25C_0-100_0.2-1.5C_cycle_data.csv,schema_63d0cb98b657,Min_Current (A),min_current_a,3,float64,50,0,"[""-7.501"", ""-7.5"", ""-7.504"", ""-7.502"", ""-7.509""]",A,unknown,none,"observed electrical measurement, not a requested mapping target"
Michigan Expansion.zip,Michigan Expansion/MICH_10R_pouch_NMC_25C_0-100_0.2-1.5C_cycle_data.csv,MICH_10R_pouch_NMC_25C_0-100_0.2-1.5C_cycle_data.csv,schema_63d0cb98b657,Max_Current (A),max_current_a,4,float64,50,0,"[""1.002"", ""1.006"", ""1.001"", ""1.0"", ""1.003""]",A,unknown,none,"observed electrical measurement, not a requested mapping target"
Michigan Expansion.zip,Michigan Expansion/MICH_10R_pouch_NMC_25C_0-100_0.2-1.5C_cycle_data.csv,MICH_10R_pouch_NMC_25C_0-100_0.2-1.5C_cycle_data.csv,schema_63d0cb98b657,Min_Voltage (V),min_voltage_v,5,float64,50,0,"[""3.0""]",V,unknown,none,"observed electrical measurement, not a requested mapping target"
Michigan Expansion.zip,Michigan Expansion/MICH_10R_pouch_NMC_25C_0-100_0.2-1.5C_cycle_data.csv,MICH_10R_pouch_NMC_25C_0-100_0.2-1.5C_cycle_data.csv,schema_63d0cb98b657,Max_Voltage (V),max_voltage_v,6,float64,50,0,"[""4.2""]",V,unknown,none,"observed electrical measurement, not a requested mapping target"
Michigan Expansion.zip,Michigan Expansion/MICH_10R_pouch_NMC_25C_0-100_0.2-1.5C_cycle_data.csv,MICH_10R_pouch_NMC_25C_0-100_0.2-1.5C_cycle_data.csv,schema_63d0cb98b657,Charge_Capacity (Ah),charge_capacity_ah,7,float64,50,0,"[""4.582"", ""4.547"", ""4.517"", ""4.508"", ""4.541""]",Ah,charge_capacity,high,explicit charge capacity column
Michigan Expansion.zip,Michigan Expansion/MICH_10R_pouch_NMC_25C_0-100_0.2-1.5C_cycle_data.csv,MICH_10R_pouch_NMC_25C_0-100_0.2-1.5C_cycle_data.csv,schema_63d0cb98b657,Discharge_Capacity (Ah),discharge_capacity_ah,8,float64,50,0,"[""4.54"", ""4.51"", ""4.495"", ""4.53"", ""4.546""]",Ah,discharge_capacity,high,explicit discharge capacity column
Michigan Expansion.zip,Michigan Expansion/MICH_10R_pouch_NMC_25C_0-100_0.2-1.5C_cycle_data.csv,MICH_10R_pouch_NMC_25C_0-100_0.2-1.5C_cycle_data.csv,schema_63d0cb98b657,Charge_Energy (Wh),charge_energy_wh,9,float64,50,0,"[""17.393"", ""17.268"", ""17.163"", ""17.131"", ""17.245""]",Wh,charge_energy,high,explicit charge energy column
Michigan Expansion.zip,Michigan Expansion/MICH_10R_pouch_NMC_25C_0-100_0.2-1.5C_cycle_data.csv,MICH_10R_pouch_NMC_25C_0-100_0.2-1.5C_cycle_data.csv,schema_63d0cb98b657,Discharge_Energy (Wh),discharge_energy_wh,10,float64,50,0,"[""16.526"", ""16.405"", ""16.345"", ""16.488"", ""16.556""]",Wh,discharge_energy,high,explicit discharge energy column
Michigan Expansion.zip,Michigan Expansion/MICH_11C_pouch_NMC_-5C_0-100_0.2-1.5C_cycle_data.csv,MICH_11C_pouch_NMC_-5C_0-100_0.2-1.5C_cycle_data.csv,schema_63d0cb98b657,Cycle_Index,cycle_index,1,float64,50,0,"[""1.0"", ""2.0"", ""3.0"", ""4.0"", ""5.0""]",unknown,cycle_index,high,explicit cycle index/name
Michigan Expansion.zip,Michigan Expansion/MICH_11C_pouch_NMC_-5C_0-100_0.2-1.5C_cycle_data.csv,MICH_11C_pouch_NMC_-5C_0-100_0.2-1.5C_cycle_data.csv,schema_63d0cb98b657,Test_Time (s),test_time_s,2,float64,50,0,"[""19328.353"", ""35934.224"", ""52497.386"", ""69057.677"", ""85573.188""]",s,elapsed_time,high,explicit elapsed/test time column
Michigan Expansion.zip,Michigan Expansion/MICH_11C_pouch_NMC_-5C_0-100_0.2-1.5C_cycle_data.csv,MICH_11C_pouch_NMC_-5C_0-100_0.2-1.5C_cycle_data.csv,schema_63d0cb98b657,Min_Current (A),min_current_a,3,float64,50,0,"[""-7.501"", ""-7.502"", ""-7.5"", ""-7.499"", ""1.0""]",A,unknown,none,"observed electrical measurement, not a requested mapping target"
Michigan Expansion.zip,Michigan Expansion/MICH_11C_pouch_NMC_-5C_0-100_0.2-1.5C_cycle_data.csv,MICH_11C_pouch_NMC_-5C_0-100_0.2-1.5C_cycle_data.csv,schema_63d0cb98b657,Max_Current (A),max_current_a,4,float64,50,0,"[""1.002"", ""1.001"", ""1.0""]",A,unknown,none,"observed electrical measurement, not a requested mapping target"
Michigan Expansion.zip,Michigan Expansion/MICH_11C_pouch_NMC_-5C_0-100_0.2-1.5C_cycle_data.csv,MICH_11C_pouch_NMC_-5C_0-100_0.2-1.5C_cycle_data.csv,schema_63d0cb98b657,Min_Voltage (V),min_voltage_v,5,float64,50,0,"[""3.0"", ""3.447""]",V,unknown,none,"observed electrical measurement, not a requested mapping target"
Michigan Expansion.zip,Michigan Expansion/MICH_11C_pouch_NMC_-5C_0-100_0.2-1.5C_cycle_data.csv,MICH_11C_pouch_NMC_-5C_0-100_0.2-1.5C_cycle_data.csv,schema_63d0cb98b657,Max_Voltage (V),max_voltage_v,6,float64,50,0,"[""4.2"", ""3.728""]",V,unknown,none,"observed electrical measurement, not a requested mapping target"
Michigan Expansion.zip,Michigan Expansion/MICH_11C_pouch_NMC_-5C_0-100_0.2-1.5C_cycle_data.csv,MICH_11C_pouch_NMC_-5C_0-100_0.2-1.5C_cycle_data.csv,schema_63d0cb98b657,Charge_Capacity (Ah),charge_capacity_ah,7,float64,50,0,"[""3.658"", ""3.646"", ""3.642"", ""3.641"", ""3.636""]",Ah,charge_capacity,high,explicit charge capacity column
Michigan Expansion.zip,Michigan Expansion/MICH_11C_pouch_NMC_-5C_0-100_0.2-1.5C_cycle_data.csv,MICH_11C_pouch_NMC_-5C_0-100_0.2-1.5C_cycle_data.csv,schema_63d0cb98b657,Discharge_Capacity (Ah),discharge_capacity_ah,8,float64,50,0,"[""3.639"", ""3.634"", ""3.629"", ""3.621"", ""3.619""]",Ah,discharge_capacity,high,explicit discharge capacity column
Michigan Expansion.zip,Michigan Expansion/MICH_11C_pouch_NMC_-5C_0-100_0.2-1.5C_cycle_data.csv,MICH_11C_pouch_NMC_-5C_0-100_0.2-1.5C_cycle_data.csv,schema_63d0cb98b657,Charge_Energy (Wh),charge_energy_wh,9,float64,50,0,"[""14.156"", ""14.111"", ""14.094"", ""14.09"", ""14.071""]",Wh,charge_energy,high,explicit charge energy column
Michigan Expansion.zip,Michigan Expansion/MICH_11C_pouch_NMC_-5C_0-100_0.2-1.5C_cycle_data.csv,MICH_11C_pouch_NMC_-5C_0-100_0.2-1.5C_cycle_data.csv,schema_63d0cb98b657,Discharge_Energy (Wh),discharge_energy_wh,10,float64,50,0,"[""12.821"", ""12.805"", ""12.807"", ""12.789"", ""12.758""]",Wh,discharge_energy,high,explicit discharge energy column
Michigan Expansion.zip,Michigan Expansion/MICH_12H_pouch_NMC_45C_0-100_0.2-1.5C_cycle_data.csv,MICH_12H_pouch_NMC_45C_0-100_0.2-1.5C_cycle_data.csv,schema_63d0cb98b657,Cycle_Index,cycle_index,1,float64,50,0,"[""1.0"", ""2.0"", ""3.0"", ""4.0"", ""5.0""]",unknown,cycle_index,high,explicit cycle index/name
Michigan Expansion.zip,Michigan Expansion/MICH_12H_pouch_NMC_45C_0-100_0.2-1.5C_cycle_data.csv,MICH_12H_pouch_NMC_45C_0-100_0.2-1.5C_cycle_data.csv,schema_63d0cb98b657,Test_Time (s),test_time_s,2,float64,50,0,"[""40924.026"", ""61268.039"", ""81565.554"", ""102108.975"", ""122328.008""]",s,elapsed_time,high,explicit elapsed/test time column
Michigan Expansion.zip,Michigan Expansion/MICH_12H_pouch_NMC_45C_0-100_0.2-1.5C_cycle_data.csv,MICH_12H_pouch_NMC_45C_0-100_0.2-1.5C_cycle_data.csv,schema_63d0cb98b657,Min_Current (A),min_current_a,3,float64,50,0,"[""-7.499"", ""-7.5"", ""0.998"", ""-7.504"", ""-7.501""]",A,unknown,none,"observed electrical measurement, not a requested mapping target"
Michigan Expansion.zip,Michigan Expansion/MICH_12H_pouch_NMC_45C_0-100_0.2-1.5C_cycle_data.csv,MICH_12H_pouch_NMC_45C_0-100_0.2-1.5C_cycle_data.csv,schema_63d0cb98b657,Max_Current (A),max_current_a,4,float64,50,0,"[""1.001"", ""1.002"", ""1.0""]",A,unknown,none,"observed electrical measurement, not a requested mapping target"
Michigan Expansion.zip,Michigan Expansion/MICH_12H_pouch_NMC_45C_0-100_0.2-1.5C_cycle_data.csv,MICH_12H_pouch_NMC_45C_0-100_0.2-1.5C_cycle_data.csv,schema_63d0cb98b657,Min_Voltage (V),min_voltage_v,5,float64,50,0,"[""3.0"", ""3.146"", ""3.137"", ""3.134"", ""3.135""]",V,unknown,none,"observed electrical measurement, not a requested mapping target"
Michigan Expansion.zip,Michigan Expansion/MICH_12H_pouch_NMC_45C_0-100_0.2-1.5C_cycle_data.csv,MICH_12H_pouch_NMC_45C_0-100_0.2-1.5C_cycle_data.csv,schema_63d0cb98b657,Max_Voltage (V),max_voltage_v,6,float64,50,0,"[""4.2"", ""3.744"", ""3.572"", ""3.905"", ""3.84""]",V,unknown,none,"observed electrical measurement, not a requested mapping target"
Michigan Expansion.zip,Michigan Expansion/MICH_12H_pouch_NMC_45C_0-100_0.2-1.5C_cycle_data.csv,MICH_12H_pouch_NMC_45C_0-100_0.2-1.5C_cycle_data.csv,schema_63d0cb98b657,Charge_Capacity (Ah),charge_capacity_ah,7,float64,50,0,"[""4.908"", ""4.887"", ""4.874"", ""4.902"", ""4.854""]",Ah,charge_capacity,high,explicit charge capacity column
Michigan Expansion.zip,Michigan Expansion/MICH_12H_pouch_NMC_45C_0-100_0.2-1.5C_cycle_data.csv,MICH_12H_pouch_NMC_45C_0-100_0.2-1.5C_cycle_data.csv,schema_63d0cb98b657,Discharge_Capacity (Ah),discharge_capacity_ah,8,float64,50,0,"[""4.872"", ""4.859"", ""4.849"", ""4.84"", ""4.831""]",Ah,discharge_capacity,high,explicit discharge capacity column
Michigan Expansion.zip,Michigan Expansion/MICH_12H_pouch_NMC_45C_0-100_0.2-1.5C_cycle_data.csv,MICH_12H_pouch_NMC_45C_0-100_0.2-1.5C_cycle_data.csv,schema_63d0cb98b657,Charge_Energy (Wh),charge_energy_wh,9,float64,50,0,"[""18.529"", ""18.453"", ""18.404"", ""18.504"", ""18.328""]",Wh,charge_energy,high,explicit charge energy column
Michigan Expansion.zip,Michigan Expansion/MICH_12H_pouch_NMC_45C_0-100_0.2-1.5C_cycle_data.csv,MICH_12H_pouch_NMC_45C_0-100_0.2-1.5C_cycle_data.csv,schema_63d0cb98b657,Discharge_Energy (Wh),discharge_energy_wh,10,float64,50,0,"[""17.837"", ""17.785"", ""17.746"", ""17.711"", ""17.675""]",Wh,discharge_energy,high,explicit discharge energy column
Michigan Expansion.zip,Michigan Expansion/MICH_13R_pouch_NMC_25C_50-100_0.2-0.2C_cycle_data.csv,MICH_13R_pouch_NMC_25C_50-100_0.2-0.2C_cycle_data.csv,schema_63d0cb98b657,Cycle_Index,cycle_index,1,float64,50,0,"[""1.0"", ""2.0"", ""3.0"", ""4.0"", ""5.0""]",unknown,cycle_index,high,explicit cycle index/name
Michigan Expansion.zip,Michigan Expansion/MICH_13R_pouch_NMC_25C_50-100_0.2-0.2C_cycle_data.csv,MICH_13R_pouch_NMC_25C_50-100_0.2-0.2C_cycle_data.csv,schema_63d0cb98b657,Test_Time (s),test_time_s,2,float64,50,0,"[""45684.632"", ""64311.125"", ""82945.982"", ""101571.919"", ""120170.046""]",s,elapsed_time,high,explicit elapsed/test time column
Michigan Expansion.zip,Michigan Expansion/MICH_13R_pouch_NMC_25C_50-100_0.2-0.2C_cycle_data.csv,MICH_13R_pouch_NMC_25C_50-100_0.2-0.2C_cycle_data.csv,schema_63d0cb98b657,Min_Current (A),min_current_a,3,float64,50,0,"[""-1.0"", ""-1.002"", ""-1.001"", ""-1.007"", ""-1.005""]",A,unknown,none,"observed electrical measurement, not a requested mapping target"
Michigan Expansion.zip,Michigan Expansion/MICH_13R_pouch_NMC_25C_50-100_0.2-0.2C_cycle_data.csv,MICH_13R_pouch_NMC_25C_50-100_0.2-0.2C_cycle_data.csv,schema_63d0cb98b657,Max_Current (A),max_current_a,4,float64,50,0,"[""1.0"", ""1.003"", ""1.007"", ""1.009"", ""1.006""]",A,unknown,none,"observed electrical measurement, not a requested mapping target"
Michigan Expansion.zip,Michigan Expansion/MICH_13R_pouch_NMC_25C_50-100_0.2-0.2C_cycle_data.csv,MICH_13R_pouch_NMC_25C_50-100_0.2-0.2C_cycle_data.csv,schema_63d0cb98b657,Min_Voltage (V),min_voltage_v,5,float64,50,0,"[""3.668"", ""3.667"", ""3.666"", ""3.665"", ""3.664""]",V,unknown,none,"observed electrical measurement, not a requested mapping target"
Michigan Expansion.zip,Michigan Expansion/MICH_13R_pouch_NMC_25C_50-100_0.2-0.2C_cycle_data.csv,MICH_13R_pouch_NMC_25C_50-100_0.2-0.2C_cycle_data.csv,schema_63d0cb98b657,Max_Voltage (V),max_voltage_v,6,float64,50,0,"[""4.2""]",V,unknown,none,"observed electrical measurement, not a requested mapping target"
Michigan Expansion.zip,Michigan Expansion/MICH_13R_pouch_NMC_25C_50-100_0.2-0.2C_cycle_data.csv,MICH_13R_pouch_NMC_25C_50-100_0.2-0.2C_cycle_data.csv,schema_63d0cb98b657,Charge_Capacity (Ah),charge_capacity_ah,7,float64,50,0,"[""2.501"", ""2.5"", ""2.506"", ""2.505"", ""2.503""]",Ah,charge_capacity,high,explicit charge capacity column
Michigan Expansion.zip,Michigan Expansion/MICH_13R_pouch_NMC_25C_50-100_0.2-0.2C_cycle_data.csv,MICH_13R_pouch_NMC_25C_50-100_0.2-0.2C_cycle_data.csv,schema_63d0cb98b657,Discharge_Capacity (Ah),discharge_capacity_ah,8,float64,50,0,"[""2.498""]",Ah,discharge_capacity,high,explicit discharge capacity column
Michigan Expansion.zip,Michigan Expansion/MICH_13R_pouch_NMC_25C_50-100_0.2-0.2C_cycle_data.csv,MICH_13R_pouch_NMC_25C_50-100_0.2-0.2C_cycle_data.csv,schema_63d0cb98b657,Charge_Energy (Wh),charge_energy_wh,9,float64,50,0,"[""9.852"", ""9.849"", ""9.851"", ""9.87"", ""9.865""]",Wh,charge_energy,high,explicit charge energy column
Michigan Expansion.zip,Michigan Expansion/MICH_13R_pouch_NMC_25C_50-100_0.2-0.2C_cycle_data.csv,MICH_13R_pouch_NMC_25C_50-100_0.2-0.2C_cycle_data.csv,schema_63d0cb98b657,Discharge_Energy (Wh),discharge_energy_wh,10,float64,50,0,"[""9.726"", ""9.723"", ""9.722"", ""9.728"", ""9.725""]",Wh,discharge_energy,high,explicit discharge energy column
Michigan Expansion.zip,Michigan Expansion/MICH_14C_pouch_NMC_-5C_50-100_0.2-0.2C_cycle_data.csv,MICH_14C_pouch_NMC_-5C_50-100_0.2-0.2C_cycle_data.csv,schema_63d0cb98b657,Cycle_Index,cycle_index,1,float64,50,0,"[""1.0"", ""2.0"", ""3.0"", ""4.0"", ""5.0""]",unknown,cycle_index,high,explicit cycle index/name
Michigan Expansion.zip,Michigan Expansion/MICH_14C_pouch_NMC_-5C_50-100_0.2-0.2C_cycle_data.csv,MICH_14C_pouch_NMC_-5C_50-100_0.2-0.2C_cycle_data.csv,schema_63d0cb98b657,Test_Time (s),test_time_s,2,float64,50,0,"[""29442.939"", ""49029.294"", ""68625.539"", ""88221.876"", ""107828.715""]",s,elapsed_time,high,explicit elapsed/test time column
Michigan Expansion.zip,Michigan Expansion/MICH_14C_pouch_NMC_-5C_50-100_0.2-0.2C_cycle_data.csv,MICH_14C_pouch_NMC_-5C_50-100_0.2-0.2C_cycle_data.csv,schema_63d0cb98b657,Min_Current (A),min_current_a,3,float64,50,0,"[""-1.0""]",A,unknown,none,"observed electrical measurement, not a requested mapping target"
Michigan Expansion.zip,Michigan Expansion/MICH_14C_pouch_NMC_-5C_50-100_0.2-0.2C_cycle_data.csv,MICH_14C_pouch_NMC_-5C_50-100_0.2-0.2C_cycle_data.csv,schema_63d0cb98b657,Max_Current (A),max_current_a,4,float64,50,0,"[""1.0""]",A,unknown,none,"observed electrical measurement, not a requested mapping target"
Michigan Expansion.zip,Michigan Expansion/MICH_14C_pouch_NMC_-5C_50-100_0.2-0.2C_cycle_data.csv,MICH_14C_pouch_NMC_-5C_50-100_0.2-0.2C_cycle_data.csv,schema_63d0cb98b657,Min_Voltage (V),min_voltage_v,5,float64,50,0,"[""3.623"", ""3.622"", ""3.621"", ""3.62"", ""3.619""]",V,unknown,none,"observed electrical measurement, not a requested mapping target"
Michigan Expansion.zip,Michigan Expansion/MICH_14C_pouch_NMC_-5C_50-100_0.2-0.2C_cycle_data.csv,MICH_14C_pouch_NMC_-5C_50-100_0.2-0.2C_cycle_data.csv,schema_63d0cb98b657,Max_Voltage (V),max_voltage_v,6,float64,50,0,"[""4.2""]",V,unknown,none,"observed electrical measurement, not a requested mapping target"
Michigan Expansion.zip,Michigan Expansion/MICH_14C_pouch_NMC_-5C_50-100_0.2-0.2C_cycle_data.csv,MICH_14C_pouch_NMC_-5C_50-100_0.2-0.2C_cycle_data.csv,schema_63d0cb98b657,Charge_Capacity (Ah),charge_capacity_ah,7,float64,50,0,"[""2.486"", ""2.498"", ""2.5"", ""2.501"", ""2.499""]",Ah,charge_capacity,high,explicit charge capacity column
Michigan Expansion.zip,Michigan Expansion/MICH_14C_pouch_NMC_-5C_50-100_0.2-0.2C_cycle_data.csv,MICH_14C_pouch_NMC_-5C_50-100_0.2-0.2C_cycle_data.csv,schema_63d0cb98b657,Discharge_Capacity (Ah),discharge_capacity_ah,8,float64,50,0,"[""2.498"", ""0.338""]",Ah,discharge_capacity,high,explicit discharge capacity column
Michigan Expansion.zip,Michigan Expansion/MICH_14C_pouch_NMC_-5C_50-100_0.2-0.2C_cycle_data.csv,MICH_14C_pouch_NMC_-5C_50-100_0.2-0.2C_cycle_data.csv,schema_63d0cb98b657,Charge_Energy (Wh),charge_energy_wh,9,float64,50,0,"[""9.824"", ""9.868"", ""9.875"", ""9.873"", ""9.874""]",Wh,charge_energy,high,explicit charge energy column
Michigan Expansion.zip,Michigan Expansion/MICH_14C_pouch_NMC_-5C_50-100_0.2-0.2C_cycle_data.csv,MICH_14C_pouch_NMC_-5C_50-100_0.2-0.2C_cycle_data.csv,schema_63d0cb98b657,Discharge_Energy (Wh),discharge_energy_wh,10,float64,50,0,"[""9.596"", ""9.595"", ""9.594"", ""9.593"", ""9.591""]",Wh,discharge_energy,high,explicit discharge energy column
Michigan Expansion.zip,Michigan Expansion/MICH_15H_pouch_NMC_45C_50-100_0.2-0.2C_cycle_data.csv,MICH_15H_pouch_NMC_45C_50-100_0.2-0.2C_cycle_data.csv,schema_63d0cb98b657,Cycle_Index,cycle_index,1,float64,50,0,"[""1.0"", ""2.0"", ""3.0"", ""4.0"", ""5.0""]",unknown,cycle_index,high,explicit cycle index/name
Michigan Expansion.zip,Michigan Expansion/MICH_15H_pouch_NMC_45C_50-100_0.2-0.2C_cycle_data.csv,MICH_15H_pouch_NMC_45C_50-100_0.2-0.2C_cycle_data.csv,schema_63d0cb98b657,Test_Time (s),test_time_s,2,float64,50,0,"[""45233.71"", ""63640.595"", ""82036.284"", ""100421.949"", ""118805.668""]",s,elapsed_time,high,explicit elapsed/test time column
Michigan Expansion.zip,Michigan Expansion/MICH_15H_pouch_NMC_45C_50-100_0.2-0.2C_cycle_data.csv,MICH_15H_pouch_NMC_45C_50-100_0.2-0.2C_cycle_data.csv,schema_63d0cb98b657,Min_Current (A),min_current_a,3,float64,50,0,"[""-1.0"", ""0.999"", ""1.0""]",A,unknown,none,"observed electrical measurement, not a requested mapping target"
Michigan Expansion.zip,Michigan Expansion/MICH_15H_pouch_NMC_45C_50-100_0.2-0.2C_cycle_data.csv,MICH_15H_pouch_NMC_45C_50-100_0.2-0.2C_cycle_data.csv,schema_63d0cb98b657,Max_Current (A),max_current_a,4,float64,50,0,"[""1.0""]",A,unknown,none,"observed electrical measurement, not a requested mapping target"
Michigan Expansion.zip,Michigan Expansion/MICH_15H_pouch_NMC_45C_50-100_0.2-0.2C_cycle_data.csv,MICH_15H_pouch_NMC_45C_50-100_0.2-0.2C_cycle_data.csv,schema_63d0cb98b657,Min_Voltage (V),min_voltage_v,5,float64,50,0,"[""3.676"", ""3.675"", ""3.674"", ""3.673"", ""3.685""]",V,unknown,none,"observed electrical measurement, not a requested mapping target"
Michigan Expansion.zip,Michigan Expansion/MICH_15H_pouch_NMC_45C_50-100_0.2-0.2C_cycle_data.csv,MICH_15H_pouch_NMC_45C_50-100_0.2-0.2C_cycle_data.csv,schema_63d0cb98b657,Max_Voltage (V),max_voltage_v,6,float64,50,0,"[""4.2"", ""4.061"", ""3.707""]",V,unknown,none,"observed electrical measurement, not a requested mapping target"
Michigan Expansion.zip,Michigan Expansion/MICH_15H_pouch_NMC_45C_50-100_0.2-0.2C_cycle_data.csv,MICH_15H_pouch_NMC_45C_50-100_0.2-0.2C_cycle_data.csv,schema_63d0cb98b657,Charge_Capacity (Ah),charge_capacity_ah,7,float64,50,0,"[""2.509"", ""2.507"", ""2.506"", ""2.505"", ""4.736""]",Ah,charge_capacity,high,explicit charge capacity column
Michigan Expansion.zip,Michigan Expansion/MICH_15H_pouch_NMC_45C_50-100_0.2-0.2C_cycle_data.csv,MICH_15H_pouch_NMC_45C_50-100_0.2-0.2C_cycle_data.csv,schema_63d0cb98b657,Discharge_Capacity (Ah),discharge_capacity_ah,8,float64,50,0,"[""2.498"", ""1.9"", ""0.0"", ""1.776"", ""0.891""]",Ah,discharge_capacity,high,explicit discharge capacity column
Michigan Expansion.zip,Michigan Expansion/MICH_15H_pouch_NMC_45C_50-100_0.2-0.2C_cycle_data.csv,MICH_15H_pouch_NMC_45C_50-100_0.2-0.2C_cycle_data.csv,schema_63d0cb98b657,Charge_Energy (Wh),charge_energy_wh,9,float64,50,0,"[""9.872"", ""9.864"", ""9.86"", ""9.855"", ""9.854""]",Wh,charge_energy,high,explicit charge energy column
Michigan Expansion.zip,Michigan Expansion/MICH_15H_pouch_NMC_45C_50-100_0.2-0.2C_cycle_data.csv,MICH_15H_pouch_NMC_45C_50-100_0.2-0.2C_cycle_data.csv,schema_63d0cb98b657,Discharge_Energy (Wh),discharge_energy_wh,10,float64,50,0,"[""9.745"", ""9.744"", ""9.742"", ""9.741"", ""9.74""]",Wh,discharge_energy,high,explicit discharge energy column
Michigan Expansion.zip,Michigan Expansion/MICH_16R_pouch_NMC_25C_50-100_0.2-1.5C_cycle_data.csv,MICH_16R_pouch_NMC_25C_50-100_0.2-1.5C_cycle_data.csv,schema_63d0cb98b657,Cycle_Index,cycle_index,1,float64,50,0,"[""1.0"", ""2.0"", ""3.0"", ""4.0"", ""5.0""]",unknown,cycle_index,high,explicit cycle index/name
Michigan Expansion.zip,Michigan Expansion/MICH_16R_pouch_NMC_25C_50-100_0.2-1.5C_cycle_data.csv,MICH_16R_pouch_NMC_25C_50-100_0.2-1.5C_cycle_data.csv,schema_63d0cb98b657,Test_Time (s),test_time_s,2,float64,50,0,"[""29886.589"", ""40679.594"", ""51478.276"", ""62269.663"", ""73077.605""]",s,elapsed_time,high,explicit elapsed/test time column
Michigan Expansion.zip,Michigan Expansion/MICH_16R_pouch_NMC_25C_50-100_0.2-1.5C_cycle_data.csv,MICH_16R_pouch_NMC_25C_50-100_0.2-1.5C_cycle_data.csv,schema_63d0cb98b657,Min_Current (A),min_current_a,3,float64,50,0,"[""-7.498"", ""-7.499"", ""-7.5""]",A,unknown,none,"observed electrical measurement, not a requested mapping target"
Michigan Expansion.zip,Michigan Expansion/MICH_16R_pouch_NMC_25C_50-100_0.2-1.5C_cycle_data.csv,MICH_16R_pouch_NMC_25C_50-100_0.2-1.5C_cycle_data.csv,schema_63d0cb98b657,Max_Current (A),max_current_a,4,float64,50,0,"[""1.001"", ""1.004"", ""1.002"", ""1.006"", ""1.003""]",A,unknown,none,"observed electrical measurement, not a requested mapping target"
Michigan Expansion.zip,Michigan Expansion/MICH_16R_pouch_NMC_25C_50-100_0.2-1.5C_cycle_data.csv,MICH_16R_pouch_NMC_25C_50-100_0.2-1.5C_cycle_data.csv,schema_63d0cb98b657,Min_Voltage (V),min_voltage_v,5,float64,50,0,"[""3.58"", ""3.577"", ""3.574"", ""3.572"", ""3.571""]",V,unknown,none,"observed electrical measurement, not a requested mapping target"
Michigan Expansion.zip,Michigan Expansion/MICH_16R_pouch_NMC_25C_50-100_0.2-1.5C_cycle_data.csv,MICH_16R_pouch_NMC_25C_50-100_0.2-1.5C_cycle_data.csv,schema_63d0cb98b657,Max_Voltage (V),max_voltage_v,6,float64,50,0,"[""4.201"", ""4.2""]",V,unknown,none,"observed electrical measurement, not a requested mapping target"
Michigan Expansion.zip,Michigan Expansion/MICH_16R_pouch_NMC_25C_50-100_0.2-1.5C_cycle_data.csv,MICH_16R_pouch_NMC_25C_50-100_0.2-1.5C_cycle_data.csv,schema_63d0cb98b657,Charge_Capacity (Ah),charge_capacity_ah,7,float64,50,0,"[""2.499"", ""2.497"", ""2.498"", ""2.501"", ""2.5""]",Ah,charge_capacity,high,explicit charge capacity column
Michigan Expansion.zip,Michigan Expansion/MICH_16R_pouch_NMC_25C_50-100_0.2-1.5C_cycle_data.csv,MICH_16R_pouch_NMC_25C_50-100_0.2-1.5C_cycle_data.csv,schema_63d0cb98b657,Discharge_Capacity (Ah),discharge_capacity_ah,8,float64,50,0,"[""2.489""]",Ah,discharge_capacity,high,explicit discharge capacity column
Michigan Expansion.zip,Michigan Expansion/MICH_16R_pouch_NMC_25C_50-100_0.2-1.5C_cycle_data.csv,MICH_16R_pouch_NMC_25C_50-100_0.2-1.5C_cycle_data.csv,schema_63d0cb98b657,Charge_Energy (Wh),charge_energy_wh,9,float64,50,0,"[""9.839"", ""9.83"", ""9.829"", ""9.828"", ""9.831""]",Wh,charge_energy,high,explicit charge energy column
Michigan Expansion.zip,Michigan Expansion/MICH_16R_pouch_NMC_25C_50-100_0.2-1.5C_cycle_data.csv,MICH_16R_pouch_NMC_25C_50-100_0.2-1.5C_cycle_data.csv,schema_63d0cb98b657,Discharge_Energy (Wh),discharge_energy_wh,10,float64,50,0,"[""9.466"", ""9.459"", ""9.454"", ""9.451"", ""9.448""]",Wh,discharge_energy,high,explicit discharge energy column
Michigan Expansion.zip,Michigan Expansion/MICH_17C_pouch_NMC_-5C_50-100_0.2-1.5C_cycle_data.csv,MICH_17C_pouch_NMC_-5C_50-100_0.2-1.5C_cycle_data.csv,schema_63d0cb98b657,Cycle_Index,cycle_index,1,float64,50,0,"[""1.0"", ""2.0"", ""3.0"", ""4.0"", ""5.0""]",unknown,cycle_index,high,explicit cycle index/name
Michigan Expansion.zip,Michigan Expansion/MICH_17C_pouch_NMC_-5C_50-100_0.2-1.5C_cycle_data.csv,MICH_17C_pouch_NMC_-5C_50-100_0.2-1.5C_cycle_data.csv,schema_63d0cb98b657,Test_Time (s),test_time_s,2,float64,50,0,"[""13848.775"", ""25569.509"", ""37267.258"", ""48952.57"", ""60601.079""]",s,elapsed_time,high,explicit elapsed/test time column
Michigan Expansion.zip,Michigan Expansion/MICH_17C_pouch_NMC_-5C_50-100_0.2-1.5C_cycle_data.csv,MICH_17C_pouch_NMC_-5C_50-100_0.2-1.5C_cycle_data.csv,schema_63d0cb98b657,Min_Current (A),min_current_a,3,float64,50,0,"[""-7.499"", ""-7.498"", ""-7.5""]",A,unknown,none,"observed electrical measurement, not a requested mapping target"
Michigan Expansion.zip,Michigan Expansion/MICH_17C_pouch_NMC_-5C_50-100_0.2-1.5C_cycle_data.csv,MICH_17C_pouch_NMC_-5C_50-100_0.2-1.5C_cycle_data.csv,schema_63d0cb98b657,Max_Current (A),max_current_a,4,float64,50,0,"[""1.001"", ""1.0""]",A,unknown,none,"observed electrical measurement, not a requested mapping target"
Michigan Expansion.zip,Michigan Expansion/MICH_17C_pouch_NMC_-5C_50-100_0.2-1.5C_cycle_data.csv,MICH_17C_pouch_NMC_-5C_50-100_0.2-1.5C_cycle_data.csv,schema_63d0cb98b657,Min_Voltage (V),min_voltage_v,5,float64,50,0,"[""3.398"", ""3.397"", ""3.396"", ""3.395"", ""3.393""]",V,unknown,none,"observed electrical measurement, not a requested mapping target"
Michigan Expansion.zip,Michigan Expansion/MICH_17C_pouch_NMC_-5C_50-100_0.2-1.5C_cycle_data.csv,MICH_17C_pouch_NMC_-5C_50-100_0.2-1.5C_cycle_data.csv,schema_63d0cb98b657,Max_Voltage (V),max_voltage_v,6,float64,50,0,"[""4.201"", ""4.2""]",V,unknown,none,"observed electrical measurement, not a requested mapping target"
Michigan Expansion.zip,Michigan Expansion/MICH_17C_pouch_NMC_-5C_50-100_0.2-1.5C_cycle_data.csv,MICH_17C_pouch_NMC_-5C_50-100_0.2-1.5C_cycle_data.csv,schema_63d0cb98b657,Charge_Capacity (Ah),charge_capacity_ah,7,float64,50,0,"[""2.487"", ""2.496"", ""2.497"", ""2.498"", ""4.636""]",Ah,charge_capacity,high,explicit charge capacity column
Michigan Expansion.zip,Michigan Expansion/MICH_17C_pouch_NMC_-5C_50-100_0.2-1.5C_cycle_data.csv,MICH_17C_pouch_NMC_-5C_50-100_0.2-1.5C_cycle_data.csv,schema_63d0cb98b657,Discharge_Capacity (Ah),discharge_capacity_ah,8,float64,50,0,"[""2.489"", ""2.488""]",Ah,discharge_capacity,high,explicit discharge capacity column
Michigan Expansion.zip,Michigan Expansion/MICH_17C_pouch_NMC_-5C_50-100_0.2-1.5C_cycle_data.csv,MICH_17C_pouch_NMC_-5C_50-100_0.2-1.5C_cycle_data.csv,schema_63d0cb98b657,Charge_Energy (Wh),charge_energy_wh,9,float64,50,0,"[""9.821"", ""9.851"", ""9.854"", ""9.856"", ""9.85""]",Wh,charge_energy,high,explicit charge energy column
Michigan Expansion.zip,Michigan Expansion/MICH_17C_pouch_NMC_-5C_50-100_0.2-1.5C_cycle_data.csv,MICH_17C_pouch_NMC_-5C_50-100_0.2-1.5C_cycle_data.csv,schema_63d0cb98b657,Discharge_Energy (Wh),discharge_energy_wh,10,float64,50,0,"[""9.067"", ""9.066"", ""9.065"", ""9.068"", ""9.064""]",Wh,discharge_energy,high,explicit discharge energy column
Michigan Expansion.zip,Michigan Expansion/MICH_18H_pouch_NMC_45C_50-100_0.2-1.5C_cycle_data.csv,MICH_18H_pouch_NMC_45C_50-100_0.2-1.5C_cycle_data.csv,schema_63d0cb98b657,Cycle_Index,cycle_index,1,float64,50,0,"[""1.0"", ""2.0"", ""3.0"", ""4.0"", ""5.0""]",unknown,cycle_index,high,explicit cycle index/name
Michigan Expansion.zip,Michigan Expansion/MICH_18H_pouch_NMC_45C_50-100_0.2-1.5C_cycle_data.csv,MICH_18H_pouch_NMC_45C_50-100_0.2-1.5C_cycle_data.csv,schema_63d0cb98b657,Test_Time (s),test_time_s,2,float64,50,0,"[""29772.151"", ""40368.114"", ""50946.708"", ""61514.603"", ""72091.625""]",s,elapsed_time,high,explicit elapsed/test time column
Michigan Expansion.zip,Michigan Expansion/MICH_18H_pouch_NMC_45C_50-100_0.2-1.5C_cycle_data.csv,MICH_18H_pouch_NMC_45C_50-100_0.2-1.5C_cycle_data.csv,schema_63d0cb98b657,Min_Current (A),min_current_a,3,float64,50,0,"[""-7.498"", ""-7.499"", ""1.0"", ""-7.5"", ""-7.512""]",A,unknown,none,"observed electrical measurement, not a requested mapping target"
Michigan Expansion.zip,Michigan Expansion/MICH_18H_pouch_NMC_45C_50-100_0.2-1.5C_cycle_data.csv,MICH_18H_pouch_NMC_45C_50-100_0.2-1.5C_cycle_data.csv,schema_63d0cb98b657,Max_Current (A),max_current_a,4,float64,50,0,"[""1.001"", ""1.0""]",A,unknown,none,"observed electrical measurement, not a requested mapping target"
Michigan Expansion.zip,Michigan Expansion/MICH_18H_pouch_NMC_45C_50-100_0.2-1.5C_cycle_data.csv,MICH_18H_pouch_NMC_45C_50-100_0.2-1.5C_cycle_data.csv,schema_63d0cb98b657,Min_Voltage (V),min_voltage_v,5,float64,50,0,"[""3.613"", ""3.612"", ""3.611"", ""3.61"", ""3.609""]",V,unknown,none,"observed electrical measurement, not a requested mapping target"
Michigan Expansion.zip,Michigan Expansion/MICH_18H_pouch_NMC_45C_50-100_0.2-1.5C_cycle_data.csv,MICH_18H_pouch_NMC_45C_50-100_0.2-1.5C_cycle_data.csv,schema_63d0cb98b657,Max_Voltage (V),max_voltage_v,6,float64,50,0,"[""4.201"", ""4.2"", ""3.933"", ""4.003"", ""3.861""]",V,unknown,none,"observed electrical measurement, not a requested mapping target"
Michigan Expansion.zip,Michigan Expansion/MICH_18H_pouch_NMC_45C_50-100_0.2-1.5C_cycle_data.csv,MICH_18H_pouch_NMC_45C_50-100_0.2-1.5C_cycle_data.csv,schema_63d0cb98b657,Charge_Capacity (Ah),charge_capacity_ah,7,float64,50,0,"[""2.503"", ""2.502"", ""2.501"", ""2.5"", ""1.303""]",Ah,charge_capacity,high,explicit charge capacity column
Michigan Expansion.zip,Michigan Expansion/MICH_18H_pouch_NMC_45C_50-100_0.2-1.5C_cycle_data.csv,MICH_18H_pouch_NMC_45C_50-100_0.2-1.5C_cycle_data.csv,schema_63d0cb98b657,Discharge_Capacity (Ah),discharge_capacity_ah,8,float64,50,0,"[""2.489"", ""0.0""]",Ah,discharge_capacity,high,explicit discharge capacity column
Michigan Expansion.zip,Michigan Expansion/MICH_18H_pouch_NMC_45C_50-100_0.2-1.5C_cycle_data.csv,MICH_18H_pouch_NMC_45C_50-100_0.2-1.5C_cycle_data.csv,schema_63d0cb98b657,Charge_Energy (Wh),charge_energy_wh,9,float64,50,0,"[""9.858"", ""9.851"", ""9.846"", ""9.844"", ""9.841""]",Wh,charge_energy,high,explicit charge energy column
Michigan Expansion.zip,Michigan Expansion/MICH_18H_pouch_NMC_45C_50-100_0.2-1.5C_cycle_data.csv,MICH_18H_pouch_NMC_45C_50-100_0.2-1.5C_cycle_data.csv,schema_63d0cb98b657,Discharge_Energy (Wh),discharge_energy_wh,10,float64,50,0,"[""9.55"", ""9.549"", ""9.547"", ""9.545"", ""9.544""]",Wh,discharge_energy,high,explicit discharge energy column
Michigan Formation.zip,Michigan Formation/MICH_BLForm10_pouch_NMC_25C_0-100_1-1C_j_cycle_data.csv,MICH_BLForm10_pouch_NMC_25C_0-100_1-1C_j_cycle_data.csv,schema_63d0cb98b657,Cycle_Index,cycle_index,1,float64,50,0,"[""1.0"", ""2.0"", ""3.0"", ""4.0"", ""5.0""]",unknown,cycle_index,high,explicit cycle index/name
Michigan Formation.zip,Michigan Formation/MICH_BLForm10_pouch_NMC_25C_0-100_1-1C_j_cycle_data.csv,MICH_BLForm10_pouch_NMC_25C_0-100_1-1C_j_cycle_data.csv,schema_63d0cb98b657,Test_Time (s),test_time_s,2,float64,50,0,"[""33994.68"", ""189486.45"", ""295331.16"", ""305147.62"", ""315037.99""]",s,elapsed_time,high,explicit elapsed/test time column
Michigan Formation.zip,Michigan Formation/MICH_BLForm10_pouch_NMC_25C_0-100_1-1C_j_cycle_data.csv,MICH_BLForm10_pouch_NMC_25C_0-100_1-1C_j_cycle_data.csv,schema_63d0cb98b657,Min_Current (A),min_current_a,3,float64,50,0,"[""-0.933"", ""-0.145"", ""-2.375"", ""-2.371"", ""-2.373""]",A,unknown,none,"observed electrical measurement, not a requested mapping target"
Michigan Formation.zip,Michigan Formation/MICH_BLForm10_pouch_NMC_25C_0-100_1-1C_j_cycle_data.csv,MICH_BLForm10_pouch_NMC_25C_0-100_1-1C_j_cycle_data.csv,schema_63d0cb98b657,Max_Current (A),max_current_a,4,float64,50,0,"[""0.934"", ""0.142"", ""2.443"", ""2.412"", ""2.413""]",A,unknown,none,"observed electrical measurement, not a requested mapping target"
Michigan Formation.zip,Michigan Formation/MICH_BLForm10_pouch_NMC_25C_0-100_1-1C_j_cycle_data.csv,MICH_BLForm10_pouch_NMC_25C_0-100_1-1C_j_cycle_data.csv,schema_63d0cb98b657,Min_Voltage (V),min_voltage_v,5,float64,50,0,"[""2.998"", ""3.0""]",V,unknown,none,"observed electrical measurement, not a requested mapping target"
Michigan Formation.zip,Michigan Formation/MICH_BLForm10_pouch_NMC_25C_0-100_1-1C_j_cycle_data.csv,MICH_BLForm10_pouch_NMC_25C_0-100_1-1C_j_cycle_data.csv,schema_63d0cb98b657,Max_Voltage (V),max_voltage_v,6,float64,50,0,"[""4.201"", ""4.2"", ""4.206""]",V,unknown,none,"observed electrical measurement, not a requested mapping target"
Michigan Formation.zip,Michigan Formation/MICH_BLForm10_pouch_NMC_25C_0-100_1-1C_j_cycle_data.csv,MICH_BLForm10_pouch_NMC_25C_0-100_1-1C_j_cycle_data.csv,schema_63d0cb98b657,Charge_Capacity (Ah),charge_capacity_ah,7,float64,50,0,"[""2.512"", ""2.511"", ""2.682"", ""2.345"", ""2.349""]",Ah,charge_capacity,high,explicit charge capacity column
Michigan Formation.zip,Michigan Formation/MICH_BLForm10_pouch_NMC_25C_0-100_1-1C_j_cycle_data.csv,MICH_BLForm10_pouch_NMC_25C_0-100_1-1C_j_cycle_data.csv,schema_63d0cb98b657,Discharge_Capacity (Ah),discharge_capacity_ah,8,float64,50,0,"[""2.492"", ""2.486"", ""2.513"", ""2.346"", ""2.349""]",Ah,discharge_capacity,high,explicit discharge capacity column
Michigan Formation.zip,Michigan Formation/MICH_BLForm10_pouch_NMC_25C_0-100_1-1C_j_cycle_data.csv,MICH_BLForm10_pouch_NMC_25C_0-100_1-1C_j_cycle_data.csv,schema_63d0cb98b657,Charge_Energy (Wh),charge_energy_wh,9,float64,50,0,"[""9.459"", ""9.409"", ""10.076"", ""8.941"", ""8.957""]",Wh,charge_energy,high,explicit charge energy column
Michigan Formation.zip,Michigan Formation/MICH_BLForm10_pouch_NMC_25C_0-100_1-1C_j_cycle_data.csv,MICH_BLForm10_pouch_NMC_25C_0-100_1-1C_j_cycle_data.csv,schema_63d0cb98b657,Discharge_Energy (Wh),discharge_energy_wh,10,float64,50,0,"[""9.207"", ""9.242"", ""9.284"", ""8.666"", ""8.676""]",Wh,discharge_energy,high,explicit discharge energy column
Michigan Formation.zip,Michigan Formation/MICH_BLForm11_pouch_NMC_25C_0-100_1-1C_a_cycle_data.csv,MICH_BLForm11_pouch_NMC_25C_0-100_1-1C_a_cycle_data.csv,schema_63d0cb98b657,Cycle_Index,cycle_index,1,float64,50,0,"[""1.0"", ""2.0"", ""3.0"", ""4.0"", ""5.0""]",unknown,cycle_index,high,explicit cycle index/name
Michigan Formation.zip,Michigan Formation/MICH_BLForm11_pouch_NMC_25C_0-100_1-1C_a_cycle_data.csv,MICH_BLForm11_pouch_NMC_25C_0-100_1-1C_a_cycle_data.csv,schema_63d0cb98b657,Test_Time (s),test_time_s,2,float64,50,0,"[""36234.56"", ""189928.12"", ""293752.03"", ""304834.7"", ""315886.2""]",s,elapsed_time,high,explicit elapsed/test time column
Michigan Formation.zip,Michigan Formation/MICH_BLForm11_pouch_NMC_25C_0-100_1-1C_a_cycle_data.csv,MICH_BLForm11_pouch_NMC_25C_0-100_1-1C_a_cycle_data.csv,schema_63d0cb98b657,Min_Current (A),min_current_a,3,float64,50,0,"[""-0.933"", ""-0.151"", ""-2.374"", ""-2.371"", ""-2.372""]",A,unknown,none,"observed electrical measurement, not a requested mapping target"
Michigan Formation.zip,Michigan Formation/MICH_BLForm11_pouch_NMC_25C_0-100_1-1C_a_cycle_data.csv,MICH_BLForm11_pouch_NMC_25C_0-100_1-1C_a_cycle_data.csv,schema_63d0cb98b657,Max_Current (A),max_current_a,4,float64,50,0,"[""0.936"", ""0.147"", ""2.424"", ""2.411"", ""2.41""]",A,unknown,none,"observed electrical measurement, not a requested mapping target"
Michigan Formation.zip,Michigan Formation/MICH_BLForm11_pouch_NMC_25C_0-100_1-1C_a_cycle_data.csv,MICH_BLForm11_pouch_NMC_25C_0-100_1-1C_a_cycle_data.csv,schema_63d0cb98b657,Min_Voltage (V),min_voltage_v,5,float64,50,0,"[""2.997"", ""3.0""]",V,unknown,none,"observed electrical measurement, not a requested mapping target"
Michigan Formation.zip,Michigan Formation/MICH_BLForm11_pouch_NMC_25C_0-100_1-1C_a_cycle_data.csv,MICH_BLForm11_pouch_NMC_25C_0-100_1-1C_a_cycle_data.csv,schema_63d0cb98b657,Max_Voltage (V),max_voltage_v,6,float64,50,0,"[""4.202"", ""4.2"", ""4.203"", ""4.201""]",V,unknown,none,"observed electrical measurement, not a requested mapping target"
Michigan Formation.zip,Michigan Formation/MICH_BLForm11_pouch_NMC_25C_0-100_1-1C_a_cycle_data.csv,MICH_BLForm11_pouch_NMC_25C_0-100_1-1C_a_cycle_data.csv,schema_63d0cb98b657,Charge_Capacity (Ah),charge_capacity_ah,7,float64,50,0,"[""2.485"", ""2.479"", ""2.652"", ""2.225"", ""2.223""]",Ah,charge_capacity,high,explicit charge capacity column
Michigan Formation.zip,Michigan Formation/MICH_BLForm11_pouch_NMC_25C_0-100_1-1C_a_cycle_data.csv,MICH_BLForm11_pouch_NMC_25C_0-100_1-1C_a_cycle_data.csv,schema_63d0cb98b657,Discharge_Capacity (Ah),discharge_capacity_ah,8,float64,50,0,"[""2.454"", ""2.446"", ""2.386"", ""2.221"", ""2.22""]",Ah,discharge_capacity,high,explicit discharge capacity column
Michigan Formation.zip,Michigan Formation/MICH_BLForm11_pouch_NMC_25C_0-100_1-1C_a_cycle_data.csv,MICH_BLForm11_pouch_NMC_25C_0-100_1-1C_a_cycle_data.csv,schema_63d0cb98b657,Charge_Energy (Wh),charge_energy_wh,9,float64,50,0,"[""9.409"", ""9.308"", ""10.001"", ""8.59"", ""8.587""]",Wh,charge_energy,high,explicit charge energy column
Michigan Formation.zip,Michigan Formation/MICH_BLForm11_pouch_NMC_25C_0-100_1-1C_a_cycle_data.csv,MICH_BLForm11_pouch_NMC_25C_0-100_1-1C_a_cycle_data.csv,schema_63d0cb98b657,Discharge_Energy (Wh),discharge_energy_wh,10,float64,50,0,"[""9.004"", ""9.082"", ""8.757"", ""8.157"", ""8.158""]",Wh,discharge_energy,high,explicit discharge energy column
Michigan Formation.zip,Michigan Formation/MICH_BLForm12_pouch_NMC_25C_0-100_1-1C_b_cycle_data.csv,MICH_BLForm12_pouch_NMC_25C_0-100_1-1C_b_cycle_data.csv,schema_63d0cb98b657,Cycle_Index,cycle_index,1,float64,50,0,"[""1.0"", ""2.0"", ""3.0"", ""4.0"", ""5.0""]",unknown,cycle_index,high,explicit cycle index/name
Michigan Formation.zip,Michigan Formation/MICH_BLForm12_pouch_NMC_25C_0-100_1-1C_b_cycle_data.csv,MICH_BLForm12_pouch_NMC_25C_0-100_1-1C_b_cycle_data.csv,schema_63d0cb98b657,Test_Time (s),test_time_s,2,float64,50,0,"[""36140.32"", ""188617.68"", ""291570.69"", ""302642.37"", ""313587.45""]",s,elapsed_time,high,explicit elapsed/test time column
Michigan Formation.zip,Michigan Formation/MICH_BLForm12_pouch_NMC_25C_0-100_1-1C_b_cycle_data.csv,MICH_BLForm12_pouch_NMC_25C_0-100_1-1C_b_cycle_data.csv,schema_63d0cb98b657,Min_Current (A),min_current_a,3,float64,50,0,"[""-0.934"", ""-0.156"", ""-2.374"", ""-2.373"", ""-2.371""]",A,unknown,none,"observed electrical measurement, not a requested mapping target"
Michigan Formation.zip,Michigan Formation/MICH_BLForm12_pouch_NMC_25C_0-100_1-1C_b_cycle_data.csv,MICH_BLForm12_pouch_NMC_25C_0-100_1-1C_b_cycle_data.csv,schema_63d0cb98b657,Max_Current (A),max_current_a,4,float64,50,0,"[""0.934"", ""0.149"", ""2.426"", ""2.416"", ""2.417""]",A,unknown,none,"observed electrical measurement, not a requested mapping target"
Michigan Formation.zip,Michigan Formation/MICH_BLForm12_pouch_NMC_25C_0-100_1-1C_b_cycle_data.csv,MICH_BLForm12_pouch_NMC_25C_0-100_1-1C_b_cycle_data.csv,schema_63d0cb98b657,Min_Voltage (V),min_voltage_v,5,float64,50,0,"[""2.997"", ""3.0""]",V,unknown,none,"observed electrical measurement, not a requested mapping target"
Michigan Formation.zip,Michigan Formation/MICH_BLForm12_pouch_NMC_25C_0-100_1-1C_b_cycle_data.csv,MICH_BLForm12_pouch_NMC_25C_0-100_1-1C_b_cycle_data.csv,schema_63d0cb98b657,Max_Voltage (V),max_voltage_v,6,float64,50,0,"[""4.202"", ""4.2"", ""4.206"", ""4.201""]",V,unknown,none,"observed electrical measurement, not a requested mapping target"
Michigan Formation.zip,Michigan Formation/MICH_BLForm12_pouch_NMC_25C_0-100_1-1C_b_cycle_data.csv,MICH_BLForm12_pouch_NMC_25C_0-100_1-1C_b_cycle_data.csv,schema_63d0cb98b657,Charge_Capacity (Ah),charge_capacity_ah,7,float64,50,0,"[""2.47"", ""2.455"", ""2.632"", ""2.211"", ""2.21""]",Ah,charge_capacity,high,explicit charge capacity column
Michigan Formation.zip,Michigan Formation/MICH_BLForm12_pouch_NMC_25C_0-100_1-1C_b_cycle_data.csv,MICH_BLForm12_pouch_NMC_25C_0-100_1-1C_b_cycle_data.csv,schema_63d0cb98b657,Discharge_Capacity (Ah),discharge_capacity_ah,8,float64,50,0,"[""2.439"", ""2.429"", ""2.37"", ""2.208"", ""2.207""]",Ah,discharge_capacity,high,explicit discharge capacity column
Michigan Formation.zip,Michigan Formation/MICH_BLForm12_pouch_NMC_25C_0-100_1-1C_b_cycle_data.csv,MICH_BLForm12_pouch_NMC_25C_0-100_1-1C_b_cycle_data.csv,schema_63d0cb98b657,Charge_Energy (Wh),charge_energy_wh,9,float64,50,0,"[""9.358"", ""9.224"", ""9.934"", ""8.541"", ""8.534""]",Wh,charge_energy,high,explicit charge energy column
Michigan Formation.zip,Michigan Formation/MICH_BLForm12_pouch_NMC_25C_0-100_1-1C_b_cycle_data.csv,MICH_BLForm12_pouch_NMC_25C_0-100_1-1C_b_cycle_data.csv,schema_63d0cb98b657,Discharge_Energy (Wh),discharge_energy_wh,10,float64,50,0,"[""8.954"", ""9.024"", ""8.705"", ""8.111"", ""8.11""]",Wh,discharge_energy,high,explicit discharge energy column
Michigan Formation.zip,Michigan Formation/MICH_BLForm13_pouch_NMC_25C_0-100_1-1C_c_cycle_data.csv,MICH_BLForm13_pouch_NMC_25C_0-100_1-1C_c_cycle_data.csv,schema_63d0cb98b657,Cycle_Index,cycle_index,1,float64,50,0,"[""1.0"", ""2.0"", ""3.0"", ""4.0"", ""5.0""]",unknown,cycle_index,high,explicit cycle index/name
Michigan Formation.zip,Michigan Formation/MICH_BLForm13_pouch_NMC_25C_0-100_1-1C_c_cycle_data.csv,MICH_BLForm13_pouch_NMC_25C_0-100_1-1C_c_cycle_data.csv,schema_63d0cb98b657,Test_Time (s),test_time_s,2,float64,50,0,"[""36139.31"", ""188971.16"", ""292548.6"", ""303381.82"", ""314018.0""]",s,elapsed_time,high,explicit elapsed/test time column
Michigan Formation.zip,Michigan Formation/MICH_BLForm13_pouch_NMC_25C_0-100_1-1C_c_cycle_data.csv,MICH_BLForm13_pouch_NMC_25C_0-100_1-1C_c_cycle_data.csv,schema_63d0cb98b657,Min_Current (A),min_current_a,3,float64,50,0,"[""-0.936"", ""-0.148"", ""-2.375"", ""-2.373"", ""-2.372""]",A,unknown,none,"observed electrical measurement, not a requested mapping target"
Michigan Formation.zip,Michigan Formation/MICH_BLForm13_pouch_NMC_25C_0-100_1-1C_c_cycle_data.csv,MICH_BLForm13_pouch_NMC_25C_0-100_1-1C_c_cycle_data.csv,schema_63d0cb98b657,Max_Current (A),max_current_a,4,float64,50,0,"[""0.935"", ""0.144"", ""2.419"", ""2.416"", ""2.415""]",A,unknown,none,"observed electrical measurement, not a requested mapping target"
Michigan Formation.zip,Michigan Formation/MICH_BLForm13_pouch_NMC_25C_0-100_1-1C_c_cycle_data.csv,MICH_BLForm13_pouch_NMC_25C_0-100_1-1C_c_cycle_data.csv,schema_63d0cb98b657,Min_Voltage (V),min_voltage_v,5,float64,50,0,"[""2.997"", ""3.0""]",V,unknown,none,"observed electrical measurement, not a requested mapping target"
Michigan Formation.zip,Michigan Formation/MICH_BLForm13_pouch_NMC_25C_0-100_1-1C_c_cycle_data.csv,MICH_BLForm13_pouch_NMC_25C_0-100_1-1C_c_cycle_data.csv,schema_63d0cb98b657,Max_Voltage (V),max_voltage_v,6,float64,50,0,"[""4.202"", ""4.2"", ""4.205"", ""4.201""]",V,unknown,none,"observed electrical measurement, not a requested mapping target"
Michigan Formation.zip,Michigan Formation/MICH_BLForm13_pouch_NMC_25C_0-100_1-1C_c_cycle_data.csv,MICH_BLForm13_pouch_NMC_25C_0-100_1-1C_c_cycle_data.csv,schema_63d0cb98b657,Charge_Capacity (Ah),charge_capacity_ah,7,float64,50,0,"[""2.477"", ""2.456"", ""2.641"", ""2.226"", ""2.225""]",Ah,charge_capacity,high,explicit charge capacity column
Michigan Formation.zip,Michigan Formation/MICH_BLForm13_pouch_NMC_25C_0-100_1-1C_c_cycle_data.csv,MICH_BLForm13_pouch_NMC_25C_0-100_1-1C_c_cycle_data.csv,schema_63d0cb98b657,Discharge_Capacity (Ah),discharge_capacity_ah,8,float64,50,0,"[""2.45"", ""2.441"", ""2.388"", ""2.223"", ""2.222""]",Ah,discharge_capacity,high,explicit discharge capacity column
Michigan Formation.zip,Michigan Formation/MICH_BLForm13_pouch_NMC_25C_0-100_1-1C_c_cycle_data.csv,MICH_BLForm13_pouch_NMC_25C_0-100_1-1C_c_cycle_data.csv,schema_63d0cb98b657,Charge_Energy (Wh),charge_energy_wh,9,float64,50,0,"[""9.379"", ""9.221"", ""9.961"", ""8.583"", ""8.577""]",Wh,charge_energy,high,explicit charge energy column
Michigan Formation.zip,Michigan Formation/MICH_BLForm13_pouch_NMC_25C_0-100_1-1C_c_cycle_data.csv,MICH_BLForm13_pouch_NMC_25C_0-100_1-1C_c_cycle_data.csv,schema_63d0cb98b657,Discharge_Energy (Wh),discharge_energy_wh,10,float64,50,0,"[""8.993"", ""9.064"", ""8.769"", ""8.165"", ""8.162""]",Wh,discharge_energy,high,explicit discharge energy column
Michigan Formation.zip,Michigan Formation/MICH_BLForm14_pouch_NMC_25C_0-100_1-1C_d_cycle_data.csv,MICH_BLForm14_pouch_NMC_25C_0-100_1-1C_d_cycle_data.csv,schema_63d0cb98b657,Cycle_Index,cycle_index,1,float64,50,0,"[""1.0"", ""2.0"", ""3.0"", ""4.0"", ""5.0""]",unknown,cycle_index,high,explicit cycle index/name
Michigan Formation.zip,Michigan Formation/MICH_BLForm14_pouch_NMC_25C_0-100_1-1C_d_cycle_data.csv,MICH_BLForm14_pouch_NMC_25C_0-100_1-1C_d_cycle_data.csv,schema_63d0cb98b657,Test_Time (s),test_time_s,2,float64,50,0,"[""36017.52"", ""188667.31"", ""292052.32"", ""303160.92"", ""314113.81""]",s,elapsed_time,high,explicit elapsed/test time column
Michigan Formation.zip,Michigan Formation/MICH_BLForm14_pouch_NMC_25C_0-100_1-1C_d_cycle_data.csv,MICH_BLForm14_pouch_NMC_25C_0-100_1-1C_d_cycle_data.csv,schema_63d0cb98b657,Min_Current (A),min_current_a,3,float64,50,0,"[""-0.933"", ""-0.151"", ""-2.375"", ""-2.37"", ""-2.374""]",A,unknown,none,"observed electrical measurement, not a requested mapping target"
Michigan Formation.zip,Michigan Formation/MICH_BLForm14_pouch_NMC_25C_0-100_1-1C_d_cycle_data.csv,MICH_BLForm14_pouch_NMC_25C_0-100_1-1C_d_cycle_data.csv,schema_63d0cb98b657,Max_Current (A),max_current_a,4,float64,50,0,"[""0.935"", ""0.148"", ""2.419"", ""2.415"", ""2.414""]",A,unknown,none,"observed electrical measurement, not a requested mapping target"
Michigan Formation.zip,Michigan Formation/MICH_BLForm14_pouch_NMC_25C_0-100_1-1C_d_cycle_data.csv,MICH_BLForm14_pouch_NMC_25C_0-100_1-1C_d_cycle_data.csv,schema_63d0cb98b657,Min_Voltage (V),min_voltage_v,5,float64,50,0,"[""2.997"", ""3.0""]",V,unknown,none,"observed electrical measurement, not a requested mapping target"
Michigan Formation.zip,Michigan Formation/MICH_BLForm14_pouch_NMC_25C_0-100_1-1C_d_cycle_data.csv,MICH_BLForm14_pouch_NMC_25C_0-100_1-1C_d_cycle_data.csv,schema_63d0cb98b657,Max_Voltage (V),max_voltage_v,6,float64,50,0,"[""4.202"", ""4.2"", ""4.204"", ""4.201""]",V,unknown,none,"observed electrical measurement, not a requested mapping target"
Michigan Formation.zip,Michigan Formation/MICH_BLForm14_pouch_NMC_25C_0-100_1-1C_d_cycle_data.csv,MICH_BLForm14_pouch_NMC_25C_0-100_1-1C_d_cycle_data.csv,schema_63d0cb98b657,Charge_Capacity (Ah),charge_capacity_ah,7,float64,50,0,"[""2.466"", ""2.45"", ""2.632"", ""2.216"", ""2.215""]",Ah,charge_capacity,high,explicit charge capacity column
Michigan Formation.zip,Michigan Formation/MICH_BLForm14_pouch_NMC_25C_0-100_1-1C_d_cycle_data.csv,MICH_BLForm14_pouch_NMC_25C_0-100_1-1C_d_cycle_data.csv,schema_63d0cb98b657,Discharge_Capacity (Ah),discharge_capacity_ah,8,float64,50,0,"[""2.441"", ""2.442"", ""2.378"", ""2.214"", ""2.213""]",Ah,discharge_capacity,high,explicit discharge capacity column
Michigan Formation.zip,Michigan Formation/MICH_BLForm14_pouch_NMC_25C_0-100_1-1C_d_cycle_data.csv,MICH_BLForm14_pouch_NMC_25C_0-100_1-1C_d_cycle_data.csv,schema_63d0cb98b657,Charge_Energy (Wh),charge_energy_wh,9,float64,50,0,"[""9.337"", ""9.197"", ""9.924"", ""8.549"", ""8.546""]",Wh,charge_energy,high,explicit charge energy column
Michigan Formation.zip,Michigan Formation/MICH_BLForm14_pouch_NMC_25C_0-100_1-1C_d_cycle_data.csv,MICH_BLForm14_pouch_NMC_25C_0-100_1-1C_d_cycle_data.csv,schema_63d0cb98b657,Discharge_Energy (Wh),discharge_energy_wh,10,float64,50,0,"[""8.956"", ""9.066"", ""8.731"", ""8.133"", ""8.131""]",Wh,discharge_energy,high,explicit discharge energy column
Michigan Formation.zip,Michigan Formation/MICH_BLForm15_pouch_NMC_25C_0-100_1-1C_e_cycle_data.csv,MICH_BLForm15_pouch_NMC_25C_0-100_1-1C_e_cycle_data.csv,schema_63d0cb98b657,Cycle_Index,cycle_index,1,float64,50,0,"[""1.0"", ""2.0"", ""3.0"", ""4.0"", ""5.0""]",unknown,cycle_index,high,explicit cycle index/name
Michigan Formation.zip,Michigan Formation/MICH_BLForm15_pouch_NMC_25C_0-100_1-1C_e_cycle_data.csv,MICH_BLForm15_pouch_NMC_25C_0-100_1-1C_e_cycle_data.csv,schema_63d0cb98b657,Test_Time (s),test_time_s,2,float64,50,0,"[""36251.43"", ""189469.72"", ""293002.15"", ""303887.77"", ""314591.7""]",s,elapsed_time,high,explicit elapsed/test time column
Michigan Formation.zip,Michigan Formation/MICH_BLForm15_pouch_NMC_25C_0-100_1-1C_e_cycle_data.csv,MICH_BLForm15_pouch_NMC_25C_0-100_1-1C_e_cycle_data.csv,schema_63d0cb98b657,Min_Current (A),min_current_a,3,float64,50,0,"[""-0.935"", ""-0.149"", ""-2.375"", ""-2.374"", ""-2.371""]",A,unknown,none,"observed electrical measurement, not a requested mapping target"
Michigan Formation.zip,Michigan Formation/MICH_BLForm15_pouch_NMC_25C_0-100_1-1C_e_cycle_data.csv,MICH_BLForm15_pouch_NMC_25C_0-100_1-1C_e_cycle_data.csv,schema_63d0cb98b657,Max_Current (A),max_current_a,4,float64,50,0,"[""0.936"", ""0.147"", ""2.417"", ""2.416"", ""2.415""]",A,unknown,none,"observed electrical measurement, not a requested mapping target"
Michigan Formation.zip,Michigan Formation/MICH_BLForm15_pouch_NMC_25C_0-100_1-1C_e_cycle_data.csv,MICH_BLForm15_pouch_NMC_25C_0-100_1-1C_e_cycle_data.csv,schema_63d0cb98b657,Min_Voltage (V),min_voltage_v,5,float64,50,0,"[""2.997"", ""3.0""]",V,unknown,none,"observed electrical measurement, not a requested mapping target"
Michigan Formation.zip,Michigan Formation/MICH_BLForm15_pouch_NMC_25C_0-100_1-1C_e_cycle_data.csv,MICH_BLForm15_pouch_NMC_25C_0-100_1-1C_e_cycle_data.csv,schema_63d0cb98b657,Max_Voltage (V),max_voltage_v,6,float64,50,0,"[""4.202"", ""4.2"", ""4.205"", ""4.201""]",V,unknown,none,"observed electrical measurement, not a requested mapping target"
Michigan Formation.zip,Michigan Formation/MICH_BLForm15_pouch_NMC_25C_0-100_1-1C_e_cycle_data.csv,MICH_BLForm15_pouch_NMC_25C_0-100_1-1C_e_cycle_data.csv,schema_63d0cb98b657,Charge_Capacity (Ah),charge_capacity_ah,7,float64,50,0,"[""2.472"", ""2.447"", ""2.637"", ""2.221"", ""2.22""]",Ah,charge_capacity,high,explicit charge capacity column
Michigan Formation.zip,Michigan Formation/MICH_BLForm15_pouch_NMC_25C_0-100_1-1C_e_cycle_data.csv,MICH_BLForm15_pouch_NMC_25C_0-100_1-1C_e_cycle_data.csv,schema_63d0cb98b657,Discharge_Capacity (Ah),discharge_capacity_ah,8,float64,50,0,"[""2.45"", ""2.461"", ""2.384"", ""2.219"", ""2.218""]",Ah,discharge_capacity,high,explicit discharge capacity column
Michigan Formation.zip,Michigan Formation/MICH_BLForm15_pouch_NMC_25C_0-100_1-1C_e_cycle_data.csv,MICH_BLForm15_pouch_NMC_25C_0-100_1-1C_e_cycle_data.csv,schema_63d0cb98b657,Charge_Energy (Wh),charge_energy_wh,9,float64,50,0,"[""9.357"", ""9.186"", ""9.946"", ""8.565"", ""8.559""]",Wh,charge_energy,high,explicit charge energy column
Michigan Formation.zip,Michigan Formation/MICH_BLForm15_pouch_NMC_25C_0-100_1-1C_e_cycle_data.csv,MICH_BLForm15_pouch_NMC_25C_0-100_1-1C_e_cycle_data.csv,schema_63d0cb98b657,Discharge_Energy (Wh),discharge_energy_wh,10,float64,50,0,"[""8.988"", ""9.137"", ""8.753"", ""8.15"", ""8.147""]",Wh,discharge_energy,high,explicit discharge energy column
Michigan Formation.zip,Michigan Formation/MICH_BLForm16_pouch_NMC_25C_0-100_1-1C_f_cycle_data.csv,MICH_BLForm16_pouch_NMC_25C_0-100_1-1C_f_cycle_data.csv,schema_63d0cb98b657,Cycle_Index,cycle_index,1,float64,50,0,"[""1.0"", ""2.0"", ""3.0"", ""4.0"", ""5.0""]",unknown,cycle_index,high,explicit cycle index/name
Michigan Formation.zip,Michigan Formation/MICH_BLForm16_pouch_NMC_25C_0-100_1-1C_f_cycle_data.csv,MICH_BLForm16_pouch_NMC_25C_0-100_1-1C_f_cycle_data.csv,schema_63d0cb98b657,Test_Time (s),test_time_s,2,float64,50,0,"[""36138.5"", ""187138.42"", ""290276.7"", ""301182.45"", ""312066.35""]",s,elapsed_time,high,explicit elapsed/test time column
Michigan Formation.zip,Michigan Formation/MICH_BLForm16_pouch_NMC_25C_0-100_1-1C_f_cycle_data.csv,MICH_BLForm16_pouch_NMC_25C_0-100_1-1C_f_cycle_data.csv,schema_63d0cb98b657,Min_Current (A),min_current_a,3,float64,50,0,"[""-0.934"", ""-0.147"", ""-2.375"", ""-2.374"", ""-2.371""]",A,unknown,none,"observed electrical measurement, not a requested mapping target"
Michigan Formation.zip,Michigan Formation/MICH_BLForm16_pouch_NMC_25C_0-100_1-1C_f_cycle_data.csv,MICH_BLForm16_pouch_NMC_25C_0-100_1-1C_f_cycle_data.csv,schema_63d0cb98b657,Max_Current (A),max_current_a,4,float64,50,0,"[""0.934"", ""0.142"", ""2.417"", ""2.416"", ""2.415""]",A,unknown,none,"observed electrical measurement, not a requested mapping target"
Michigan Formation.zip,Michigan Formation/MICH_BLForm16_pouch_NMC_25C_0-100_1-1C_f_cycle_data.csv,MICH_BLForm16_pouch_NMC_25C_0-100_1-1C_f_cycle_data.csv,schema_63d0cb98b657,Min_Voltage (V),min_voltage_v,5,float64,50,0,"[""2.997"", ""3.0""]",V,unknown,none,"observed electrical measurement, not a requested mapping target"
Michigan Formation.zip,Michigan Formation/MICH_BLForm16_pouch_NMC_25C_0-100_1-1C_f_cycle_data.csv,MICH_BLForm16_pouch_NMC_25C_0-100_1-1C_f_cycle_data.csv,schema_63d0cb98b657,Max_Voltage (V),max_voltage_v,6,float64,50,0,"[""4.202"", ""4.2"", ""4.204"", ""4.201""]",V,unknown,none,"observed electrical measurement, not a requested mapping target"
Michigan Formation.zip,Michigan Formation/MICH_BLForm16_pouch_NMC_25C_0-100_1-1C_f_cycle_data.csv,MICH_BLForm16_pouch_NMC_25C_0-100_1-1C_f_cycle_data.csv,schema_63d0cb98b657,Charge_Capacity (Ah),charge_capacity_ah,7,float64,50,0,"[""2.455"", ""2.408"", ""2.621"", ""2.207"", ""2.206""]",Ah,charge_capacity,high,explicit charge capacity column
Michigan Formation.zip,Michigan Formation/MICH_BLForm16_pouch_NMC_25C_0-100_1-1C_f_cycle_data.csv,MICH_BLForm16_pouch_NMC_25C_0-100_1-1C_f_cycle_data.csv,schema_63d0cb98b657,Discharge_Capacity (Ah),discharge_capacity_ah,8,float64,50,0,"[""2.432"", ""2.427"", ""2.371"", ""2.205"", ""2.204""]",Ah,discharge_capacity,high,explicit discharge capacity column
Michigan Formation.zip,Michigan Formation/MICH_BLForm16_pouch_NMC_25C_0-100_1-1C_f_cycle_data.csv,MICH_BLForm16_pouch_NMC_25C_0-100_1-1C_f_cycle_data.csv,schema_63d0cb98b657,Charge_Energy (Wh),charge_energy_wh,9,float64,50,0,"[""9.293"", ""9.041"", ""9.883"", ""8.512"", ""8.505""]",Wh,charge_energy,high,explicit charge energy column
Michigan Formation.zip,Michigan Formation/MICH_BLForm16_pouch_NMC_25C_0-100_1-1C_f_cycle_data.csv,MICH_BLForm16_pouch_NMC_25C_0-100_1-1C_f_cycle_data.csv,schema_63d0cb98b657,Discharge_Energy (Wh),discharge_energy_wh,10,float64,50,0,"[""8.921"", ""9.012"", ""8.709"", ""8.102"", ""8.103""]",Wh,discharge_energy,high,explicit discharge energy column
Michigan Formation.zip,Michigan Formation/MICH_BLForm17_pouch_NMC_25C_0-100_1-1C_g_cycle_data.csv,MICH_BLForm17_pouch_NMC_25C_0-100_1-1C_g_cycle_data.csv,schema_63d0cb98b657,Cycle_Index,cycle_index,1,float64,50,0,"[""1.0"", ""2.0"", ""3.0"", ""4.0"", ""5.0""]",unknown,cycle_index,high,explicit cycle index/name
Michigan Formation.zip,Michigan Formation/MICH_BLForm17_pouch_NMC_25C_0-100_1-1C_g_cycle_data.csv,MICH_BLForm17_pouch_NMC_25C_0-100_1-1C_g_cycle_data.csv,schema_63d0cb98b657,Test_Time (s),test_time_s,2,float64,50,0,"[""36173.97"", ""188813.63"", ""292094.35"", ""302876.84"", ""313464.67""]",s,elapsed_time,high,explicit elapsed/test time column
Michigan Formation.zip,Michigan Formation/MICH_BLForm17_pouch_NMC_25C_0-100_1-1C_g_cycle_data.csv,MICH_BLForm17_pouch_NMC_25C_0-100_1-1C_g_cycle_data.csv,schema_63d0cb98b657,Min_Current (A),min_current_a,3,float64,50,0,"[""-0.933"", ""-0.148"", ""-2.375"", ""-2.373"", ""-2.371""]",A,unknown,none,"observed electrical measurement, not a requested mapping target"
Michigan Formation.zip,Michigan Formation/MICH_BLForm17_pouch_NMC_25C_0-100_1-1C_g_cycle_data.csv,MICH_BLForm17_pouch_NMC_25C_0-100_1-1C_g_cycle_data.csv,schema_63d0cb98b657,Max_Current (A),max_current_a,4,float64,50,0,"[""0.933"", ""0.145"", ""2.42"", ""2.416"", ""2.415""]",A,unknown,none,"observed electrical measurement, not a requested mapping target"
Michigan Formation.zip,Michigan Formation/MICH_BLForm17_pouch_NMC_25C_0-100_1-1C_g_cycle_data.csv,MICH_BLForm17_pouch_NMC_25C_0-100_1-1C_g_cycle_data.csv,schema_63d0cb98b657,Min_Voltage (V),min_voltage_v,5,float64,50,0,"[""2.997"", ""3.0""]",V,unknown,none,"observed electrical measurement, not a requested mapping target"
Michigan Formation.zip,Michigan Formation/MICH_BLForm17_pouch_NMC_25C_0-100_1-1C_g_cycle_data.csv,MICH_BLForm17_pouch_NMC_25C_0-100_1-1C_g_cycle_data.csv,schema_63d0cb98b657,Max_Voltage (V),max_voltage_v,6,float64,50,0,"[""4.202"", ""4.2"", ""4.206"", ""4.201""]",V,unknown,none,"observed electrical measurement, not a requested mapping target"
Michigan Formation.zip,Michigan Formation/MICH_BLForm17_pouch_NMC_25C_0-100_1-1C_g_cycle_data.csv,MICH_BLForm17_pouch_NMC_25C_0-100_1-1C_g_cycle_data.csv,schema_63d0cb98b657,Charge_Capacity (Ah),charge_capacity_ah,7,float64,50,0,"[""2.47"", ""2.444"", ""2.633"", ""2.215"", ""2.214""]",Ah,charge_capacity,high,explicit charge capacity column
Michigan Formation.zip,Michigan Formation/MICH_BLForm17_pouch_NMC_25C_0-100_1-1C_g_cycle_data.csv,MICH_BLForm17_pouch_NMC_25C_0-100_1-1C_g_cycle_data.csv,schema_63d0cb98b657,Discharge_Capacity (Ah),discharge_capacity_ah,8,float64,50,0,"[""2.445"", ""2.446"", ""2.378"", ""2.213"", ""2.212""]",Ah,discharge_capacity,high,explicit discharge capacity column
Michigan Formation.zip,Michigan Formation/MICH_BLForm17_pouch_NMC_25C_0-100_1-1C_g_cycle_data.csv,MICH_BLForm17_pouch_NMC_25C_0-100_1-1C_g_cycle_data.csv,schema_63d0cb98b657,Charge_Energy (Wh),charge_energy_wh,9,float64,50,0,"[""9.353"", ""9.177"", ""9.93"", ""8.546"", ""8.538""]",Wh,charge_energy,high,explicit charge energy column
Michigan Formation.zip,Michigan Formation/MICH_BLForm17_pouch_NMC_25C_0-100_1-1C_g_cycle_data.csv,MICH_BLForm17_pouch_NMC_25C_0-100_1-1C_g_cycle_data.csv,schema_63d0cb98b657,Discharge_Energy (Wh),discharge_energy_wh,10,float64,50,0,"[""8.972"", ""9.082"", ""8.728"", ""8.127"", ""8.124""]",Wh,discharge_energy,high,explicit discharge energy column
Michigan Formation.zip,Michigan Formation/MICH_BLForm18_pouch_NMC_25C_0-100_1-1C_h_cycle_data.csv,MICH_BLForm18_pouch_NMC_25C_0-100_1-1C_h_cycle_data.csv,schema_63d0cb98b657,Cycle_Index,cycle_index,1,float64,50,0,"[""1.0"", ""2.0"", ""3.0"", ""4.0"", ""5.0""]",unknown,cycle_index,high,explicit cycle index/name
Michigan Formation.zip,Michigan Formation/MICH_BLForm18_pouch_NMC_25C_0-100_1-1C_h_cycle_data.csv,MICH_BLForm18_pouch_NMC_25C_0-100_1-1C_h_cycle_data.csv,schema_63d0cb98b657,Test_Time (s),test_time_s,2,float64,50,0,"[""36403.18"", ""189492.92"", ""293057.9"", ""304101.39"", ""315018.74""]",s,elapsed_time,high,explicit elapsed/test time column
Michigan Formation.zip,Michigan Formation/MICH_BLForm18_pouch_NMC_25C_0-100_1-1C_h_cycle_data.csv,MICH_BLForm18_pouch_NMC_25C_0-100_1-1C_h_cycle_data.csv,schema_63d0cb98b657,Min_Current (A),min_current_a,3,float64,50,0,"[""-0.934"", ""-0.158"", ""-2.375"", ""-2.372"", ""-2.371""]",A,unknown,none,"observed electrical measurement, not a requested mapping target"
Michigan Formation.zip,Michigan Formation/MICH_BLForm18_pouch_NMC_25C_0-100_1-1C_h_cycle_data.csv,MICH_BLForm18_pouch_NMC_25C_0-100_1-1C_h_cycle_data.csv,schema_63d0cb98b657,Max_Current (A),max_current_a,4,float64,50,0,"[""0.935"", ""0.153"", ""2.422"", ""2.415"", ""2.417""]",A,unknown,none,"observed electrical measurement, not a requested mapping target"
Michigan Formation.zip,Michigan Formation/MICH_BLForm18_pouch_NMC_25C_0-100_1-1C_h_cycle_data.csv,MICH_BLForm18_pouch_NMC_25C_0-100_1-1C_h_cycle_data.csv,schema_63d0cb98b657,Min_Voltage (V),min_voltage_v,5,float64,50,0,"[""2.998"", ""3.0""]",V,unknown,none,"observed electrical measurement, not a requested mapping target"
Michigan Formation.zip,Michigan Formation/MICH_BLForm18_pouch_NMC_25C_0-100_1-1C_h_cycle_data.csv,MICH_BLForm18_pouch_NMC_25C_0-100_1-1C_h_cycle_data.csv,schema_63d0cb98b657,Max_Voltage (V),max_voltage_v,6,float64,50,0,"[""4.202"", ""4.2"", ""4.204"", ""4.201""]",V,unknown,none,"observed electrical measurement, not a requested mapping target"
Michigan Formation.zip,Michigan Formation/MICH_BLForm18_pouch_NMC_25C_0-100_1-1C_h_cycle_data.csv,MICH_BLForm18_pouch_NMC_25C_0-100_1-1C_h_cycle_data.csv,schema_63d0cb98b657,Charge_Capacity (Ah),charge_capacity_ah,7,float64,50,0,"[""2.469"", ""2.443"", ""2.636"", ""2.21"", ""2.209""]",Ah,charge_capacity,high,explicit charge capacity column
Michigan Formation.zip,Michigan Formation/MICH_BLForm18_pouch_NMC_25C_0-100_1-1C_h_cycle_data.csv,MICH_BLForm18_pouch_NMC_25C_0-100_1-1C_h_cycle_data.csv,schema_63d0cb98b657,Discharge_Capacity (Ah),discharge_capacity_ah,8,float64,50,0,"[""2.444"", ""2.461"", ""2.373"", ""2.208"", ""2.207""]",Ah,discharge_capacity,high,explicit discharge capacity column
Michigan Formation.zip,Michigan Formation/MICH_BLForm18_pouch_NMC_25C_0-100_1-1C_h_cycle_data.csv,MICH_BLForm18_pouch_NMC_25C_0-100_1-1C_h_cycle_data.csv,schema_63d0cb98b657,Charge_Energy (Wh),charge_energy_wh,9,float64,50,0,"[""9.347"", ""9.174"", ""9.941"", ""8.53"", ""8.525""]",Wh,charge_energy,high,explicit charge energy column
Michigan Formation.zip,Michigan Formation/MICH_BLForm18_pouch_NMC_25C_0-100_1-1C_h_cycle_data.csv,MICH_BLForm18_pouch_NMC_25C_0-100_1-1C_h_cycle_data.csv,schema_63d0cb98b657,Discharge_Energy (Wh),discharge_energy_wh,10,float64,50,0,"[""8.963"", ""9.134"", ""8.71"", ""8.11"", ""8.109""]",Wh,discharge_energy,high,explicit discharge energy column
Michigan Formation.zip,Michigan Formation/MICH_BLForm19_pouch_NMC_25C_0-100_1-1C_i_cycle_data.csv,MICH_BLForm19_pouch_NMC_25C_0-100_1-1C_i_cycle_data.csv,schema_63d0cb98b657,Cycle_Index,cycle_index,1,float64,50,0,"[""1.0"", ""2.0"", ""3.0"", ""4.0"", ""5.0""]",unknown,cycle_index,high,explicit cycle index/name
Michigan Formation.zip,Michigan Formation/MICH_BLForm19_pouch_NMC_25C_0-100_1-1C_i_cycle_data.csv,MICH_BLForm19_pouch_NMC_25C_0-100_1-1C_i_cycle_data.csv,schema_63d0cb98b657,Test_Time (s),test_time_s,2,float64,50,0,"[""36044.95"", ""186967.91"", ""289993.5"", ""300733.59"", ""311548.06""]",s,elapsed_time,high,explicit elapsed/test time column
Michigan Formation.zip,Michigan Formation/MICH_BLForm19_pouch_NMC_25C_0-100_1-1C_i_cycle_data.csv,MICH_BLForm19_pouch_NMC_25C_0-100_1-1C_i_cycle_data.csv,schema_63d0cb98b657,Min_Current (A),min_current_a,3,float64,50,0,"[""-0.935"", ""-0.152"", ""-2.375"", ""-2.374"", ""-2.372""]",A,unknown,none,"observed electrical measurement, not a requested mapping target"
Michigan Formation.zip,Michigan Formation/MICH_BLForm19_pouch_NMC_25C_0-100_1-1C_i_cycle_data.csv,MICH_BLForm19_pouch_NMC_25C_0-100_1-1C_i_cycle_data.csv,schema_63d0cb98b657,Max_Current (A),max_current_a,4,float64,50,0,"[""0.934"", ""0.146"", ""2.423"", ""2.417"", ""2.416""]",A,unknown,none,"observed electrical measurement, not a requested mapping target"
Michigan Formation.zip,Michigan Formation/MICH_BLForm19_pouch_NMC_25C_0-100_1-1C_i_cycle_data.csv,MICH_BLForm19_pouch_NMC_25C_0-100_1-1C_i_cycle_data.csv,schema_63d0cb98b657,Min_Voltage (V),min_voltage_v,5,float64,50,0,"[""2.997"", ""3.0""]",V,unknown,none,"observed electrical measurement, not a requested mapping target"
Michigan Formation.zip,Michigan Formation/MICH_BLForm19_pouch_NMC_25C_0-100_1-1C_i_cycle_data.csv,MICH_BLForm19_pouch_NMC_25C_0-100_1-1C_i_cycle_data.csv,schema_63d0cb98b657,Max_Voltage (V),max_voltage_v,6,float64,50,0,"[""4.202"", ""4.2"", ""4.204"", ""4.201""]",V,unknown,none,"observed electrical measurement, not a requested mapping target"
Michigan Formation.zip,Michigan Formation/MICH_BLForm19_pouch_NMC_25C_0-100_1-1C_i_cycle_data.csv,MICH_BLForm19_pouch_NMC_25C_0-100_1-1C_i_cycle_data.csv,schema_63d0cb98b657,Charge_Capacity (Ah),charge_capacity_ah,7,float64,50,0,"[""2.46"", ""2.413"", ""2.624"", ""2.209"", ""2.208""]",Ah,charge_capacity,high,explicit charge capacity column
Michigan Formation.zip,Michigan Formation/MICH_BLForm19_pouch_NMC_25C_0-100_1-1C_i_cycle_data.csv,MICH_BLForm19_pouch_NMC_25C_0-100_1-1C_i_cycle_data.csv,schema_63d0cb98b657,Discharge_Capacity (Ah),discharge_capacity_ah,8,float64,50,0,"[""2.435"", ""2.42"", ""2.373"", ""2.207"", ""2.206""]",Ah,discharge_capacity,high,explicit discharge capacity column
Michigan Formation.zip,Michigan Formation/MICH_BLForm19_pouch_NMC_25C_0-100_1-1C_i_cycle_data.csv,MICH_BLForm19_pouch_NMC_25C_0-100_1-1C_i_cycle_data.csv,schema_63d0cb98b657,Charge_Energy (Wh),charge_energy_wh,9,float64,50,0,"[""9.316"", ""9.061"", ""9.897"", ""8.522"", ""8.517""]",Wh,charge_energy,high,explicit charge energy column
Michigan Formation.zip,Michigan Formation/MICH_BLForm19_pouch_NMC_25C_0-100_1-1C_i_cycle_data.csv,MICH_BLForm19_pouch_NMC_25C_0-100_1-1C_i_cycle_data.csv,schema_63d0cb98b657,Discharge_Energy (Wh),discharge_energy_wh,10,float64,50,0,"[""8.934"", ""8.985"", ""8.713"", ""8.108"", ""8.109""]",Wh,discharge_energy,high,explicit discharge energy column
Michigan Formation.zip,Michigan Formation/MICH_BLForm1_pouch_NMC_45C_0-100_1-1C_a_cycle_data.csv,MICH_BLForm1_pouch_NMC_45C_0-100_1-1C_a_cycle_data.csv,schema_63d0cb98b657,Cycle_Index,cycle_index,1,float64,50,0,"[""1.0"", ""2.0"", ""3.0"", ""4.0"", ""5.0""]",unknown,cycle_index,high,explicit cycle index/name
Michigan Formation.zip,Michigan Formation/MICH_BLForm1_pouch_NMC_45C_0-100_1-1C_a_cycle_data.csv,MICH_BLForm1_pouch_NMC_45C_0-100_1-1C_a_cycle_data.csv,schema_63d0cb98b657,Test_Time (s),test_time_s,2,float64,50,0,"[""33991.18"", ""189724.53"", ""295565.99"", ""305330.7"", ""315175.6""]",s,elapsed_time,high,explicit elapsed/test time column
Michigan Formation.zip,Michigan Formation/MICH_BLForm1_pouch_NMC_45C_0-100_1-1C_a_cycle_data.csv,MICH_BLForm1_pouch_NMC_45C_0-100_1-1C_a_cycle_data.csv,schema_63d0cb98b657,Min_Current (A),min_current_a,3,float64,50,0,"[""-0.934"", ""-0.14"", ""-2.375"", ""-2.374"", ""-2.372""]",A,unknown,none,"observed electrical measurement, not a requested mapping target"
Michigan Formation.zip,Michigan Formation/MICH_BLForm1_pouch_NMC_45C_0-100_1-1C_a_cycle_data.csv,MICH_BLForm1_pouch_NMC_45C_0-100_1-1C_a_cycle_data.csv,schema_63d0cb98b657,Max_Current (A),max_current_a,4,float64,50,0,"[""0.933"", ""0.138"", ""2.447"", ""2.414"", ""2.415""]",A,unknown,none,"observed electrical measurement, not a requested mapping target"
Michigan Formation.zip,Michigan Formation/MICH_BLForm1_pouch_NMC_45C_0-100_1-1C_a_cycle_data.csv,MICH_BLForm1_pouch_NMC_45C_0-100_1-1C_a_cycle_data.csv,schema_63d0cb98b657,Min_Voltage (V),min_voltage_v,5,float64,50,0,"[""2.998"", ""3.0""]",V,unknown,none,"observed electrical measurement, not a requested mapping target"
Michigan Formation.zip,Michigan Formation/MICH_BLForm1_pouch_NMC_45C_0-100_1-1C_a_cycle_data.csv,MICH_BLForm1_pouch_NMC_45C_0-100_1-1C_a_cycle_data.csv,schema_63d0cb98b657,Max_Voltage (V),max_voltage_v,6,float64,50,0,"[""4.201"", ""4.2"", ""4.205""]",V,unknown,none,"observed electrical measurement, not a requested mapping target"
Michigan Formation.zip,Michigan Formation/MICH_BLForm1_pouch_NMC_45C_0-100_1-1C_a_cycle_data.csv,MICH_BLForm1_pouch_NMC_45C_0-100_1-1C_a_cycle_data.csv,schema_63d0cb98b657,Charge_Capacity (Ah),charge_capacity_ah,7,float64,50,0,"[""2.519"", ""2.51"", ""2.688"", ""2.354"", ""2.359""]",Ah,charge_capacity,high,explicit charge capacity column
Michigan Formation.zip,Michigan Formation/MICH_BLForm1_pouch_NMC_45C_0-100_1-1C_a_cycle_data.csv,MICH_BLForm1_pouch_NMC_45C_0-100_1-1C_a_cycle_data.csv,schema_63d0cb98b657,Discharge_Capacity (Ah),discharge_capacity_ah,8,float64,50,0,"[""2.501"", ""2.496"", ""2.523"", ""2.356"", ""2.359""]",Ah,discharge_capacity,high,explicit discharge capacity column
Michigan Formation.zip,Michigan Formation/MICH_BLForm1_pouch_NMC_45C_0-100_1-1C_a_cycle_data.csv,MICH_BLForm1_pouch_NMC_45C_0-100_1-1C_a_cycle_data.csv,schema_63d0cb98b657,Charge_Energy (Wh),charge_energy_wh,9,float64,50,0,"[""9.479"", ""9.398"", ""10.093"", ""8.971"", ""8.988""]",Wh,charge_energy,high,explicit charge energy column
Michigan Formation.zip,Michigan Formation/MICH_BLForm1_pouch_NMC_45C_0-100_1-1C_a_cycle_data.csv,MICH_BLForm1_pouch_NMC_45C_0-100_1-1C_a_cycle_data.csv,schema_63d0cb98b657,Discharge_Energy (Wh),discharge_energy_wh,10,float64,50,0,"[""9.236"", ""9.276"", ""9.319"", ""8.702"", ""8.713""]",Wh,discharge_energy,high,explicit discharge energy column
Michigan Formation.zip,Michigan Formation/MICH_BLForm20_pouch_NMC_25C_0-100_1-1C_j_cycle_data.csv,MICH_BLForm20_pouch_NMC_25C_0-100_1-1C_j_cycle_data.csv,schema_63d0cb98b657,Cycle_Index,cycle_index,1,float64,50,0,"[""1.0"", ""2.0"", ""3.0"", ""4.0"", ""5.0""]",unknown,cycle_index,high,explicit cycle index/name
Michigan Formation.zip,Michigan Formation/MICH_BLForm20_pouch_NMC_25C_0-100_1-1C_j_cycle_data.csv,MICH_BLForm20_pouch_NMC_25C_0-100_1-1C_j_cycle_data.csv,schema_63d0cb98b657,Test_Time (s),test_time_s,2,float64,50,0,"[""36720.29"", ""192218.13"", ""296093.33"", ""307264.48"", ""318372.21""]",s,elapsed_time,high,explicit elapsed/test time column
Michigan Formation.zip,Michigan Formation/MICH_BLForm20_pouch_NMC_25C_0-100_1-1C_j_cycle_data.csv,MICH_BLForm20_pouch_NMC_25C_0-100_1-1C_j_cycle_data.csv,schema_63d0cb98b657,Min_Current (A),min_current_a,3,float64,50,0,"[""-0.936"", ""-0.153"", ""-2.375"", ""-2.372"", ""-2.371""]",A,unknown,none,"observed electrical measurement, not a requested mapping target"
Michigan Formation.zip,Michigan Formation/MICH_BLForm20_pouch_NMC_25C_0-100_1-1C_j_cycle_data.csv,MICH_BLForm20_pouch_NMC_25C_0-100_1-1C_j_cycle_data.csv,schema_63d0cb98b657,Max_Current (A),max_current_a,4,float64,50,0,"[""0.933"", ""0.151"", ""2.422"", ""2.415"", ""2.417""]",A,unknown,none,"observed electrical measurement, not a requested mapping target"
Michigan Formation.zip,Michigan Formation/MICH_BLForm20_pouch_NMC_25C_0-100_1-1C_j_cycle_data.csv,MICH_BLForm20_pouch_NMC_25C_0-100_1-1C_j_cycle_data.csv,schema_63d0cb98b657,Min_Voltage (V),min_voltage_v,5,float64,50,0,"[""2.997"", ""3.0""]",V,unknown,none,"observed electrical measurement, not a requested mapping target"
Michigan Formation.zip,Michigan Formation/MICH_BLForm20_pouch_NMC_25C_0-100_1-1C_j_cycle_data.csv,MICH_BLForm20_pouch_NMC_25C_0-100_1-1C_j_cycle_data.csv,schema_63d0cb98b657,Max_Voltage (V),max_voltage_v,6,float64,50,0,"[""4.202"", ""4.2"", ""4.204"", ""4.201""]",V,unknown,none,"observed electrical measurement, not a requested mapping target"
Michigan Formation.zip,Michigan Formation/MICH_BLForm20_pouch_NMC_25C_0-100_1-1C_j_cycle_data.csv,MICH_BLForm20_pouch_NMC_25C_0-100_1-1C_j_cycle_data.csv,schema_63d0cb98b657,Charge_Capacity (Ah),charge_capacity_ah,7,float64,50,0,"[""2.483"", ""2.476"", ""2.651"", ""2.229"", ""2.228""]",Ah,charge_capacity,high,explicit charge capacity column
Michigan Formation.zip,Michigan Formation/MICH_BLForm20_pouch_NMC_25C_0-100_1-1C_j_cycle_data.csv,MICH_BLForm20_pouch_NMC_25C_0-100_1-1C_j_cycle_data.csv,schema_63d0cb98b657,Discharge_Capacity (Ah),discharge_capacity_ah,8,float64,50,0,"[""2.464"", ""2.506"", ""2.391"", ""2.228"", ""2.226""]",Ah,discharge_capacity,high,explicit discharge capacity column
Michigan Formation.zip,Michigan Formation/MICH_BLForm20_pouch_NMC_25C_0-100_1-1C_j_cycle_data.csv,MICH_BLForm20_pouch_NMC_25C_0-100_1-1C_j_cycle_data.csv,schema_63d0cb98b657,Charge_Energy (Wh),charge_energy_wh,9,float64,50,0,"[""9.404"", ""9.298"", ""9.999"", ""8.595"", ""8.588""]",Wh,charge_energy,high,explicit charge energy column
Michigan Formation.zip,Michigan Formation/MICH_BLForm20_pouch_NMC_25C_0-100_1-1C_j_cycle_data.csv,MICH_BLForm20_pouch_NMC_25C_0-100_1-1C_j_cycle_data.csv,schema_63d0cb98b657,Discharge_Energy (Wh),discharge_energy_wh,10,float64,50,0,"[""9.041"", ""9.305"", ""8.778"", ""8.186"", ""8.187""]",Wh,discharge_energy,high,explicit discharge energy column
Michigan Formation.zip,Michigan Formation/MICH_BLForm2_pouch_NMC_45C_0-100_1-1C_b_cycle_data.csv,MICH_BLForm2_pouch_NMC_45C_0-100_1-1C_b_cycle_data.csv,schema_63d0cb98b657,Cycle_Index,cycle_index,1,float64,50,0,"[""1.0"", ""2.0"", ""3.0"", ""4.0"", ""5.0""]",unknown,cycle_index,high,explicit cycle index/name
Michigan Formation.zip,Michigan Formation/MICH_BLForm2_pouch_NMC_45C_0-100_1-1C_b_cycle_data.csv,MICH_BLForm2_pouch_NMC_45C_0-100_1-1C_b_cycle_data.csv,schema_63d0cb98b657,Test_Time (s),test_time_s,2,float64,50,0,"[""34248.44"", ""190654.88"", ""296602.9"", ""306488.8"", ""316217.37""]",s,elapsed_time,high,explicit elapsed/test time column
Michigan Formation.zip,Michigan Formation/MICH_BLForm2_pouch_NMC_45C_0-100_1-1C_b_cycle_data.csv,MICH_BLForm2_pouch_NMC_45C_0-100_1-1C_b_cycle_data.csv,schema_63d0cb98b657,Min_Current (A),min_current_a,3,float64,50,0,"[""-0.933"", ""-0.148"", ""-2.375"", ""-2.371"", ""-2.373""]",A,unknown,none,"observed electrical measurement, not a requested mapping target"
Michigan Formation.zip,Michigan Formation/MICH_BLForm2_pouch_NMC_45C_0-100_1-1C_b_cycle_data.csv,MICH_BLForm2_pouch_NMC_45C_0-100_1-1C_b_cycle_data.csv,schema_63d0cb98b657,Max_Current (A),max_current_a,4,float64,50,0,"[""0.934"", ""0.146"", ""2.447"", ""2.412"", ""2.413""]",A,unknown,none,"observed electrical measurement, not a requested mapping target"
Michigan Formation.zip,Michigan Formation/MICH_BLForm2_pouch_NMC_45C_0-100_1-1C_b_cycle_data.csv,MICH_BLForm2_pouch_NMC_45C_0-100_1-1C_b_cycle_data.csv,schema_63d0cb98b657,Min_Voltage (V),min_voltage_v,5,float64,50,0,"[""2.998"", ""3.0""]",V,unknown,none,"observed electrical measurement, not a requested mapping target"
Michigan Formation.zip,Michigan Formation/MICH_BLForm2_pouch_NMC_45C_0-100_1-1C_b_cycle_data.csv,MICH_BLForm2_pouch_NMC_45C_0-100_1-1C_b_cycle_data.csv,schema_63d0cb98b657,Max_Voltage (V),max_voltage_v,6,float64,50,0,"[""4.201"", ""4.2"", ""4.205""]",V,unknown,none,"observed electrical measurement, not a requested mapping target"
Michigan Formation.zip,Michigan Formation/MICH_BLForm2_pouch_NMC_45C_0-100_1-1C_b_cycle_data.csv,MICH_BLForm2_pouch_NMC_45C_0-100_1-1C_b_cycle_data.csv,schema_63d0cb98b657,Charge_Capacity (Ah),charge_capacity_ah,7,float64,50,0,"[""2.527"", ""2.532"", ""2.695"", ""2.354"", ""2.358""]",Ah,charge_capacity,high,explicit charge capacity column
Michigan Formation.zip,Michigan Formation/MICH_BLForm2_pouch_NMC_45C_0-100_1-1C_b_cycle_data.csv,MICH_BLForm2_pouch_NMC_45C_0-100_1-1C_b_cycle_data.csv,schema_63d0cb98b657,Discharge_Capacity (Ah),discharge_capacity_ah,8,float64,50,0,"[""2.504"", ""2.495"", ""2.521"", ""2.355"", ""2.357""]",Ah,discharge_capacity,high,explicit discharge capacity column
Michigan Formation.zip,Michigan Formation/MICH_BLForm2_pouch_NMC_45C_0-100_1-1C_b_cycle_data.csv,MICH_BLForm2_pouch_NMC_45C_0-100_1-1C_b_cycle_data.csv,schema_63d0cb98b657,Charge_Energy (Wh),charge_energy_wh,9,float64,50,0,"[""9.512"", ""9.486"", ""10.121"", ""8.974"", ""8.986""]",Wh,charge_energy,high,explicit charge energy column
Michigan Formation.zip,Michigan Formation/MICH_BLForm2_pouch_NMC_45C_0-100_1-1C_b_cycle_data.csv,MICH_BLForm2_pouch_NMC_45C_0-100_1-1C_b_cycle_data.csv,schema_63d0cb98b657,Discharge_Energy (Wh),discharge_energy_wh,10,float64,50,0,"[""9.249"", ""9.272"", ""9.312"", ""8.697"", ""8.704""]",Wh,discharge_energy,high,explicit discharge energy column
Michigan Formation.zip,Michigan Formation/MICH_BLForm3_pouch_NMC_45C_0-100_1-1C_c_cycle_data.csv,MICH_BLForm3_pouch_NMC_45C_0-100_1-1C_c_cycle_data.csv,schema_63d0cb98b657,Cycle_Index,cycle_index,1,float64,50,0,"[""1.0"", ""2.0"", ""3.0"", ""4.0"", ""5.0""]",unknown,cycle_index,high,explicit cycle index/name
Michigan Formation.zip,Michigan Formation/MICH_BLForm3_pouch_NMC_45C_0-100_1-1C_c_cycle_data.csv,MICH_BLForm3_pouch_NMC_45C_0-100_1-1C_c_cycle_data.csv,schema_63d0cb98b657,Test_Time (s),test_time_s,2,float64,50,0,"[""33951.97"", ""189652.9"", ""295499.16"", ""305294.78"", ""315143.49""]",s,elapsed_time,high,explicit elapsed/test time column
Michigan Formation.zip,Michigan Formation/MICH_BLForm3_pouch_NMC_45C_0-100_1-1C_c_cycle_data.csv,MICH_BLForm3_pouch_NMC_45C_0-100_1-1C_c_cycle_data.csv,schema_63d0cb98b657,Min_Current (A),min_current_a,3,float64,50,0,"[""-0.934"", ""-0.144"", ""-2.375"", ""-2.373"", ""-2.371""]",A,unknown,none,"observed electrical measurement, not a requested mapping target"
Michigan Formation.zip,Michigan Formation/MICH_BLForm3_pouch_NMC_45C_0-100_1-1C_c_cycle_data.csv,MICH_BLForm3_pouch_NMC_45C_0-100_1-1C_c_cycle_data.csv,schema_63d0cb98b657,Max_Current (A),max_current_a,4,float64,50,0,"[""0.933"", ""0.142"", ""2.447"", ""2.414"", ""2.415""]",A,unknown,none,"observed electrical measurement, not a requested mapping target"
Michigan Formation.zip,Michigan Formation/MICH_BLForm3_pouch_NMC_45C_0-100_1-1C_c_cycle_data.csv,MICH_BLForm3_pouch_NMC_45C_0-100_1-1C_c_cycle_data.csv,schema_63d0cb98b657,Min_Voltage (V),min_voltage_v,5,float64,50,0,"[""2.998"", ""3.0""]",V,unknown,none,"observed electrical measurement, not a requested mapping target"
Michigan Formation.zip,Michigan Formation/MICH_BLForm3_pouch_NMC_45C_0-100_1-1C_c_cycle_data.csv,MICH_BLForm3_pouch_NMC_45C_0-100_1-1C_c_cycle_data.csv,schema_63d0cb98b657,Max_Voltage (V),max_voltage_v,6,float64,50,0,"[""4.201"", ""4.2"", ""4.204""]",V,unknown,none,"observed electrical measurement, not a requested mapping target"
Michigan Formation.zip,Michigan Formation/MICH_BLForm3_pouch_NMC_45C_0-100_1-1C_c_cycle_data.csv,MICH_BLForm3_pouch_NMC_45C_0-100_1-1C_c_cycle_data.csv,schema_63d0cb98b657,Charge_Capacity (Ah),charge_capacity_ah,7,float64,50,0,"[""2.521"", ""2.522"", ""2.689"", ""2.352"", ""2.357""]",Ah,charge_capacity,high,explicit charge capacity column
Michigan Formation.zip,Michigan Formation/MICH_BLForm3_pouch_NMC_45C_0-100_1-1C_c_cycle_data.csv,MICH_BLForm3_pouch_NMC_45C_0-100_1-1C_c_cycle_data.csv,schema_63d0cb98b657,Discharge_Capacity (Ah),discharge_capacity_ah,8,float64,50,0,"[""2.497"", ""2.483"", ""2.518"", ""2.352"", ""2.355""]",Ah,discharge_capacity,high,explicit discharge capacity column
Michigan Formation.zip,Michigan Formation/MICH_BLForm3_pouch_NMC_45C_0-100_1-1C_c_cycle_data.csv,MICH_BLForm3_pouch_NMC_45C_0-100_1-1C_c_cycle_data.csv,schema_63d0cb98b657,Charge_Energy (Wh),charge_energy_wh,9,float64,50,0,"[""9.485"", ""9.444"", ""10.096"", ""8.963"", ""8.98""]",Wh,charge_energy,high,explicit charge energy column
Michigan Formation.zip,Michigan Formation/MICH_BLForm3_pouch_NMC_45C_0-100_1-1C_c_cycle_data.csv,MICH_BLForm3_pouch_NMC_45C_0-100_1-1C_c_cycle_data.csv,schema_63d0cb98b657,Discharge_Energy (Wh),discharge_energy_wh,10,float64,50,0,"[""9.218"", ""9.225"", ""9.298"", ""8.684"", ""8.694""]",Wh,discharge_energy,high,explicit discharge energy column
Michigan Formation.zip,Michigan Formation/MICH_BLForm4_pouch_NMC_45C_0-100_1-1C_d_cycle_data.csv,MICH_BLForm4_pouch_NMC_45C_0-100_1-1C_d_cycle_data.csv,schema_63d0cb98b657,Cycle_Index,cycle_index,1,float64,50,0,"[""1.0"", ""2.0"", ""3.0"", ""4.0"", ""5.0""]",unknown,cycle_index,high,explicit cycle index/name
Michigan Formation.zip,Michigan Formation/MICH_BLForm4_pouch_NMC_45C_0-100_1-1C_d_cycle_data.csv,MICH_BLForm4_pouch_NMC_45C_0-100_1-1C_d_cycle_data.csv,schema_63d0cb98b657,Test_Time (s),test_time_s,2,float64,50,0,"[""34000.39"", ""189048.41"", ""294848.35"", ""304615.66"", ""314287.3""]",s,elapsed_time,high,explicit elapsed/test time column
Michigan Formation.zip,Michigan Formation/MICH_BLForm4_pouch_NMC_45C_0-100_1-1C_d_cycle_data.csv,MICH_BLForm4_pouch_NMC_45C_0-100_1-1C_d_cycle_data.csv,schema_63d0cb98b657,Min_Current (A),min_current_a,3,float64,50,0,"[""-0.932"", ""-0.14"", ""-2.375"", ""-2.372"", ""-2.373""]",A,unknown,none,"observed electrical measurement, not a requested mapping target"
Michigan Formation.zip,Michigan Formation/MICH_BLForm4_pouch_NMC_45C_0-100_1-1C_d_cycle_data.csv,MICH_BLForm4_pouch_NMC_45C_0-100_1-1C_d_cycle_data.csv,schema_63d0cb98b657,Max_Current (A),max_current_a,4,float64,50,0,"[""0.932"", ""0.131"", ""2.439"", ""2.412"", ""2.414""]",A,unknown,none,"observed electrical measurement, not a requested mapping target"
Michigan Formation.zip,Michigan Formation/MICH_BLForm4_pouch_NMC_45C_0-100_1-1C_d_cycle_data.csv,MICH_BLForm4_pouch_NMC_45C_0-100_1-1C_d_cycle_data.csv,schema_63d0cb98b657,Min_Voltage (V),min_voltage_v,5,float64,50,0,"[""2.998"", ""3.0""]",V,unknown,none,"observed electrical measurement, not a requested mapping target"
Michigan Formation.zip,Michigan Formation/MICH_BLForm4_pouch_NMC_45C_0-100_1-1C_d_cycle_data.csv,MICH_BLForm4_pouch_NMC_45C_0-100_1-1C_d_cycle_data.csv,schema_63d0cb98b657,Max_Voltage (V),max_voltage_v,6,float64,50,0,"[""4.201"", ""4.2"", ""4.207""]",V,unknown,none,"observed electrical measurement, not a requested mapping target"
Michigan Formation.zip,Michigan Formation/MICH_BLForm4_pouch_NMC_45C_0-100_1-1C_d_cycle_data.csv,MICH_BLForm4_pouch_NMC_45C_0-100_1-1C_d_cycle_data.csv,schema_63d0cb98b657,Charge_Capacity (Ah),charge_capacity_ah,7,float64,50,0,"[""2.511"", ""2.509"", ""2.677"", ""2.336"", ""2.34""]",Ah,charge_capacity,high,explicit charge capacity column
Michigan Formation.zip,Michigan Formation/MICH_BLForm4_pouch_NMC_45C_0-100_1-1C_d_cycle_data.csv,MICH_BLForm4_pouch_NMC_45C_0-100_1-1C_d_cycle_data.csv,schema_63d0cb98b657,Discharge_Capacity (Ah),discharge_capacity_ah,8,float64,50,0,"[""2.487"", ""2.473"", ""2.504"", ""2.337"", ""2.339""]",Ah,discharge_capacity,high,explicit discharge capacity column
Michigan Formation.zip,Michigan Formation/MICH_BLForm4_pouch_NMC_45C_0-100_1-1C_d_cycle_data.csv,MICH_BLForm4_pouch_NMC_45C_0-100_1-1C_d_cycle_data.csv,schema_63d0cb98b657,Charge_Energy (Wh),charge_energy_wh,9,float64,50,0,"[""9.449"", ""9.398"", ""10.054"", ""8.906"", ""8.919""]",Wh,charge_energy,high,explicit charge energy column
Michigan Formation.zip,Michigan Formation/MICH_BLForm4_pouch_NMC_45C_0-100_1-1C_d_cycle_data.csv,MICH_BLForm4_pouch_NMC_45C_0-100_1-1C_d_cycle_data.csv,schema_63d0cb98b657,Discharge_Energy (Wh),discharge_energy_wh,10,float64,50,0,"[""9.18"", ""9.184"", ""9.242"", ""8.624"", ""8.631""]",Wh,discharge_energy,high,explicit discharge energy column
Michigan Formation.zip,Michigan Formation/MICH_BLForm5_pouch_NMC_45C_0-100_1-1C_e_cycle_data.csv,MICH_BLForm5_pouch_NMC_45C_0-100_1-1C_e_cycle_data.csv,schema_63d0cb98b657,Cycle_Index,cycle_index,1,float64,50,0,"[""1.0"", ""2.0"", ""3.0"", ""4.0"", ""5.0""]",unknown,cycle_index,high,explicit cycle index/name
Michigan Formation.zip,Michigan Formation/MICH_BLForm5_pouch_NMC_45C_0-100_1-1C_e_cycle_data.csv,MICH_BLForm5_pouch_NMC_45C_0-100_1-1C_e_cycle_data.csv,schema_63d0cb98b657,Test_Time (s),test_time_s,2,float64,50,0,"[""34240.67"", ""190749.49"", ""296822.5"", ""306662.13"", ""316730.85""]",s,elapsed_time,high,explicit elapsed/test time column
Michigan Formation.zip,Michigan Formation/MICH_BLForm5_pouch_NMC_45C_0-100_1-1C_e_cycle_data.csv,MICH_BLForm5_pouch_NMC_45C_0-100_1-1C_e_cycle_data.csv,schema_63d0cb98b657,Min_Current (A),min_current_a,3,float64,50,0,"[""-0.934"", ""-0.148"", ""-2.375"", ""-2.372"", ""-2.371""]",A,unknown,none,"observed electrical measurement, not a requested mapping target"
Michigan Formation.zip,Michigan Formation/MICH_BLForm5_pouch_NMC_45C_0-100_1-1C_e_cycle_data.csv,MICH_BLForm5_pouch_NMC_45C_0-100_1-1C_e_cycle_data.csv,schema_63d0cb98b657,Max_Current (A),max_current_a,4,float64,50,0,"[""0.932"", ""0.157"", ""2.451"", ""2.412"", ""2.413""]",A,unknown,none,"observed electrical measurement, not a requested mapping target"
Michigan Formation.zip,Michigan Formation/MICH_BLForm5_pouch_NMC_45C_0-100_1-1C_e_cycle_data.csv,MICH_BLForm5_pouch_NMC_45C_0-100_1-1C_e_cycle_data.csv,schema_63d0cb98b657,Min_Voltage (V),min_voltage_v,5,float64,50,0,"[""2.998"", ""3.0""]",V,unknown,none,"observed electrical measurement, not a requested mapping target"
Michigan Formation.zip,Michigan Formation/MICH_BLForm5_pouch_NMC_45C_0-100_1-1C_e_cycle_data.csv,MICH_BLForm5_pouch_NMC_45C_0-100_1-1C_e_cycle_data.csv,schema_63d0cb98b657,Max_Voltage (V),max_voltage_v,6,float64,50,0,"[""4.201"", ""4.2"", ""4.203""]",V,unknown,none,"observed electrical measurement, not a requested mapping target"
Michigan Formation.zip,Michigan Formation/MICH_BLForm5_pouch_NMC_45C_0-100_1-1C_e_cycle_data.csv,MICH_BLForm5_pouch_NMC_45C_0-100_1-1C_e_cycle_data.csv,schema_63d0cb98b657,Charge_Capacity (Ah),charge_capacity_ah,7,float64,50,0,"[""2.531"", ""2.539"", ""2.701"", ""2.36"", ""2.365""]",Ah,charge_capacity,high,explicit charge capacity column
Michigan Formation.zip,Michigan Formation/MICH_BLForm5_pouch_NMC_45C_0-100_1-1C_e_cycle_data.csv,MICH_BLForm5_pouch_NMC_45C_0-100_1-1C_e_cycle_data.csv,schema_63d0cb98b657,Discharge_Capacity (Ah),discharge_capacity_ah,8,float64,50,0,"[""2.507"", ""2.492"", ""2.528"", ""2.361"", ""2.364""]",Ah,discharge_capacity,high,explicit discharge capacity column
Michigan Formation.zip,Michigan Formation/MICH_BLForm5_pouch_NMC_45C_0-100_1-1C_e_cycle_data.csv,MICH_BLForm5_pouch_NMC_45C_0-100_1-1C_e_cycle_data.csv,schema_63d0cb98b657,Charge_Energy (Wh),charge_energy_wh,9,float64,50,0,"[""9.521"", ""9.505"", ""10.14"", ""8.993"", ""9.012""]",Wh,charge_energy,high,explicit charge energy column
Michigan Formation.zip,Michigan Formation/MICH_BLForm5_pouch_NMC_45C_0-100_1-1C_e_cycle_data.csv,MICH_BLForm5_pouch_NMC_45C_0-100_1-1C_e_cycle_data.csv,schema_63d0cb98b657,Discharge_Energy (Wh),discharge_energy_wh,10,float64,50,0,"[""9.254"", ""9.255"", ""9.33"", ""8.712"", ""8.724""]",Wh,discharge_energy,high,explicit discharge energy column
Michigan Formation.zip,Michigan Formation/MICH_BLForm6_pouch_NMC_45C_0-100_1-1C_f_cycle_data.csv,MICH_BLForm6_pouch_NMC_45C_0-100_1-1C_f_cycle_data.csv,schema_63d0cb98b657,Cycle_Index,cycle_index,1,float64,50,0,"[""1.0"", ""2.0"", ""3.0"", ""4.0"", ""5.0""]",unknown,cycle_index,high,explicit cycle index/name
Michigan Formation.zip,Michigan Formation/MICH_BLForm6_pouch_NMC_45C_0-100_1-1C_f_cycle_data.csv,MICH_BLForm6_pouch_NMC_45C_0-100_1-1C_f_cycle_data.csv,schema_63d0cb98b657,Test_Time (s),test_time_s,2,float64,50,0,"[""33544.15"", ""188530.77"", ""291346.09"", ""301196.01"", ""311014.9""]",s,elapsed_time,high,explicit elapsed/test time column
Michigan Formation.zip,Michigan Formation/MICH_BLForm6_pouch_NMC_45C_0-100_1-1C_f_cycle_data.csv,MICH_BLForm6_pouch_NMC_45C_0-100_1-1C_f_cycle_data.csv,schema_63d0cb98b657,Min_Current (A),min_current_a,3,float64,50,0,"[""-0.934"", ""-0.146"", ""-2.373"", ""-2.372"", ""-2.371""]",A,unknown,none,"observed electrical measurement, not a requested mapping target"
Michigan Formation.zip,Michigan Formation/MICH_BLForm6_pouch_NMC_45C_0-100_1-1C_f_cycle_data.csv,MICH_BLForm6_pouch_NMC_45C_0-100_1-1C_f_cycle_data.csv,schema_63d0cb98b657,Max_Current (A),max_current_a,4,float64,50,0,"[""0.935"", ""0.141"", ""2.415"", ""2.414"", ""2.413""]",A,unknown,none,"observed electrical measurement, not a requested mapping target"
Michigan Formation.zip,Michigan Formation/MICH_BLForm6_pouch_NMC_45C_0-100_1-1C_f_cycle_data.csv,MICH_BLForm6_pouch_NMC_45C_0-100_1-1C_f_cycle_data.csv,schema_63d0cb98b657,Min_Voltage (V),min_voltage_v,5,float64,50,0,"[""2.998"", ""3.0""]",V,unknown,none,"observed electrical measurement, not a requested mapping target"
Michigan Formation.zip,Michigan Formation/MICH_BLForm6_pouch_NMC_45C_0-100_1-1C_f_cycle_data.csv,MICH_BLForm6_pouch_NMC_45C_0-100_1-1C_f_cycle_data.csv,schema_63d0cb98b657,Max_Voltage (V),max_voltage_v,6,float64,50,0,"[""4.201"", ""4.2""]",V,unknown,none,"observed electrical measurement, not a requested mapping target"
Michigan Formation.zip,Michigan Formation/MICH_BLForm6_pouch_NMC_45C_0-100_1-1C_f_cycle_data.csv,MICH_BLForm6_pouch_NMC_45C_0-100_1-1C_f_cycle_data.csv,schema_63d0cb98b657,Charge_Capacity (Ah),charge_capacity_ah,7,float64,50,0,"[""2.502"", ""2.504"", ""2.661"", ""2.34"", ""2.345""]",Ah,charge_capacity,high,explicit charge capacity column
Michigan Formation.zip,Michigan Formation/MICH_BLForm6_pouch_NMC_45C_0-100_1-1C_f_cycle_data.csv,MICH_BLForm6_pouch_NMC_45C_0-100_1-1C_f_cycle_data.csv,schema_63d0cb98b657,Discharge_Capacity (Ah),discharge_capacity_ah,8,float64,50,0,"[""2.481"", ""2.477"", ""2.5"", ""2.342"", ""2.344""]",Ah,discharge_capacity,high,explicit discharge capacity column
Michigan Formation.zip,Michigan Formation/MICH_BLForm6_pouch_NMC_45C_0-100_1-1C_f_cycle_data.csv,MICH_BLForm6_pouch_NMC_45C_0-100_1-1C_f_cycle_data.csv,schema_63d0cb98b657,Charge_Energy (Wh),charge_energy_wh,9,float64,50,0,"[""9.418"", ""9.38"", ""9.99"", ""8.92"", ""8.935""]",Wh,charge_energy,high,explicit charge energy column
Michigan Formation.zip,Michigan Formation/MICH_BLForm6_pouch_NMC_45C_0-100_1-1C_f_cycle_data.csv,MICH_BLForm6_pouch_NMC_45C_0-100_1-1C_f_cycle_data.csv,schema_63d0cb98b657,Discharge_Energy (Wh),discharge_energy_wh,10,float64,50,0,"[""9.168"", ""9.207"", ""9.229"", ""8.646"", ""8.654""]",Wh,discharge_energy,high,explicit discharge energy column
Michigan Formation.zip,Michigan Formation/MICH_BLForm7_pouch_NMC_45C_0-100_1-1C_g_cycle_data.csv,MICH_BLForm7_pouch_NMC_45C_0-100_1-1C_g_cycle_data.csv,schema_63d0cb98b657,Cycle_Index,cycle_index,1,float64,50,0,"[""1.0"", ""2.0"", ""3.0"", ""4.0"", ""5.0""]",unknown,cycle_index,high,explicit cycle index/name
Michigan Formation.zip,Michigan Formation/MICH_BLForm7_pouch_NMC_45C_0-100_1-1C_g_cycle_data.csv,MICH_BLForm7_pouch_NMC_45C_0-100_1-1C_g_cycle_data.csv,schema_63d0cb98b657,Test_Time (s),test_time_s,2,float64,50,0,"[""33879.86"", ""189975.75"", ""295944.36"", ""305878.25"", ""315756.49""]",s,elapsed_time,high,explicit elapsed/test time column
Michigan Formation.zip,Michigan Formation/MICH_BLForm7_pouch_NMC_45C_0-100_1-1C_g_cycle_data.csv,MICH_BLForm7_pouch_NMC_45C_0-100_1-1C_g_cycle_data.csv,schema_63d0cb98b657,Min_Current (A),min_current_a,3,float64,50,0,"[""-0.932"", ""-0.141"", ""-2.374"", ""-2.373"", ""-2.375""]",A,unknown,none,"observed electrical measurement, not a requested mapping target"
Michigan Formation.zip,Michigan Formation/MICH_BLForm7_pouch_NMC_45C_0-100_1-1C_g_cycle_data.csv,MICH_BLForm7_pouch_NMC_45C_0-100_1-1C_g_cycle_data.csv,schema_63d0cb98b657,Max_Current (A),max_current_a,4,float64,50,0,"[""0.934"", ""0.15"", ""2.449"", ""2.413"", ""2.412""]",A,unknown,none,"observed electrical measurement, not a requested mapping target"
Michigan Formation.zip,Michigan Formation/MICH_BLForm7_pouch_NMC_45C_0-100_1-1C_g_cycle_data.csv,MICH_BLForm7_pouch_NMC_45C_0-100_1-1C_g_cycle_data.csv,schema_63d0cb98b657,Min_Voltage (V),min_voltage_v,5,float64,50,0,"[""2.998"", ""3.0""]",V,unknown,none,"observed electrical measurement, not a requested mapping target"
Michigan Formation.zip,Michigan Formation/MICH_BLForm7_pouch_NMC_45C_0-100_1-1C_g_cycle_data.csv,MICH_BLForm7_pouch_NMC_45C_0-100_1-1C_g_cycle_data.csv,schema_63d0cb98b657,Max_Voltage (V),max_voltage_v,6,float64,50,0,"[""4.201"", ""4.2"", ""4.204""]",V,unknown,none,"observed electrical measurement, not a requested mapping target"
Michigan Formation.zip,Michigan Formation/MICH_BLForm7_pouch_NMC_45C_0-100_1-1C_g_cycle_data.csv,MICH_BLForm7_pouch_NMC_45C_0-100_1-1C_g_cycle_data.csv,schema_63d0cb98b657,Charge_Capacity (Ah),charge_capacity_ah,7,float64,50,0,"[""2.522"", ""2.529"", ""2.692"", ""2.356"", ""2.36""]",Ah,charge_capacity,high,explicit charge capacity column
Michigan Formation.zip,Michigan Formation/MICH_BLForm7_pouch_NMC_45C_0-100_1-1C_g_cycle_data.csv,MICH_BLForm7_pouch_NMC_45C_0-100_1-1C_g_cycle_data.csv,schema_63d0cb98b657,Discharge_Capacity (Ah),discharge_capacity_ah,8,float64,50,0,"[""2.499"", ""2.488"", ""2.523"", ""2.356"", ""2.359""]",Ah,discharge_capacity,high,explicit discharge capacity column
Michigan Formation.zip,Michigan Formation/MICH_BLForm7_pouch_NMC_45C_0-100_1-1C_g_cycle_data.csv,MICH_BLForm7_pouch_NMC_45C_0-100_1-1C_g_cycle_data.csv,schema_63d0cb98b657,Charge_Energy (Wh),charge_energy_wh,9,float64,50,0,"[""9.492"", ""9.471"", ""10.109"", ""8.98"", ""8.995""]",Wh,charge_energy,high,explicit charge energy column
Michigan Formation.zip,Michigan Formation/MICH_BLForm7_pouch_NMC_45C_0-100_1-1C_g_cycle_data.csv,MICH_BLForm7_pouch_NMC_45C_0-100_1-1C_g_cycle_data.csv,schema_63d0cb98b657,Discharge_Energy (Wh),discharge_energy_wh,10,float64,50,0,"[""9.228"", ""9.245"", ""9.313"", ""8.698"", ""8.706""]",Wh,discharge_energy,high,explicit discharge energy column
Michigan Formation.zip,Michigan Formation/MICH_BLForm8_pouch_NMC_45C_0-100_1-1C_h_cycle_data.csv,MICH_BLForm8_pouch_NMC_45C_0-100_1-1C_h_cycle_data.csv,schema_63d0cb98b657,Cycle_Index,cycle_index,1,float64,50,0,"[""1.0"", ""2.0"", ""3.0"", ""4.0"", ""5.0""]",unknown,cycle_index,high,explicit cycle index/name
Michigan Formation.zip,Michigan Formation/MICH_BLForm8_pouch_NMC_45C_0-100_1-1C_h_cycle_data.csv,MICH_BLForm8_pouch_NMC_45C_0-100_1-1C_h_cycle_data.csv,schema_63d0cb98b657,Test_Time (s),test_time_s,2,float64,50,0,"[""34347.96"", ""190960.9"", ""296981.42"", ""306783.32"", ""316538.93""]",s,elapsed_time,high,explicit elapsed/test time column
Michigan Formation.zip,Michigan Formation/MICH_BLForm8_pouch_NMC_45C_0-100_1-1C_h_cycle_data.csv,MICH_BLForm8_pouch_NMC_45C_0-100_1-1C_h_cycle_data.csv,schema_63d0cb98b657,Min_Current (A),min_current_a,3,float64,50,0,"[""-0.932"", ""-0.144"", ""-2.375"", ""-2.371"", ""-2.374""]",A,unknown,none,"observed electrical measurement, not a requested mapping target"
Michigan Formation.zip,Michigan Formation/MICH_BLForm8_pouch_NMC_45C_0-100_1-1C_h_cycle_data.csv,MICH_BLForm8_pouch_NMC_45C_0-100_1-1C_h_cycle_data.csv,schema_63d0cb98b657,Max_Current (A),max_current_a,4,float64,50,0,"[""0.933"", ""0.141"", ""2.451"", ""2.412"", ""2.413""]",A,unknown,none,"observed electrical measurement, not a requested mapping target"
Michigan Formation.zip,Michigan Formation/MICH_BLForm8_pouch_NMC_45C_0-100_1-1C_h_cycle_data.csv,MICH_BLForm8_pouch_NMC_45C_0-100_1-1C_h_cycle_data.csv,schema_63d0cb98b657,Min_Voltage (V),min_voltage_v,5,float64,50,0,"[""2.998"", ""3.0""]",V,unknown,none,"observed electrical measurement, not a requested mapping target"
Michigan Formation.zip,Michigan Formation/MICH_BLForm8_pouch_NMC_45C_0-100_1-1C_h_cycle_data.csv,MICH_BLForm8_pouch_NMC_45C_0-100_1-1C_h_cycle_data.csv,schema_63d0cb98b657,Max_Voltage (V),max_voltage_v,6,float64,50,0,"[""4.201"", ""4.2"", ""4.204""]",V,unknown,none,"observed electrical measurement, not a requested mapping target"
Michigan Formation.zip,Michigan Formation/MICH_BLForm8_pouch_NMC_45C_0-100_1-1C_h_cycle_data.csv,MICH_BLForm8_pouch_NMC_45C_0-100_1-1C_h_cycle_data.csv,schema_63d0cb98b657,Charge_Capacity (Ah),charge_capacity_ah,7,float64,50,0,"[""2.532"", ""2.534"", ""2.701"", ""2.36"", ""2.364""]",Ah,charge_capacity,high,explicit charge capacity column
Michigan Formation.zip,Michigan Formation/MICH_BLForm8_pouch_NMC_45C_0-100_1-1C_h_cycle_data.csv,MICH_BLForm8_pouch_NMC_45C_0-100_1-1C_h_cycle_data.csv,schema_63d0cb98b657,Discharge_Capacity (Ah),discharge_capacity_ah,8,float64,50,0,"[""2.511"", ""2.5"", ""2.528"", ""2.361"", ""2.363""]",Ah,discharge_capacity,high,explicit discharge capacity column
Michigan Formation.zip,Michigan Formation/MICH_BLForm8_pouch_NMC_45C_0-100_1-1C_h_cycle_data.csv,MICH_BLForm8_pouch_NMC_45C_0-100_1-1C_h_cycle_data.csv,schema_63d0cb98b657,Charge_Energy (Wh),charge_energy_wh,9,float64,50,0,"[""9.53"", ""9.492"", ""10.142"", ""8.995"", ""9.009""]",Wh,charge_energy,high,explicit charge energy column
Michigan Formation.zip,Michigan Formation/MICH_BLForm8_pouch_NMC_45C_0-100_1-1C_h_cycle_data.csv,MICH_BLForm8_pouch_NMC_45C_0-100_1-1C_h_cycle_data.csv,schema_63d0cb98b657,Discharge_Energy (Wh),discharge_energy_wh,10,float64,50,0,"[""9.271"", ""9.289"", ""9.333"", ""8.717"", ""8.726""]",Wh,discharge_energy,high,explicit discharge energy column
Michigan Formation.zip,Michigan Formation/MICH_BLForm9_pouch_NMC_45C_0-100_1-1C_i_cycle_data.csv,MICH_BLForm9_pouch_NMC_45C_0-100_1-1C_i_cycle_data.csv,schema_63d0cb98b657,Cycle_Index,cycle_index,1,float64,50,0,"[""1.0"", ""2.0"", ""3.0"", ""4.0"", ""5.0""]",unknown,cycle_index,high,explicit cycle index/name
Michigan Formation.zip,Michigan Formation/MICH_BLForm9_pouch_NMC_45C_0-100_1-1C_i_cycle_data.csv,MICH_BLForm9_pouch_NMC_45C_0-100_1-1C_i_cycle_data.csv,schema_63d0cb98b657,Test_Time (s),test_time_s,2,float64,50,0,"[""33344.76"", ""179495.18"", ""278084.49"", ""287718.54"", ""297469.97""]",s,elapsed_time,high,explicit elapsed/test time column
Michigan Formation.zip,Michigan Formation/MICH_BLForm9_pouch_NMC_45C_0-100_1-1C_i_cycle_data.csv,MICH_BLForm9_pouch_NMC_45C_0-100_1-1C_i_cycle_data.csv,schema_63d0cb98b657,Min_Current (A),min_current_a,3,float64,50,0,"[""-0.935"", ""-0.149"", ""-2.375"", ""-2.374"", ""-2.373""]",A,unknown,none,"observed electrical measurement, not a requested mapping target"
Michigan Formation.zip,Michigan Formation/MICH_BLForm9_pouch_NMC_45C_0-100_1-1C_i_cycle_data.csv,MICH_BLForm9_pouch_NMC_45C_0-100_1-1C_i_cycle_data.csv,schema_63d0cb98b657,Max_Current (A),max_current_a,4,float64,50,0,"[""0.933"", ""0.145"", ""2.416"", ""2.417"", ""2.418""]",A,unknown,none,"observed electrical measurement, not a requested mapping target"
Michigan Formation.zip,Michigan Formation/MICH_BLForm9_pouch_NMC_45C_0-100_1-1C_i_cycle_data.csv,MICH_BLForm9_pouch_NMC_45C_0-100_1-1C_i_cycle_data.csv,schema_63d0cb98b657,Min_Voltage (V),min_voltage_v,5,float64,50,0,"[""2.998"", ""3.0""]",V,unknown,none,"observed electrical measurement, not a requested mapping target"
Michigan Formation.zip,Michigan Formation/MICH_BLForm9_pouch_NMC_45C_0-100_1-1C_i_cycle_data.csv,MICH_BLForm9_pouch_NMC_45C_0-100_1-1C_i_cycle_data.csv,schema_63d0cb98b657,Max_Voltage (V),max_voltage_v,6,float64,50,0,"[""4.201"", ""4.2""]",V,unknown,none,"observed electrical measurement, not a requested mapping target"
Michigan Formation.zip,Michigan Formation/MICH_BLForm9_pouch_NMC_45C_0-100_1-1C_i_cycle_data.csv,MICH_BLForm9_pouch_NMC_45C_0-100_1-1C_i_cycle_data.csv,schema_63d0cb98b657,Charge_Capacity (Ah),charge_capacity_ah,7,float64,50,0,"[""2.35"", ""2.373"", ""2.527"", ""2.18"", ""2.185""]",Ah,charge_capacity,high,explicit charge capacity column
Michigan Formation.zip,Michigan Formation/MICH_BLForm9_pouch_NMC_45C_0-100_1-1C_i_cycle_data.csv,MICH_BLForm9_pouch_NMC_45C_0-100_1-1C_i_cycle_data.csv,schema_63d0cb98b657,Discharge_Capacity (Ah),discharge_capacity_ah,8,float64,50,0,"[""2.325"", ""2.315"", ""2.332"", ""2.179"", ""2.182""]",Ah,discharge_capacity,high,explicit discharge capacity column
Michigan Formation.zip,Michigan Formation/MICH_BLForm9_pouch_NMC_45C_0-100_1-1C_i_cycle_data.csv,MICH_BLForm9_pouch_NMC_45C_0-100_1-1C_i_cycle_data.csv,schema_63d0cb98b657,Charge_Energy (Wh),charge_energy_wh,9,float64,50,0,"[""8.843"", ""8.883"", ""9.485"", ""8.32"", ""8.336""]",Wh,charge_energy,high,explicit charge energy column
Michigan Formation.zip,Michigan Formation/MICH_BLForm9_pouch_NMC_45C_0-100_1-1C_i_cycle_data.csv,MICH_BLForm9_pouch_NMC_45C_0-100_1-1C_i_cycle_data.csv,schema_63d0cb98b657,Discharge_Energy (Wh),discharge_energy_wh,10,float64,50,0,"[""8.565"", ""8.588"", ""8.599"", ""8.034"", ""8.047""]",Wh,discharge_energy,high,explicit discharge energy column
Michigan Formation.zip,Michigan Formation/MICH_MCForm21_pouch_NMC_25C_0-100_1-1C_a_cycle_data.csv,MICH_MCForm21_pouch_NMC_25C_0-100_1-1C_a_cycle_data.csv,schema_63d0cb98b657,Cycle_Index,cycle_index,1,float64,50,0,"[""1.0"", ""2.0"", ""3.0"", ""4.0"", ""5.0""]",unknown,cycle_index,high,explicit cycle index/name
Michigan Formation.zip,Michigan Formation/MICH_MCForm21_pouch_NMC_25C_0-100_1-1C_a_cycle_data.csv,MICH_MCForm21_pouch_NMC_25C_0-100_1-1C_a_cycle_data.csv,schema_63d0cb98b657,Test_Time (s),test_time_s,2,float64,50,0,"[""35635.35"", ""188994.09"", ""292500.22"", ""303369.41"", ""314117.06""]",s,elapsed_time,high,explicit elapsed/test time column
Michigan Formation.zip,Michigan Formation/MICH_MCForm21_pouch_NMC_25C_0-100_1-1C_a_cycle_data.csv,MICH_MCForm21_pouch_NMC_25C_0-100_1-1C_a_cycle_data.csv,schema_63d0cb98b657,Min_Current (A),min_current_a,3,float64,50,0,"[""-0.937"", ""-0.156"", ""-2.374"", ""-2.372"", ""-2.371""]",A,unknown,none,"observed electrical measurement, not a requested mapping target"
Michigan Formation.zip,Michigan Formation/MICH_MCForm21_pouch_NMC_25C_0-100_1-1C_a_cycle_data.csv,MICH_MCForm21_pouch_NMC_25C_0-100_1-1C_a_cycle_data.csv,schema_63d0cb98b657,Max_Current (A),max_current_a,4,float64,50,0,"[""0.935"", ""0.152"", ""2.425"", ""2.417"", ""2.416""]",A,unknown,none,"observed electrical measurement, not a requested mapping target"
Michigan Formation.zip,Michigan Formation/MICH_MCForm21_pouch_NMC_25C_0-100_1-1C_a_cycle_data.csv,MICH_MCForm21_pouch_NMC_25C_0-100_1-1C_a_cycle_data.csv,schema_63d0cb98b657,Min_Voltage (V),min_voltage_v,5,float64,50,0,"[""2.997"", ""3.0""]",V,unknown,none,"observed electrical measurement, not a requested mapping target"
Michigan Formation.zip,Michigan Formation/MICH_MCForm21_pouch_NMC_25C_0-100_1-1C_a_cycle_data.csv,MICH_MCForm21_pouch_NMC_25C_0-100_1-1C_a_cycle_data.csv,schema_63d0cb98b657,Max_Voltage (V),max_voltage_v,6,float64,50,0,"[""4.202"", ""4.2"", ""4.207"", ""4.201""]",V,unknown,none,"observed electrical measurement, not a requested mapping target"
Michigan Formation.zip,Michigan Formation/MICH_MCForm21_pouch_NMC_25C_0-100_1-1C_a_cycle_data.csv,MICH_MCForm21_pouch_NMC_25C_0-100_1-1C_a_cycle_data.csv,schema_63d0cb98b657,Charge_Capacity (Ah),charge_capacity_ah,7,float64,50,0,"[""2.472"", ""2.452"", ""2.633"", ""2.228"", ""2.227""]",Ah,charge_capacity,high,explicit charge capacity column
Michigan Formation.zip,Michigan Formation/MICH_MCForm21_pouch_NMC_25C_0-100_1-1C_a_cycle_data.csv,MICH_MCForm21_pouch_NMC_25C_0-100_1-1C_a_cycle_data.csv,schema_63d0cb98b657,Discharge_Capacity (Ah),discharge_capacity_ah,8,float64,50,0,"[""2.454"", ""2.466"", ""2.392"", ""2.228"", ""2.227""]",Ah,discharge_capacity,high,explicit discharge capacity column
Michigan Formation.zip,Michigan Formation/MICH_MCForm21_pouch_NMC_25C_0-100_1-1C_a_cycle_data.csv,MICH_MCForm21_pouch_NMC_25C_0-100_1-1C_a_cycle_data.csv,schema_63d0cb98b657,Charge_Energy (Wh),charge_energy_wh,9,float64,50,0,"[""9.36"", ""9.205"", ""9.931"", ""8.595"", ""8.589""]",Wh,charge_energy,high,explicit charge energy column
Michigan Formation.zip,Michigan Formation/MICH_MCForm21_pouch_NMC_25C_0-100_1-1C_a_cycle_data.csv,MICH_MCForm21_pouch_NMC_25C_0-100_1-1C_a_cycle_data.csv,schema_63d0cb98b657,Discharge_Energy (Wh),discharge_energy_wh,10,float64,50,0,"[""9.01"", ""9.162"", ""8.783"", ""8.182"", ""8.18""]",Wh,discharge_energy,high,explicit discharge energy column
Michigan Formation.zip,Michigan Formation/MICH_MCForm22_pouch_NMC_25C_0-100_1-1C_b_cycle_data.csv,MICH_MCForm22_pouch_NMC_25C_0-100_1-1C_b_cycle_data.csv,schema_63d0cb98b657,Cycle_Index,cycle_index,1,float64,50,0,"[""1.0"", ""2.0"", ""3.0"", ""4.0"", ""5.0""]",unknown,cycle_index,high,explicit cycle index/name
Michigan Formation.zip,Michigan Formation/MICH_MCForm22_pouch_NMC_25C_0-100_1-1C_b_cycle_data.csv,MICH_MCForm22_pouch_NMC_25C_0-100_1-1C_b_cycle_data.csv,schema_63d0cb98b657,Test_Time (s),test_time_s,2,float64,50,0,"[""36236.51"", ""190792.43"", ""294423.95"", ""304239.89"", ""315269.25""]",s,elapsed_time,high,explicit elapsed/test time column
Michigan Formation.zip,Michigan Formation/MICH_MCForm22_pouch_NMC_25C_0-100_1-1C_b_cycle_data.csv,MICH_MCForm22_pouch_NMC_25C_0-100_1-1C_b_cycle_data.csv,schema_63d0cb98b657,Min_Current (A),min_current_a,3,float64,50,0,"[""-0.935"", ""-0.156"", ""-2.374"", ""-2.372"", ""-2.375""]",A,unknown,none,"observed electrical measurement, not a requested mapping target"
Michigan Formation.zip,Michigan Formation/MICH_MCForm22_pouch_NMC_25C_0-100_1-1C_b_cycle_data.csv,MICH_MCForm22_pouch_NMC_25C_0-100_1-1C_b_cycle_data.csv,schema_63d0cb98b657,Max_Current (A),max_current_a,4,float64,50,0,"[""0.934"", ""0.154"", ""2.423"", ""2.417"", ""2.416""]",A,unknown,none,"observed electrical measurement, not a requested mapping target"
Michigan Formation.zip,Michigan Formation/MICH_MCForm22_pouch_NMC_25C_0-100_1-1C_b_cycle_data.csv,MICH_MCForm22_pouch_NMC_25C_0-100_1-1C_b_cycle_data.csv,schema_63d0cb98b657,Min_Voltage (V),min_voltage_v,5,float64,50,0,"[""2.997"", ""3.0""]",V,unknown,none,"observed electrical measurement, not a requested mapping target"
Michigan Formation.zip,Michigan Formation/MICH_MCForm22_pouch_NMC_25C_0-100_1-1C_b_cycle_data.csv,MICH_MCForm22_pouch_NMC_25C_0-100_1-1C_b_cycle_data.csv,schema_63d0cb98b657,Max_Voltage (V),max_voltage_v,6,float64,50,0,"[""4.202"", ""4.2"", ""4.205"", ""4.201""]",V,unknown,none,"observed electrical measurement, not a requested mapping target"
Michigan Formation.zip,Michigan Formation/MICH_MCForm22_pouch_NMC_25C_0-100_1-1C_b_cycle_data.csv,MICH_MCForm22_pouch_NMC_25C_0-100_1-1C_b_cycle_data.csv,schema_63d0cb98b657,Charge_Capacity (Ah),charge_capacity_ah,7,float64,50,0,"[""2.483"", ""2.477"", ""2.646"", ""2.222"", ""2.228""]",Ah,charge_capacity,high,explicit charge capacity column
Michigan Formation.zip,Michigan Formation/MICH_MCForm22_pouch_NMC_25C_0-100_1-1C_b_cycle_data.csv,MICH_MCForm22_pouch_NMC_25C_0-100_1-1C_b_cycle_data.csv,schema_63d0cb98b657,Discharge_Capacity (Ah),discharge_capacity_ah,8,float64,50,0,"[""2.46"", ""2.478"", ""2.389"", ""2.22"", ""2.225""]",Ah,discharge_capacity,high,explicit discharge capacity column
Michigan Formation.zip,Michigan Formation/MICH_MCForm22_pouch_NMC_25C_0-100_1-1C_b_cycle_data.csv,MICH_MCForm22_pouch_NMC_25C_0-100_1-1C_b_cycle_data.csv,schema_63d0cb98b657,Charge_Energy (Wh),charge_energy_wh,9,float64,50,0,"[""9.404"", ""9.301"", ""9.98"", ""8.571"", ""8.594""]",Wh,charge_energy,high,explicit charge energy column
Michigan Formation.zip,Michigan Formation/MICH_MCForm22_pouch_NMC_25C_0-100_1-1C_b_cycle_data.csv,MICH_MCForm22_pouch_NMC_25C_0-100_1-1C_b_cycle_data.csv,schema_63d0cb98b657,Discharge_Energy (Wh),discharge_energy_wh,10,float64,50,0,"[""9.029"", ""9.203"", ""8.77"", ""8.154"", ""8.175""]",Wh,discharge_energy,high,explicit discharge energy column
Michigan Formation.zip,Michigan Formation/MICH_MCForm23_pouch_NMC_25C_0-100_1-1C_c_cycle_data.csv,MICH_MCForm23_pouch_NMC_25C_0-100_1-1C_c_cycle_data.csv,schema_63d0cb98b657,Cycle_Index,cycle_index,1,float64,50,0,"[""1.0"", ""2.0"", ""3.0"", ""4.0"", ""5.0""]",unknown,cycle_index,high,explicit cycle index/name
Michigan Formation.zip,Michigan Formation/MICH_MCForm23_pouch_NMC_25C_0-100_1-1C_c_cycle_data.csv,MICH_MCForm23_pouch_NMC_25C_0-100_1-1C_c_cycle_data.csv,schema_63d0cb98b657,Test_Time (s),test_time_s,2,float64,50,0,"[""35896.58"", ""188862.89"", ""292598.84"", ""303952.24"", ""315186.26""]",s,elapsed_time,high,explicit elapsed/test time column
Michigan Formation.zip,Michigan Formation/MICH_MCForm23_pouch_NMC_25C_0-100_1-1C_c_cycle_data.csv,MICH_MCForm23_pouch_NMC_25C_0-100_1-1C_c_cycle_data.csv,schema_63d0cb98b657,Min_Current (A),min_current_a,3,float64,50,0,"[""-0.932"", ""-0.148"", ""-2.374"", ""-2.372"", ""-2.371""]",A,unknown,none,"observed electrical measurement, not a requested mapping target"
Michigan Formation.zip,Michigan Formation/MICH_MCForm23_pouch_NMC_25C_0-100_1-1C_c_cycle_data.csv,MICH_MCForm23_pouch_NMC_25C_0-100_1-1C_c_cycle_data.csv,schema_63d0cb98b657,Max_Current (A),max_current_a,4,float64,50,0,"[""0.933"", ""0.143"", ""2.423"", ""2.414"", ""2.415""]",A,unknown,none,"observed electrical measurement, not a requested mapping target"
Michigan Formation.zip,Michigan Formation/MICH_MCForm23_pouch_NMC_25C_0-100_1-1C_c_cycle_data.csv,MICH_MCForm23_pouch_NMC_25C_0-100_1-1C_c_cycle_data.csv,schema_63d0cb98b657,Min_Voltage (V),min_voltage_v,5,float64,50,0,"[""2.997"", ""3.0""]",V,unknown,none,"observed electrical measurement, not a requested mapping target"
Michigan Formation.zip,Michigan Formation/MICH_MCForm23_pouch_NMC_25C_0-100_1-1C_c_cycle_data.csv,MICH_MCForm23_pouch_NMC_25C_0-100_1-1C_c_cycle_data.csv,schema_63d0cb98b657,Max_Voltage (V),max_voltage_v,6,float64,50,0,"[""4.202"", ""4.2"", ""4.203"", ""4.201""]",V,unknown,none,"observed electrical measurement, not a requested mapping target"
Michigan Formation.zip,Michigan Formation/MICH_MCForm23_pouch_NMC_25C_0-100_1-1C_c_cycle_data.csv,MICH_MCForm23_pouch_NMC_25C_0-100_1-1C_c_cycle_data.csv,schema_63d0cb98b657,Charge_Capacity (Ah),charge_capacity_ah,7,float64,50,0,"[""2.475"", ""2.47"", ""2.641"", ""2.224"", ""2.223""]",Ah,charge_capacity,high,explicit charge capacity column
Michigan Formation.zip,Michigan Formation/MICH_MCForm23_pouch_NMC_25C_0-100_1-1C_c_cycle_data.csv,MICH_MCForm23_pouch_NMC_25C_0-100_1-1C_c_cycle_data.csv,schema_63d0cb98b657,Discharge_Capacity (Ah),discharge_capacity_ah,8,float64,50,0,"[""2.442"", ""2.433"", ""2.384"", ""2.22"", ""2.218""]",Ah,discharge_capacity,high,explicit discharge capacity column
Michigan Formation.zip,Michigan Formation/MICH_MCForm23_pouch_NMC_25C_0-100_1-1C_c_cycle_data.csv,MICH_MCForm23_pouch_NMC_25C_0-100_1-1C_c_cycle_data.csv,schema_63d0cb98b657,Charge_Energy (Wh),charge_energy_wh,9,float64,50,0,"[""9.365"", ""9.266"", ""9.955"", ""8.577"", ""8.574""]",Wh,charge_energy,high,explicit charge energy column
Michigan Formation.zip,Michigan Formation/MICH_MCForm23_pouch_NMC_25C_0-100_1-1C_c_cycle_data.csv,MICH_MCForm23_pouch_NMC_25C_0-100_1-1C_c_cycle_data.csv,schema_63d0cb98b657,Discharge_Energy (Wh),discharge_energy_wh,10,float64,50,0,"[""8.957"", ""9.03"", ""8.745"", ""8.15"", ""8.147""]",Wh,discharge_energy,high,explicit discharge energy column
Michigan Formation.zip,Michigan Formation/MICH_MCForm24_pouch_NMC_25C_0-100_1-1C_d_cycle_data.csv,MICH_MCForm24_pouch_NMC_25C_0-100_1-1C_d_cycle_data.csv,schema_63d0cb98b657,Cycle_Index,cycle_index,1,float64,50,0,"[""1.0"", ""2.0"", ""3.0"", ""4.0"", ""5.0""]",unknown,cycle_index,high,explicit cycle index/name
Michigan Formation.zip,Michigan Formation/MICH_MCForm24_pouch_NMC_25C_0-100_1-1C_d_cycle_data.csv,MICH_MCForm24_pouch_NMC_25C_0-100_1-1C_d_cycle_data.csv,schema_63d0cb98b657,Test_Time (s),test_time_s,2,float64,50,0,"[""35986.25"", ""188806.1"", ""292345.8"", ""303550.44"", ""314460.4""]",s,elapsed_time,high,explicit elapsed/test time column
Michigan Formation.zip,Michigan Formation/MICH_MCForm24_pouch_NMC_25C_0-100_1-1C_d_cycle_data.csv,MICH_MCForm24_pouch_NMC_25C_0-100_1-1C_d_cycle_data.csv,schema_63d0cb98b657,Min_Current (A),min_current_a,3,float64,50,0,"[""-0.933"", ""-0.143"", ""-2.375"", ""-2.374"", ""-2.371""]",A,unknown,none,"observed electrical measurement, not a requested mapping target"
Michigan Formation.zip,Michigan Formation/MICH_MCForm24_pouch_NMC_25C_0-100_1-1C_d_cycle_data.csv,MICH_MCForm24_pouch_NMC_25C_0-100_1-1C_d_cycle_data.csv,schema_63d0cb98b657,Max_Current (A),max_current_a,4,float64,50,0,"[""0.934"", ""0.141"", ""2.412"", ""2.414"", ""2.416""]",A,unknown,none,"observed electrical measurement, not a requested mapping target"
Michigan Formation.zip,Michigan Formation/MICH_MCForm24_pouch_NMC_25C_0-100_1-1C_d_cycle_data.csv,MICH_MCForm24_pouch_NMC_25C_0-100_1-1C_d_cycle_data.csv,schema_63d0cb98b657,Min_Voltage (V),min_voltage_v,5,float64,50,0,"[""2.997"", ""3.0""]",V,unknown,none,"observed electrical measurement, not a requested mapping target"
Michigan Formation.zip,Michigan Formation/MICH_MCForm24_pouch_NMC_25C_0-100_1-1C_d_cycle_data.csv,MICH_MCForm24_pouch_NMC_25C_0-100_1-1C_d_cycle_data.csv,schema_63d0cb98b657,Max_Voltage (V),max_voltage_v,6,float64,50,0,"[""4.202"", ""4.2"", ""4.205"", ""4.201""]",V,unknown,none,"observed electrical measurement, not a requested mapping target"
Michigan Formation.zip,Michigan Formation/MICH_MCForm24_pouch_NMC_25C_0-100_1-1C_d_cycle_data.csv,MICH_MCForm24_pouch_NMC_25C_0-100_1-1C_d_cycle_data.csv,schema_63d0cb98b657,Charge_Capacity (Ah),charge_capacity_ah,7,float64,50,0,"[""2.47"", ""2.452"", ""2.635"", ""2.216"", ""2.215""]",Ah,charge_capacity,high,explicit charge capacity column
Michigan Formation.zip,Michigan Formation/MICH_MCForm24_pouch_NMC_25C_0-100_1-1C_d_cycle_data.csv,MICH_MCForm24_pouch_NMC_25C_0-100_1-1C_d_cycle_data.csv,schema_63d0cb98b657,Discharge_Capacity (Ah),discharge_capacity_ah,8,float64,50,0,"[""2.442"", ""2.445"", ""2.377"", ""2.213"", ""2.212""]",Ah,discharge_capacity,high,explicit discharge capacity column
Michigan Formation.zip,Michigan Formation/MICH_MCForm24_pouch_NMC_25C_0-100_1-1C_d_cycle_data.csv,MICH_MCForm24_pouch_NMC_25C_0-100_1-1C_d_cycle_data.csv,schema_63d0cb98b657,Charge_Energy (Wh),charge_energy_wh,9,float64,50,0,"[""9.355"", ""9.208"", ""9.939"", ""8.554"", ""8.546""]",Wh,charge_energy,high,explicit charge energy column
Michigan Formation.zip,Michigan Formation/MICH_MCForm24_pouch_NMC_25C_0-100_1-1C_d_cycle_data.csv,MICH_MCForm24_pouch_NMC_25C_0-100_1-1C_d_cycle_data.csv,schema_63d0cb98b657,Discharge_Energy (Wh),discharge_energy_wh,10,float64,50,0,"[""8.963"", ""9.083"", ""8.731"", ""8.131"", ""8.128""]",Wh,discharge_energy,high,explicit discharge energy column
Michigan Formation.zip,Michigan Formation/MICH_MCForm25_pouch_NMC_25C_0-100_1-1C_e_cycle_data.csv,MICH_MCForm25_pouch_NMC_25C_0-100_1-1C_e_cycle_data.csv,schema_63d0cb98b657,Cycle_Index,cycle_index,1,float64,50,0,"[""1.0"", ""2.0"", ""3.0"", ""4.0"", ""5.0""]",unknown,cycle_index,high,explicit cycle index/name
Michigan Formation.zip,Michigan Formation/MICH_MCForm25_pouch_NMC_25C_0-100_1-1C_e_cycle_data.csv,MICH_MCForm25_pouch_NMC_25C_0-100_1-1C_e_cycle_data.csv,schema_63d0cb98b657,Test_Time (s),test_time_s,2,float64,50,0,"[""36073.73"", ""189318.8"", ""292892.84"", ""304012.26"", ""314995.29""]",s,elapsed_time,high,explicit elapsed/test time column
Michigan Formation.zip,Michigan Formation/MICH_MCForm25_pouch_NMC_25C_0-100_1-1C_e_cycle_data.csv,MICH_MCForm25_pouch_NMC_25C_0-100_1-1C_e_cycle_data.csv,schema_63d0cb98b657,Min_Current (A),min_current_a,3,float64,50,0,"[""-0.934"", ""-0.143"", ""-2.375"", ""-2.37"", ""-2.371""]",A,unknown,none,"observed electrical measurement, not a requested mapping target"
Michigan Formation.zip,Michigan Formation/MICH_MCForm25_pouch_NMC_25C_0-100_1-1C_e_cycle_data.csv,MICH_MCForm25_pouch_NMC_25C_0-100_1-1C_e_cycle_data.csv,schema_63d0cb98b657,Max_Current (A),max_current_a,4,float64,50,0,"[""0.935"", ""0.139"", ""2.415"", ""2.416"", ""2.417""]",A,unknown,none,"observed electrical measurement, not a requested mapping target"
Michigan Formation.zip,Michigan Formation/MICH_MCForm25_pouch_NMC_25C_0-100_1-1C_e_cycle_data.csv,MICH_MCForm25_pouch_NMC_25C_0-100_1-1C_e_cycle_data.csv,schema_63d0cb98b657,Min_Voltage (V),min_voltage_v,5,float64,50,0,"[""2.997"", ""3.0""]",V,unknown,none,"observed electrical measurement, not a requested mapping target"
Michigan Formation.zip,Michigan Formation/MICH_MCForm25_pouch_NMC_25C_0-100_1-1C_e_cycle_data.csv,MICH_MCForm25_pouch_NMC_25C_0-100_1-1C_e_cycle_data.csv,schema_63d0cb98b657,Max_Voltage (V),max_voltage_v,6,float64,50,0,"[""4.202"", ""4.2"", ""4.206"", ""4.201""]",V,unknown,none,"observed electrical measurement, not a requested mapping target"
Michigan Formation.zip,Michigan Formation/MICH_MCForm25_pouch_NMC_25C_0-100_1-1C_e_cycle_data.csv,MICH_MCForm25_pouch_NMC_25C_0-100_1-1C_e_cycle_data.csv,schema_63d0cb98b657,Charge_Capacity (Ah),charge_capacity_ah,7,float64,50,0,"[""2.469"", ""2.451"", ""2.634"", ""2.214"", ""2.213""]",Ah,charge_capacity,high,explicit charge capacity column
Michigan Formation.zip,Michigan Formation/MICH_MCForm25_pouch_NMC_25C_0-100_1-1C_e_cycle_data.csv,MICH_MCForm25_pouch_NMC_25C_0-100_1-1C_e_cycle_data.csv,schema_63d0cb98b657,Discharge_Capacity (Ah),discharge_capacity_ah,8,float64,50,0,"[""2.446"", ""2.459"", ""2.377"", ""2.213"", ""2.212""]",Ah,discharge_capacity,high,explicit discharge capacity column
Michigan Formation.zip,Michigan Formation/MICH_MCForm25_pouch_NMC_25C_0-100_1-1C_e_cycle_data.csv,MICH_MCForm25_pouch_NMC_25C_0-100_1-1C_e_cycle_data.csv,schema_63d0cb98b657,Charge_Energy (Wh),charge_energy_wh,9,float64,50,0,"[""9.352"", ""9.203"", ""9.936"", ""8.549"", ""8.545""]",Wh,charge_energy,high,explicit charge energy column
Michigan Formation.zip,Michigan Formation/MICH_MCForm25_pouch_NMC_25C_0-100_1-1C_e_cycle_data.csv,MICH_MCForm25_pouch_NMC_25C_0-100_1-1C_e_cycle_data.csv,schema_63d0cb98b657,Discharge_Energy (Wh),discharge_energy_wh,10,float64,50,0,"[""8.973"", ""9.132"", ""8.724"", ""8.125"", ""8.122""]",Wh,discharge_energy,high,explicit discharge energy column
Michigan Formation.zip,Michigan Formation/MICH_MCForm26_pouch_NMC_25C_0-100_1-1C_f_cycle_data.csv,MICH_MCForm26_pouch_NMC_25C_0-100_1-1C_f_cycle_data.csv,schema_63d0cb98b657,Cycle_Index,cycle_index,1,float64,50,0,"[""1.0"", ""2.0"", ""3.0"", ""4.0"", ""5.0""]",unknown,cycle_index,high,explicit cycle index/name
Michigan Formation.zip,Michigan Formation/MICH_MCForm26_pouch_NMC_25C_0-100_1-1C_f_cycle_data.csv,MICH_MCForm26_pouch_NMC_25C_0-100_1-1C_f_cycle_data.csv,schema_63d0cb98b657,Test_Time (s),test_time_s,2,float64,50,0,"[""35863.48"", ""188294.62"", ""291738.66"", ""302894.09"", ""313981.03""]",s,elapsed_time,high,explicit elapsed/test time column
Michigan Formation.zip,Michigan Formation/MICH_MCForm26_pouch_NMC_25C_0-100_1-1C_f_cycle_data.csv,MICH_MCForm26_pouch_NMC_25C_0-100_1-1C_f_cycle_data.csv,schema_63d0cb98b657,Min_Current (A),min_current_a,3,float64,50,0,"[""-0.933"", ""-0.144"", ""-2.374"", ""-2.372"", ""-2.371""]",A,unknown,none,"observed electrical measurement, not a requested mapping target"
Michigan Formation.zip,Michigan Formation/MICH_MCForm26_pouch_NMC_25C_0-100_1-1C_f_cycle_data.csv,MICH_MCForm26_pouch_NMC_25C_0-100_1-1C_f_cycle_data.csv,schema_63d0cb98b657,Max_Current (A),max_current_a,4,float64,50,0,"[""0.932"", ""0.14"", ""2.418"", ""2.416"", ""2.415""]",A,unknown,none,"observed electrical measurement, not a requested mapping target"
Michigan Formation.zip,Michigan Formation/MICH_MCForm26_pouch_NMC_25C_0-100_1-1C_f_cycle_data.csv,MICH_MCForm26_pouch_NMC_25C_0-100_1-1C_f_cycle_data.csv,schema_63d0cb98b657,Min_Voltage (V),min_voltage_v,5,float64,50,0,"[""2.997"", ""3.0""]",V,unknown,none,"observed electrical measurement, not a requested mapping target"
Michigan Formation.zip,Michigan Formation/MICH_MCForm26_pouch_NMC_25C_0-100_1-1C_f_cycle_data.csv,MICH_MCForm26_pouch_NMC_25C_0-100_1-1C_f_cycle_data.csv,schema_63d0cb98b657,Max_Voltage (V),max_voltage_v,6,float64,50,0,"[""4.202"", ""4.2"", ""4.205"", ""4.201""]",V,unknown,none,"observed electrical measurement, not a requested mapping target"
Michigan Formation.zip,Michigan Formation/MICH_MCForm26_pouch_NMC_25C_0-100_1-1C_f_cycle_data.csv,MICH_MCForm26_pouch_NMC_25C_0-100_1-1C_f_cycle_data.csv,schema_63d0cb98b657,Charge_Capacity (Ah),charge_capacity_ah,7,float64,50,0,"[""2.465"", ""2.45"", ""2.63"", ""2.218"", ""2.217""]",Ah,charge_capacity,high,explicit charge capacity column
Michigan Formation.zip,Michigan Formation/MICH_MCForm26_pouch_NMC_25C_0-100_1-1C_f_cycle_data.csv,MICH_MCForm26_pouch_NMC_25C_0-100_1-1C_f_cycle_data.csv,schema_63d0cb98b657,Discharge_Capacity (Ah),discharge_capacity_ah,8,float64,50,0,"[""2.436"", ""2.435"", ""2.379"", ""2.216"", ""2.215""]",Ah,discharge_capacity,high,explicit discharge capacity column
Michigan Formation.zip,Michigan Formation/MICH_MCForm26_pouch_NMC_25C_0-100_1-1C_f_cycle_data.csv,MICH_MCForm26_pouch_NMC_25C_0-100_1-1C_f_cycle_data.csv,schema_63d0cb98b657,Charge_Energy (Wh),charge_energy_wh,9,float64,50,0,"[""9.333"", ""9.199"", ""9.918"", ""8.555"", ""8.554""]",Wh,charge_energy,high,explicit charge energy column
Michigan Formation.zip,Michigan Formation/MICH_MCForm26_pouch_NMC_25C_0-100_1-1C_f_cycle_data.csv,MICH_MCForm26_pouch_NMC_25C_0-100_1-1C_f_cycle_data.csv,schema_63d0cb98b657,Discharge_Energy (Wh),discharge_energy_wh,10,float64,50,0,"[""8.937"", ""9.041"", ""8.733"", ""8.137"", ""8.138""]",Wh,discharge_energy,high,explicit discharge energy column
Michigan Formation.zip,Michigan Formation/MICH_MCForm27_pouch_NMC_25C_0-100_1-1C_g_cycle_data.csv,MICH_MCForm27_pouch_NMC_25C_0-100_1-1C_g_cycle_data.csv,schema_63d0cb98b657,Cycle_Index,cycle_index,1,float64,50,0,"[""1.0"", ""2.0"", ""3.0"", ""4.0"", ""5.0""]",unknown,cycle_index,high,explicit cycle index/name
Michigan Formation.zip,Michigan Formation/MICH_MCForm27_pouch_NMC_25C_0-100_1-1C_g_cycle_data.csv,MICH_MCForm27_pouch_NMC_25C_0-100_1-1C_g_cycle_data.csv,schema_63d0cb98b657,Test_Time (s),test_time_s,2,float64,50,0,"[""35977.22"", ""188508.55"", ""291900.27"", ""303236.13"", ""314596.8""]",s,elapsed_time,high,explicit elapsed/test time column
Michigan Formation.zip,Michigan Formation/MICH_MCForm27_pouch_NMC_25C_0-100_1-1C_g_cycle_data.csv,MICH_MCForm27_pouch_NMC_25C_0-100_1-1C_g_cycle_data.csv,schema_63d0cb98b657,Min_Current (A),min_current_a,3,float64,50,0,"[""-0.934"", ""-0.151"", ""-2.375"", ""-2.374"", ""-2.371""]",A,unknown,none,"observed electrical measurement, not a requested mapping target"
Michigan Formation.zip,Michigan Formation/MICH_MCForm27_pouch_NMC_25C_0-100_1-1C_g_cycle_data.csv,MICH_MCForm27_pouch_NMC_25C_0-100_1-1C_g_cycle_data.csv,schema_63d0cb98b657,Max_Current (A),max_current_a,4,float64,50,0,"[""0.935"", ""0.147"", ""2.419"", ""2.417"", ""2.416""]",A,unknown,none,"observed electrical measurement, not a requested mapping target"
Michigan Formation.zip,Michigan Formation/MICH_MCForm27_pouch_NMC_25C_0-100_1-1C_g_cycle_data.csv,MICH_MCForm27_pouch_NMC_25C_0-100_1-1C_g_cycle_data.csv,schema_63d0cb98b657,Min_Voltage (V),min_voltage_v,5,float64,50,0,"[""2.997"", ""3.0""]",V,unknown,none,"observed electrical measurement, not a requested mapping target"
Michigan Formation.zip,Michigan Formation/MICH_MCForm27_pouch_NMC_25C_0-100_1-1C_g_cycle_data.csv,MICH_MCForm27_pouch_NMC_25C_0-100_1-1C_g_cycle_data.csv,schema_63d0cb98b657,Max_Voltage (V),max_voltage_v,6,float64,50,0,"[""4.202"", ""4.2"", ""4.204"", ""4.201""]",V,unknown,none,"observed electrical measurement, not a requested mapping target"
Michigan Formation.zip,Michigan Formation/MICH_MCForm27_pouch_NMC_25C_0-100_1-1C_g_cycle_data.csv,MICH_MCForm27_pouch_NMC_25C_0-100_1-1C_g_cycle_data.csv,schema_63d0cb98b657,Charge_Capacity (Ah),charge_capacity_ah,7,float64,50,0,"[""2.472"", ""2.464"", ""2.636"", ""2.219"", ""2.218""]",Ah,charge_capacity,high,explicit charge capacity column
Michigan Formation.zip,Michigan Formation/MICH_MCForm27_pouch_NMC_25C_0-100_1-1C_g_cycle_data.csv,MICH_MCForm27_pouch_NMC_25C_0-100_1-1C_g_cycle_data.csv,schema_63d0cb98b657,Discharge_Capacity (Ah),discharge_capacity_ah,8,float64,50,0,"[""2.438"", ""2.423"", ""2.378"", ""2.214"", ""2.213""]",Ah,discharge_capacity,high,explicit discharge capacity column
Michigan Formation.zip,Michigan Formation/MICH_MCForm27_pouch_NMC_25C_0-100_1-1C_g_cycle_data.csv,MICH_MCForm27_pouch_NMC_25C_0-100_1-1C_g_cycle_data.csv,schema_63d0cb98b657,Charge_Energy (Wh),charge_energy_wh,9,float64,50,0,"[""9.356"", ""9.245"", ""9.937"", ""8.56"", ""8.557""]",Wh,charge_energy,high,explicit charge energy column
Michigan Formation.zip,Michigan Formation/MICH_MCForm27_pouch_NMC_25C_0-100_1-1C_g_cycle_data.csv,MICH_MCForm27_pouch_NMC_25C_0-100_1-1C_g_cycle_data.csv,schema_63d0cb98b657,Discharge_Energy (Wh),discharge_energy_wh,10,float64,50,0,"[""8.948"", ""9.002"", ""8.728"", ""8.133"", ""8.136""]",Wh,discharge_energy,high,explicit discharge energy column
Michigan Formation.zip,Michigan Formation/MICH_MCForm28_pouch_NMC_25C_0-100_1-1C_h_cycle_data.csv,MICH_MCForm28_pouch_NMC_25C_0-100_1-1C_h_cycle_data.csv,schema_63d0cb98b657,Cycle_Index,cycle_index,1,float64,50,0,"[""1.0"", ""2.0"", ""3.0"", ""4.0"", ""5.0""]",unknown,cycle_index,high,explicit cycle index/name
Michigan Formation.zip,Michigan Formation/MICH_MCForm28_pouch_NMC_25C_0-100_1-1C_h_cycle_data.csv,MICH_MCForm28_pouch_NMC_25C_0-100_1-1C_h_cycle_data.csv,schema_63d0cb98b657,Test_Time (s),test_time_s,2,float64,50,0,"[""35843.7"", ""187897.94"", ""291251.6"", ""302237.34"", ""313203.38""]",s,elapsed_time,high,explicit elapsed/test time column
Michigan Formation.zip,Michigan Formation/MICH_MCForm28_pouch_NMC_25C_0-100_1-1C_h_cycle_data.csv,MICH_MCForm28_pouch_NMC_25C_0-100_1-1C_h_cycle_data.csv,schema_63d0cb98b657,Min_Current (A),min_current_a,3,float64,50,0,"[""-0.933"", ""-0.147"", ""-2.375"", ""-2.371"", ""-2.372""]",A,unknown,none,"observed electrical measurement, not a requested mapping target"
Michigan Formation.zip,Michigan Formation/MICH_MCForm28_pouch_NMC_25C_0-100_1-1C_h_cycle_data.csv,MICH_MCForm28_pouch_NMC_25C_0-100_1-1C_h_cycle_data.csv,schema_63d0cb98b657,Max_Current (A),max_current_a,4,float64,50,0,"[""0.934"", ""0.144"", ""2.424"", ""2.416"", ""2.417""]",A,unknown,none,"observed electrical measurement, not a requested mapping target"
Michigan Formation.zip,Michigan Formation/MICH_MCForm28_pouch_NMC_25C_0-100_1-1C_h_cycle_data.csv,MICH_MCForm28_pouch_NMC_25C_0-100_1-1C_h_cycle_data.csv,schema_63d0cb98b657,Min_Voltage (V),min_voltage_v,5,float64,50,0,"[""2.997"", ""3.0""]",V,unknown,none,"observed electrical measurement, not a requested mapping target"
Michigan Formation.zip,Michigan Formation/MICH_MCForm28_pouch_NMC_25C_0-100_1-1C_h_cycle_data.csv,MICH_MCForm28_pouch_NMC_25C_0-100_1-1C_h_cycle_data.csv,schema_63d0cb98b657,Max_Voltage (V),max_voltage_v,6,float64,50,0,"[""4.202"", ""4.2"", ""4.207"", ""4.201""]",V,unknown,none,"observed electrical measurement, not a requested mapping target"
Michigan Formation.zip,Michigan Formation/MICH_MCForm28_pouch_NMC_25C_0-100_1-1C_h_cycle_data.csv,MICH_MCForm28_pouch_NMC_25C_0-100_1-1C_h_cycle_data.csv,schema_63d0cb98b657,Charge_Capacity (Ah),charge_capacity_ah,7,float64,50,0,"[""2.456"", ""2.434"", ""2.62"", ""2.207"", ""2.208""]",Ah,charge_capacity,high,explicit charge capacity column
Michigan Formation.zip,Michigan Formation/MICH_MCForm28_pouch_NMC_25C_0-100_1-1C_h_cycle_data.csv,MICH_MCForm28_pouch_NMC_25C_0-100_1-1C_h_cycle_data.csv,schema_63d0cb98b657,Discharge_Capacity (Ah),discharge_capacity_ah,8,float64,50,0,"[""2.431"", ""2.439"", ""2.371"", ""2.206"", ""2.207""]",Ah,discharge_capacity,high,explicit discharge capacity column
Michigan Formation.zip,Michigan Formation/MICH_MCForm28_pouch_NMC_25C_0-100_1-1C_h_cycle_data.csv,MICH_MCForm28_pouch_NMC_25C_0-100_1-1C_h_cycle_data.csv,schema_63d0cb98b657,Charge_Energy (Wh),charge_energy_wh,9,float64,50,0,"[""9.304"", ""9.142"", ""9.889"", ""8.523"", ""8.521""]",Wh,charge_energy,high,explicit charge energy column
Michigan Formation.zip,Michigan Formation/MICH_MCForm28_pouch_NMC_25C_0-100_1-1C_h_cycle_data.csv,MICH_MCForm28_pouch_NMC_25C_0-100_1-1C_h_cycle_data.csv,schema_63d0cb98b657,Discharge_Energy (Wh),discharge_energy_wh,10,float64,50,0,"[""8.916"", ""9.052"", ""8.697"", ""8.098"", ""8.102""]",Wh,discharge_energy,high,explicit discharge energy column
Michigan Formation.zip,Michigan Formation/MICH_MCForm29_pouch_NMC_25C_0-100_1-1C_i_cycle_data.csv,MICH_MCForm29_pouch_NMC_25C_0-100_1-1C_i_cycle_data.csv,schema_63d0cb98b657,Cycle_Index,cycle_index,1,float64,50,0,"[""1.0"", ""2.0"", ""3.0"", ""4.0"", ""5.0""]",unknown,cycle_index,high,explicit cycle index/name
Michigan Formation.zip,Michigan Formation/MICH_MCForm29_pouch_NMC_25C_0-100_1-1C_i_cycle_data.csv,MICH_MCForm29_pouch_NMC_25C_0-100_1-1C_i_cycle_data.csv,schema_63d0cb98b657,Test_Time (s),test_time_s,2,float64,50,0,"[""35883.76"", ""187788.54"", ""291085.77"", ""302329.61"", ""313279.98""]",s,elapsed_time,high,explicit elapsed/test time column
Michigan Formation.zip,Michigan Formation/MICH_MCForm29_pouch_NMC_25C_0-100_1-1C_i_cycle_data.csv,MICH_MCForm29_pouch_NMC_25C_0-100_1-1C_i_cycle_data.csv,schema_63d0cb98b657,Min_Current (A),min_current_a,3,float64,50,0,"[""-0.937"", ""-0.144"", ""-2.375"", ""-2.371"", ""-2.372""]",A,unknown,none,"observed electrical measurement, not a requested mapping target"
Michigan Formation.zip,Michigan Formation/MICH_MCForm29_pouch_NMC_25C_0-100_1-1C_i_cycle_data.csv,MICH_MCForm29_pouch_NMC_25C_0-100_1-1C_i_cycle_data.csv,schema_63d0cb98b657,Max_Current (A),max_current_a,4,float64,50,0,"[""0.936"", ""0.142"", ""2.419"", ""2.416"", ""2.415""]",A,unknown,none,"observed electrical measurement, not a requested mapping target"
Michigan Formation.zip,Michigan Formation/MICH_MCForm29_pouch_NMC_25C_0-100_1-1C_i_cycle_data.csv,MICH_MCForm29_pouch_NMC_25C_0-100_1-1C_i_cycle_data.csv,schema_63d0cb98b657,Min_Voltage (V),min_voltage_v,5,float64,50,0,"[""2.997"", ""3.0""]",V,unknown,none,"observed electrical measurement, not a requested mapping target"
Michigan Formation.zip,Michigan Formation/MICH_MCForm29_pouch_NMC_25C_0-100_1-1C_i_cycle_data.csv,MICH_MCForm29_pouch_NMC_25C_0-100_1-1C_i_cycle_data.csv,schema_63d0cb98b657,Max_Voltage (V),max_voltage_v,6,float64,50,0,"[""4.202"", ""4.2"", ""4.207"", ""4.201""]",V,unknown,none,"observed electrical measurement, not a requested mapping target"
Michigan Formation.zip,Michigan Formation/MICH_MCForm29_pouch_NMC_25C_0-100_1-1C_i_cycle_data.csv,MICH_MCForm29_pouch_NMC_25C_0-100_1-1C_i_cycle_data.csv,schema_63d0cb98b657,Charge_Capacity (Ah),charge_capacity_ah,7,float64,50,0,"[""2.456"", ""2.434"", ""2.619"", ""2.203"", ""2.202""]",Ah,charge_capacity,high,explicit charge capacity column
Michigan Formation.zip,Michigan Formation/MICH_MCForm29_pouch_NMC_25C_0-100_1-1C_i_cycle_data.csv,MICH_MCForm29_pouch_NMC_25C_0-100_1-1C_i_cycle_data.csv,schema_63d0cb98b657,Discharge_Capacity (Ah),discharge_capacity_ah,8,float64,50,0,"[""2.43"", ""2.434"", ""2.366"", ""2.201"", ""2.2""]",Ah,discharge_capacity,high,explicit discharge capacity column
Michigan Formation.zip,Michigan Formation/MICH_MCForm29_pouch_NMC_25C_0-100_1-1C_i_cycle_data.csv,MICH_MCForm29_pouch_NMC_25C_0-100_1-1C_i_cycle_data.csv,schema_63d0cb98b657,Charge_Energy (Wh),charge_energy_wh,9,float64,50,0,"[""9.304"", ""9.14"", ""9.883"", ""8.509"", ""8.501""]",Wh,charge_energy,high,explicit charge energy column
Michigan Formation.zip,Michigan Formation/MICH_MCForm29_pouch_NMC_25C_0-100_1-1C_i_cycle_data.csv,MICH_MCForm29_pouch_NMC_25C_0-100_1-1C_i_cycle_data.csv,schema_63d0cb98b657,Discharge_Energy (Wh),discharge_energy_wh,10,float64,50,0,"[""8.912"", ""9.034"", ""8.679"", ""8.079"", ""8.076""]",Wh,discharge_energy,high,explicit discharge energy column
Michigan Formation.zip,Michigan Formation/MICH_MCForm30_pouch_NMC_25C_0-100_1-1C_j_cycle_data.csv,MICH_MCForm30_pouch_NMC_25C_0-100_1-1C_j_cycle_data.csv,schema_63d0cb98b657,Cycle_Index,cycle_index,1,float64,50,0,"[""1.0"", ""2.0"", ""3.0"", ""4.0"", ""5.0""]",unknown,cycle_index,high,explicit cycle index/name
Michigan Formation.zip,Michigan Formation/MICH_MCForm30_pouch_NMC_25C_0-100_1-1C_j_cycle_data.csv,MICH_MCForm30_pouch_NMC_25C_0-100_1-1C_j_cycle_data.csv,schema_63d0cb98b657,Test_Time (s),test_time_s,2,float64,50,0,"[""36006.4"", ""188044.94"", ""291426.49"", ""302816.47"", ""313941.71""]",s,elapsed_time,high,explicit elapsed/test time column
Michigan Formation.zip,Michigan Formation/MICH_MCForm30_pouch_NMC_25C_0-100_1-1C_j_cycle_data.csv,MICH_MCForm30_pouch_NMC_25C_0-100_1-1C_j_cycle_data.csv,schema_63d0cb98b657,Min_Current (A),min_current_a,3,float64,50,0,"[""-0.936"", ""-0.152"", ""-2.375"", ""-2.371"", ""-2.372""]",A,unknown,none,"observed electrical measurement, not a requested mapping target"
Michigan Formation.zip,Michigan Formation/MICH_MCForm30_pouch_NMC_25C_0-100_1-1C_j_cycle_data.csv,MICH_MCForm30_pouch_NMC_25C_0-100_1-1C_j_cycle_data.csv,schema_63d0cb98b657,Max_Current (A),max_current_a,4,float64,50,0,"[""0.936"", ""0.15"", ""2.419"", ""2.416"", ""2.415""]",A,unknown,none,"observed electrical measurement, not a requested mapping target"
Michigan Formation.zip,Michigan Formation/MICH_MCForm30_pouch_NMC_25C_0-100_1-1C_j_cycle_data.csv,MICH_MCForm30_pouch_NMC_25C_0-100_1-1C_j_cycle_data.csv,schema_63d0cb98b657,Min_Voltage (V),min_voltage_v,5,float64,50,0,"[""2.997"", ""3.0""]",V,unknown,none,"observed electrical measurement, not a requested mapping target"
Michigan Formation.zip,Michigan Formation/MICH_MCForm30_pouch_NMC_25C_0-100_1-1C_j_cycle_data.csv,MICH_MCForm30_pouch_NMC_25C_0-100_1-1C_j_cycle_data.csv,schema_63d0cb98b657,Max_Voltage (V),max_voltage_v,6,float64,50,0,"[""4.202"", ""4.2"", ""4.205"", ""4.201""]",V,unknown,none,"observed electrical measurement, not a requested mapping target"
Michigan Formation.zip,Michigan Formation/MICH_MCForm30_pouch_NMC_25C_0-100_1-1C_j_cycle_data.csv,MICH_MCForm30_pouch_NMC_25C_0-100_1-1C_j_cycle_data.csv,schema_63d0cb98b657,Charge_Capacity (Ah),charge_capacity_ah,7,float64,50,0,"[""2.465"", ""2.445"", ""2.629"", ""2.21"", ""2.209""]",Ah,charge_capacity,high,explicit charge capacity column
Michigan Formation.zip,Michigan Formation/MICH_MCForm30_pouch_NMC_25C_0-100_1-1C_j_cycle_data.csv,MICH_MCForm30_pouch_NMC_25C_0-100_1-1C_j_cycle_data.csv,schema_63d0cb98b657,Discharge_Capacity (Ah),discharge_capacity_ah,8,float64,50,0,"[""2.434"", ""2.427"", ""2.371"", ""2.206"", ""2.205""]",Ah,discharge_capacity,high,explicit discharge capacity column
Michigan Formation.zip,Michigan Formation/MICH_MCForm30_pouch_NMC_25C_0-100_1-1C_j_cycle_data.csv,MICH_MCForm30_pouch_NMC_25C_0-100_1-1C_j_cycle_data.csv,schema_63d0cb98b657,Charge_Energy (Wh),charge_energy_wh,9,float64,50,0,"[""9.336"", ""9.178"", ""9.915"", ""8.532"", ""8.523""]",Wh,charge_energy,high,explicit charge energy column
Michigan Formation.zip,Michigan Formation/MICH_MCForm30_pouch_NMC_25C_0-100_1-1C_j_cycle_data.csv,MICH_MCForm30_pouch_NMC_25C_0-100_1-1C_j_cycle_data.csv,schema_63d0cb98b657,Discharge_Energy (Wh),discharge_energy_wh,10,float64,50,0,"[""8.93"", ""9.013"", ""8.702"", ""8.103"", ""8.101""]",Wh,discharge_energy,high,explicit discharge energy column
Michigan Formation.zip,Michigan Formation/MICH_MCForm31_pouch_NMC_45C_0-100_1-1C_a_cycle_data.csv,MICH_MCForm31_pouch_NMC_45C_0-100_1-1C_a_cycle_data.csv,schema_63d0cb98b657,Cycle_Index,cycle_index,1,float64,50,0,"[""1.0"", ""2.0"", ""3.0"", ""4.0"", ""5.0""]",unknown,cycle_index,high,explicit cycle index/name
Michigan Formation.zip,Michigan Formation/MICH_MCForm31_pouch_NMC_45C_0-100_1-1C_a_cycle_data.csv,MICH_MCForm31_pouch_NMC_45C_0-100_1-1C_a_cycle_data.csv,schema_63d0cb98b657,Test_Time (s),test_time_s,2,float64,50,0,"[""33162.71"", ""187589.46"", ""290356.14"", ""300327.52"", ""310194.89""]",s,elapsed_time,high,explicit elapsed/test time column
Michigan Formation.zip,Michigan Formation/MICH_MCForm31_pouch_NMC_45C_0-100_1-1C_a_cycle_data.csv,MICH_MCForm31_pouch_NMC_45C_0-100_1-1C_a_cycle_data.csv,schema_63d0cb98b657,Min_Current (A),min_current_a,3,float64,50,0,"[""-0.933"", ""-0.143"", ""-2.375"", ""-2.371"", ""-2.373""]",A,unknown,none,"observed electrical measurement, not a requested mapping target"
Michigan Formation.zip,Michigan Formation/MICH_MCForm31_pouch_NMC_45C_0-100_1-1C_a_cycle_data.csv,MICH_MCForm31_pouch_NMC_45C_0-100_1-1C_a_cycle_data.csv,schema_63d0cb98b657,Max_Current (A),max_current_a,4,float64,50,0,"[""0.932"", ""0.138"", ""2.415"", ""2.414"", ""2.413""]",A,unknown,none,"observed electrical measurement, not a requested mapping target"
Michigan Formation.zip,Michigan Formation/MICH_MCForm31_pouch_NMC_45C_0-100_1-1C_a_cycle_data.csv,MICH_MCForm31_pouch_NMC_45C_0-100_1-1C_a_cycle_data.csv,schema_63d0cb98b657,Min_Voltage (V),min_voltage_v,5,float64,50,0,"[""2.998"", ""3.0""]",V,unknown,none,"observed electrical measurement, not a requested mapping target"
Michigan Formation.zip,Michigan Formation/MICH_MCForm31_pouch_NMC_45C_0-100_1-1C_a_cycle_data.csv,MICH_MCForm31_pouch_NMC_45C_0-100_1-1C_a_cycle_data.csv,schema_63d0cb98b657,Max_Voltage (V),max_voltage_v,6,float64,50,0,"[""4.201"", ""4.2""]",V,unknown,none,"observed electrical measurement, not a requested mapping target"
Michigan Formation.zip,Michigan Formation/MICH_MCForm31_pouch_NMC_45C_0-100_1-1C_a_cycle_data.csv,MICH_MCForm31_pouch_NMC_45C_0-100_1-1C_a_cycle_data.csv,schema_63d0cb98b657,Charge_Capacity (Ah),charge_capacity_ah,7,float64,50,0,"[""2.496"", ""2.5"", ""2.654"", ""2.341"", ""2.345""]",Ah,charge_capacity,high,explicit charge capacity column
Michigan Formation.zip,Michigan Formation/MICH_MCForm31_pouch_NMC_45C_0-100_1-1C_a_cycle_data.csv,MICH_MCForm31_pouch_NMC_45C_0-100_1-1C_a_cycle_data.csv,schema_63d0cb98b657,Discharge_Capacity (Ah),discharge_capacity_ah,8,float64,50,0,"[""2.471"", ""2.461"", ""2.5"", ""2.342"", ""2.344""]",Ah,discharge_capacity,high,explicit discharge capacity column
Michigan Formation.zip,Michigan Formation/MICH_MCForm31_pouch_NMC_45C_0-100_1-1C_a_cycle_data.csv,MICH_MCForm31_pouch_NMC_45C_0-100_1-1C_a_cycle_data.csv,schema_63d0cb98b657,Charge_Energy (Wh),charge_energy_wh,9,float64,50,0,"[""9.4"", ""9.372"", ""9.968"", ""8.925"", ""8.939""]",Wh,charge_energy,high,explicit charge energy column
Michigan Formation.zip,Michigan Formation/MICH_MCForm31_pouch_NMC_45C_0-100_1-1C_a_cycle_data.csv,MICH_MCForm31_pouch_NMC_45C_0-100_1-1C_a_cycle_data.csv,schema_63d0cb98b657,Discharge_Energy (Wh),discharge_energy_wh,10,float64,50,0,"[""9.131"", ""9.149"", ""9.226"", ""8.643"", ""8.651""]",Wh,discharge_energy,high,explicit discharge energy column
Michigan Formation.zip,Michigan Formation/MICH_MCForm32_pouch_NMC_45C_0-100_1-1C_b_cycle_data.csv,MICH_MCForm32_pouch_NMC_45C_0-100_1-1C_b_cycle_data.csv,schema_63d0cb98b657,Cycle_Index,cycle_index,1,float64,50,0,"[""1.0"", ""2.0"", ""3.0"", ""4.0"", ""5.0""]",unknown,cycle_index,high,explicit cycle index/name
Michigan Formation.zip,Michigan Formation/MICH_MCForm32_pouch_NMC_45C_0-100_1-1C_b_cycle_data.csv,MICH_MCForm32_pouch_NMC_45C_0-100_1-1C_b_cycle_data.csv,schema_63d0cb98b657,Test_Time (s),test_time_s,2,float64,50,0,"[""33577.29"", ""189195.68"", ""295009.73"", ""304958.12"", ""314844.8""]",s,elapsed_time,high,explicit elapsed/test time column
Michigan Formation.zip,Michigan Formation/MICH_MCForm32_pouch_NMC_45C_0-100_1-1C_b_cycle_data.csv,MICH_MCForm32_pouch_NMC_45C_0-100_1-1C_b_cycle_data.csv,schema_63d0cb98b657,Min_Current (A),min_current_a,3,float64,50,0,"[""-0.931"", ""-0.143"", ""-2.375"", ""-2.371"", ""-2.373""]",A,unknown,none,"observed electrical measurement, not a requested mapping target"
Michigan Formation.zip,Michigan Formation/MICH_MCForm32_pouch_NMC_45C_0-100_1-1C_b_cycle_data.csv,MICH_MCForm32_pouch_NMC_45C_0-100_1-1C_b_cycle_data.csv,schema_63d0cb98b657,Max_Current (A),max_current_a,4,float64,50,0,"[""0.939"", ""0.129"", ""2.444"", ""2.417"", ""2.412""]",A,unknown,none,"observed electrical measurement, not a requested mapping target"
Michigan Formation.zip,Michigan Formation/MICH_MCForm32_pouch_NMC_45C_0-100_1-1C_b_cycle_data.csv,MICH_MCForm32_pouch_NMC_45C_0-100_1-1C_b_cycle_data.csv,schema_63d0cb98b657,Min_Voltage (V),min_voltage_v,5,float64,50,0,"[""2.998"", ""3.0""]",V,unknown,none,"observed electrical measurement, not a requested mapping target"
Michigan Formation.zip,Michigan Formation/MICH_MCForm32_pouch_NMC_45C_0-100_1-1C_b_cycle_data.csv,MICH_MCForm32_pouch_NMC_45C_0-100_1-1C_b_cycle_data.csv,schema_63d0cb98b657,Max_Voltage (V),max_voltage_v,6,float64,50,0,"[""4.201"", ""4.2"", ""4.205""]",V,unknown,none,"observed electrical measurement, not a requested mapping target"
Michigan Formation.zip,Michigan Formation/MICH_MCForm32_pouch_NMC_45C_0-100_1-1C_b_cycle_data.csv,MICH_MCForm32_pouch_NMC_45C_0-100_1-1C_b_cycle_data.csv,schema_63d0cb98b657,Charge_Capacity (Ah),charge_capacity_ah,7,float64,50,0,"[""2.506"", ""2.521"", ""2.677"", ""2.345"", ""2.349""]",Ah,charge_capacity,high,explicit charge capacity column
Michigan Formation.zip,Michigan Formation/MICH_MCForm32_pouch_NMC_45C_0-100_1-1C_b_cycle_data.csv,MICH_MCForm32_pouch_NMC_45C_0-100_1-1C_b_cycle_data.csv,schema_63d0cb98b657,Discharge_Capacity (Ah),discharge_capacity_ah,8,float64,50,0,"[""2.482"", ""2.483"", ""2.513"", ""2.345"", ""2.348""]",Ah,discharge_capacity,high,explicit discharge capacity column
Michigan Formation.zip,Michigan Formation/MICH_MCForm32_pouch_NMC_45C_0-100_1-1C_b_cycle_data.csv,MICH_MCForm32_pouch_NMC_45C_0-100_1-1C_b_cycle_data.csv,schema_63d0cb98b657,Charge_Energy (Wh),charge_energy_wh,9,float64,50,0,"[""9.432"", ""9.442"", ""10.053"", ""8.936"", ""8.95""]",Wh,charge_energy,high,explicit charge energy column
Michigan Formation.zip,Michigan Formation/MICH_MCForm32_pouch_NMC_45C_0-100_1-1C_b_cycle_data.csv,MICH_MCForm32_pouch_NMC_45C_0-100_1-1C_b_cycle_data.csv,schema_63d0cb98b657,Discharge_Energy (Wh),discharge_energy_wh,10,float64,50,0,"[""9.169"", ""9.226"", ""9.276"", ""8.657"", ""8.666""]",Wh,discharge_energy,high,explicit discharge energy column
Michigan Formation.zip,Michigan Formation/MICH_MCForm33_pouch_NMC_45C_0-100_1-1C_c_cycle_data.csv,MICH_MCForm33_pouch_NMC_45C_0-100_1-1C_c_cycle_data.csv,schema_63d0cb98b657,Cycle_Index,cycle_index,1,float64,50,0,"[""1.0"", ""2.0"", ""3.0"", ""4.0"", ""5.0""]",unknown,cycle_index,high,explicit cycle index/name
Michigan Formation.zip,Michigan Formation/MICH_MCForm33_pouch_NMC_45C_0-100_1-1C_c_cycle_data.csv,MICH_MCForm33_pouch_NMC_45C_0-100_1-1C_c_cycle_data.csv,schema_63d0cb98b657,Test_Time (s),test_time_s,2,float64,50,0,"[""33504.78"", ""188555.25"", ""294270.64"", ""304391.41"", ""314320.52""]",s,elapsed_time,high,explicit elapsed/test time column
Michigan Formation.zip,Michigan Formation/MICH_MCForm33_pouch_NMC_45C_0-100_1-1C_c_cycle_data.csv,MICH_MCForm33_pouch_NMC_45C_0-100_1-1C_c_cycle_data.csv,schema_63d0cb98b657,Min_Current (A),min_current_a,3,float64,50,0,"[""-0.932"", ""-0.147"", ""-2.375"", ""-2.372"", ""-2.371""]",A,unknown,none,"observed electrical measurement, not a requested mapping target"
Michigan Formation.zip,Michigan Formation/MICH_MCForm33_pouch_NMC_45C_0-100_1-1C_c_cycle_data.csv,MICH_MCForm33_pouch_NMC_45C_0-100_1-1C_c_cycle_data.csv,schema_63d0cb98b657,Max_Current (A),max_current_a,4,float64,50,0,"[""0.934"", ""0.143"", ""2.444"", ""2.416"", ""2.413""]",A,unknown,none,"observed electrical measurement, not a requested mapping target"
Michigan Formation.zip,Michigan Formation/MICH_MCForm33_pouch_NMC_45C_0-100_1-1C_c_cycle_data.csv,MICH_MCForm33_pouch_NMC_45C_0-100_1-1C_c_cycle_data.csv,schema_63d0cb98b657,Min_Voltage (V),min_voltage_v,5,float64,50,0,"[""2.998"", ""3.0""]",V,unknown,none,"observed electrical measurement, not a requested mapping target"
Michigan Formation.zip,Michigan Formation/MICH_MCForm33_pouch_NMC_45C_0-100_1-1C_c_cycle_data.csv,MICH_MCForm33_pouch_NMC_45C_0-100_1-1C_c_cycle_data.csv,schema_63d0cb98b657,Max_Voltage (V),max_voltage_v,6,float64,50,0,"[""4.201"", ""4.2"", ""4.206""]",V,unknown,none,"observed electrical measurement, not a requested mapping target"
Michigan Formation.zip,Michigan Formation/MICH_MCForm33_pouch_NMC_45C_0-100_1-1C_c_cycle_data.csv,MICH_MCForm33_pouch_NMC_45C_0-100_1-1C_c_cycle_data.csv,schema_63d0cb98b657,Charge_Capacity (Ah),charge_capacity_ah,7,float64,50,0,"[""2.504"", ""2.508"", ""2.674"", ""2.344"", ""2.348""]",Ah,charge_capacity,high,explicit charge capacity column
Michigan Formation.zip,Michigan Formation/MICH_MCForm33_pouch_NMC_45C_0-100_1-1C_c_cycle_data.csv,MICH_MCForm33_pouch_NMC_45C_0-100_1-1C_c_cycle_data.csv,schema_63d0cb98b657,Discharge_Capacity (Ah),discharge_capacity_ah,8,float64,50,0,"[""2.481"", ""2.475"", ""2.512"", ""2.345"", ""2.346""]",Ah,discharge_capacity,high,explicit discharge capacity column
Michigan Formation.zip,Michigan Formation/MICH_MCForm33_pouch_NMC_45C_0-100_1-1C_c_cycle_data.csv,MICH_MCForm33_pouch_NMC_45C_0-100_1-1C_c_cycle_data.csv,schema_63d0cb98b657,Charge_Energy (Wh),charge_energy_wh,9,float64,50,0,"[""9.429"", ""9.396"", ""10.047"", ""8.937"", ""8.948""]",Wh,charge_energy,high,explicit charge energy column
Michigan Formation.zip,Michigan Formation/MICH_MCForm33_pouch_NMC_45C_0-100_1-1C_c_cycle_data.csv,MICH_MCForm33_pouch_NMC_45C_0-100_1-1C_c_cycle_data.csv,schema_63d0cb98b657,Discharge_Energy (Wh),discharge_energy_wh,10,float64,50,0,"[""9.166"", ""9.2"", ""9.274"", ""8.656"", ""8.663""]",Wh,discharge_energy,high,explicit discharge energy column
Michigan Formation.zip,Michigan Formation/MICH_MCForm34_pouch_NMC_45C_0-100_1-1C_d_cycle_data.csv,MICH_MCForm34_pouch_NMC_45C_0-100_1-1C_d_cycle_data.csv,schema_63d0cb98b657,Cycle_Index,cycle_index,1,float64,50,0,"[""1.0"", ""2.0"", ""3.0"", ""4.0"", ""5.0""]",unknown,cycle_index,high,explicit cycle index/name
Michigan Formation.zip,Michigan Formation/MICH_MCForm34_pouch_NMC_45C_0-100_1-1C_d_cycle_data.csv,MICH_MCForm34_pouch_NMC_45C_0-100_1-1C_d_cycle_data.csv,schema_63d0cb98b657,Test_Time (s),test_time_s,2,float64,50,0,"[""33377.01"", ""188312.57"", ""294092.42"", ""304162.74"", ""314131.81""]",s,elapsed_time,high,explicit elapsed/test time column
Michigan Formation.zip,Michigan Formation/MICH_MCForm34_pouch_NMC_45C_0-100_1-1C_d_cycle_data.csv,MICH_MCForm34_pouch_NMC_45C_0-100_1-1C_d_cycle_data.csv,schema_63d0cb98b657,Min_Current (A),min_current_a,3,float64,50,0,"[""-0.934"", ""-0.142"", ""-2.375"", ""-2.37"", ""-2.374""]",A,unknown,none,"observed electrical measurement, not a requested mapping target"
Michigan Formation.zip,Michigan Formation/MICH_MCForm34_pouch_NMC_45C_0-100_1-1C_d_cycle_data.csv,MICH_MCForm34_pouch_NMC_45C_0-100_1-1C_d_cycle_data.csv,schema_63d0cb98b657,Max_Current (A),max_current_a,4,float64,50,0,"[""0.934"", ""0.138"", ""2.441"", ""2.414"", ""2.413""]",A,unknown,none,"observed electrical measurement, not a requested mapping target"
Michigan Formation.zip,Michigan Formation/MICH_MCForm34_pouch_NMC_45C_0-100_1-1C_d_cycle_data.csv,MICH_MCForm34_pouch_NMC_45C_0-100_1-1C_d_cycle_data.csv,schema_63d0cb98b657,Min_Voltage (V),min_voltage_v,5,float64,50,0,"[""2.998"", ""3.0""]",V,unknown,none,"observed electrical measurement, not a requested mapping target"
Michigan Formation.zip,Michigan Formation/MICH_MCForm34_pouch_NMC_45C_0-100_1-1C_d_cycle_data.csv,MICH_MCForm34_pouch_NMC_45C_0-100_1-1C_d_cycle_data.csv,schema_63d0cb98b657,Max_Voltage (V),max_voltage_v,6,float64,50,0,"[""4.201"", ""4.2"", ""4.206""]",V,unknown,none,"observed electrical measurement, not a requested mapping target"
Michigan Formation.zip,Michigan Formation/MICH_MCForm34_pouch_NMC_45C_0-100_1-1C_d_cycle_data.csv,MICH_MCForm34_pouch_NMC_45C_0-100_1-1C_d_cycle_data.csv,schema_63d0cb98b657,Charge_Capacity (Ah),charge_capacity_ah,7,float64,50,0,"[""2.506"", ""2.675"", ""2.349"", ""2.353"", ""2.355""]",Ah,charge_capacity,high,explicit charge capacity column
Michigan Formation.zip,Michigan Formation/MICH_MCForm34_pouch_NMC_45C_0-100_1-1C_d_cycle_data.csv,MICH_MCForm34_pouch_NMC_45C_0-100_1-1C_d_cycle_data.csv,schema_63d0cb98b657,Discharge_Capacity (Ah),discharge_capacity_ah,8,float64,50,0,"[""2.481"", ""2.472"", ""2.517"", ""2.35"", ""2.352""]",Ah,discharge_capacity,high,explicit discharge capacity column
Michigan Formation.zip,Michigan Formation/MICH_MCForm34_pouch_NMC_45C_0-100_1-1C_d_cycle_data.csv,MICH_MCForm34_pouch_NMC_45C_0-100_1-1C_d_cycle_data.csv,schema_63d0cb98b657,Charge_Energy (Wh),charge_energy_wh,9,float64,50,0,"[""9.433"", ""9.388"", ""10.05"", ""8.955"", ""8.968""]",Wh,charge_energy,high,explicit charge energy column
Michigan Formation.zip,Michigan Formation/MICH_MCForm34_pouch_NMC_45C_0-100_1-1C_d_cycle_data.csv,MICH_MCForm34_pouch_NMC_45C_0-100_1-1C_d_cycle_data.csv,schema_63d0cb98b657,Discharge_Energy (Wh),discharge_energy_wh,10,float64,50,0,"[""9.166"", ""9.188"", ""9.291"", ""8.672"", ""8.68""]",Wh,discharge_energy,high,explicit discharge energy column
Michigan Formation.zip,Michigan Formation/MICH_MCForm35_pouch_NMC_45C_0-100_1-1C_e_cycle_data.csv,MICH_MCForm35_pouch_NMC_45C_0-100_1-1C_e_cycle_data.csv,schema_63d0cb98b657,Cycle_Index,cycle_index,1,float64,50,0,"[""1.0"", ""2.0"", ""3.0"", ""4.0"", ""5.0""]",unknown,cycle_index,high,explicit cycle index/name
Michigan Formation.zip,Michigan Formation/MICH_MCForm35_pouch_NMC_45C_0-100_1-1C_e_cycle_data.csv,MICH_MCForm35_pouch_NMC_45C_0-100_1-1C_e_cycle_data.csv,schema_63d0cb98b657,Test_Time (s),test_time_s,2,float64,50,0,"[""33407.8"", ""187773.81"", ""293510.05"", ""303536.15"", ""313501.15""]",s,elapsed_time,high,explicit elapsed/test time column
Michigan Formation.zip,Michigan Formation/MICH_MCForm35_pouch_NMC_45C_0-100_1-1C_e_cycle_data.csv,MICH_MCForm35_pouch_NMC_45C_0-100_1-1C_e_cycle_data.csv,schema_63d0cb98b657,Min_Current (A),min_current_a,3,float64,50,0,"[""-0.933"", ""-0.145"", ""-2.375"", ""-2.372"", ""-2.371""]",A,unknown,none,"observed electrical measurement, not a requested mapping target"
Michigan Formation.zip,Michigan Formation/MICH_MCForm35_pouch_NMC_45C_0-100_1-1C_e_cycle_data.csv,MICH_MCForm35_pouch_NMC_45C_0-100_1-1C_e_cycle_data.csv,schema_63d0cb98b657,Max_Current (A),max_current_a,4,float64,50,0,"[""0.932"", ""0.14"", ""2.444"", ""2.413"", ""2.411""]",A,unknown,none,"observed electrical measurement, not a requested mapping target"
Michigan Formation.zip,Michigan Formation/MICH_MCForm35_pouch_NMC_45C_0-100_1-1C_e_cycle_data.csv,MICH_MCForm35_pouch_NMC_45C_0-100_1-1C_e_cycle_data.csv,schema_63d0cb98b657,Min_Voltage (V),min_voltage_v,5,float64,50,0,"[""2.998"", ""3.0""]",V,unknown,none,"observed electrical measurement, not a requested mapping target"
Michigan Formation.zip,Michigan Formation/MICH_MCForm35_pouch_NMC_45C_0-100_1-1C_e_cycle_data.csv,MICH_MCForm35_pouch_NMC_45C_0-100_1-1C_e_cycle_data.csv,schema_63d0cb98b657,Max_Voltage (V),max_voltage_v,6,float64,50,0,"[""4.201"", ""4.2"", ""4.205""]",V,unknown,none,"observed electrical measurement, not a requested mapping target"
Michigan Formation.zip,Michigan Formation/MICH_MCForm35_pouch_NMC_45C_0-100_1-1C_e_cycle_data.csv,MICH_MCForm35_pouch_NMC_45C_0-100_1-1C_e_cycle_data.csv,schema_63d0cb98b657,Charge_Capacity (Ah),charge_capacity_ah,7,float64,50,0,"[""2.503"", ""2.507"", ""2.673"", ""2.346"", ""2.35""]",Ah,charge_capacity,high,explicit charge capacity column
Michigan Formation.zip,Michigan Formation/MICH_MCForm35_pouch_NMC_45C_0-100_1-1C_e_cycle_data.csv,MICH_MCForm35_pouch_NMC_45C_0-100_1-1C_e_cycle_data.csv,schema_63d0cb98b657,Discharge_Capacity (Ah),discharge_capacity_ah,8,float64,50,0,"[""2.476"", ""2.454"", ""2.512"", ""2.346"", ""2.348""]",Ah,discharge_capacity,high,explicit discharge capacity column
Michigan Formation.zip,Michigan Formation/MICH_MCForm35_pouch_NMC_45C_0-100_1-1C_e_cycle_data.csv,MICH_MCForm35_pouch_NMC_45C_0-100_1-1C_e_cycle_data.csv,schema_63d0cb98b657,Charge_Energy (Wh),charge_energy_wh,9,float64,50,0,"[""9.422"", ""9.39"", ""10.04"", ""8.938"", ""8.953""]",Wh,charge_energy,high,explicit charge energy column
Michigan Formation.zip,Michigan Formation/MICH_MCForm35_pouch_NMC_45C_0-100_1-1C_e_cycle_data.csv,MICH_MCForm35_pouch_NMC_45C_0-100_1-1C_e_cycle_data.csv,schema_63d0cb98b657,Discharge_Energy (Wh),discharge_energy_wh,10,float64,50,0,"[""9.147"", ""9.121"", ""9.276"", ""8.659"", ""8.669""]",Wh,discharge_energy,high,explicit discharge energy column
Michigan Formation.zip,Michigan Formation/MICH_MCForm36_pouch_NMC_45C_0-100_1-1C_f_cycle_data.csv,MICH_MCForm36_pouch_NMC_45C_0-100_1-1C_f_cycle_data.csv,schema_63d0cb98b657,Cycle_Index,cycle_index,1,float64,50,0,"[""1.0"", ""2.0"", ""3.0"", ""4.0"", ""5.0""]",unknown,cycle_index,high,explicit cycle index/name
Michigan Formation.zip,Michigan Formation/MICH_MCForm36_pouch_NMC_45C_0-100_1-1C_f_cycle_data.csv,MICH_MCForm36_pouch_NMC_45C_0-100_1-1C_f_cycle_data.csv,schema_63d0cb98b657,Test_Time (s),test_time_s,2,float64,50,0,"[""32868.59"", ""187989.03"", ""293937.44"", ""304031.52"", ""314008.35""]",s,elapsed_time,high,explicit elapsed/test time column
Michigan Formation.zip,Michigan Formation/MICH_MCForm36_pouch_NMC_45C_0-100_1-1C_f_cycle_data.csv,MICH_MCForm36_pouch_NMC_45C_0-100_1-1C_f_cycle_data.csv,schema_63d0cb98b657,Min_Current (A),min_current_a,3,float64,50,0,"[""-0.931"", ""-0.144"", ""-2.374"", ""-2.371"", ""-2.372""]",A,unknown,none,"observed electrical measurement, not a requested mapping target"
Michigan Formation.zip,Michigan Formation/MICH_MCForm36_pouch_NMC_45C_0-100_1-1C_f_cycle_data.csv,MICH_MCForm36_pouch_NMC_45C_0-100_1-1C_f_cycle_data.csv,schema_63d0cb98b657,Max_Current (A),max_current_a,4,float64,50,0,"[""0.934"", ""0.136"", ""2.447"", ""2.413"", ""2.412""]",A,unknown,none,"observed electrical measurement, not a requested mapping target"
Michigan Formation.zip,Michigan Formation/MICH_MCForm36_pouch_NMC_45C_0-100_1-1C_f_cycle_data.csv,MICH_MCForm36_pouch_NMC_45C_0-100_1-1C_f_cycle_data.csv,schema_63d0cb98b657,Min_Voltage (V),min_voltage_v,5,float64,50,0,"[""2.998"", ""3.0""]",V,unknown,none,"observed electrical measurement, not a requested mapping target"
Michigan Formation.zip,Michigan Formation/MICH_MCForm36_pouch_NMC_45C_0-100_1-1C_f_cycle_data.csv,MICH_MCForm36_pouch_NMC_45C_0-100_1-1C_f_cycle_data.csv,schema_63d0cb98b657,Max_Voltage (V),max_voltage_v,6,float64,50,0,"[""4.201"", ""4.2"", ""4.204""]",V,unknown,none,"observed electrical measurement, not a requested mapping target"
Michigan Formation.zip,Michigan Formation/MICH_MCForm36_pouch_NMC_45C_0-100_1-1C_f_cycle_data.csv,MICH_MCForm36_pouch_NMC_45C_0-100_1-1C_f_cycle_data.csv,schema_63d0cb98b657,Charge_Capacity (Ah),charge_capacity_ah,7,float64,50,0,"[""2.509"", ""2.524"", ""2.69"", ""2.342"", ""2.346""]",Ah,charge_capacity,high,explicit charge capacity column
Michigan Formation.zip,Michigan Formation/MICH_MCForm36_pouch_NMC_45C_0-100_1-1C_f_cycle_data.csv,MICH_MCForm36_pouch_NMC_45C_0-100_1-1C_f_cycle_data.csv,schema_63d0cb98b657,Discharge_Capacity (Ah),discharge_capacity_ah,8,float64,50,0,"[""2.475"", ""2.461"", ""2.507"", ""2.34"", ""2.343""]",Ah,discharge_capacity,high,explicit discharge capacity column
Michigan Formation.zip,Michigan Formation/MICH_MCForm36_pouch_NMC_45C_0-100_1-1C_f_cycle_data.csv,MICH_MCForm36_pouch_NMC_45C_0-100_1-1C_f_cycle_data.csv,schema_63d0cb98b657,Charge_Energy (Wh),charge_energy_wh,9,float64,50,0,"[""9.442"", ""9.457"", ""10.106"", ""8.927"", ""8.939""]",Wh,charge_energy,high,explicit charge energy column
Michigan Formation.zip,Michigan Formation/MICH_MCForm36_pouch_NMC_45C_0-100_1-1C_f_cycle_data.csv,MICH_MCForm36_pouch_NMC_45C_0-100_1-1C_f_cycle_data.csv,schema_63d0cb98b657,Discharge_Energy (Wh),discharge_energy_wh,10,float64,50,0,"[""9.139"", ""9.141"", ""9.252"", ""8.636"", ""8.646""]",Wh,discharge_energy,high,explicit discharge energy column
Michigan Formation.zip,Michigan Formation/MICH_MCForm37_pouch_NMC_45C_0-100_1-1C_g_cycle_data.csv,MICH_MCForm37_pouch_NMC_45C_0-100_1-1C_g_cycle_data.csv,schema_63d0cb98b657,Cycle_Index,cycle_index,1,float64,50,0,"[""1.0"", ""2.0"", ""3.0"", ""4.0"", ""5.0""]",unknown,cycle_index,high,explicit cycle index/name
Michigan Formation.zip,Michigan Formation/MICH_MCForm37_pouch_NMC_45C_0-100_1-1C_g_cycle_data.csv,MICH_MCForm37_pouch_NMC_45C_0-100_1-1C_g_cycle_data.csv,schema_63d0cb98b657,Test_Time (s),test_time_s,2,float64,50,0,"[""33264.85"", ""188105.11"", ""290598.22"", ""300479.86"", ""310319.33""]",s,elapsed_time,high,explicit elapsed/test time column
Michigan Formation.zip,Michigan Formation/MICH_MCForm37_pouch_NMC_45C_0-100_1-1C_g_cycle_data.csv,MICH_MCForm37_pouch_NMC_45C_0-100_1-1C_g_cycle_data.csv,schema_63d0cb98b657,Min_Current (A),min_current_a,3,float64,50,0,"[""-0.933"", ""-0.145"", ""-2.375"", ""-2.372"", ""-2.371""]",A,unknown,none,"observed electrical measurement, not a requested mapping target"
Michigan Formation.zip,Michigan Formation/MICH_MCForm37_pouch_NMC_45C_0-100_1-1C_g_cycle_data.csv,MICH_MCForm37_pouch_NMC_45C_0-100_1-1C_g_cycle_data.csv,schema_63d0cb98b657,Max_Current (A),max_current_a,4,float64,50,0,"[""0.934"", ""0.138"", ""2.417"", ""2.416"", ""2.415""]",A,unknown,none,"observed electrical measurement, not a requested mapping target"
Michigan Formation.zip,Michigan Formation/MICH_MCForm37_pouch_NMC_45C_0-100_1-1C_g_cycle_data.csv,MICH_MCForm37_pouch_NMC_45C_0-100_1-1C_g_cycle_data.csv,schema_63d0cb98b657,Min_Voltage (V),min_voltage_v,5,float64,50,0,"[""2.998"", ""3.0""]",V,unknown,none,"observed electrical measurement, not a requested mapping target"
Michigan Formation.zip,Michigan Formation/MICH_MCForm37_pouch_NMC_45C_0-100_1-1C_g_cycle_data.csv,MICH_MCForm37_pouch_NMC_45C_0-100_1-1C_g_cycle_data.csv,schema_63d0cb98b657,Max_Voltage (V),max_voltage_v,6,float64,50,0,"[""4.201"", ""4.2""]",V,unknown,none,"observed electrical measurement, not a requested mapping target"
Michigan Formation.zip,Michigan Formation/MICH_MCForm37_pouch_NMC_45C_0-100_1-1C_g_cycle_data.csv,MICH_MCForm37_pouch_NMC_45C_0-100_1-1C_g_cycle_data.csv,schema_63d0cb98b657,Charge_Capacity (Ah),charge_capacity_ah,7,float64,50,0,"[""2.493"", ""2.491"", ""2.65"", ""2.339"", ""2.345""]",Ah,charge_capacity,high,explicit charge capacity column
Michigan Formation.zip,Michigan Formation/MICH_MCForm37_pouch_NMC_45C_0-100_1-1C_g_cycle_data.csv,MICH_MCForm37_pouch_NMC_45C_0-100_1-1C_g_cycle_data.csv,schema_63d0cb98b657,Discharge_Capacity (Ah),discharge_capacity_ah,8,float64,50,0,"[""2.474"", ""2.485"", ""2.499"", ""2.343"", ""2.345""]",Ah,discharge_capacity,high,explicit discharge capacity column
Michigan Formation.zip,Michigan Formation/MICH_MCForm37_pouch_NMC_45C_0-100_1-1C_g_cycle_data.csv,MICH_MCForm37_pouch_NMC_45C_0-100_1-1C_g_cycle_data.csv,schema_63d0cb98b657,Charge_Energy (Wh),charge_energy_wh,9,float64,50,0,"[""9.389"", ""9.335"", ""9.953"", ""8.919"", ""8.937""]",Wh,charge_energy,high,explicit charge energy column
Michigan Formation.zip,Michigan Formation/MICH_MCForm37_pouch_NMC_45C_0-100_1-1C_g_cycle_data.csv,MICH_MCForm37_pouch_NMC_45C_0-100_1-1C_g_cycle_data.csv,schema_63d0cb98b657,Discharge_Energy (Wh),discharge_energy_wh,10,float64,50,0,"[""9.143"", ""9.238"", ""9.224"", ""8.648"", ""8.657""]",Wh,discharge_energy,high,explicit discharge energy column
Michigan Formation.zip,Michigan Formation/MICH_MCForm38_pouch_NMC_45C_0-100_1-1C_h_cycle_data.csv,MICH_MCForm38_pouch_NMC_45C_0-100_1-1C_h_cycle_data.csv,schema_63d0cb98b657,Cycle_Index,cycle_index,1,float64,50,0,"[""1.0"", ""2.0"", ""3.0"", ""4.0"", ""5.0""]",unknown,cycle_index,high,explicit cycle index/name
Michigan Formation.zip,Michigan Formation/MICH_MCForm38_pouch_NMC_45C_0-100_1-1C_h_cycle_data.csv,MICH_MCForm38_pouch_NMC_45C_0-100_1-1C_h_cycle_data.csv,schema_63d0cb98b657,Test_Time (s),test_time_s,2,float64,50,0,"[""33945.64"", ""189229.84"", ""295035.96"", ""305055.42"", ""314893.52""]",s,elapsed_time,high,explicit elapsed/test time column
Michigan Formation.zip,Michigan Formation/MICH_MCForm38_pouch_NMC_45C_0-100_1-1C_h_cycle_data.csv,MICH_MCForm38_pouch_NMC_45C_0-100_1-1C_h_cycle_data.csv,schema_63d0cb98b657,Min_Current (A),min_current_a,3,float64,50,0,"[""-0.932"", ""-0.141"", ""-2.375"", ""-2.371"", ""-2.373""]",A,unknown,none,"observed electrical measurement, not a requested mapping target"
Michigan Formation.zip,Michigan Formation/MICH_MCForm38_pouch_NMC_45C_0-100_1-1C_h_cycle_data.csv,MICH_MCForm38_pouch_NMC_45C_0-100_1-1C_h_cycle_data.csv,schema_63d0cb98b657,Max_Current (A),max_current_a,4,float64,50,0,"[""0.934"", ""0.133"", ""2.447"", ""2.414"", ""2.413""]",A,unknown,none,"observed electrical measurement, not a requested mapping target"
Michigan Formation.zip,Michigan Formation/MICH_MCForm38_pouch_NMC_45C_0-100_1-1C_h_cycle_data.csv,MICH_MCForm38_pouch_NMC_45C_0-100_1-1C_h_cycle_data.csv,schema_63d0cb98b657,Min_Voltage (V),min_voltage_v,5,float64,50,0,"[""2.998"", ""3.0""]",V,unknown,none,"observed electrical measurement, not a requested mapping target"
Michigan Formation.zip,Michigan Formation/MICH_MCForm38_pouch_NMC_45C_0-100_1-1C_h_cycle_data.csv,MICH_MCForm38_pouch_NMC_45C_0-100_1-1C_h_cycle_data.csv,schema_63d0cb98b657,Max_Voltage (V),max_voltage_v,6,float64,50,0,"[""4.201"", ""4.2"", ""4.205""]",V,unknown,none,"observed electrical measurement, not a requested mapping target"
Michigan Formation.zip,Michigan Formation/MICH_MCForm38_pouch_NMC_45C_0-100_1-1C_h_cycle_data.csv,MICH_MCForm38_pouch_NMC_45C_0-100_1-1C_h_cycle_data.csv,schema_63d0cb98b657,Charge_Capacity (Ah),charge_capacity_ah,7,float64,50,0,"[""2.511"", ""2.683"", ""2.348"", ""2.352"", ""2.355""]",Ah,charge_capacity,high,explicit charge capacity column
Michigan Formation.zip,Michigan Formation/MICH_MCForm38_pouch_NMC_45C_0-100_1-1C_h_cycle_data.csv,MICH_MCForm38_pouch_NMC_45C_0-100_1-1C_h_cycle_data.csv,schema_63d0cb98b657,Discharge_Capacity (Ah),discharge_capacity_ah,8,float64,50,0,"[""2.49"", ""2.479"", ""2.516"", ""2.349"", ""2.351""]",Ah,discharge_capacity,high,explicit discharge capacity column
Michigan Formation.zip,Michigan Formation/MICH_MCForm38_pouch_NMC_45C_0-100_1-1C_h_cycle_data.csv,MICH_MCForm38_pouch_NMC_45C_0-100_1-1C_h_cycle_data.csv,schema_63d0cb98b657,Charge_Energy (Wh),charge_energy_wh,9,float64,50,0,"[""9.451"", ""9.403"", ""10.073"", ""8.95"", ""8.963""]",Wh,charge_energy,high,explicit charge energy column
Michigan Formation.zip,Michigan Formation/MICH_MCForm38_pouch_NMC_45C_0-100_1-1C_h_cycle_data.csv,MICH_MCForm38_pouch_NMC_45C_0-100_1-1C_h_cycle_data.csv,schema_63d0cb98b657,Discharge_Energy (Wh),discharge_energy_wh,10,float64,50,0,"[""9.189"", ""9.206"", ""9.283"", ""8.667"", ""8.675""]",Wh,discharge_energy,high,explicit discharge energy column
Michigan Formation.zip,Michigan Formation/MICH_MCForm39_pouch_NMC_45C_0-100_1-1C_i_cycle_data.csv,MICH_MCForm39_pouch_NMC_45C_0-100_1-1C_i_cycle_data.csv,schema_63d0cb98b657,Cycle_Index,cycle_index,1,float64,50,0,"[""1.0"", ""2.0"", ""3.0"", ""4.0"", ""5.0""]",unknown,cycle_index,high,explicit cycle index/name
Michigan Formation.zip,Michigan Formation/MICH_MCForm39_pouch_NMC_45C_0-100_1-1C_i_cycle_data.csv,MICH_MCForm39_pouch_NMC_45C_0-100_1-1C_i_cycle_data.csv,schema_63d0cb98b657,Test_Time (s),test_time_s,2,float64,50,0,"[""33618.31"", ""188275.62"", ""294060.07"", ""304146.56"", ""314119.99""]",s,elapsed_time,high,explicit elapsed/test time column
Michigan Formation.zip,Michigan Formation/MICH_MCForm39_pouch_NMC_45C_0-100_1-1C_i_cycle_data.csv,MICH_MCForm39_pouch_NMC_45C_0-100_1-1C_i_cycle_data.csv,schema_63d0cb98b657,Min_Current (A),min_current_a,3,float64,50,0,"[""-0.933"", ""-0.14"", ""-2.375"", ""-2.374"", ""-2.371""]",A,unknown,none,"observed electrical measurement, not a requested mapping target"
Michigan Formation.zip,Michigan Formation/MICH_MCForm39_pouch_NMC_45C_0-100_1-1C_i_cycle_data.csv,MICH_MCForm39_pouch_NMC_45C_0-100_1-1C_i_cycle_data.csv,schema_63d0cb98b657,Max_Current (A),max_current_a,4,float64,50,0,"[""0.934"", ""0.135"", ""2.443"", ""2.414"", ""2.415""]",A,unknown,none,"observed electrical measurement, not a requested mapping target"
Michigan Formation.zip,Michigan Formation/MICH_MCForm39_pouch_NMC_45C_0-100_1-1C_i_cycle_data.csv,MICH_MCForm39_pouch_NMC_45C_0-100_1-1C_i_cycle_data.csv,schema_63d0cb98b657,Min_Voltage (V),min_voltage_v,5,float64,50,0,"[""2.998"", ""3.0""]",V,unknown,none,"observed electrical measurement, not a requested mapping target"
Michigan Formation.zip,Michigan Formation/MICH_MCForm39_pouch_NMC_45C_0-100_1-1C_i_cycle_data.csv,MICH_MCForm39_pouch_NMC_45C_0-100_1-1C_i_cycle_data.csv,schema_63d0cb98b657,Max_Voltage (V),max_voltage_v,6,float64,50,0,"[""4.201"", ""4.2"", ""4.206""]",V,unknown,none,"observed electrical measurement, not a requested mapping target"
Michigan Formation.zip,Michigan Formation/MICH_MCForm39_pouch_NMC_45C_0-100_1-1C_i_cycle_data.csv,MICH_MCForm39_pouch_NMC_45C_0-100_1-1C_i_cycle_data.csv,schema_63d0cb98b657,Charge_Capacity (Ah),charge_capacity_ah,7,float64,50,0,"[""2.508"", ""2.496"", ""2.676"", ""2.349"", ""2.353""]",Ah,charge_capacity,high,explicit charge capacity column
Michigan Formation.zip,Michigan Formation/MICH_MCForm39_pouch_NMC_45C_0-100_1-1C_i_cycle_data.csv,MICH_MCForm39_pouch_NMC_45C_0-100_1-1C_i_cycle_data.csv,schema_63d0cb98b657,Discharge_Capacity (Ah),discharge_capacity_ah,8,float64,50,0,"[""2.485"", ""2.474"", ""2.517"", ""2.35"", ""2.352""]",Ah,discharge_capacity,high,explicit discharge capacity column
Michigan Formation.zip,Michigan Formation/MICH_MCForm39_pouch_NMC_45C_0-100_1-1C_i_cycle_data.csv,MICH_MCForm39_pouch_NMC_45C_0-100_1-1C_i_cycle_data.csv,schema_63d0cb98b657,Charge_Energy (Wh),charge_energy_wh,9,float64,50,0,"[""9.442"", ""9.35"", ""10.053"", ""8.954"", ""8.967""]",Wh,charge_energy,high,explicit charge energy column
Michigan Formation.zip,Michigan Formation/MICH_MCForm39_pouch_NMC_45C_0-100_1-1C_i_cycle_data.csv,MICH_MCForm39_pouch_NMC_45C_0-100_1-1C_i_cycle_data.csv,schema_63d0cb98b657,Discharge_Energy (Wh),discharge_energy_wh,10,float64,50,0,"[""9.182"", ""9.195"", ""9.295"", ""8.676"", ""8.685""]",Wh,discharge_energy,high,explicit discharge energy column
Michigan Formation.zip,Michigan Formation/MICH_MCForm40_pouch_NMC_45C_0-100_1-1C_j_cycle_data.csv,MICH_MCForm40_pouch_NMC_45C_0-100_1-1C_j_cycle_data.csv,schema_63d0cb98b657,Cycle_Index,cycle_index,1,float64,50,0,"[""1.0"", ""2.0"", ""3.0"", ""4.0"", ""5.0""]",unknown,cycle_index,high,explicit cycle index/name
Michigan Formation.zip,Michigan Formation/MICH_MCForm40_pouch_NMC_45C_0-100_1-1C_j_cycle_data.csv,MICH_MCForm40_pouch_NMC_45C_0-100_1-1C_j_cycle_data.csv,schema_63d0cb98b657,Test_Time (s),test_time_s,2,float64,50,0,"[""33680.84"", ""189196.74"", ""294994.4"", ""305074.07"", ""315095.6""]",s,elapsed_time,high,explicit elapsed/test time column
Michigan Formation.zip,Michigan Formation/MICH_MCForm40_pouch_NMC_45C_0-100_1-1C_j_cycle_data.csv,MICH_MCForm40_pouch_NMC_45C_0-100_1-1C_j_cycle_data.csv,schema_63d0cb98b657,Min_Current (A),min_current_a,3,float64,50,0,"[""-0.929"", ""-0.14"", ""-2.374"", ""-2.375"", ""-2.371""]",A,unknown,none,"observed electrical measurement, not a requested mapping target"
Michigan Formation.zip,Michigan Formation/MICH_MCForm40_pouch_NMC_45C_0-100_1-1C_j_cycle_data.csv,MICH_MCForm40_pouch_NMC_45C_0-100_1-1C_j_cycle_data.csv,schema_63d0cb98b657,Max_Current (A),max_current_a,4,float64,50,0,"[""0.935"", ""0.132"", ""2.427"", ""2.418"", ""2.415""]",A,unknown,none,"observed electrical measurement, not a requested mapping target"
Michigan Formation.zip,Michigan Formation/MICH_MCForm40_pouch_NMC_45C_0-100_1-1C_j_cycle_data.csv,MICH_MCForm40_pouch_NMC_45C_0-100_1-1C_j_cycle_data.csv,schema_63d0cb98b657,Min_Voltage (V),min_voltage_v,5,float64,50,0,"[""2.998"", ""3.0""]",V,unknown,none,"observed electrical measurement, not a requested mapping target"
Michigan Formation.zip,Michigan Formation/MICH_MCForm40_pouch_NMC_45C_0-100_1-1C_j_cycle_data.csv,MICH_MCForm40_pouch_NMC_45C_0-100_1-1C_j_cycle_data.csv,schema_63d0cb98b657,Max_Voltage (V),max_voltage_v,6,float64,50,0,"[""4.201"", ""4.2"", ""4.205""]",V,unknown,none,"observed electrical measurement, not a requested mapping target"
Michigan Formation.zip,Michigan Formation/MICH_MCForm40_pouch_NMC_45C_0-100_1-1C_j_cycle_data.csv,MICH_MCForm40_pouch_NMC_45C_0-100_1-1C_j_cycle_data.csv,schema_63d0cb98b657,Charge_Capacity (Ah),charge_capacity_ah,7,float64,50,0,"[""2.507"", ""2.513"", ""2.677"", ""2.343"", ""2.347""]",Ah,charge_capacity,high,explicit charge capacity column
Michigan Formation.zip,Michigan Formation/MICH_MCForm40_pouch_NMC_45C_0-100_1-1C_j_cycle_data.csv,MICH_MCForm40_pouch_NMC_45C_0-100_1-1C_j_cycle_data.csv,schema_63d0cb98b657,Discharge_Capacity (Ah),discharge_capacity_ah,8,float64,50,0,"[""2.485"", ""2.484"", ""2.511"", ""2.344"", ""2.346""]",Ah,discharge_capacity,high,explicit discharge capacity column
Michigan Formation.zip,Michigan Formation/MICH_MCForm40_pouch_NMC_45C_0-100_1-1C_j_cycle_data.csv,MICH_MCForm40_pouch_NMC_45C_0-100_1-1C_j_cycle_data.csv,schema_63d0cb98b657,Charge_Energy (Wh),charge_energy_wh,9,float64,50,0,"[""9.44"", ""9.416"", ""10.059"", ""8.934"", ""8.949""]",Wh,charge_energy,high,explicit charge energy column
Michigan Formation.zip,Michigan Formation/MICH_MCForm40_pouch_NMC_45C_0-100_1-1C_j_cycle_data.csv,MICH_MCForm40_pouch_NMC_45C_0-100_1-1C_j_cycle_data.csv,schema_63d0cb98b657,Discharge_Energy (Wh),discharge_energy_wh,10,float64,50,0,"[""9.177"", ""9.228"", ""9.269"", ""8.651"", ""8.659""]",Wh,discharge_energy,high,explicit discharge energy column
Oxford.zip,Oxford/OX_1-1_pouch_LCO_40C_0-100_2-1.84C_a_cycle_data.csv,OX_1-1_pouch_LCO_40C_0-100_2-1.84C_a_cycle_data.csv,schema_d2669a99bc63,Cycle_Index,cycle_index,1,float64,50,0,"[""1.0"", ""100.0"", ""200.0"", ""300.0"", ""400.0""]",unknown,cycle_index,high,explicit cycle index/name
Oxford.zip,Oxford/OX_1-1_pouch_LCO_40C_0-100_2-1.84C_a_cycle_data.csv,OX_1-1_pouch_LCO_40C_0-100_2-1.84C_a_cycle_data.csv,schema_d2669a99bc63,Start_Time,start_time,2,float64,0,50,[],unknown,date_or_timestamp,high,explicit date/time column
Oxford.zip,Oxford/OX_1-1_pouch_LCO_40C_0-100_2-1.84C_a_cycle_data.csv,OX_1-1_pouch_LCO_40C_0-100_2-1.84C_a_cycle_data.csv,schema_d2669a99bc63,End_Time,end_time,3,float64,0,50,[],unknown,date_or_timestamp,high,explicit date/time column
Oxford.zip,Oxford/OX_1-1_pouch_LCO_40C_0-100_2-1.84C_a_cycle_data.csv,OX_1-1_pouch_LCO_40C_0-100_2-1.84C_a_cycle_data.csv,schema_d2669a99bc63,Test_Time (s),test_time_s,4,float64,50,0,"[""7114.998"", ""626168.054"", ""1244220.408"", ""1991927.316"", ""2608450.914""]",s,elapsed_time,high,explicit elapsed/test time column
Oxford.zip,Oxford/OX_1-1_pouch_LCO_40C_0-100_2-1.84C_a_cycle_data.csv,OX_1-1_pouch_LCO_40C_0-100_2-1.84C_a_cycle_data.csv,schema_d2669a99bc63,Min_Current (A),min_current_a,5,float64,50,0,"[""-0.74""]",A,unknown,none,"observed electrical measurement, not a requested mapping target"
Oxford.zip,Oxford/OX_1-1_pouch_LCO_40C_0-100_2-1.84C_a_cycle_data.csv,OX_1-1_pouch_LCO_40C_0-100_2-1.84C_a_cycle_data.csv,schema_d2669a99bc63,Max_Current (A),max_current_a,6,float64,50,0,"[""0.74""]",A,unknown,none,"observed electrical measurement, not a requested mapping target"
Oxford.zip,Oxford/OX_1-1_pouch_LCO_40C_0-100_2-1.84C_a_cycle_data.csv,OX_1-1_pouch_LCO_40C_0-100_2-1.84C_a_cycle_data.csv,schema_d2669a99bc63,Min_Voltage (V),min_voltage_v,7,float64,50,0,"[""2.699"", ""2.719"", ""2.72"", ""2.721"", ""2.735""]",V,unknown,none,"observed electrical measurement, not a requested mapping target"
Oxford.zip,Oxford/OX_1-1_pouch_LCO_40C_0-100_2-1.84C_a_cycle_data.csv,OX_1-1_pouch_LCO_40C_0-100_2-1.84C_a_cycle_data.csv,schema_d2669a99bc63,Max_Voltage (V),max_voltage_v,8,float64,50,0,"[""4.199"", ""4.2""]",V,unknown,none,"observed electrical measurement, not a requested mapping target"
Oxford.zip,Oxford/OX_1-1_pouch_LCO_40C_0-100_2-1.84C_a_cycle_data.csv,OX_1-1_pouch_LCO_40C_0-100_2-1.84C_a_cycle_data.csv,schema_d2669a99bc63,Charge_Capacity (Ah),charge_capacity_ah,9,float64,50,0,"[""0.721"", ""0.711"", ""0.707"", ""0.704"", ""0.699""]",Ah,charge_capacity,high,explicit charge capacity column
Oxford.zip,Oxford/OX_1-1_pouch_LCO_40C_0-100_2-1.84C_a_cycle_data.csv,OX_1-1_pouch_LCO_40C_0-100_2-1.84C_a_cycle_data.csv,schema_d2669a99bc63,Discharge_Capacity (Ah),discharge_capacity_ah,10,float64,50,0,"[""0.741"", ""0.732"", ""0.728"", ""0.725"", ""0.72""]",Ah,discharge_capacity,high,explicit discharge capacity column
Oxford.zip,Oxford/OX_1-1_pouch_LCO_40C_0-100_2-1.84C_a_cycle_data.csv,OX_1-1_pouch_LCO_40C_0-100_2-1.84C_a_cycle_data.csv,schema_d2669a99bc63,Charge_Energy (Wh),charge_energy_wh,11,float64,50,0,"[""2.755"", ""2.72"", ""2.702"", ""2.691"", ""2.674""]",Wh,charge_energy,high,explicit charge energy column
Oxford.zip,Oxford/OX_1-1_pouch_LCO_40C_0-100_2-1.84C_a_cycle_data.csv,OX_1-1_pouch_LCO_40C_0-100_2-1.84C_a_cycle_data.csv,schema_d2669a99bc63,Discharge_Energy (Wh),discharge_energy_wh,12,float64,50,0,"[""2.768"", ""2.734"", ""2.716"", ""2.705"", ""2.689""]",Wh,discharge_energy,high,explicit discharge energy column
Oxford.zip,Oxford/OX_1-2_pouch_LCO_40C_0-100_2-1.84C_b_cycle_data.csv,OX_1-2_pouch_LCO_40C_0-100_2-1.84C_b_cycle_data.csv,schema_d2669a99bc63,Cycle_Index,cycle_index,1,float64,50,0,"[""1.0"", ""100.0"", ""200.0"", ""300.0"", ""400.0""]",unknown,cycle_index,high,explicit cycle index/name
Oxford.zip,Oxford/OX_1-2_pouch_LCO_40C_0-100_2-1.84C_b_cycle_data.csv,OX_1-2_pouch_LCO_40C_0-100_2-1.84C_b_cycle_data.csv,schema_d2669a99bc63,Start_Time,start_time,2,float64,0,50,[],unknown,date_or_timestamp,high,explicit date/time column
Oxford.zip,Oxford/OX_1-2_pouch_LCO_40C_0-100_2-1.84C_b_cycle_data.csv,OX_1-2_pouch_LCO_40C_0-100_2-1.84C_b_cycle_data.csv,schema_d2669a99bc63,End_Time,end_time,3,float64,0,50,[],unknown,date_or_timestamp,high,explicit date/time column
Oxford.zip,Oxford/OX_1-2_pouch_LCO_40C_0-100_2-1.84C_b_cycle_data.csv,OX_1-2_pouch_LCO_40C_0-100_2-1.84C_b_cycle_data.csv,schema_d2669a99bc63,Test_Time (s),test_time_s,4,float64,50,0,"[""7066.877"", ""625816.004"", ""1243589.092"", ""1992104.842"", ""2608212.738""]",s,elapsed_time,high,explicit elapsed/test time column
Oxford.zip,Oxford/OX_1-2_pouch_LCO_40C_0-100_2-1.84C_b_cycle_data.csv,OX_1-2_pouch_LCO_40C_0-100_2-1.84C_b_cycle_data.csv,schema_d2669a99bc63,Min_Current (A),min_current_a,5,float64,50,0,"[""-0.74""]",A,unknown,none,"observed electrical measurement, not a requested mapping target"
Oxford.zip,Oxford/OX_1-2_pouch_LCO_40C_0-100_2-1.84C_b_cycle_data.csv,OX_1-2_pouch_LCO_40C_0-100_2-1.84C_b_cycle_data.csv,schema_d2669a99bc63,Max_Current (A),max_current_a,6,float64,50,0,"[""0.74""]",A,unknown,none,"observed electrical measurement, not a requested mapping target"
Oxford.zip,Oxford/OX_1-2_pouch_LCO_40C_0-100_2-1.84C_b_cycle_data.csv,OX_1-2_pouch_LCO_40C_0-100_2-1.84C_b_cycle_data.csv,schema_d2669a99bc63,Min_Voltage (V),min_voltage_v,7,float64,50,0,"[""2.699"", ""2.718"", ""2.719"", ""2.72"", ""2.735""]",V,unknown,none,"observed electrical measurement, not a requested mapping target"
Oxford.zip,Oxford/OX_1-2_pouch_LCO_40C_0-100_2-1.84C_b_cycle_data.csv,OX_1-2_pouch_LCO_40C_0-100_2-1.84C_b_cycle_data.csv,schema_d2669a99bc63,Max_Voltage (V),max_voltage_v,8,float64,50,0,"[""4.199"", ""4.2"", ""4.192"", ""4.194"", ""4.189""]",V,unknown,none,"observed electrical measurement, not a requested mapping target"
Oxford.zip,Oxford/OX_1-2_pouch_LCO_40C_0-100_2-1.84C_b_cycle_data.csv,OX_1-2_pouch_LCO_40C_0-100_2-1.84C_b_cycle_data.csv,schema_d2669a99bc63,Charge_Capacity (Ah),charge_capacity_ah,9,float64,50,0,"[""0.717"", ""0.708"", ""0.703"", ""0.701"", ""0.695""]",Ah,charge_capacity,high,explicit charge capacity column
Oxford.zip,Oxford/OX_1-2_pouch_LCO_40C_0-100_2-1.84C_b_cycle_data.csv,OX_1-2_pouch_LCO_40C_0-100_2-1.84C_b_cycle_data.csv,schema_d2669a99bc63,Discharge_Capacity (Ah),discharge_capacity_ah,10,float64,50,0,"[""0.735"", ""0.727"", ""0.722"", ""0.719"", ""0.715""]",Ah,discharge_capacity,high,explicit discharge capacity column
Oxford.zip,Oxford/OX_1-2_pouch_LCO_40C_0-100_2-1.84C_b_cycle_data.csv,OX_1-2_pouch_LCO_40C_0-100_2-1.84C_b_cycle_data.csv,schema_d2669a99bc63,Charge_Energy (Wh),charge_energy_wh,11,float64,50,0,"[""2.742"", ""2.707"", ""2.69"", ""2.68"", ""2.661""]",Wh,charge_energy,high,explicit charge energy column
Oxford.zip,Oxford/OX_1-2_pouch_LCO_40C_0-100_2-1.84C_b_cycle_data.csv,OX_1-2_pouch_LCO_40C_0-100_2-1.84C_b_cycle_data.csv,schema_d2669a99bc63,Discharge_Energy (Wh),discharge_energy_wh,12,float64,50,0,"[""2.745"", ""2.715"", ""2.697"", ""2.686"", ""2.67""]",Wh,discharge_energy,high,explicit discharge energy column
Oxford.zip,Oxford/OX_1-3_pouch_LCO_40C_0-100_2-1.84C_c_cycle_data.csv,OX_1-3_pouch_LCO_40C_0-100_2-1.84C_c_cycle_data.csv,schema_d2669a99bc63,Cycle_Index,cycle_index,1,float64,50,0,"[""1.0"", ""100.0"", ""200.0"", ""300.0"", ""400.0""]",unknown,cycle_index,high,explicit cycle index/name
Oxford.zip,Oxford/OX_1-3_pouch_LCO_40C_0-100_2-1.84C_c_cycle_data.csv,OX_1-3_pouch_LCO_40C_0-100_2-1.84C_c_cycle_data.csv,schema_d2669a99bc63,Start_Time,start_time,2,float64,0,50,[],unknown,date_or_timestamp,high,explicit date/time column
Oxford.zip,Oxford/OX_1-3_pouch_LCO_40C_0-100_2-1.84C_c_cycle_data.csv,OX_1-3_pouch_LCO_40C_0-100_2-1.84C_c_cycle_data.csv,schema_d2669a99bc63,End_Time,end_time,3,float64,0,50,[],unknown,date_or_timestamp,high,explicit date/time column
Oxford.zip,Oxford/OX_1-3_pouch_LCO_40C_0-100_2-1.84C_c_cycle_data.csv,OX_1-3_pouch_LCO_40C_0-100_2-1.84C_c_cycle_data.csv,schema_d2669a99bc63,Test_Time (s),test_time_s,4,float64,50,0,"[""7070.353"", ""625860.149"", ""1243791.477"", ""1992070.967"", ""2608456.474""]",s,elapsed_time,high,explicit elapsed/test time column
Oxford.zip,Oxford/OX_1-3_pouch_LCO_40C_0-100_2-1.84C_c_cycle_data.csv,OX_1-3_pouch_LCO_40C_0-100_2-1.84C_c_cycle_data.csv,schema_d2669a99bc63,Min_Current (A),min_current_a,5,float64,50,0,"[""-0.74""]",A,unknown,none,"observed electrical measurement, not a requested mapping target"
Oxford.zip,Oxford/OX_1-3_pouch_LCO_40C_0-100_2-1.84C_c_cycle_data.csv,OX_1-3_pouch_LCO_40C_0-100_2-1.84C_c_cycle_data.csv,schema_d2669a99bc63,Max_Current (A),max_current_a,6,float64,50,0,"[""0.74""]",A,unknown,none,"observed electrical measurement, not a requested mapping target"
Oxford.zip,Oxford/OX_1-3_pouch_LCO_40C_0-100_2-1.84C_c_cycle_data.csv,OX_1-3_pouch_LCO_40C_0-100_2-1.84C_c_cycle_data.csv,schema_d2669a99bc63,Min_Voltage (V),min_voltage_v,7,float64,50,0,"[""2.699"", ""2.719"", ""2.72"", ""2.721"", ""2.737""]",V,unknown,none,"observed electrical measurement, not a requested mapping target"
Oxford.zip,Oxford/OX_1-3_pouch_LCO_40C_0-100_2-1.84C_c_cycle_data.csv,OX_1-3_pouch_LCO_40C_0-100_2-1.84C_c_cycle_data.csv,schema_d2669a99bc63,Max_Voltage (V),max_voltage_v,8,float64,50,0,"[""4.199"", ""4.2""]",V,unknown,none,"observed electrical measurement, not a requested mapping target"
Oxford.zip,Oxford/OX_1-3_pouch_LCO_40C_0-100_2-1.84C_c_cycle_data.csv,OX_1-3_pouch_LCO_40C_0-100_2-1.84C_c_cycle_data.csv,schema_d2669a99bc63,Charge_Capacity (Ah),charge_capacity_ah,9,float64,50,0,"[""0.716"", ""0.707"", ""0.703"", ""0.7"", ""0.696""]",Ah,charge_capacity,high,explicit charge capacity column
Oxford.zip,Oxford/OX_1-3_pouch_LCO_40C_0-100_2-1.84C_c_cycle_data.csv,OX_1-3_pouch_LCO_40C_0-100_2-1.84C_c_cycle_data.csv,schema_d2669a99bc63,Discharge_Capacity (Ah),discharge_capacity_ah,10,float64,50,0,"[""0.737"", ""0.728"", ""0.724"", ""0.722"", ""0.718""]",Ah,discharge_capacity,high,explicit discharge capacity column
Oxford.zip,Oxford/OX_1-3_pouch_LCO_40C_0-100_2-1.84C_c_cycle_data.csv,OX_1-3_pouch_LCO_40C_0-100_2-1.84C_c_cycle_data.csv,schema_d2669a99bc63,Charge_Energy (Wh),charge_energy_wh,11,float64,50,0,"[""2.735"", ""2.702"", ""2.687"", ""2.678"", ""2.661""]",Wh,charge_energy,high,explicit charge energy column
Oxford.zip,Oxford/OX_1-3_pouch_LCO_40C_0-100_2-1.84C_c_cycle_data.csv,OX_1-3_pouch_LCO_40C_0-100_2-1.84C_c_cycle_data.csv,schema_d2669a99bc63,Discharge_Energy (Wh),discharge_energy_wh,12,float64,50,0,"[""2.753"", ""2.72"", ""2.704"", ""2.693"", ""2.679""]",Wh,discharge_energy,high,explicit discharge energy column
Oxford.zip,Oxford/OX_1-4_pouch_LCO_40C_0-100_2-1.84C_d_cycle_data.csv,OX_1-4_pouch_LCO_40C_0-100_2-1.84C_d_cycle_data.csv,schema_d2669a99bc63,Cycle_Index,cycle_index,1,float64,47,0,"[""1.0"", ""100.0"", ""200.0"", ""300.0"", ""400.0""]",unknown,cycle_index,high,explicit cycle index/name
Oxford.zip,Oxford/OX_1-4_pouch_LCO_40C_0-100_2-1.84C_d_cycle_data.csv,OX_1-4_pouch_LCO_40C_0-100_2-1.84C_d_cycle_data.csv,schema_d2669a99bc63,Start_Time,start_time,2,float64,0,47,[],unknown,date_or_timestamp,high,explicit date/time column
Oxford.zip,Oxford/OX_1-4_pouch_LCO_40C_0-100_2-1.84C_d_cycle_data.csv,OX_1-4_pouch_LCO_40C_0-100_2-1.84C_d_cycle_data.csv,schema_d2669a99bc63,End_Time,end_time,3,float64,0,47,[],unknown,date_or_timestamp,high,explicit date/time column
Oxford.zip,Oxford/OX_1-4_pouch_LCO_40C_0-100_2-1.84C_d_cycle_data.csv,OX_1-4_pouch_LCO_40C_0-100_2-1.84C_d_cycle_data.csv,schema_d2669a99bc63,Test_Time (s),test_time_s,4,float64,47,0,"[""7075.686"", ""626608.105"", ""1245153.176"", ""1992200.8"", ""2608761.935""]",s,elapsed_time,high,explicit elapsed/test time column
Oxford.zip,Oxford/OX_1-4_pouch_LCO_40C_0-100_2-1.84C_d_cycle_data.csv,OX_1-4_pouch_LCO_40C_0-100_2-1.84C_d_cycle_data.csv,schema_d2669a99bc63,Min_Current (A),min_current_a,5,float64,47,0,"[""-0.74""]",A,unknown,none,"observed electrical measurement, not a requested mapping target"
Oxford.zip,Oxford/OX_1-4_pouch_LCO_40C_0-100_2-1.84C_d_cycle_data.csv,OX_1-4_pouch_LCO_40C_0-100_2-1.84C_d_cycle_data.csv,schema_d2669a99bc63,Max_Current (A),max_current_a,6,float64,47,0,"[""0.74""]",A,unknown,none,"observed electrical measurement, not a requested mapping target"
Oxford.zip,Oxford/OX_1-4_pouch_LCO_40C_0-100_2-1.84C_d_cycle_data.csv,OX_1-4_pouch_LCO_40C_0-100_2-1.84C_d_cycle_data.csv,schema_d2669a99bc63,Min_Voltage (V),min_voltage_v,7,float64,47,0,"[""2.7"", ""2.719"", ""2.72"", ""2.721"", ""2.736""]",V,unknown,none,"observed electrical measurement, not a requested mapping target"
Oxford.zip,Oxford/OX_1-4_pouch_LCO_40C_0-100_2-1.84C_d_cycle_data.csv,OX_1-4_pouch_LCO_40C_0-100_2-1.84C_d_cycle_data.csv,schema_d2669a99bc63,Max_Voltage (V),max_voltage_v,8,float64,47,0,"[""4.199"", ""4.2""]",V,unknown,none,"observed electrical measurement, not a requested mapping target"
Oxford.zip,Oxford/OX_1-4_pouch_LCO_40C_0-100_2-1.84C_d_cycle_data.csv,OX_1-4_pouch_LCO_40C_0-100_2-1.84C_d_cycle_data.csv,schema_d2669a99bc63,Charge_Capacity (Ah),charge_capacity_ah,9,float64,47,0,"[""0.719"", ""0.711"", ""0.705"", ""0.702"", ""0.696""]",Ah,charge_capacity,high,explicit charge capacity column
Oxford.zip,Oxford/OX_1-4_pouch_LCO_40C_0-100_2-1.84C_d_cycle_data.csv,OX_1-4_pouch_LCO_40C_0-100_2-1.84C_d_cycle_data.csv,schema_d2669a99bc63,Discharge_Capacity (Ah),discharge_capacity_ah,10,float64,47,0,"[""0.734"", ""0.726"", ""0.721"", ""0.717"", ""0.712""]",Ah,discharge_capacity,high,explicit discharge capacity column
Oxford.zip,Oxford/OX_1-4_pouch_LCO_40C_0-100_2-1.84C_d_cycle_data.csv,OX_1-4_pouch_LCO_40C_0-100_2-1.84C_d_cycle_data.csv,schema_d2669a99bc63,Charge_Energy (Wh),charge_energy_wh,11,float64,47,0,"[""2.751"", ""2.717"", ""2.699"", ""2.684"", ""2.664""]",Wh,charge_energy,high,explicit charge energy column
Oxford.zip,Oxford/OX_1-4_pouch_LCO_40C_0-100_2-1.84C_d_cycle_data.csv,OX_1-4_pouch_LCO_40C_0-100_2-1.84C_d_cycle_data.csv,schema_d2669a99bc63,Discharge_Energy (Wh),discharge_energy_wh,12,float64,47,0,"[""2.743"", ""2.712"", ""2.693"", ""2.679"", ""2.661""]",Wh,discharge_energy,high,explicit discharge energy column
Oxford.zip,Oxford/OX_1-5_pouch_LCO_40C_0-100_2-1.84C_e_cycle_data.csv,OX_1-5_pouch_LCO_40C_0-100_2-1.84C_e_cycle_data.csv,schema_d2669a99bc63,Cycle_Index,cycle_index,1,float64,46,0,"[""1.0"", ""100.0"", ""200.0"", ""300.0"", ""400.0""]",unknown,cycle_index,high,explicit cycle index/name
Oxford.zip,Oxford/OX_1-5_pouch_LCO_40C_0-100_2-1.84C_e_cycle_data.csv,OX_1-5_pouch_LCO_40C_0-100_2-1.84C_e_cycle_data.csv,schema_d2669a99bc63,Start_Time,start_time,2,float64,0,46,[],unknown,date_or_timestamp,high,explicit date/time column
Oxford.zip,Oxford/OX_1-5_pouch_LCO_40C_0-100_2-1.84C_e_cycle_data.csv,OX_1-5_pouch_LCO_40C_0-100_2-1.84C_e_cycle_data.csv,schema_d2669a99bc63,End_Time,end_time,3,float64,0,46,[],unknown,date_or_timestamp,high,explicit date/time column
Oxford.zip,Oxford/OX_1-5_pouch_LCO_40C_0-100_2-1.84C_e_cycle_data.csv,OX_1-5_pouch_LCO_40C_0-100_2-1.84C_e_cycle_data.csv,schema_d2669a99bc63,Test_Time (s),test_time_s,4,float64,46,0,"[""7077.602"", ""625238.568"", ""1242322.725"", ""1992252.032"", ""2607622.187""]",s,elapsed_time,high,explicit elapsed/test time column
Oxford.zip,Oxford/OX_1-5_pouch_LCO_40C_0-100_2-1.84C_e_cycle_data.csv,OX_1-5_pouch_LCO_40C_0-100_2-1.84C_e_cycle_data.csv,schema_d2669a99bc63,Min_Current (A),min_current_a,5,float64,46,0,"[""-0.74""]",A,unknown,none,"observed electrical measurement, not a requested mapping target"
Oxford.zip,Oxford/OX_1-5_pouch_LCO_40C_0-100_2-1.84C_e_cycle_data.csv,OX_1-5_pouch_LCO_40C_0-100_2-1.84C_e_cycle_data.csv,schema_d2669a99bc63,Max_Current (A),max_current_a,6,float64,46,0,"[""0.74""]",A,unknown,none,"observed electrical measurement, not a requested mapping target"
Oxford.zip,Oxford/OX_1-5_pouch_LCO_40C_0-100_2-1.84C_e_cycle_data.csv,OX_1-5_pouch_LCO_40C_0-100_2-1.84C_e_cycle_data.csv,schema_d2669a99bc63,Min_Voltage (V),min_voltage_v,7,float64,46,0,"[""2.699"", ""2.718"", ""2.719"", ""2.72"", ""2.721""]",V,unknown,none,"observed electrical measurement, not a requested mapping target"
Oxford.zip,Oxford/OX_1-5_pouch_LCO_40C_0-100_2-1.84C_e_cycle_data.csv,OX_1-5_pouch_LCO_40C_0-100_2-1.84C_e_cycle_data.csv,schema_d2669a99bc63,Max_Voltage (V),max_voltage_v,8,float64,46,0,"[""4.199"", ""4.2""]",V,unknown,none,"observed electrical measurement, not a requested mapping target"
Oxford.zip,Oxford/OX_1-5_pouch_LCO_40C_0-100_2-1.84C_e_cycle_data.csv,OX_1-5_pouch_LCO_40C_0-100_2-1.84C_e_cycle_data.csv,schema_d2669a99bc63,Charge_Capacity (Ah),charge_capacity_ah,9,float64,46,0,"[""0.717"", ""0.707"", ""0.702"", ""0.699"", ""0.694""]",Ah,charge_capacity,high,explicit charge capacity column
Oxford.zip,Oxford/OX_1-5_pouch_LCO_40C_0-100_2-1.84C_e_cycle_data.csv,OX_1-5_pouch_LCO_40C_0-100_2-1.84C_e_cycle_data.csv,schema_d2669a99bc63,Discharge_Capacity (Ah),discharge_capacity_ah,10,float64,46,0,"[""0.737"", ""0.728"", ""0.723"", ""0.72"", ""0.715""]",Ah,discharge_capacity,high,explicit discharge capacity column
Oxford.zip,Oxford/OX_1-5_pouch_LCO_40C_0-100_2-1.84C_e_cycle_data.csv,OX_1-5_pouch_LCO_40C_0-100_2-1.84C_e_cycle_data.csv,schema_d2669a99bc63,Charge_Energy (Wh),charge_energy_wh,11,float64,46,0,"[""2.739"", ""2.703"", ""2.684"", ""2.673"", ""2.653""]",Wh,charge_energy,high,explicit charge energy column
Oxford.zip,Oxford/OX_1-5_pouch_LCO_40C_0-100_2-1.84C_e_cycle_data.csv,OX_1-5_pouch_LCO_40C_0-100_2-1.84C_e_cycle_data.csv,schema_d2669a99bc63,Discharge_Energy (Wh),discharge_energy_wh,12,float64,46,0,"[""2.755"", ""2.72"", ""2.701"", ""2.687"", ""2.671""]",Wh,discharge_energy,high,explicit discharge energy column
Oxford.zip,Oxford/OX_1-6_pouch_LCO_40C_0-100_2-1.84C_f_cycle_data.csv,OX_1-6_pouch_LCO_40C_0-100_2-1.84C_f_cycle_data.csv,schema_d2669a99bc63,Cycle_Index,cycle_index,1,float64,46,0,"[""1.0"", ""100.0"", ""200.0"", ""300.0"", ""400.0""]",unknown,cycle_index,high,explicit cycle index/name
Oxford.zip,Oxford/OX_1-6_pouch_LCO_40C_0-100_2-1.84C_f_cycle_data.csv,OX_1-6_pouch_LCO_40C_0-100_2-1.84C_f_cycle_data.csv,schema_d2669a99bc63,Start_Time,start_time,2,float64,0,46,[],unknown,date_or_timestamp,high,explicit date/time column
Oxford.zip,Oxford/OX_1-6_pouch_LCO_40C_0-100_2-1.84C_f_cycle_data.csv,OX_1-6_pouch_LCO_40C_0-100_2-1.84C_f_cycle_data.csv,schema_d2669a99bc63,End_Time,end_time,3,float64,0,46,[],unknown,date_or_timestamp,high,explicit date/time column
Oxford.zip,Oxford/OX_1-6_pouch_LCO_40C_0-100_2-1.84C_f_cycle_data.csv,OX_1-6_pouch_LCO_40C_0-100_2-1.84C_f_cycle_data.csv,schema_d2669a99bc63,Test_Time (s),test_time_s,4,float64,46,0,"[""7046.379"", ""626367.894"", ""1244664.519"", ""1992292.756"", ""2608877.228""]",s,elapsed_time,high,explicit elapsed/test time column
Oxford.zip,Oxford/OX_1-6_pouch_LCO_40C_0-100_2-1.84C_f_cycle_data.csv,OX_1-6_pouch_LCO_40C_0-100_2-1.84C_f_cycle_data.csv,schema_d2669a99bc63,Min_Current (A),min_current_a,5,float64,46,0,"[""-0.74""]",A,unknown,none,"observed electrical measurement, not a requested mapping target"
Oxford.zip,Oxford/OX_1-6_pouch_LCO_40C_0-100_2-1.84C_f_cycle_data.csv,OX_1-6_pouch_LCO_40C_0-100_2-1.84C_f_cycle_data.csv,schema_d2669a99bc63,Max_Current (A),max_current_a,6,float64,46,0,"[""0.74""]",A,unknown,none,"observed electrical measurement, not a requested mapping target"
Oxford.zip,Oxford/OX_1-6_pouch_LCO_40C_0-100_2-1.84C_f_cycle_data.csv,OX_1-6_pouch_LCO_40C_0-100_2-1.84C_f_cycle_data.csv,schema_d2669a99bc63,Min_Voltage (V),min_voltage_v,7,float64,46,0,"[""2.699"", ""2.719"", ""2.72"", ""2.735"", ""2.736""]",V,unknown,none,"observed electrical measurement, not a requested mapping target"
Oxford.zip,Oxford/OX_1-6_pouch_LCO_40C_0-100_2-1.84C_f_cycle_data.csv,OX_1-6_pouch_LCO_40C_0-100_2-1.84C_f_cycle_data.csv,schema_d2669a99bc63,Max_Voltage (V),max_voltage_v,8,float64,46,0,"[""4.199"", ""4.2"", ""4.187""]",V,unknown,none,"observed electrical measurement, not a requested mapping target"
Oxford.zip,Oxford/OX_1-6_pouch_LCO_40C_0-100_2-1.84C_f_cycle_data.csv,OX_1-6_pouch_LCO_40C_0-100_2-1.84C_f_cycle_data.csv,schema_d2669a99bc63,Charge_Capacity (Ah),charge_capacity_ah,9,float64,46,0,"[""0.717"", ""0.708"", ""0.703"", ""0.7"", ""0.694""]",Ah,charge_capacity,high,explicit charge capacity column
Oxford.zip,Oxford/OX_1-6_pouch_LCO_40C_0-100_2-1.84C_f_cycle_data.csv,OX_1-6_pouch_LCO_40C_0-100_2-1.84C_f_cycle_data.csv,schema_d2669a99bc63,Discharge_Capacity (Ah),discharge_capacity_ah,10,float64,46,0,"[""0.731"", ""0.723"", ""0.718"", ""0.715"", ""0.71""]",Ah,discharge_capacity,high,explicit discharge capacity column
Oxford.zip,Oxford/OX_1-6_pouch_LCO_40C_0-100_2-1.84C_f_cycle_data.csv,OX_1-6_pouch_LCO_40C_0-100_2-1.84C_f_cycle_data.csv,schema_d2669a99bc63,Charge_Energy (Wh),charge_energy_wh,11,float64,46,0,"[""2.74"", ""2.706"", ""2.688"", ""2.676"", ""2.657""]",Wh,charge_energy,high,explicit charge energy column
Oxford.zip,Oxford/OX_1-6_pouch_LCO_40C_0-100_2-1.84C_f_cycle_data.csv,OX_1-6_pouch_LCO_40C_0-100_2-1.84C_f_cycle_data.csv,schema_d2669a99bc63,Discharge_Energy (Wh),discharge_energy_wh,12,float64,46,0,"[""2.731"", ""2.702"", ""2.684"", ""2.671"", ""2.654""]",Wh,discharge_energy,high,explicit discharge energy column
Oxford.zip,Oxford/OX_1-7_pouch_LCO_40C_0-100_2-1.84C_g_cycle_data.csv,OX_1-7_pouch_LCO_40C_0-100_2-1.84C_g_cycle_data.csv,schema_d2669a99bc63,Cycle_Index,cycle_index,1,float64,50,0,"[""1.0"", ""100.0"", ""200.0"", ""300.0"", ""400.0""]",unknown,cycle_index,high,explicit cycle index/name
Oxford.zip,Oxford/OX_1-7_pouch_LCO_40C_0-100_2-1.84C_g_cycle_data.csv,OX_1-7_pouch_LCO_40C_0-100_2-1.84C_g_cycle_data.csv,schema_d2669a99bc63,Start_Time,start_time,2,float64,0,50,[],unknown,date_or_timestamp,high,explicit date/time column
Oxford.zip,Oxford/OX_1-7_pouch_LCO_40C_0-100_2-1.84C_g_cycle_data.csv,OX_1-7_pouch_LCO_40C_0-100_2-1.84C_g_cycle_data.csv,schema_d2669a99bc63,End_Time,end_time,3,float64,0,50,[],unknown,date_or_timestamp,high,explicit date/time column
Oxford.zip,Oxford/OX_1-7_pouch_LCO_40C_0-100_2-1.84C_g_cycle_data.csv,OX_1-7_pouch_LCO_40C_0-100_2-1.84C_g_cycle_data.csv,schema_d2669a99bc63,Test_Time (s),test_time_s,4,float64,50,0,"[""7011.772"", ""624996.672"", ""1241954.227"", ""1992241.353"", ""2607892.264""]",s,elapsed_time,high,explicit elapsed/test time column
Oxford.zip,Oxford/OX_1-7_pouch_LCO_40C_0-100_2-1.84C_g_cycle_data.csv,OX_1-7_pouch_LCO_40C_0-100_2-1.84C_g_cycle_data.csv,schema_d2669a99bc63,Min_Current (A),min_current_a,5,float64,50,0,"[""-0.74""]",A,unknown,none,"observed electrical measurement, not a requested mapping target"
Oxford.zip,Oxford/OX_1-7_pouch_LCO_40C_0-100_2-1.84C_g_cycle_data.csv,OX_1-7_pouch_LCO_40C_0-100_2-1.84C_g_cycle_data.csv,schema_d2669a99bc63,Max_Current (A),max_current_a,6,float64,50,0,"[""0.74""]",A,unknown,none,"observed electrical measurement, not a requested mapping target"
Oxford.zip,Oxford/OX_1-7_pouch_LCO_40C_0-100_2-1.84C_g_cycle_data.csv,OX_1-7_pouch_LCO_40C_0-100_2-1.84C_g_cycle_data.csv,schema_d2669a99bc63,Min_Voltage (V),min_voltage_v,7,float64,50,0,"[""2.699"", ""2.719"", ""2.72"", ""2.721"", ""2.736""]",V,unknown,none,"observed electrical measurement, not a requested mapping target"
Oxford.zip,Oxford/OX_1-7_pouch_LCO_40C_0-100_2-1.84C_g_cycle_data.csv,OX_1-7_pouch_LCO_40C_0-100_2-1.84C_g_cycle_data.csv,schema_d2669a99bc63,Max_Voltage (V),max_voltage_v,8,float64,50,0,"[""4.2"", ""4.199"", ""4.198""]",V,unknown,none,"observed electrical measurement, not a requested mapping target"
Oxford.zip,Oxford/OX_1-7_pouch_LCO_40C_0-100_2-1.84C_g_cycle_data.csv,OX_1-7_pouch_LCO_40C_0-100_2-1.84C_g_cycle_data.csv,schema_d2669a99bc63,Charge_Capacity (Ah),charge_capacity_ah,9,float64,50,0,"[""0.712"", ""0.703"", ""0.699"", ""0.697"", ""0.693""]",Ah,charge_capacity,high,explicit charge capacity column
Oxford.zip,Oxford/OX_1-7_pouch_LCO_40C_0-100_2-1.84C_g_cycle_data.csv,OX_1-7_pouch_LCO_40C_0-100_2-1.84C_g_cycle_data.csv,schema_d2669a99bc63,Discharge_Capacity (Ah),discharge_capacity_ah,10,float64,50,0,"[""0.728"", ""0.72"", ""0.716"", ""0.713"", ""0.71""]",Ah,discharge_capacity,high,explicit discharge capacity column
Oxford.zip,Oxford/OX_1-7_pouch_LCO_40C_0-100_2-1.84C_g_cycle_data.csv,OX_1-7_pouch_LCO_40C_0-100_2-1.84C_g_cycle_data.csv,schema_d2669a99bc63,Charge_Energy (Wh),charge_energy_wh,11,float64,50,0,"[""2.723"", ""2.689"", ""2.672"", ""2.666"", ""2.65""]",Wh,charge_energy,high,explicit charge energy column
Oxford.zip,Oxford/OX_1-7_pouch_LCO_40C_0-100_2-1.84C_g_cycle_data.csv,OX_1-7_pouch_LCO_40C_0-100_2-1.84C_g_cycle_data.csv,schema_d2669a99bc63,Discharge_Energy (Wh),discharge_energy_wh,12,float64,50,0,"[""2.72"", ""2.689"", ""2.673"", ""2.663"", ""2.651""]",Wh,discharge_energy,high,explicit discharge energy column
Oxford.zip,Oxford/OX_1-8_pouch_LCO_40C_0-100_2-1.84C_h_cycle_data.csv,OX_1-8_pouch_LCO_40C_0-100_2-1.84C_h_cycle_data.csv,schema_d2669a99bc63,Cycle_Index,cycle_index,1,float64,50,0,"[""1.0"", ""100.0"", ""300.0"", ""400.0"", ""500.0""]",unknown,cycle_index,high,explicit cycle index/name
Oxford.zip,Oxford/OX_1-8_pouch_LCO_40C_0-100_2-1.84C_h_cycle_data.csv,OX_1-8_pouch_LCO_40C_0-100_2-1.84C_h_cycle_data.csv,schema_d2669a99bc63,Start_Time,start_time,2,float64,0,50,[],unknown,date_or_timestamp,high,explicit date/time column
Oxford.zip,Oxford/OX_1-8_pouch_LCO_40C_0-100_2-1.84C_h_cycle_data.csv,OX_1-8_pouch_LCO_40C_0-100_2-1.84C_h_cycle_data.csv,schema_d2669a99bc63,End_Time,end_time,3,float64,0,50,[],unknown,date_or_timestamp,high,explicit date/time column
Oxford.zip,Oxford/OX_1-8_pouch_LCO_40C_0-100_2-1.84C_h_cycle_data.csv,OX_1-8_pouch_LCO_40C_0-100_2-1.84C_h_cycle_data.csv,schema_d2669a99bc63,Test_Time (s),test_time_s,4,float64,50,0,"[""6997.881"", ""624677.884"", ""1992360.795"", ""2607721.959"", ""3222558.883""]",s,elapsed_time,high,explicit elapsed/test time column
Oxford.zip,Oxford/OX_1-8_pouch_LCO_40C_0-100_2-1.84C_h_cycle_data.csv,OX_1-8_pouch_LCO_40C_0-100_2-1.84C_h_cycle_data.csv,schema_d2669a99bc63,Min_Current (A),min_current_a,5,float64,50,0,"[""-0.74""]",A,unknown,none,"observed electrical measurement, not a requested mapping target"
Oxford.zip,Oxford/OX_1-8_pouch_LCO_40C_0-100_2-1.84C_h_cycle_data.csv,OX_1-8_pouch_LCO_40C_0-100_2-1.84C_h_cycle_data.csv,schema_d2669a99bc63,Max_Current (A),max_current_a,6,float64,50,0,"[""0.74""]",A,unknown,none,"observed electrical measurement, not a requested mapping target"
Oxford.zip,Oxford/OX_1-8_pouch_LCO_40C_0-100_2-1.84C_h_cycle_data.csv,OX_1-8_pouch_LCO_40C_0-100_2-1.84C_h_cycle_data.csv,schema_d2669a99bc63,Min_Voltage (V),min_voltage_v,7,float64,50,0,"[""2.7"", ""2.719"", ""2.72"", ""2.736"", ""2.735""]",V,unknown,none,"observed electrical measurement, not a requested mapping target"
Oxford.zip,Oxford/OX_1-8_pouch_LCO_40C_0-100_2-1.84C_h_cycle_data.csv,OX_1-8_pouch_LCO_40C_0-100_2-1.84C_h_cycle_data.csv,schema_d2669a99bc63,Max_Voltage (V),max_voltage_v,8,float64,50,0,"[""4.199"", ""4.2""]",V,unknown,none,"observed electrical measurement, not a requested mapping target"
Oxford.zip,Oxford/OX_1-8_pouch_LCO_40C_0-100_2-1.84C_h_cycle_data.csv,OX_1-8_pouch_LCO_40C_0-100_2-1.84C_h_cycle_data.csv,schema_d2669a99bc63,Charge_Capacity (Ah),charge_capacity_ah,9,float64,50,0,"[""0.71"", ""0.701"", ""0.695"", ""0.691"", ""0.687""]",Ah,charge_capacity,high,explicit charge capacity column
Oxford.zip,Oxford/OX_1-8_pouch_LCO_40C_0-100_2-1.84C_h_cycle_data.csv,OX_1-8_pouch_LCO_40C_0-100_2-1.84C_h_cycle_data.csv,schema_d2669a99bc63,Discharge_Capacity (Ah),discharge_capacity_ah,10,float64,50,0,"[""0.727"", ""0.72"", ""0.713"", ""0.709"", ""0.707""]",Ah,discharge_capacity,high,explicit discharge capacity column
Oxford.zip,Oxford/OX_1-8_pouch_LCO_40C_0-100_2-1.84C_h_cycle_data.csv,OX_1-8_pouch_LCO_40C_0-100_2-1.84C_h_cycle_data.csv,schema_d2669a99bc63,Charge_Energy (Wh),charge_energy_wh,11,float64,50,0,"[""2.715"", ""2.682"", ""2.658"", ""2.642"", ""2.63""]",Wh,charge_energy,high,explicit charge energy column
Oxford.zip,Oxford/OX_1-8_pouch_LCO_40C_0-100_2-1.84C_h_cycle_data.csv,OX_1-8_pouch_LCO_40C_0-100_2-1.84C_h_cycle_data.csv,schema_d2669a99bc63,Discharge_Energy (Wh),discharge_energy_wh,12,float64,50,0,"[""2.718"", ""2.69"", ""2.665"", ""2.65"", ""2.639""]",Wh,discharge_energy,high,explicit discharge energy column
SNL LFP.zip,SNL LFP/SNL_18650_LFP_15C_0-100_0.5-1C_a_cycle_data.csv,SNL_18650_LFP_15C_0-100_0.5-1C_a_cycle_data.csv,schema_d2669a99bc63,Cycle_Index,cycle_index,1,float64,50,0,"[""1.0"", ""2.0"", ""3.0"", ""4.0"", ""5.0""]",unknown,cycle_index,high,explicit cycle index/name
SNL LFP.zip,SNL LFP/SNL_18650_LFP_15C_0-100_0.5-1C_a_cycle_data.csv,SNL_18650_LFP_15C_0-100_0.5-1C_a_cycle_data.csv,schema_d2669a99bc63,Start_Time,start_time,2,str,50,0,"[""2018-02-01 10:02:10.002962"", ""2018-02-01 14:22:45.342898"", ""2018-02-01 18:40:11.813887"", ""2018-02-01 22:57:06.174411"", ""2018-02-02 05:28:31.613008""]",unknown,date_or_timestamp,high,explicit date/time column
SNL LFP.zip,SNL LFP/SNL_18650_LFP_15C_0-100_0.5-1C_a_cycle_data.csv,SNL_18650_LFP_15C_0-100_0.5-1C_a_cycle_data.csv,schema_d2669a99bc63,End_Time,end_time,3,str,50,0,"[""2018-02-01 14:22:45.311114"", ""2018-02-01 18:40:11.752185"", ""2018-02-01 22:57:06.174243"", ""2018-02-02 05:26:31.589611"", ""2018-02-02 08:34:59.918204""]",unknown,date_or_timestamp,high,explicit date/time column
SNL LFP.zip,SNL LFP/SNL_18650_LFP_15C_0-100_0.5-1C_a_cycle_data.csv,SNL_18650_LFP_15C_0-100_0.5-1C_a_cycle_data.csv,schema_d2669a99bc63,Test_Time (s),test_time_s,4,float64,50,0,"[""15645.311"", ""31091.752"", ""46506.174"", ""69871.589"", ""81179.918""]",s,elapsed_time,high,explicit elapsed/test time column
SNL LFP.zip,SNL LFP/SNL_18650_LFP_15C_0-100_0.5-1C_a_cycle_data.csv,SNL_18650_LFP_15C_0-100_0.5-1C_a_cycle_data.csv,schema_d2669a99bc63,Min_Current (A),min_current_a,5,float64,50,0,"[""-0.55"", ""-1.1""]",A,unknown,none,"observed electrical measurement, not a requested mapping target"
SNL LFP.zip,SNL LFP/SNL_18650_LFP_15C_0-100_0.5-1C_a_cycle_data.csv,SNL_18650_LFP_15C_0-100_0.5-1C_a_cycle_data.csv,schema_d2669a99bc63,Max_Current (A),max_current_a,6,float64,50,0,"[""0.55""]",A,unknown,none,"observed electrical measurement, not a requested mapping target"
SNL LFP.zip,SNL LFP/SNL_18650_LFP_15C_0-100_0.5-1C_a_cycle_data.csv,SNL_18650_LFP_15C_0-100_0.5-1C_a_cycle_data.csv,schema_d2669a99bc63,Min_Voltage (V),min_voltage_v,7,float64,50,0,"[""1.998"", ""1.995"", ""1.997"", ""1.993"", ""1.996""]",V,unknown,none,"observed electrical measurement, not a requested mapping target"
SNL LFP.zip,SNL LFP/SNL_18650_LFP_15C_0-100_0.5-1C_a_cycle_data.csv,SNL_18650_LFP_15C_0-100_0.5-1C_a_cycle_data.csv,schema_d2669a99bc63,Max_Voltage (V),max_voltage_v,8,float64,50,0,"[""3.6""]",V,unknown,none,"observed electrical measurement, not a requested mapping target"
SNL LFP.zip,SNL LFP/SNL_18650_LFP_15C_0-100_0.5-1C_a_cycle_data.csv,SNL_18650_LFP_15C_0-100_0.5-1C_a_cycle_data.csv,schema_d2669a99bc63,Charge_Capacity (Ah),charge_capacity_ah,9,float64,50,0,"[""1.019"", ""1.037"", ""2.075"", ""1.036""]",Ah,charge_capacity,high,explicit charge capacity column
SNL LFP.zip,SNL LFP/SNL_18650_LFP_15C_0-100_0.5-1C_a_cycle_data.csv,SNL_18650_LFP_15C_0-100_0.5-1C_a_cycle_data.csv,schema_d2669a99bc63,Discharge_Capacity (Ah),discharge_capacity_ah,10,float64,50,0,"[""1.03"", ""1.032"", ""1.033"", ""2.065""]",Ah,discharge_capacity,high,explicit discharge capacity column
SNL LFP.zip,SNL LFP/SNL_18650_LFP_15C_0-100_0.5-1C_a_cycle_data.csv,SNL_18650_LFP_15C_0-100_0.5-1C_a_cycle_data.csv,schema_d2669a99bc63,Charge_Energy (Wh),charge_energy_wh,11,float64,50,0,"[""3.467"", ""3.509"", ""3.51"", ""7.016"", ""3.502""]",Wh,charge_energy,high,explicit charge energy column
SNL LFP.zip,SNL LFP/SNL_18650_LFP_15C_0-100_0.5-1C_a_cycle_data.csv,SNL_18650_LFP_15C_0-100_0.5-1C_a_cycle_data.csv,schema_d2669a99bc63,Discharge_Energy (Wh),discharge_energy_wh,12,float64,50,0,"[""3.274"", ""3.281"", ""3.284"", ""6.418"", ""3.21""]",Wh,discharge_energy,high,explicit discharge energy column
SNL LFP.zip,SNL LFP/SNL_18650_LFP_15C_0-100_0.5-1C_b_cycle_data.csv,SNL_18650_LFP_15C_0-100_0.5-1C_b_cycle_data.csv,schema_d2669a99bc63,Cycle_Index,cycle_index,1,float64,50,0,"[""1.0"", ""2.0"", ""3.0"", ""4.0"", ""5.0""]",unknown,cycle_index,high,explicit cycle index/name
SNL LFP.zip,SNL LFP/SNL_18650_LFP_15C_0-100_0.5-1C_b_cycle_data.csv,SNL_18650_LFP_15C_0-100_0.5-1C_b_cycle_data.csv,schema_d2669a99bc63,Start_Time,start_time,2,str,50,0,"[""2018-02-01 10:02:26.010889"", ""2018-02-01 14:27:38.309672"", ""2018-02-01 18:49:48.292296"", ""2018-02-01 23:11:09.474306"", ""2018-02-02 05:49:36.146844""]",unknown,date_or_timestamp,high,explicit date/time column
SNL LFP.zip,SNL LFP/SNL_18650_LFP_15C_0-100_0.5-1C_b_cycle_data.csv,SNL_18650_LFP_15C_0-100_0.5-1C_b_cycle_data.csv,schema_d2669a99bc63,End_Time,end_time,3,str,50,0,"[""2018-02-01 14:27:38.246865"", ""2018-02-01 18:49:48.197842"", ""2018-02-01 23:11:09.474178"", ""2018-02-02 05:47:36.104946"", ""2018-02-02 08:59:05.187974""]",unknown,date_or_timestamp,high,explicit date/time column
SNL LFP.zip,SNL LFP/SNL_18650_LFP_15C_0-100_0.5-1C_b_cycle_data.csv,SNL_18650_LFP_15C_0-100_0.5-1C_b_cycle_data.csv,schema_d2669a99bc63,Test_Time (s),test_time_s,4,float64,50,0,"[""15922.246"", ""31652.197"", ""47333.474"", ""71120.104"", ""82609.187""]",s,elapsed_time,high,explicit elapsed/test time column
SNL LFP.zip,SNL LFP/SNL_18650_LFP_15C_0-100_0.5-1C_b_cycle_data.csv,SNL_18650_LFP_15C_0-100_0.5-1C_b_cycle_data.csv,schema_d2669a99bc63,Min_Current (A),min_current_a,5,float64,50,0,"[""-0.549"", ""-1.099"", ""-1.1""]",A,unknown,none,"observed electrical measurement, not a requested mapping target"
SNL LFP.zip,SNL LFP/SNL_18650_LFP_15C_0-100_0.5-1C_b_cycle_data.csv,SNL_18650_LFP_15C_0-100_0.5-1C_b_cycle_data.csv,schema_d2669a99bc63,Max_Current (A),max_current_a,6,float64,50,0,"[""0.55""]",A,unknown,none,"observed electrical measurement, not a requested mapping target"
SNL LFP.zip,SNL LFP/SNL_18650_LFP_15C_0-100_0.5-1C_b_cycle_data.csv,SNL_18650_LFP_15C_0-100_0.5-1C_b_cycle_data.csv,schema_d2669a99bc63,Min_Voltage (V),min_voltage_v,7,float64,50,0,"[""1.997"", ""1.999"", ""1.995"", ""1.994"", ""1.996""]",V,unknown,none,"observed electrical measurement, not a requested mapping target"
SNL LFP.zip,SNL LFP/SNL_18650_LFP_15C_0-100_0.5-1C_b_cycle_data.csv,SNL_18650_LFP_15C_0-100_0.5-1C_b_cycle_data.csv,schema_d2669a99bc63,Max_Voltage (V),max_voltage_v,8,float64,50,0,"[""3.6""]",V,unknown,none,"observed electrical measurement, not a requested mapping target"
SNL LFP.zip,SNL LFP/SNL_18650_LFP_15C_0-100_0.5-1C_b_cycle_data.csv,SNL_18650_LFP_15C_0-100_0.5-1C_b_cycle_data.csv,schema_d2669a99bc63,Charge_Capacity (Ah),charge_capacity_ah,9,float64,50,0,"[""1.024"", ""1.042"", ""2.084"", ""1.041""]",Ah,charge_capacity,high,explicit charge capacity column
SNL LFP.zip,SNL LFP/SNL_18650_LFP_15C_0-100_0.5-1C_b_cycle_data.csv,SNL_18650_LFP_15C_0-100_0.5-1C_b_cycle_data.csv,schema_d2669a99bc63,Discharge_Capacity (Ah),discharge_capacity_ah,10,float64,50,0,"[""1.04"", ""1.043"", ""1.044"", ""2.083"", ""1.042""]",Ah,discharge_capacity,high,explicit discharge capacity column
SNL LFP.zip,SNL LFP/SNL_18650_LFP_15C_0-100_0.5-1C_b_cycle_data.csv,SNL_18650_LFP_15C_0-100_0.5-1C_b_cycle_data.csv,schema_d2669a99bc63,Charge_Energy (Wh),charge_energy_wh,11,float64,50,0,"[""3.482"", ""3.522"", ""3.523"", ""7.042"", ""3.514""]",Wh,charge_energy,high,explicit charge energy column
SNL LFP.zip,SNL LFP/SNL_18650_LFP_15C_0-100_0.5-1C_b_cycle_data.csv,SNL_18650_LFP_15C_0-100_0.5-1C_b_cycle_data.csv,schema_d2669a99bc63,Discharge_Energy (Wh),discharge_energy_wh,12,float64,50,0,"[""3.308"", ""3.319"", ""3.322"", ""6.486"", ""3.245""]",Wh,discharge_energy,high,explicit discharge energy column
SNL LFP.zip,SNL LFP/SNL_18650_LFP_15C_0-100_0.5-2C_a_cycle_data.csv,SNL_18650_LFP_15C_0-100_0.5-2C_a_cycle_data.csv,schema_d2669a99bc63,Cycle_Index,cycle_index,1,float64,50,0,"[""1.0"", ""2.0"", ""3.0"", ""4.0"", ""5.0""]",unknown,cycle_index,high,explicit cycle index/name
SNL LFP.zip,SNL LFP/SNL_18650_LFP_15C_0-100_0.5-2C_a_cycle_data.csv,SNL_18650_LFP_15C_0-100_0.5-2C_a_cycle_data.csv,schema_d2669a99bc63,Start_Time,start_time,2,str,50,0,"[""2018-02-01 10:08:24.013219"", ""2018-02-01 14:30:20.490517"", ""2018-02-01 18:49:23.899886"", ""2018-02-01 23:07:53.951609"", ""2018-02-02 04:44:54.944864""]",unknown,date_or_timestamp,high,explicit date/time column
SNL LFP.zip,SNL LFP/SNL_18650_LFP_15C_0-100_0.5-2C_a_cycle_data.csv,SNL_18650_LFP_15C_0-100_0.5-2C_a_cycle_data.csv,schema_d2669a99bc63,End_Time,end_time,3,str,50,0,"[""2018-02-01 14:30:20.334161"", ""2018-02-01 18:49:23.744311"", ""2018-02-01 23:07:53.951486"", ""2018-02-02 04:42:54.913121"", ""2018-02-02 07:23:39.944481""]",unknown,date_or_timestamp,high,explicit date/time column
SNL LFP.zip,SNL LFP/SNL_18650_LFP_15C_0-100_0.5-2C_a_cycle_data.csv,SNL_18650_LFP_15C_0-100_0.5-2C_a_cycle_data.csv,schema_d2669a99bc63,Test_Time (s),test_time_s,4,float64,50,0,"[""15726.334"", ""31269.744"", ""46779.951"", ""66880.913"", ""76525.944""]",s,elapsed_time,high,explicit elapsed/test time column
SNL LFP.zip,SNL LFP/SNL_18650_LFP_15C_0-100_0.5-2C_a_cycle_data.csv,SNL_18650_LFP_15C_0-100_0.5-2C_a_cycle_data.csv,schema_d2669a99bc63,Min_Current (A),min_current_a,5,float64,50,0,"[""-0.55"", ""-2.2""]",A,unknown,none,"observed electrical measurement, not a requested mapping target"
SNL LFP.zip,SNL LFP/SNL_18650_LFP_15C_0-100_0.5-2C_a_cycle_data.csv,SNL_18650_LFP_15C_0-100_0.5-2C_a_cycle_data.csv,schema_d2669a99bc63,Max_Current (A),max_current_a,6,float64,50,0,"[""0.55"", ""0.549""]",A,unknown,none,"observed electrical measurement, not a requested mapping target"
SNL LFP.zip,SNL LFP/SNL_18650_LFP_15C_0-100_0.5-2C_a_cycle_data.csv,SNL_18650_LFP_15C_0-100_0.5-2C_a_cycle_data.csv,schema_d2669a99bc63,Min_Voltage (V),min_voltage_v,7,float64,50,0,"[""1.997"", ""1.999"", ""1.996"", ""1.995"", ""1.998""]",V,unknown,none,"observed electrical measurement, not a requested mapping target"
SNL LFP.zip,SNL LFP/SNL_18650_LFP_15C_0-100_0.5-2C_a_cycle_data.csv,SNL_18650_LFP_15C_0-100_0.5-2C_a_cycle_data.csv,schema_d2669a99bc63,Max_Voltage (V),max_voltage_v,8,float64,50,0,"[""3.6""]",V,unknown,none,"observed electrical measurement, not a requested mapping target"
SNL LFP.zip,SNL LFP/SNL_18650_LFP_15C_0-100_0.5-2C_a_cycle_data.csv,SNL_18650_LFP_15C_0-100_0.5-2C_a_cycle_data.csv,schema_d2669a99bc63,Charge_Capacity (Ah),charge_capacity_ah,9,float64,50,0,"[""1.013"", ""1.031"", ""1.032"", ""2.062"", ""1.03""]",Ah,charge_capacity,high,explicit charge capacity column
SNL LFP.zip,SNL LFP/SNL_18650_LFP_15C_0-100_0.5-2C_a_cycle_data.csv,SNL_18650_LFP_15C_0-100_0.5-2C_a_cycle_data.csv,schema_d2669a99bc63,Discharge_Capacity (Ah),discharge_capacity_ah,10,float64,50,0,"[""1.03"", ""1.033"", ""1.035"", ""2.059"", ""1.031""]",Ah,discharge_capacity,high,explicit discharge capacity column
SNL LFP.zip,SNL LFP/SNL_18650_LFP_15C_0-100_0.5-2C_a_cycle_data.csv,SNL_18650_LFP_15C_0-100_0.5-2C_a_cycle_data.csv,schema_d2669a99bc63,Charge_Energy (Wh),charge_energy_wh,11,float64,50,0,"[""3.441"", ""3.485"", ""3.488"", ""6.966"", ""3.472""]",Wh,charge_energy,high,explicit charge energy column
SNL LFP.zip,SNL LFP/SNL_18650_LFP_15C_0-100_0.5-2C_a_cycle_data.csv,SNL_18650_LFP_15C_0-100_0.5-2C_a_cycle_data.csv,schema_d2669a99bc63,Discharge_Energy (Wh),discharge_energy_wh,12,float64,50,0,"[""3.279"", ""3.288"", ""3.292"", ""6.169"", ""3.088""]",Wh,discharge_energy,high,explicit discharge energy column
SNL LFP.zip,SNL LFP/SNL_18650_LFP_15C_0-100_0.5-2C_b_cycle_data.csv,SNL_18650_LFP_15C_0-100_0.5-2C_b_cycle_data.csv,schema_d2669a99bc63,Cycle_Index,cycle_index,1,float64,50,0,"[""1.0"", ""2.0"", ""3.0"", ""4.0"", ""5.0""]",unknown,cycle_index,high,explicit cycle index/name
SNL LFP.zip,SNL LFP/SNL_18650_LFP_15C_0-100_0.5-2C_b_cycle_data.csv,SNL_18650_LFP_15C_0-100_0.5-2C_b_cycle_data.csv,schema_d2669a99bc63,Start_Time,start_time,2,str,50,0,"[""2018-02-01 10:08:57.015293"", ""2018-02-01 14:30:16.546452"", ""2018-02-01 18:48:32.251594"", ""2018-02-01 23:06:04.526244"", ""2018-02-02 04:41:09.362186""]",unknown,date_or_timestamp,high,explicit date/time column
SNL LFP.zip,SNL LFP/SNL_18650_LFP_15C_0-100_0.5-2C_b_cycle_data.csv,SNL_18650_LFP_15C_0-100_0.5-2C_b_cycle_data.csv,schema_d2669a99bc63,End_Time,end_time,3,str,50,0,"[""2018-02-01 14:30:16.484443"", ""2018-02-01 18:48:32.219593"", ""2018-02-01 23:06:04.526119"", ""2018-02-02 04:39:09.336807"", ""2018-02-02 07:18:57.235267""]",unknown,date_or_timestamp,high,explicit date/time column
SNL LFP.zip,SNL LFP/SNL_18650_LFP_15C_0-100_0.5-2C_b_cycle_data.csv,SNL_18650_LFP_15C_0-100_0.5-2C_b_cycle_data.csv,schema_d2669a99bc63,Test_Time (s),test_time_s,4,float64,50,0,"[""15689.484"", ""31185.219"", ""46637.526"", ""66622.336"", ""76210.235""]",s,elapsed_time,high,explicit elapsed/test time column
SNL LFP.zip,SNL LFP/SNL_18650_LFP_15C_0-100_0.5-2C_b_cycle_data.csv,SNL_18650_LFP_15C_0-100_0.5-2C_b_cycle_data.csv,schema_d2669a99bc63,Min_Current (A),min_current_a,5,float64,50,0,"[""-0.55"", ""-2.2""]",A,unknown,none,"observed electrical measurement, not a requested mapping target"
SNL LFP.zip,SNL LFP/SNL_18650_LFP_15C_0-100_0.5-2C_b_cycle_data.csv,SNL_18650_LFP_15C_0-100_0.5-2C_b_cycle_data.csv,schema_d2669a99bc63,Max_Current (A),max_current_a,6,float64,50,0,"[""0.549"", ""0.55""]",A,unknown,none,"observed electrical measurement, not a requested mapping target"
SNL LFP.zip,SNL LFP/SNL_18650_LFP_15C_0-100_0.5-2C_b_cycle_data.csv,SNL_18650_LFP_15C_0-100_0.5-2C_b_cycle_data.csv,schema_d2669a99bc63,Min_Voltage (V),min_voltage_v,7,float64,50,0,"[""1.996"", ""1.997"", ""1.998"", ""1.995"", ""1.994""]",V,unknown,none,"observed electrical measurement, not a requested mapping target"
SNL LFP.zip,SNL LFP/SNL_18650_LFP_15C_0-100_0.5-2C_b_cycle_data.csv,SNL_18650_LFP_15C_0-100_0.5-2C_b_cycle_data.csv,schema_d2669a99bc63,Max_Voltage (V),max_voltage_v,8,float64,50,0,"[""3.6""]",V,unknown,none,"observed electrical measurement, not a requested mapping target"
SNL LFP.zip,SNL LFP/SNL_18650_LFP_15C_0-100_0.5-2C_b_cycle_data.csv,SNL_18650_LFP_15C_0-100_0.5-2C_b_cycle_data.csv,schema_d2669a99bc63,Charge_Capacity (Ah),charge_capacity_ah,9,float64,50,0,"[""1.012"", ""1.031"", ""2.059"", ""1.027"", ""1.026""]",Ah,charge_capacity,high,explicit charge capacity column
SNL LFP.zip,SNL LFP/SNL_18650_LFP_15C_0-100_0.5-2C_b_cycle_data.csv,SNL_18650_LFP_15C_0-100_0.5-2C_b_cycle_data.csv,schema_d2669a99bc63,Discharge_Capacity (Ah),discharge_capacity_ah,10,float64,50,0,"[""1.029"", ""1.032"", ""1.033"", ""2.055"", ""1.028""]",Ah,discharge_capacity,high,explicit discharge capacity column
SNL LFP.zip,SNL LFP/SNL_18650_LFP_15C_0-100_0.5-2C_b_cycle_data.csv,SNL_18650_LFP_15C_0-100_0.5-2C_b_cycle_data.csv,schema_d2669a99bc63,Charge_Energy (Wh),charge_energy_wh,11,float64,50,0,"[""3.44"", ""3.484"", ""3.485"", ""6.957"", ""3.466""]",Wh,charge_energy,high,explicit charge energy column
SNL LFP.zip,SNL LFP/SNL_18650_LFP_15C_0-100_0.5-2C_b_cycle_data.csv,SNL_18650_LFP_15C_0-100_0.5-2C_b_cycle_data.csv,schema_d2669a99bc63,Discharge_Energy (Wh),discharge_energy_wh,12,float64,50,0,"[""3.273"", ""3.282"", ""3.287"", ""6.147"", ""3.075""]",Wh,discharge_energy,high,explicit discharge energy column
SNL LFP.zip,SNL LFP/SNL_18650_LFP_25C_0-100_0.5-0.5C_a_cycle_data.csv,SNL_18650_LFP_25C_0-100_0.5-0.5C_a_cycle_data.csv,schema_d2669a99bc63,Cycle_Index,cycle_index,1,float64,50,0,"[""1.0"", ""2.0"", ""3.0"", ""4.0"", ""5.0""]",unknown,cycle_index,high,explicit cycle index/name
SNL LFP.zip,SNL LFP/SNL_18650_LFP_25C_0-100_0.5-0.5C_a_cycle_data.csv,SNL_18650_LFP_25C_0-100_0.5-0.5C_a_cycle_data.csv,schema_d2669a99bc63,Start_Time,start_time,2,str,50,0,"[""2017-08-07 08:53:16.006963"", ""2017-08-07 13:18:56.128497"", ""2017-08-07 17:43:13.722274"", ""2017-08-07 22:06:54.642112"", ""2017-08-08 06:45:41.697825""]",unknown,date_or_timestamp,high,explicit date/time column
SNL LFP.zip,SNL LFP/SNL_18650_LFP_25C_0-100_0.5-0.5C_a_cycle_data.csv,SNL_18650_LFP_25C_0-100_0.5-0.5C_a_cycle_data.csv,schema_d2669a99bc63,End_Time,end_time,3,str,50,0,"[""2017-08-07 13:18:56.019464"", ""2017-08-07 17:43:13.674372"", ""2017-08-07 22:06:54.627952"", ""2017-08-08 06:43:41.658825"", ""2017-08-08 10:56:29.757984""]",unknown,date_or_timestamp,high,explicit date/time column
SNL LFP.zip,SNL LFP/SNL_18650_LFP_25C_0-100_0.5-0.5C_a_cycle_data.csv,SNL_18650_LFP_25C_0-100_0.5-0.5C_a_cycle_data.csv,schema_d2669a99bc63,Test_Time (s),test_time_s,4,float64,50,0,"[""15950.019"", ""31807.674"", ""47628.627"", ""78635.658"", ""93803.757""]",s,elapsed_time,high,explicit elapsed/test time column
SNL LFP.zip,SNL LFP/SNL_18650_LFP_25C_0-100_0.5-0.5C_a_cycle_data.csv,SNL_18650_LFP_25C_0-100_0.5-0.5C_a_cycle_data.csv,schema_d2669a99bc63,Min_Current (A),min_current_a,5,float64,50,0,"[""-0.55""]",A,unknown,none,"observed electrical measurement, not a requested mapping target"
SNL LFP.zip,SNL LFP/SNL_18650_LFP_25C_0-100_0.5-0.5C_a_cycle_data.csv,SNL_18650_LFP_25C_0-100_0.5-0.5C_a_cycle_data.csv,schema_d2669a99bc63,Max_Current (A),max_current_a,6,float64,50,0,"[""0.549"", ""0.548""]",A,unknown,none,"observed electrical measurement, not a requested mapping target"
SNL LFP.zip,SNL LFP/SNL_18650_LFP_25C_0-100_0.5-0.5C_a_cycle_data.csv,SNL_18650_LFP_25C_0-100_0.5-0.5C_a_cycle_data.csv,schema_d2669a99bc63,Min_Voltage (V),min_voltage_v,7,float64,50,0,"[""1.999"", ""1.998"", ""1.995"", ""1.997"", ""1.996""]",V,unknown,none,"observed electrical measurement, not a requested mapping target"
SNL LFP.zip,SNL LFP/SNL_18650_LFP_25C_0-100_0.5-0.5C_a_cycle_data.csv,SNL_18650_LFP_25C_0-100_0.5-0.5C_a_cycle_data.csv,schema_d2669a99bc63,Max_Voltage (V),max_voltage_v,8,float64,50,0,"[""3.6""]",V,unknown,none,"observed electrical measurement, not a requested mapping target"
SNL LFP.zip,SNL LFP/SNL_18650_LFP_25C_0-100_0.5-0.5C_a_cycle_data.csv,SNL_18650_LFP_25C_0-100_0.5-0.5C_a_cycle_data.csv,schema_d2669a99bc63,Charge_Capacity (Ah),charge_capacity_ah,9,float64,50,0,"[""1.046"", ""1.069"", ""2.137"", ""1.068"", ""1.067""]",Ah,charge_capacity,high,explicit charge capacity column
SNL LFP.zip,SNL LFP/SNL_18650_LFP_25C_0-100_0.5-0.5C_a_cycle_data.csv,SNL_18650_LFP_25C_0-100_0.5-0.5C_a_cycle_data.csv,schema_d2669a99bc63,Discharge_Capacity (Ah),discharge_capacity_ah,10,float64,50,0,"[""1.067"", ""1.069"", ""1.07"", ""2.141"", ""1.068""]",Ah,discharge_capacity,high,explicit discharge capacity column
SNL LFP.zip,SNL LFP/SNL_18650_LFP_25C_0-100_0.5-0.5C_a_cycle_data.csv,SNL_18650_LFP_25C_0-100_0.5-0.5C_a_cycle_data.csv,schema_d2669a99bc63,Charge_Energy (Wh),charge_energy_wh,11,float64,50,0,"[""3.523"", ""3.582"", ""3.58"", ""7.158"", ""3.576""]",Wh,charge_energy,high,explicit charge energy column
SNL LFP.zip,SNL LFP/SNL_18650_LFP_25C_0-100_0.5-0.5C_a_cycle_data.csv,SNL_18650_LFP_25C_0-100_0.5-0.5C_a_cycle_data.csv,schema_d2669a99bc63,Discharge_Energy (Wh),discharge_energy_wh,12,float64,50,0,"[""3.439"", ""3.446"", ""3.448"", ""6.899"", ""3.449""]",Wh,discharge_energy,high,explicit discharge energy column
SNL LFP.zip,SNL LFP/SNL_18650_LFP_25C_0-100_0.5-1C_a_cycle_data.csv,SNL_18650_LFP_25C_0-100_0.5-1C_a_cycle_data.csv,schema_d2669a99bc63,Cycle_Index,cycle_index,1,float64,50,0,"[""1.0"", ""2.0"", ""3.0"", ""4.0"", ""5.0""]",unknown,cycle_index,high,explicit cycle index/name
SNL LFP.zip,SNL LFP/SNL_18650_LFP_25C_0-100_0.5-1C_a_cycle_data.csv,SNL_18650_LFP_25C_0-100_0.5-1C_a_cycle_data.csv,schema_d2669a99bc63,Start_Time,start_time,2,str,50,0,"[""2018-02-05 15:13:54.030937"", ""2018-02-05 19:30:52.382522"", ""2018-02-05 23:46:08.516516"", ""2018-02-06 04:01:17.430103"", ""2018-02-06 10:28:42.007075""]",unknown,date_or_timestamp,high,explicit date/time column
SNL LFP.zip,SNL LFP/SNL_18650_LFP_25C_0-100_0.5-1C_a_cycle_data.csv,SNL_18650_LFP_25C_0-100_0.5-1C_a_cycle_data.csv,schema_d2669a99bc63,End_Time,end_time,3,str,50,0,"[""2018-02-05 19:30:52.351535"", ""2018-02-05 23:46:08.453951"", ""2018-02-06 04:01:17.429993"", ""2018-02-06 10:26:41.951304"", ""2018-02-06 13:33:06.501640""]",unknown,date_or_timestamp,high,explicit date/time column
SNL LFP.zip,SNL LFP/SNL_18650_LFP_25C_0-100_0.5-1C_a_cycle_data.csv,SNL_18650_LFP_25C_0-100_0.5-1C_a_cycle_data.csv,schema_d2669a99bc63,Test_Time (s),test_time_s,4,float64,50,0,"[""15428.351"", ""30744.453"", ""46053.429"", ""69177.951"", ""80362.501""]",s,elapsed_time,high,explicit elapsed/test time column
SNL LFP.zip,SNL LFP/SNL_18650_LFP_25C_0-100_0.5-1C_a_cycle_data.csv,SNL_18650_LFP_25C_0-100_0.5-1C_a_cycle_data.csv,schema_d2669a99bc63,Min_Current (A),min_current_a,5,float64,50,0,"[""-0.55"", ""-1.1""]",A,unknown,none,"observed electrical measurement, not a requested mapping target"
SNL LFP.zip,SNL LFP/SNL_18650_LFP_25C_0-100_0.5-1C_a_cycle_data.csv,SNL_18650_LFP_25C_0-100_0.5-1C_a_cycle_data.csv,schema_d2669a99bc63,Max_Current (A),max_current_a,6,float64,50,0,"[""0.549""]",A,unknown,none,"observed electrical measurement, not a requested mapping target"
SNL LFP.zip,SNL LFP/SNL_18650_LFP_25C_0-100_0.5-1C_a_cycle_data.csv,SNL_18650_LFP_25C_0-100_0.5-1C_a_cycle_data.csv,schema_d2669a99bc63,Min_Voltage (V),min_voltage_v,7,float64,50,0,"[""1.997"", ""1.999"", ""1.996"", ""1.994"", ""1.99""]",V,unknown,none,"observed electrical measurement, not a requested mapping target"
SNL LFP.zip,SNL LFP/SNL_18650_LFP_25C_0-100_0.5-1C_a_cycle_data.csv,SNL_18650_LFP_25C_0-100_0.5-1C_a_cycle_data.csv,schema_d2669a99bc63,Max_Voltage (V),max_voltage_v,8,float64,50,0,"[""3.6""]",V,unknown,none,"observed electrical measurement, not a requested mapping target"
SNL LFP.zip,SNL LFP/SNL_18650_LFP_25C_0-100_0.5-1C_a_cycle_data.csv,SNL_18650_LFP_25C_0-100_0.5-1C_a_cycle_data.csv,schema_d2669a99bc63,Charge_Capacity (Ah),charge_capacity_ah,9,float64,50,0,"[""1.022"", ""1.032"", ""2.063"", ""1.031"", ""1.03""]",Ah,charge_capacity,high,explicit charge capacity column
SNL LFP.zip,SNL LFP/SNL_18650_LFP_25C_0-100_0.5-1C_a_cycle_data.csv,SNL_18650_LFP_25C_0-100_0.5-1C_a_cycle_data.csv,schema_d2669a99bc63,Discharge_Capacity (Ah),discharge_capacity_ah,10,float64,50,0,"[""1.032"", ""1.034"", ""1.035"", ""2.064"", ""1.031""]",Ah,discharge_capacity,high,explicit discharge capacity column
SNL LFP.zip,SNL LFP/SNL_18650_LFP_25C_0-100_0.5-1C_a_cycle_data.csv,SNL_18650_LFP_25C_0-100_0.5-1C_a_cycle_data.csv,schema_d2669a99bc63,Charge_Energy (Wh),charge_energy_wh,11,float64,50,0,"[""3.433"", ""3.456"", ""3.457"", ""6.907"", ""3.445""]",Wh,charge_energy,high,explicit charge energy column
SNL LFP.zip,SNL LFP/SNL_18650_LFP_25C_0-100_0.5-1C_a_cycle_data.csv,SNL_18650_LFP_25C_0-100_0.5-1C_a_cycle_data.csv,schema_d2669a99bc63,Discharge_Energy (Wh),discharge_energy_wh,12,float64,50,0,"[""3.322"", ""3.329"", ""3.332"", ""6.566"", ""3.284""]",Wh,discharge_energy,high,explicit discharge energy column
SNL LFP.zip,SNL LFP/SNL_18650_LFP_25C_0-100_0.5-1C_b_cycle_data.csv,SNL_18650_LFP_25C_0-100_0.5-1C_b_cycle_data.csv,schema_d2669a99bc63,Cycle_Index,cycle_index,1,float64,50,0,"[""1.0"", ""2.0"", ""3.0"", ""4.0"", ""5.0""]",unknown,cycle_index,high,explicit cycle index/name
SNL LFP.zip,SNL LFP/SNL_18650_LFP_25C_0-100_0.5-1C_b_cycle_data.csv,SNL_18650_LFP_25C_0-100_0.5-1C_b_cycle_data.csv,schema_d2669a99bc63,Start_Time,start_time,2,str,50,0,"[""2018-02-05 15:14:17.006911"", ""2018-02-05 19:33:25.196791"", ""2018-02-05 23:50:28.625521"", ""2018-02-06 04:07:18.593532"", ""2018-02-06 10:37:43.518888""]",unknown,date_or_timestamp,high,explicit date/time column
SNL LFP.zip,SNL LFP/SNL_18650_LFP_25C_0-100_0.5-1C_b_cycle_data.csv,SNL_18650_LFP_25C_0-100_0.5-1C_b_cycle_data.csv,schema_d2669a99bc63,End_Time,end_time,3,str,50,0,"[""2018-02-05 19:33:25.071769"", ""2018-02-05 23:50:28.594134"", ""2018-02-06 04:07:18.593423"", ""2018-02-06 10:35:43.482665"", ""2018-02-06 13:43:38.153158""]",unknown,date_or_timestamp,high,explicit date/time column
SNL LFP.zip,SNL LFP/SNL_18650_LFP_25C_0-100_0.5-1C_b_cycle_data.csv,SNL_18650_LFP_25C_0-100_0.5-1C_b_cycle_data.csv,schema_d2669a99bc63,Test_Time (s),test_time_s,4,float64,50,0,"[""15558.071"", ""30981.594"", ""46391.593"", ""69696.482"", ""80971.153""]",s,elapsed_time,high,explicit elapsed/test time column
SNL LFP.zip,SNL LFP/SNL_18650_LFP_25C_0-100_0.5-1C_b_cycle_data.csv,SNL_18650_LFP_25C_0-100_0.5-1C_b_cycle_data.csv,schema_d2669a99bc63,Min_Current (A),min_current_a,5,float64,50,0,"[""-0.55"", ""-1.1""]",A,unknown,none,"observed electrical measurement, not a requested mapping target"
SNL LFP.zip,SNL LFP/SNL_18650_LFP_25C_0-100_0.5-1C_b_cycle_data.csv,SNL_18650_LFP_25C_0-100_0.5-1C_b_cycle_data.csv,schema_d2669a99bc63,Max_Current (A),max_current_a,6,float64,50,0,"[""0.55""]",A,unknown,none,"observed electrical measurement, not a requested mapping target"
SNL LFP.zip,SNL LFP/SNL_18650_LFP_25C_0-100_0.5-1C_b_cycle_data.csv,SNL_18650_LFP_25C_0-100_0.5-1C_b_cycle_data.csv,schema_d2669a99bc63,Min_Voltage (V),min_voltage_v,7,float64,50,0,"[""1.998"", ""1.999"", ""1.986"", ""1.994"", ""1.992""]",V,unknown,none,"observed electrical measurement, not a requested mapping target"
SNL LFP.zip,SNL LFP/SNL_18650_LFP_25C_0-100_0.5-1C_b_cycle_data.csv,SNL_18650_LFP_25C_0-100_0.5-1C_b_cycle_data.csv,schema_d2669a99bc63,Max_Voltage (V),max_voltage_v,8,float64,50,0,"[""3.6""]",V,unknown,none,"observed electrical measurement, not a requested mapping target"
SNL LFP.zip,SNL LFP/SNL_18650_LFP_25C_0-100_0.5-1C_b_cycle_data.csv,SNL_18650_LFP_25C_0-100_0.5-1C_b_cycle_data.csv,schema_d2669a99bc63,Charge_Capacity (Ah),charge_capacity_ah,9,float64,50,0,"[""1.03"", ""1.04"", ""1.041"", ""2.081"", ""1.039""]",Ah,charge_capacity,high,explicit charge capacity column
SNL LFP.zip,SNL LFP/SNL_18650_LFP_25C_0-100_0.5-1C_b_cycle_data.csv,SNL_18650_LFP_25C_0-100_0.5-1C_b_cycle_data.csv,schema_d2669a99bc63,Discharge_Capacity (Ah),discharge_capacity_ah,10,float64,50,0,"[""1.035"", ""1.038"", ""1.039"", ""2.073"", ""1.037""]",Ah,discharge_capacity,high,explicit discharge capacity column
SNL LFP.zip,SNL LFP/SNL_18650_LFP_25C_0-100_0.5-1C_b_cycle_data.csv,SNL_18650_LFP_25C_0-100_0.5-1C_b_cycle_data.csv,schema_d2669a99bc63,Charge_Energy (Wh),charge_energy_wh,11,float64,50,0,"[""3.464"", ""3.486"", ""3.488"", ""6.969"", ""3.477""]",Wh,charge_energy,high,explicit charge energy column
SNL LFP.zip,SNL LFP/SNL_18650_LFP_25C_0-100_0.5-1C_b_cycle_data.csv,SNL_18650_LFP_25C_0-100_0.5-1C_b_cycle_data.csv,schema_d2669a99bc63,Discharge_Energy (Wh),discharge_energy_wh,12,float64,50,0,"[""3.331"", ""3.338"", ""3.342"", ""6.591"", ""3.297""]",Wh,discharge_energy,high,explicit discharge energy column
SNL LFP.zip,SNL LFP/SNL_18650_LFP_25C_0-100_0.5-1C_c_cycle_data.csv,SNL_18650_LFP_25C_0-100_0.5-1C_c_cycle_data.csv,schema_d2669a99bc63,Cycle_Index,cycle_index,1,float64,50,0,"[""1.0"", ""2.0"", ""3.0"", ""4.0"", ""5.0""]",unknown,cycle_index,high,explicit cycle index/name
SNL LFP.zip,SNL LFP/SNL_18650_LFP_25C_0-100_0.5-1C_c_cycle_data.csv,SNL_18650_LFP_25C_0-100_0.5-1C_c_cycle_data.csv,schema_d2669a99bc63,Start_Time,start_time,2,str,50,0,"[""2018-05-11 12:47:40.015968"", ""2018-05-11 17:08:24.662416"", ""2018-05-11 21:27:07.556112"", ""2018-05-12 01:45:46.762284"", ""2018-05-12 08:18:34.238212""]",unknown,date_or_timestamp,high,explicit date/time column
SNL LFP.zip,SNL LFP/SNL_18650_LFP_25C_0-100_0.5-1C_c_cycle_data.csv,SNL_18650_LFP_25C_0-100_0.5-1C_c_cycle_data.csv,schema_d2669a99bc63,End_Time,end_time,3,str,50,0,"[""2018-05-11 17:08:24.600609"", ""2018-05-11 21:27:07.494667"", ""2018-05-12 01:45:46.762178"", ""2018-05-12 08:16:34.210555"", ""2018-05-12 11:25:39.619673""]",unknown,date_or_timestamp,high,explicit date/time column
SNL LFP.zip,SNL LFP/SNL_18650_LFP_25C_0-100_0.5-1C_c_cycle_data.csv,SNL_18650_LFP_25C_0-100_0.5-1C_c_cycle_data.csv,schema_d2669a99bc63,Test_Time (s),test_time_s,4,float64,50,0,"[""15654.6"", ""31177.494"", ""46696.762"", ""70144.21"", ""81489.619""]",s,elapsed_time,high,explicit elapsed/test time column
SNL LFP.zip,SNL LFP/SNL_18650_LFP_25C_0-100_0.5-1C_c_cycle_data.csv,SNL_18650_LFP_25C_0-100_0.5-1C_c_cycle_data.csv,schema_d2669a99bc63,Min_Current (A),min_current_a,5,float64,50,0,"[""-0.55"", ""-1.1""]",A,unknown,none,"observed electrical measurement, not a requested mapping target"
SNL LFP.zip,SNL LFP/SNL_18650_LFP_25C_0-100_0.5-1C_c_cycle_data.csv,SNL_18650_LFP_25C_0-100_0.5-1C_c_cycle_data.csv,schema_d2669a99bc63,Max_Current (A),max_current_a,6,float64,50,0,"[""0.55"", ""0.549""]",A,unknown,none,"observed electrical measurement, not a requested mapping target"
SNL LFP.zip,SNL LFP/SNL_18650_LFP_25C_0-100_0.5-1C_c_cycle_data.csv,SNL_18650_LFP_25C_0-100_0.5-1C_c_cycle_data.csv,schema_d2669a99bc63,Min_Voltage (V),min_voltage_v,7,float64,50,0,"[""1.999"", ""1.997"", ""1.998"", ""1.993"", ""1.996""]",V,unknown,none,"observed electrical measurement, not a requested mapping target"
SNL LFP.zip,SNL LFP/SNL_18650_LFP_25C_0-100_0.5-1C_c_cycle_data.csv,SNL_18650_LFP_25C_0-100_0.5-1C_c_cycle_data.csv,schema_d2669a99bc63,Max_Voltage (V),max_voltage_v,8,float64,50,0,"[""3.601"", ""3.6""]",V,unknown,none,"observed electrical measurement, not a requested mapping target"
SNL LFP.zip,SNL LFP/SNL_18650_LFP_25C_0-100_0.5-1C_c_cycle_data.csv,SNL_18650_LFP_25C_0-100_0.5-1C_c_cycle_data.csv,schema_d2669a99bc63,Charge_Capacity (Ah),charge_capacity_ah,9,float64,50,0,"[""1.04"", ""1.049"", ""1.05"", ""2.099"", ""1.048""]",Ah,charge_capacity,high,explicit charge capacity column
SNL LFP.zip,SNL LFP/SNL_18650_LFP_25C_0-100_0.5-1C_c_cycle_data.csv,SNL_18650_LFP_25C_0-100_0.5-1C_c_cycle_data.csv,schema_d2669a99bc63,Discharge_Capacity (Ah),discharge_capacity_ah,10,float64,50,0,"[""1.05"", ""1.052"", ""1.053"", ""2.098"", ""1.051""]",Ah,discharge_capacity,high,explicit discharge capacity column
SNL LFP.zip,SNL LFP/SNL_18650_LFP_25C_0-100_0.5-1C_c_cycle_data.csv,SNL_18650_LFP_25C_0-100_0.5-1C_c_cycle_data.csv,schema_d2669a99bc63,Charge_Energy (Wh),charge_energy_wh,11,float64,50,0,"[""3.493"", ""3.514"", ""3.516"", ""7.028"", ""3.506""]",Wh,charge_energy,high,explicit charge energy column
SNL LFP.zip,SNL LFP/SNL_18650_LFP_25C_0-100_0.5-1C_c_cycle_data.csv,SNL_18650_LFP_25C_0-100_0.5-1C_c_cycle_data.csv,schema_d2669a99bc63,Discharge_Energy (Wh),discharge_energy_wh,12,float64,50,0,"[""3.379"", ""3.387"", ""3.391"", ""6.679"", ""3.342""]",Wh,discharge_energy,high,explicit discharge energy column
SNL LFP.zip,SNL LFP/SNL_18650_LFP_25C_0-100_0.5-1C_d_cycle_data.csv,SNL_18650_LFP_25C_0-100_0.5-1C_d_cycle_data.csv,schema_d2669a99bc63,Cycle_Index,cycle_index,1,float64,50,0,"[""1.0"", ""2.0"", ""3.0"", ""4.0"", ""5.0""]",unknown,cycle_index,high,explicit cycle index/name
SNL LFP.zip,SNL LFP/SNL_18650_LFP_25C_0-100_0.5-1C_d_cycle_data.csv,SNL_18650_LFP_25C_0-100_0.5-1C_d_cycle_data.csv,schema_d2669a99bc63,Start_Time,start_time,2,str,50,0,"[""2018-05-11 12:47:13.029021"", ""2018-05-11 17:07:58.416678"", ""2018-05-11 21:26:48.452996"", ""2018-05-12 01:45:29.961149"", ""2018-05-12 08:18:22.530598""]",unknown,date_or_timestamp,high,explicit date/time column
SNL LFP.zip,SNL LFP/SNL_18650_LFP_25C_0-100_0.5-1C_d_cycle_data.csv,SNL_18650_LFP_25C_0-100_0.5-1C_d_cycle_data.csv,schema_d2669a99bc63,End_Time,end_time,3,str,50,0,"[""2018-05-11 17:07:58.354099"", ""2018-05-11 21:26:48.390756"", ""2018-05-12 01:45:29.961040"", ""2018-05-12 08:16:22.504064"", ""2018-05-12 11:25:31.587688""]",unknown,date_or_timestamp,high,explicit date/time column
SNL LFP.zip,SNL LFP/SNL_18650_LFP_25C_0-100_0.5-1C_d_cycle_data.csv,SNL_18650_LFP_25C_0-100_0.5-1C_d_cycle_data.csv,schema_d2669a99bc63,Test_Time (s),test_time_s,4,float64,50,0,"[""15655.354"", ""31185.39"", ""46706.961"", ""70159.504"", ""81508.587""]",s,elapsed_time,high,explicit elapsed/test time column
SNL LFP.zip,SNL LFP/SNL_18650_LFP_25C_0-100_0.5-1C_d_cycle_data.csv,SNL_18650_LFP_25C_0-100_0.5-1C_d_cycle_data.csv,schema_d2669a99bc63,Min_Current (A),min_current_a,5,float64,50,0,"[""-0.55"", ""-1.1""]",A,unknown,none,"observed electrical measurement, not a requested mapping target"
SNL LFP.zip,SNL LFP/SNL_18650_LFP_25C_0-100_0.5-1C_d_cycle_data.csv,SNL_18650_LFP_25C_0-100_0.5-1C_d_cycle_data.csv,schema_d2669a99bc63,Max_Current (A),max_current_a,6,float64,50,0,"[""0.549""]",A,unknown,none,"observed electrical measurement, not a requested mapping target"
SNL LFP.zip,SNL LFP/SNL_18650_LFP_25C_0-100_0.5-1C_d_cycle_data.csv,SNL_18650_LFP_25C_0-100_0.5-1C_d_cycle_data.csv,schema_d2669a99bc63,Min_Voltage (V),min_voltage_v,7,float64,50,0,"[""1.997"", ""1.999"", ""1.993"", ""1.994"", ""1.992""]",V,unknown,none,"observed electrical measurement, not a requested mapping target"
SNL LFP.zip,SNL LFP/SNL_18650_LFP_25C_0-100_0.5-1C_d_cycle_data.csv,SNL_18650_LFP_25C_0-100_0.5-1C_d_cycle_data.csv,schema_d2669a99bc63,Max_Voltage (V),max_voltage_v,8,float64,50,0,"[""3.6""]",V,unknown,none,"observed electrical measurement, not a requested mapping target"
SNL LFP.zip,SNL LFP/SNL_18650_LFP_25C_0-100_0.5-1C_d_cycle_data.csv,SNL_18650_LFP_25C_0-100_0.5-1C_d_cycle_data.csv,schema_d2669a99bc63,Charge_Capacity (Ah),charge_capacity_ah,9,float64,50,0,"[""1.039"", ""1.048"", ""1.049"", ""2.096"", ""1.047""]",Ah,charge_capacity,high,explicit charge capacity column
SNL LFP.zip,SNL LFP/SNL_18650_LFP_25C_0-100_0.5-1C_d_cycle_data.csv,SNL_18650_LFP_25C_0-100_0.5-1C_d_cycle_data.csv,schema_d2669a99bc63,Discharge_Capacity (Ah),discharge_capacity_ah,10,float64,50,0,"[""1.049"", ""1.051"", ""1.052"", ""2.097"", ""1.05""]",Ah,discharge_capacity,high,explicit discharge capacity column
SNL LFP.zip,SNL LFP/SNL_18650_LFP_25C_0-100_0.5-1C_d_cycle_data.csv,SNL_18650_LFP_25C_0-100_0.5-1C_d_cycle_data.csv,schema_d2669a99bc63,Charge_Energy (Wh),charge_energy_wh,11,float64,50,0,"[""3.492"", ""3.512"", ""3.514"", ""7.022"", ""3.504""]",Wh,charge_energy,high,explicit charge energy column
SNL LFP.zip,SNL LFP/SNL_18650_LFP_25C_0-100_0.5-1C_d_cycle_data.csv,SNL_18650_LFP_25C_0-100_0.5-1C_d_cycle_data.csv,schema_d2669a99bc63,Discharge_Energy (Wh),discharge_energy_wh,12,float64,50,0,"[""3.376"", ""3.385"", ""3.388"", ""6.67"", ""3.338""]",Wh,discharge_energy,high,explicit discharge energy column
SNL LFP.zip,SNL LFP/SNL_18650_LFP_25C_0-100_0.5-2C_a_cycle_data.csv,SNL_18650_LFP_25C_0-100_0.5-2C_a_cycle_data.csv,schema_d2669a99bc63,Cycle_Index,cycle_index,1,float64,50,0,"[""1.0"", ""2.0"", ""3.0"", ""4.0"", ""5.0""]",unknown,cycle_index,high,explicit cycle index/name
SNL LFP.zip,SNL LFP/SNL_18650_LFP_25C_0-100_0.5-2C_a_cycle_data.csv,SNL_18650_LFP_25C_0-100_0.5-2C_a_cycle_data.csv,schema_d2669a99bc63,Start_Time,start_time,2,str,50,0,"[""2018-02-05 15:16:24.013052"", ""2018-02-05 19:35:13.811707"", ""2018-02-05 23:52:20.176338"", ""2018-02-06 04:09:17.194515"", ""2018-02-06 09:41:58.780080""]",unknown,date_or_timestamp,high,explicit date/time column
SNL LFP.zip,SNL LFP/SNL_18650_LFP_25C_0-100_0.5-2C_a_cycle_data.csv,SNL_18650_LFP_25C_0-100_0.5-2C_a_cycle_data.csv,schema_d2669a99bc63,End_Time,end_time,3,str,50,0,"[""2018-02-05 19:35:13.748855"", ""2018-02-05 23:52:20.114024"", ""2018-02-06 04:09:17.194404"", ""2018-02-06 09:39:58.724505"", ""2018-02-06 12:17:51.063804""]",unknown,date_or_timestamp,high,explicit date/time column
SNL LFP.zip,SNL LFP/SNL_18650_LFP_25C_0-100_0.5-2C_a_cycle_data.csv,SNL_18650_LFP_25C_0-100_0.5-2C_a_cycle_data.csv,schema_d2669a99bc63,Test_Time (s),test_time_s,4,float64,50,0,"[""15539.748"", ""30966.114"", ""46383.194"", ""66224.724"", ""75697.063""]",s,elapsed_time,high,explicit elapsed/test time column
SNL LFP.zip,SNL LFP/SNL_18650_LFP_25C_0-100_0.5-2C_a_cycle_data.csv,SNL_18650_LFP_25C_0-100_0.5-2C_a_cycle_data.csv,schema_d2669a99bc63,Min_Current (A),min_current_a,5,float64,50,0,"[""-0.55"", ""-2.2""]",A,unknown,none,"observed electrical measurement, not a requested mapping target"
SNL LFP.zip,SNL LFP/SNL_18650_LFP_25C_0-100_0.5-2C_a_cycle_data.csv,SNL_18650_LFP_25C_0-100_0.5-2C_a_cycle_data.csv,schema_d2669a99bc63,Max_Current (A),max_current_a,6,float64,50,0,"[""0.55"", ""0.549""]",A,unknown,none,"observed electrical measurement, not a requested mapping target"
SNL LFP.zip,SNL LFP/SNL_18650_LFP_25C_0-100_0.5-2C_a_cycle_data.csv,SNL_18650_LFP_25C_0-100_0.5-2C_a_cycle_data.csv,schema_d2669a99bc63,Min_Voltage (V),min_voltage_v,7,float64,50,0,"[""1.999"", ""1.996"", ""1.993"", ""1.99"", ""1.991""]",V,unknown,none,"observed electrical measurement, not a requested mapping target"
SNL LFP.zip,SNL LFP/SNL_18650_LFP_25C_0-100_0.5-2C_a_cycle_data.csv,SNL_18650_LFP_25C_0-100_0.5-2C_a_cycle_data.csv,schema_d2669a99bc63,Max_Voltage (V),max_voltage_v,8,float64,50,0,"[""3.6"", ""3.601""]",V,unknown,none,"observed electrical measurement, not a requested mapping target"
SNL LFP.zip,SNL LFP/SNL_18650_LFP_25C_0-100_0.5-2C_a_cycle_data.csv,SNL_18650_LFP_25C_0-100_0.5-2C_a_cycle_data.csv,schema_d2669a99bc63,Charge_Capacity (Ah),charge_capacity_ah,9,float64,50,0,"[""1.028"", ""1.038"", ""1.039"", ""2.071"", ""1.033""]",Ah,charge_capacity,high,explicit charge capacity column
SNL LFP.zip,SNL LFP/SNL_18650_LFP_25C_0-100_0.5-2C_a_cycle_data.csv,SNL_18650_LFP_25C_0-100_0.5-2C_a_cycle_data.csv,schema_d2669a99bc63,Discharge_Capacity (Ah),discharge_capacity_ah,10,float64,50,0,"[""1.036"", ""1.038"", ""1.039"", ""2.063"", ""1.032""]",Ah,discharge_capacity,high,explicit discharge capacity column
SNL LFP.zip,SNL LFP/SNL_18650_LFP_25C_0-100_0.5-2C_a_cycle_data.csv,SNL_18650_LFP_25C_0-100_0.5-2C_a_cycle_data.csv,schema_d2669a99bc63,Charge_Energy (Wh),charge_energy_wh,11,float64,50,0,"[""3.453"", ""3.475"", ""3.477"", ""6.933"", ""3.451""]",Wh,charge_energy,high,explicit charge energy column
SNL LFP.zip,SNL LFP/SNL_18650_LFP_25C_0-100_0.5-2C_a_cycle_data.csv,SNL_18650_LFP_25C_0-100_0.5-2C_a_cycle_data.csv,schema_d2669a99bc63,Discharge_Energy (Wh),discharge_energy_wh,12,float64,50,0,"[""3.338"", ""3.345"", ""3.348"", ""6.436"", ""3.22""]",Wh,discharge_energy,high,explicit discharge energy column
SNL LFP.zip,SNL LFP/SNL_18650_LFP_25C_0-100_0.5-2C_b_cycle_data.csv,SNL_18650_LFP_25C_0-100_0.5-2C_b_cycle_data.csv,schema_d2669a99bc63,Cycle_Index,cycle_index,1,float64,50,0,"[""1.0"", ""2.0"", ""3.0"", ""4.0"", ""5.0""]",unknown,cycle_index,high,explicit cycle index/name
SNL LFP.zip,SNL LFP/SNL_18650_LFP_25C_0-100_0.5-2C_b_cycle_data.csv,SNL_18650_LFP_25C_0-100_0.5-2C_b_cycle_data.csv,schema_d2669a99bc63,Start_Time,start_time,2,str,50,0,"[""2018-02-05 15:15:46.013073"", ""2018-02-05 19:33:16.323093"", ""2018-02-05 23:48:45.437208"", ""2018-02-06 04:04:11.604211"", ""2018-02-06 09:34:46.241278""]",unknown,date_or_timestamp,high,explicit date/time column
SNL LFP.zip,SNL LFP/SNL_18650_LFP_25C_0-100_0.5-2C_b_cycle_data.csv,SNL_18650_LFP_25C_0-100_0.5-2C_b_cycle_data.csv,schema_d2669a99bc63,End_Time,end_time,3,str,50,0,"[""2018-02-05 19:33:16.291503"", ""2018-02-05 23:48:45.343995"", ""2018-02-06 04:04:11.604104"", ""2018-02-06 09:32:46.185651"", ""2018-02-06 12:10:03.880356""]",unknown,date_or_timestamp,high,explicit date/time column
SNL LFP.zip,SNL LFP/SNL_18650_LFP_25C_0-100_0.5-2C_b_cycle_data.csv,SNL_18650_LFP_25C_0-100_0.5-2C_b_cycle_data.csv,schema_d2669a99bc63,Test_Time (s),test_time_s,4,float64,50,0,"[""15460.291"", ""30789.343"", ""46115.604"", ""65830.185"", ""75267.88""]",s,elapsed_time,high,explicit elapsed/test time column
SNL LFP.zip,SNL LFP/SNL_18650_LFP_25C_0-100_0.5-2C_b_cycle_data.csv,SNL_18650_LFP_25C_0-100_0.5-2C_b_cycle_data.csv,schema_d2669a99bc63,Min_Current (A),min_current_a,5,float64,50,0,"[""-0.55"", ""-2.2""]",A,unknown,none,"observed electrical measurement, not a requested mapping target"
SNL LFP.zip,SNL LFP/SNL_18650_LFP_25C_0-100_0.5-2C_b_cycle_data.csv,SNL_18650_LFP_25C_0-100_0.5-2C_b_cycle_data.csv,schema_d2669a99bc63,Max_Current (A),max_current_a,6,float64,50,0,"[""0.55"", ""0.549""]",A,unknown,none,"observed electrical measurement, not a requested mapping target"
SNL LFP.zip,SNL LFP/SNL_18650_LFP_25C_0-100_0.5-2C_b_cycle_data.csv,SNL_18650_LFP_25C_0-100_0.5-2C_b_cycle_data.csv,schema_d2669a99bc63,Min_Voltage (V),min_voltage_v,7,float64,50,0,"[""1.997"", ""1.999"", ""1.989"", ""1.996"", ""1.991""]",V,unknown,none,"observed electrical measurement, not a requested mapping target"
SNL LFP.zip,SNL LFP/SNL_18650_LFP_25C_0-100_0.5-2C_b_cycle_data.csv,SNL_18650_LFP_25C_0-100_0.5-2C_b_cycle_data.csv,schema_d2669a99bc63,Max_Voltage (V),max_voltage_v,8,float64,50,0,"[""3.6""]",V,unknown,none,"observed electrical measurement, not a requested mapping target"
SNL LFP.zip,SNL LFP/SNL_18650_LFP_25C_0-100_0.5-2C_b_cycle_data.csv,SNL_18650_LFP_25C_0-100_0.5-2C_b_cycle_data.csv,schema_d2669a99bc63,Charge_Capacity (Ah),charge_capacity_ah,9,float64,50,0,"[""1.025"", ""1.035"", ""1.036"", ""2.068"", ""1.031""]",Ah,charge_capacity,high,explicit charge capacity column
SNL LFP.zip,SNL LFP/SNL_18650_LFP_25C_0-100_0.5-2C_b_cycle_data.csv,SNL_18650_LFP_25C_0-100_0.5-2C_b_cycle_data.csv,schema_d2669a99bc63,Discharge_Capacity (Ah),discharge_capacity_ah,10,float64,50,0,"[""1.03"", ""1.033"", ""1.034"", ""2.057"", ""1.029""]",Ah,discharge_capacity,high,explicit discharge capacity column
SNL LFP.zip,SNL LFP/SNL_18650_LFP_25C_0-100_0.5-2C_b_cycle_data.csv,SNL_18650_LFP_25C_0-100_0.5-2C_b_cycle_data.csv,schema_d2669a99bc63,Charge_Energy (Wh),charge_energy_wh,11,float64,50,0,"[""3.443"", ""3.466"", ""3.468"", ""6.92"", ""3.446""]",Wh,charge_energy,high,explicit charge energy column
SNL LFP.zip,SNL LFP/SNL_18650_LFP_25C_0-100_0.5-2C_b_cycle_data.csv,SNL_18650_LFP_25C_0-100_0.5-2C_b_cycle_data.csv,schema_d2669a99bc63,Discharge_Energy (Wh),discharge_energy_wh,12,float64,50,0,"[""3.317"", ""3.325"", ""3.329"", ""6.408"", ""3.207""]",Wh,discharge_energy,high,explicit discharge energy column
SNL LFP.zip,SNL LFP/SNL_18650_LFP_25C_0-100_0.5-3C_a_cycle_data.csv,SNL_18650_LFP_25C_0-100_0.5-3C_a_cycle_data.csv,schema_d2669a99bc63,Cycle_Index,cycle_index,1,float64,50,0,"[""1.0"", ""2.0"", ""3.0"", ""4.0"", ""5.0""]",unknown,cycle_index,high,explicit cycle index/name
SNL LFP.zip,SNL LFP/SNL_18650_LFP_25C_0-100_0.5-3C_a_cycle_data.csv,SNL_18650_LFP_25C_0-100_0.5-3C_a_cycle_data.csv,schema_d2669a99bc63,Start_Time,start_time,2,str,50,0,"[""2017-08-07 08:50:25.003950"", ""2017-08-07 13:09:12.453629"", ""2017-08-07 17:26:31.108210"", ""2017-08-07 21:43:20.164163"", ""2017-08-08 02:56:54.270899""]",unknown,date_or_timestamp,high,explicit date/time column
SNL LFP.zip,SNL LFP/SNL_18650_LFP_25C_0-100_0.5-3C_a_cycle_data.csv,SNL_18650_LFP_25C_0-100_0.5-3C_a_cycle_data.csv,schema_d2669a99bc63,End_Time,end_time,3,str,50,0,"[""2017-08-07 13:09:12.391083"", ""2017-08-07 17:26:30.919899"", ""2017-08-07 21:43:20.164041"", ""2017-08-08 02:54:54.230515"", ""2017-08-08 05:23:40.309705""]",unknown,date_or_timestamp,high,explicit date/time column
SNL LFP.zip,SNL LFP/SNL_18650_LFP_25C_0-100_0.5-3C_a_cycle_data.csv,SNL_18650_LFP_25C_0-100_0.5-3C_a_cycle_data.csv,schema_d2669a99bc63,Test_Time (s),test_time_s,4,float64,50,0,"[""15537.391"", ""30975.919"", ""46385.164"", ""65079.23"", ""74005.309""]",s,elapsed_time,high,explicit elapsed/test time column
SNL LFP.zip,SNL LFP/SNL_18650_LFP_25C_0-100_0.5-3C_a_cycle_data.csv,SNL_18650_LFP_25C_0-100_0.5-3C_a_cycle_data.csv,schema_d2669a99bc63,Min_Current (A),min_current_a,5,float64,50,0,"[""-0.55"", ""-3.3""]",A,unknown,none,"observed electrical measurement, not a requested mapping target"
SNL LFP.zip,SNL LFP/SNL_18650_LFP_25C_0-100_0.5-3C_a_cycle_data.csv,SNL_18650_LFP_25C_0-100_0.5-3C_a_cycle_data.csv,schema_d2669a99bc63,Max_Current (A),max_current_a,6,float64,50,0,"[""0.549""]",A,unknown,none,"observed electrical measurement, not a requested mapping target"
SNL LFP.zip,SNL LFP/SNL_18650_LFP_25C_0-100_0.5-3C_a_cycle_data.csv,SNL_18650_LFP_25C_0-100_0.5-3C_a_cycle_data.csv,schema_d2669a99bc63,Min_Voltage (V),min_voltage_v,7,float64,50,0,"[""1.996"", ""1.999"", ""1.988"", ""1.993"", ""1.992""]",V,unknown,none,"observed electrical measurement, not a requested mapping target"
SNL LFP.zip,SNL LFP/SNL_18650_LFP_25C_0-100_0.5-3C_a_cycle_data.csv,SNL_18650_LFP_25C_0-100_0.5-3C_a_cycle_data.csv,schema_d2669a99bc63,Max_Voltage (V),max_voltage_v,8,float64,50,0,"[""3.6""]",V,unknown,none,"observed electrical measurement, not a requested mapping target"
SNL LFP.zip,SNL LFP/SNL_18650_LFP_25C_0-100_0.5-3C_a_cycle_data.csv,SNL_18650_LFP_25C_0-100_0.5-3C_a_cycle_data.csv,schema_d2669a99bc63,Charge_Capacity (Ah),charge_capacity_ah,9,float64,50,0,"[""1.019"", ""1.043"", ""2.08"", ""1.037"", ""1.036""]",Ah,charge_capacity,high,explicit charge capacity column
SNL LFP.zip,SNL LFP/SNL_18650_LFP_25C_0-100_0.5-3C_a_cycle_data.csv,SNL_18650_LFP_25C_0-100_0.5-3C_a_cycle_data.csv,schema_d2669a99bc63,Discharge_Capacity (Ah),discharge_capacity_ah,10,float64,50,0,"[""1.036"", ""1.038"", ""2.067"", ""1.034"", ""1.033""]",Ah,discharge_capacity,high,explicit discharge capacity column
SNL LFP.zip,SNL LFP/SNL_18650_LFP_25C_0-100_0.5-3C_a_cycle_data.csv,SNL_18650_LFP_25C_0-100_0.5-3C_a_cycle_data.csv,schema_d2669a99bc63,Charge_Energy (Wh),charge_energy_wh,11,float64,50,0,"[""3.429"", ""3.49"", ""6.959"", ""3.465"", ""3.463""]",Wh,charge_energy,high,explicit charge energy column
SNL LFP.zip,SNL LFP/SNL_18650_LFP_25C_0-100_0.5-3C_a_cycle_data.csv,SNL_18650_LFP_25C_0-100_0.5-3C_a_cycle_data.csv,schema_d2669a99bc63,Discharge_Energy (Wh),discharge_energy_wh,12,float64,50,0,"[""3.335"", ""3.342"", ""3.344"", ""6.303"", ""3.153""]",Wh,discharge_energy,high,explicit discharge energy column
SNL LFP.zip,SNL LFP/SNL_18650_LFP_25C_0-100_0.5-3C_b_cycle_data.csv,SNL_18650_LFP_25C_0-100_0.5-3C_b_cycle_data.csv,schema_d2669a99bc63,Cycle_Index,cycle_index,1,float64,50,0,"[""1.0"", ""2.0"", ""3.0"", ""4.0"", ""5.0""]",unknown,cycle_index,high,explicit cycle index/name
SNL LFP.zip,SNL LFP/SNL_18650_LFP_25C_0-100_0.5-3C_b_cycle_data.csv,SNL_18650_LFP_25C_0-100_0.5-3C_b_cycle_data.csv,schema_d2669a99bc63,Start_Time,start_time,2,str,50,0,"[""2017-08-07 08:50:31.002177"", ""2017-08-07 13:10:53.079544"", ""2017-08-07 17:30:16.144225"", ""2017-08-07 21:49:09.179175"", ""2017-08-08 03:04:16.677747""]",unknown,date_or_timestamp,high,explicit date/time column
SNL LFP.zip,SNL LFP/SNL_18650_LFP_25C_0-100_0.5-3C_b_cycle_data.csv,SNL_18650_LFP_25C_0-100_0.5-3C_b_cycle_data.csv,schema_d2669a99bc63,End_Time,end_time,3,str,50,0,"[""2017-08-07 13:10:53.017772"", ""2017-08-07 17:30:16.112117"", ""2017-08-07 21:49:09.179058"", ""2017-08-08 03:02:16.655503"", ""2017-08-08 05:31:24.376162""]",unknown,date_or_timestamp,high,explicit date/time column
SNL LFP.zip,SNL LFP/SNL_18650_LFP_25C_0-100_0.5-3C_b_cycle_data.csv,SNL_18650_LFP_25C_0-100_0.5-3C_b_cycle_data.csv,schema_d2669a99bc63,Test_Time (s),test_time_s,4,float64,50,0,"[""15632.017"", ""31195.112"", ""46728.179"", ""65515.655"", ""74463.376""]",s,elapsed_time,high,explicit elapsed/test time column
SNL LFP.zip,SNL LFP/SNL_18650_LFP_25C_0-100_0.5-3C_b_cycle_data.csv,SNL_18650_LFP_25C_0-100_0.5-3C_b_cycle_data.csv,schema_d2669a99bc63,Min_Current (A),min_current_a,5,float64,50,0,"[""-0.55"", ""-3.3""]",A,unknown,none,"observed electrical measurement, not a requested mapping target"
SNL LFP.zip,SNL LFP/SNL_18650_LFP_25C_0-100_0.5-3C_b_cycle_data.csv,SNL_18650_LFP_25C_0-100_0.5-3C_b_cycle_data.csv,schema_d2669a99bc63,Max_Current (A),max_current_a,6,float64,50,0,"[""0.55"", ""0.549""]",A,unknown,none,"observed electrical measurement, not a requested mapping target"
SNL LFP.zip,SNL LFP/SNL_18650_LFP_25C_0-100_0.5-3C_b_cycle_data.csv,SNL_18650_LFP_25C_0-100_0.5-3C_b_cycle_data.csv,schema_d2669a99bc63,Min_Voltage (V),min_voltage_v,7,float64,50,0,"[""1.997"", ""1.988"", ""1.995"", ""1.996"", ""1.989""]",V,unknown,none,"observed electrical measurement, not a requested mapping target"
SNL LFP.zip,SNL LFP/SNL_18650_LFP_25C_0-100_0.5-3C_b_cycle_data.csv,SNL_18650_LFP_25C_0-100_0.5-3C_b_cycle_data.csv,schema_d2669a99bc63,Max_Voltage (V),max_voltage_v,8,float64,50,0,"[""3.6""]",V,unknown,none,"observed electrical measurement, not a requested mapping target"
SNL LFP.zip,SNL LFP/SNL_18650_LFP_25C_0-100_0.5-3C_b_cycle_data.csv,SNL_18650_LFP_25C_0-100_0.5-3C_b_cycle_data.csv,schema_d2669a99bc63,Charge_Capacity (Ah),charge_capacity_ah,9,float64,50,0,"[""1.024"", ""1.049"", ""2.089"", ""1.041"", ""1.04""]",Ah,charge_capacity,high,explicit charge capacity column
SNL LFP.zip,SNL LFP/SNL_18650_LFP_25C_0-100_0.5-3C_b_cycle_data.csv,SNL_18650_LFP_25C_0-100_0.5-3C_b_cycle_data.csv,schema_d2669a99bc63,Discharge_Capacity (Ah),discharge_capacity_ah,10,float64,50,0,"[""1.048"", ""1.05"", ""2.082"", ""1.041"", ""1.04""]",Ah,discharge_capacity,high,explicit discharge capacity column
SNL LFP.zip,SNL LFP/SNL_18650_LFP_25C_0-100_0.5-3C_b_cycle_data.csv,SNL_18650_LFP_25C_0-100_0.5-3C_b_cycle_data.csv,schema_d2669a99bc63,Charge_Energy (Wh),charge_energy_wh,11,float64,50,0,"[""3.45"", ""3.514"", ""7.0"", ""3.481"", ""3.48""]",Wh,charge_energy,high,explicit charge energy column
SNL LFP.zip,SNL LFP/SNL_18650_LFP_25C_0-100_0.5-3C_b_cycle_data.csv,SNL_18650_LFP_25C_0-100_0.5-3C_b_cycle_data.csv,schema_d2669a99bc63,Discharge_Energy (Wh),discharge_energy_wh,12,float64,50,0,"[""3.372"", ""3.379"", ""3.38"", ""6.322"", ""3.163""]",Wh,discharge_energy,high,explicit discharge energy column
SNL LFP.zip,SNL LFP/SNL_18650_LFP_25C_0-100_0.5-3C_c_cycle_data.csv,SNL_18650_LFP_25C_0-100_0.5-3C_c_cycle_data.csv,schema_d2669a99bc63,Cycle_Index,cycle_index,1,float64,50,0,"[""1.0"", ""2.0"", ""3.0"", ""4.0"", ""5.0""]",unknown,cycle_index,high,explicit cycle index/name
SNL LFP.zip,SNL LFP/SNL_18650_LFP_25C_0-100_0.5-3C_c_cycle_data.csv,SNL_18650_LFP_25C_0-100_0.5-3C_c_cycle_data.csv,schema_d2669a99bc63,Start_Time,start_time,2,str,50,0,"[""2017-08-07 08:50:38.003200"", ""2017-08-07 13:09:57.541212"", ""2017-08-07 17:28:02.000866"", ""2017-08-07 21:45:41.642815"", ""2017-08-08 03:00:21.625196""]",unknown,date_or_timestamp,high,explicit date/time column
SNL LFP.zip,SNL LFP/SNL_18650_LFP_25C_0-100_0.5-3C_c_cycle_data.csv,SNL_18650_LFP_25C_0-100_0.5-3C_c_cycle_data.csv,schema_d2669a99bc63,End_Time,end_time,3,str,50,0,"[""2017-08-07 13:09:57.478551"", ""2017-08-07 17:28:01.839848"", ""2017-08-07 21:45:41.642686"", ""2017-08-08 02:58:21.584740"", ""2017-08-08 05:27:00.468718""]",unknown,date_or_timestamp,high,explicit date/time column
SNL LFP.zip,SNL LFP/SNL_18650_LFP_25C_0-100_0.5-3C_c_cycle_data.csv,SNL_18650_LFP_25C_0-100_0.5-3C_c_cycle_data.csv,schema_d2669a99bc63,Test_Time (s),test_time_s,4,float64,50,0,"[""15569.478"", ""31053.839"", ""46513.642"", ""65273.584"", ""74192.468""]",s,elapsed_time,high,explicit elapsed/test time column
SNL LFP.zip,SNL LFP/SNL_18650_LFP_25C_0-100_0.5-3C_c_cycle_data.csv,SNL_18650_LFP_25C_0-100_0.5-3C_c_cycle_data.csv,schema_d2669a99bc63,Min_Current (A),min_current_a,5,float64,50,0,"[""-0.55"", ""-0.549"", ""-3.3""]",A,unknown,none,"observed electrical measurement, not a requested mapping target"
SNL LFP.zip,SNL LFP/SNL_18650_LFP_25C_0-100_0.5-3C_c_cycle_data.csv,SNL_18650_LFP_25C_0-100_0.5-3C_c_cycle_data.csv,schema_d2669a99bc63,Max_Current (A),max_current_a,6,float64,50,0,"[""0.55""]",A,unknown,none,"observed electrical measurement, not a requested mapping target"
SNL LFP.zip,SNL LFP/SNL_18650_LFP_25C_0-100_0.5-3C_c_cycle_data.csv,SNL_18650_LFP_25C_0-100_0.5-3C_c_cycle_data.csv,schema_d2669a99bc63,Min_Voltage (V),min_voltage_v,7,float64,50,0,"[""1.999"", ""1.997"", ""1.985"", ""1.99"", ""1.991""]",V,unknown,none,"observed electrical measurement, not a requested mapping target"
SNL LFP.zip,SNL LFP/SNL_18650_LFP_25C_0-100_0.5-3C_c_cycle_data.csv,SNL_18650_LFP_25C_0-100_0.5-3C_c_cycle_data.csv,schema_d2669a99bc63,Max_Voltage (V),max_voltage_v,8,float64,50,0,"[""3.6""]",V,unknown,none,"observed electrical measurement, not a requested mapping target"
SNL LFP.zip,SNL LFP/SNL_18650_LFP_25C_0-100_0.5-3C_c_cycle_data.csv,SNL_18650_LFP_25C_0-100_0.5-3C_c_cycle_data.csv,schema_d2669a99bc63,Charge_Capacity (Ah),charge_capacity_ah,9,float64,50,0,"[""1.019"", ""1.044"", ""2.08"", ""1.035"", ""1.034""]",Ah,charge_capacity,high,explicit charge capacity column
SNL LFP.zip,SNL LFP/SNL_18650_LFP_25C_0-100_0.5-3C_c_cycle_data.csv,SNL_18650_LFP_25C_0-100_0.5-3C_c_cycle_data.csv,schema_d2669a99bc63,Discharge_Capacity (Ah),discharge_capacity_ah,10,float64,50,0,"[""1.039"", ""1.04"", ""1.041"", ""2.066"", ""1.033""]",Ah,discharge_capacity,high,explicit discharge capacity column
SNL LFP.zip,SNL LFP/SNL_18650_LFP_25C_0-100_0.5-3C_c_cycle_data.csv,SNL_18650_LFP_25C_0-100_0.5-3C_c_cycle_data.csv,schema_d2669a99bc63,Charge_Energy (Wh),charge_energy_wh,11,float64,50,0,"[""3.436"", ""3.5"", ""3.499"", ""6.97"", ""3.463""]",Wh,charge_energy,high,explicit charge energy column
SNL LFP.zip,SNL LFP/SNL_18650_LFP_25C_0-100_0.5-3C_c_cycle_data.csv,SNL_18650_LFP_25C_0-100_0.5-3C_c_cycle_data.csv,schema_d2669a99bc63,Discharge_Energy (Wh),discharge_energy_wh,12,float64,50,0,"[""3.341"", ""3.347"", ""3.349"", ""6.272"", ""3.136""]",Wh,discharge_energy,high,explicit discharge energy column
SNL LFP.zip,SNL LFP/SNL_18650_LFP_25C_0-100_0.5-3C_d_cycle_data.csv,SNL_18650_LFP_25C_0-100_0.5-3C_d_cycle_data.csv,schema_d2669a99bc63,Cycle_Index,cycle_index,1,float64,50,0,"[""1.0"", ""2.0"", ""3.0"", ""4.0"", ""5.0""]",unknown,cycle_index,high,explicit cycle index/name
SNL LFP.zip,SNL LFP/SNL_18650_LFP_25C_0-100_0.5-3C_d_cycle_data.csv,SNL_18650_LFP_25C_0-100_0.5-3C_d_cycle_data.csv,schema_d2669a99bc63,Start_Time,start_time,2,str,50,0,"[""2017-08-07 08:50:45.014414"", ""2017-08-07 13:13:23.504026"", ""2017-08-07 17:35:40.979039"", ""2017-08-07 21:57:48.529664"", ""2017-08-08 03:17:21.400174""]",unknown,date_or_timestamp,high,explicit date/time column
SNL LFP.zip,SNL LFP/SNL_18650_LFP_25C_0-100_0.5-3C_d_cycle_data.csv,SNL_18650_LFP_25C_0-100_0.5-3C_d_cycle_data.csv,schema_d2669a99bc63,End_Time,end_time,3,str,50,0,"[""2017-08-07 13:13:23.378487"", ""2017-08-07 17:35:40.847523"", ""2017-08-07 21:57:48.529548"", ""2017-08-08 03:15:21.366503"", ""2017-08-08 05:46:05.455276""]",unknown,date_or_timestamp,high,explicit date/time column
SNL LFP.zip,SNL LFP/SNL_18650_LFP_25C_0-100_0.5-3C_d_cycle_data.csv,SNL_18650_LFP_25C_0-100_0.5-3C_d_cycle_data.csv,schema_d2669a99bc63,Test_Time (s),test_time_s,4,float64,50,0,"[""15768.378"", ""31505.847"", ""47233.529"", ""66286.366"", ""75330.455""]",s,elapsed_time,high,explicit elapsed/test time column
SNL LFP.zip,SNL LFP/SNL_18650_LFP_25C_0-100_0.5-3C_d_cycle_data.csv,SNL_18650_LFP_25C_0-100_0.5-3C_d_cycle_data.csv,schema_d2669a99bc63,Min_Current (A),min_current_a,5,float64,50,0,"[""-0.55"", ""-3.299"", ""-3.3""]",A,unknown,none,"observed electrical measurement, not a requested mapping target"
SNL LFP.zip,SNL LFP/SNL_18650_LFP_25C_0-100_0.5-3C_d_cycle_data.csv,SNL_18650_LFP_25C_0-100_0.5-3C_d_cycle_data.csv,schema_d2669a99bc63,Max_Current (A),max_current_a,6,float64,50,0,"[""0.549""]",A,unknown,none,"observed electrical measurement, not a requested mapping target"
SNL LFP.zip,SNL LFP/SNL_18650_LFP_25C_0-100_0.5-3C_d_cycle_data.csv,SNL_18650_LFP_25C_0-100_0.5-3C_d_cycle_data.csv,schema_d2669a99bc63,Min_Voltage (V),min_voltage_v,7,float64,50,0,"[""1.997"", ""1.999"", ""1.99"", ""1.988"", ""1.989""]",V,unknown,none,"observed electrical measurement, not a requested mapping target"
SNL LFP.zip,SNL LFP/SNL_18650_LFP_25C_0-100_0.5-3C_d_cycle_data.csv,SNL_18650_LFP_25C_0-100_0.5-3C_d_cycle_data.csv,schema_d2669a99bc63,Max_Voltage (V),max_voltage_v,8,float64,50,0,"[""3.6""]",V,unknown,none,"observed electrical measurement, not a requested mapping target"
SNL LFP.zip,SNL LFP/SNL_18650_LFP_25C_0-100_0.5-3C_d_cycle_data.csv,SNL_18650_LFP_25C_0-100_0.5-3C_d_cycle_data.csv,schema_d2669a99bc63,Charge_Capacity (Ah),charge_capacity_ah,9,float64,50,0,"[""1.043"", ""1.067"", ""2.124"", ""1.056"", ""1.055""]",Ah,charge_capacity,high,explicit charge capacity column
SNL LFP.zip,SNL LFP/SNL_18650_LFP_25C_0-100_0.5-3C_d_cycle_data.csv,SNL_18650_LFP_25C_0-100_0.5-3C_d_cycle_data.csv,schema_d2669a99bc63,Discharge_Capacity (Ah),discharge_capacity_ah,10,float64,50,0,"[""1.062"", ""1.063"", ""2.106"", ""1.053"", ""1.052""]",Ah,discharge_capacity,high,explicit discharge capacity column
SNL LFP.zip,SNL LFP/SNL_18650_LFP_25C_0-100_0.5-3C_d_cycle_data.csv,SNL_18650_LFP_25C_0-100_0.5-3C_d_cycle_data.csv,schema_d2669a99bc63,Charge_Energy (Wh),charge_energy_wh,11,float64,50,0,"[""3.513"", ""3.575"", ""3.574"", ""7.113"", ""3.532""]",Wh,charge_energy,high,explicit charge energy column
SNL LFP.zip,SNL LFP/SNL_18650_LFP_25C_0-100_0.5-3C_d_cycle_data.csv,SNL_18650_LFP_25C_0-100_0.5-3C_d_cycle_data.csv,schema_d2669a99bc63,Discharge_Energy (Wh),discharge_energy_wh,12,float64,50,0,"[""3.422"", ""3.426"", ""3.428"", ""6.435"", ""3.219""]",Wh,discharge_energy,high,explicit discharge energy column
SNL LFP.zip,SNL LFP/SNL_18650_LFP_25C_20-80_0.5-0.5C_a_cycle_data.csv,SNL_18650_LFP_25C_20-80_0.5-0.5C_a_cycle_data.csv,schema_d2669a99bc63,Cycle_Index,cycle_index,1,float64,50,0,"[""1.0"", ""2.0"", ""3.0"", ""4.0"", ""5.0""]",unknown,cycle_index,high,explicit cycle index/name
SNL LFP.zip,SNL LFP/SNL_18650_LFP_25C_20-80_0.5-0.5C_a_cycle_data.csv,SNL_18650_LFP_25C_20-80_0.5-0.5C_a_cycle_data.csv,schema_d2669a99bc63,Start_Time,start_time,2,str,50,0,"[""2017-08-07 08:53:40.019569"", ""2017-08-07 13:19:59.545423"", ""2017-08-07 17:44:57.610628"", ""2017-08-07 22:09:26.517474"", ""2017-08-08 04:17:24.742661""]",unknown,date_or_timestamp,high,explicit date/time column
SNL LFP.zip,SNL LFP/SNL_18650_LFP_25C_20-80_0.5-0.5C_a_cycle_data.csv,SNL_18650_LFP_25C_20-80_0.5-0.5C_a_cycle_data.csv,schema_d2669a99bc63,End_Time,end_time,3,str,50,0,"[""2017-08-07 13:19:59.514052"", ""2017-08-07 17:44:57.548968"", ""2017-08-07 22:09:26.517347"", ""2017-08-08 04:15:24.703135"", ""2017-08-08 06:30:44.770783""]",unknown,date_or_timestamp,high,explicit date/time column
SNL LFP.zip,SNL LFP/SNL_18650_LFP_25C_20-80_0.5-0.5C_a_cycle_data.csv,SNL_18650_LFP_25C_20-80_0.5-0.5C_a_cycle_data.csv,schema_d2669a99bc63,Test_Time (s),test_time_s,4,float64,50,0,"[""15989.514"", ""31887.548"", ""47756.517"", ""69714.703"", ""77834.77""]",s,elapsed_time,high,explicit elapsed/test time column
SNL LFP.zip,SNL LFP/SNL_18650_LFP_25C_20-80_0.5-0.5C_a_cycle_data.csv,SNL_18650_LFP_25C_20-80_0.5-0.5C_a_cycle_data.csv,schema_d2669a99bc63,Min_Current (A),min_current_a,5,float64,50,0,"[""-0.55""]",A,unknown,none,"observed electrical measurement, not a requested mapping target"
SNL LFP.zip,SNL LFP/SNL_18650_LFP_25C_20-80_0.5-0.5C_a_cycle_data.csv,SNL_18650_LFP_25C_20-80_0.5-0.5C_a_cycle_data.csv,schema_d2669a99bc63,Max_Current (A),max_current_a,6,float64,50,0,"[""0.549"", ""0.548""]",A,unknown,none,"observed electrical measurement, not a requested mapping target"
SNL LFP.zip,SNL LFP/SNL_18650_LFP_25C_20-80_0.5-0.5C_a_cycle_data.csv,SNL_18650_LFP_25C_20-80_0.5-0.5C_a_cycle_data.csv,schema_d2669a99bc63,Min_Voltage (V),min_voltage_v,7,float64,50,0,"[""1.998"", ""1.999"", ""2.7"", ""3.159""]",V,unknown,none,"observed electrical measurement, not a requested mapping target"
SNL LFP.zip,SNL LFP/SNL_18650_LFP_25C_20-80_0.5-0.5C_a_cycle_data.csv,SNL_18650_LFP_25C_20-80_0.5-0.5C_a_cycle_data.csv,schema_d2669a99bc63,Max_Voltage (V),max_voltage_v,8,float64,50,0,"[""3.6"", ""3.39""]",V,unknown,none,"observed electrical measurement, not a requested mapping target"
SNL LFP.zip,SNL LFP/SNL_18650_LFP_25C_20-80_0.5-0.5C_a_cycle_data.csv,SNL_18650_LFP_25C_20-80_0.5-0.5C_a_cycle_data.csv,schema_d2669a99bc63,Charge_Capacity (Ah),charge_capacity_ah,9,float64,50,0,"[""1.046"", ""1.071"", ""1.623"", ""0.574"", ""0.57""]",Ah,charge_capacity,high,explicit charge capacity column
SNL LFP.zip,SNL LFP/SNL_18650_LFP_25C_20-80_0.5-0.5C_a_cycle_data.csv,SNL_18650_LFP_25C_20-80_0.5-0.5C_a_cycle_data.csv,schema_d2669a99bc63,Discharge_Capacity (Ah),discharge_capacity_ah,10,float64,50,0,"[""1.069"", ""1.071"", ""1.072"", ""1.454"", ""0.574""]",Ah,discharge_capacity,high,explicit discharge capacity column
SNL LFP.zip,SNL LFP/SNL_18650_LFP_25C_20-80_0.5-0.5C_a_cycle_data.csv,SNL_18650_LFP_25C_20-80_0.5-0.5C_a_cycle_data.csv,schema_d2669a99bc63,Charge_Energy (Wh),charge_energy_wh,11,float64,50,0,"[""3.531"", ""3.594"", ""3.593"", ""5.435"", ""1.922""]",Wh,charge_energy,high,explicit charge energy column
SNL LFP.zip,SNL LFP/SNL_18650_LFP_25C_20-80_0.5-0.5C_a_cycle_data.csv,SNL_18650_LFP_25C_20-80_0.5-0.5C_a_cycle_data.csv,schema_d2669a99bc63,Discharge_Energy (Wh),discharge_energy_wh,12,float64,50,0,"[""3.437"", ""3.443"", ""3.446"", ""4.715"", ""1.855""]",Wh,discharge_energy,high,explicit discharge energy column
SNL LFP.zip,SNL LFP/SNL_18650_LFP_25C_20-80_0.5-0.5C_b_cycle_data.csv,SNL_18650_LFP_25C_20-80_0.5-0.5C_b_cycle_data.csv,schema_d2669a99bc63,Cycle_Index,cycle_index,1,float64,50,0,"[""1.0"", ""2.0"", ""3.0"", ""4.0"", ""5.0""]",unknown,cycle_index,high,explicit cycle index/name
SNL LFP.zip,SNL LFP/SNL_18650_LFP_25C_20-80_0.5-0.5C_b_cycle_data.csv,SNL_18650_LFP_25C_20-80_0.5-0.5C_b_cycle_data.csv,schema_d2669a99bc63,Start_Time,start_time,2,str,50,0,"[""2017-08-07 08:53:47.013516"", ""2017-08-07 13:13:50.964053"", ""2017-08-07 17:32:38.028776"", ""2017-08-07 21:50:52.146256"", ""2017-08-08 04:06:30.940992""]",unknown,date_or_timestamp,high,explicit date/time column
SNL LFP.zip,SNL LFP/SNL_18650_LFP_25C_20-80_0.5-0.5C_b_cycle_data.csv,SNL_18650_LFP_25C_20-80_0.5-0.5C_b_cycle_data.csv,schema_d2669a99bc63,End_Time,end_time,3,str,50,0,"[""2017-08-07 13:13:50.901658"", ""2017-08-07 17:32:37.967158"", ""2017-08-07 21:50:52.146135"", ""2017-08-08 04:04:30.907824"", ""2017-08-08 06:28:41.230909""]",unknown,date_or_timestamp,high,explicit date/time column
SNL LFP.zip,SNL LFP/SNL_18650_LFP_25C_20-80_0.5-0.5C_b_cycle_data.csv,SNL_18650_LFP_25C_20-80_0.5-0.5C_b_cycle_data.csv,schema_d2669a99bc63,Test_Time (s),test_time_s,4,float64,50,0,"[""15613.901"", ""31140.967"", ""46635.146"", ""69053.907"", ""77704.23""]",s,elapsed_time,high,explicit elapsed/test time column
SNL LFP.zip,SNL LFP/SNL_18650_LFP_25C_20-80_0.5-0.5C_b_cycle_data.csv,SNL_18650_LFP_25C_20-80_0.5-0.5C_b_cycle_data.csv,schema_d2669a99bc63,Min_Current (A),min_current_a,5,float64,50,0,"[""-0.551"", ""-0.55""]",A,unknown,none,"observed electrical measurement, not a requested mapping target"
SNL LFP.zip,SNL LFP/SNL_18650_LFP_25C_20-80_0.5-0.5C_b_cycle_data.csv,SNL_18650_LFP_25C_20-80_0.5-0.5C_b_cycle_data.csv,schema_d2669a99bc63,Max_Current (A),max_current_a,6,float64,50,0,"[""0.549""]",A,unknown,none,"observed electrical measurement, not a requested mapping target"
SNL LFP.zip,SNL LFP/SNL_18650_LFP_25C_20-80_0.5-0.5C_b_cycle_data.csv,SNL_18650_LFP_25C_20-80_0.5-0.5C_b_cycle_data.csv,schema_d2669a99bc63,Min_Voltage (V),min_voltage_v,7,float64,50,0,"[""1.998"", ""1.999"", ""2.708"", ""3.159""]",V,unknown,none,"observed electrical measurement, not a requested mapping target"
SNL LFP.zip,SNL LFP/SNL_18650_LFP_25C_20-80_0.5-0.5C_b_cycle_data.csv,SNL_18650_LFP_25C_20-80_0.5-0.5C_b_cycle_data.csv,schema_d2669a99bc63,Max_Voltage (V),max_voltage_v,8,float64,50,0,"[""3.6"", ""3.39""]",V,unknown,none,"observed electrical measurement, not a requested mapping target"
SNL LFP.zip,SNL LFP/SNL_18650_LFP_25C_20-80_0.5-0.5C_b_cycle_data.csv,SNL_18650_LFP_25C_20-80_0.5-0.5C_b_cycle_data.csv,schema_d2669a99bc63,Charge_Capacity (Ah),charge_capacity_ah,9,float64,50,0,"[""1.022"", ""1.045"", ""1.651"", ""0.614"", ""0.607""]",Ah,charge_capacity,high,explicit charge capacity column
SNL LFP.zip,SNL LFP/SNL_18650_LFP_25C_20-80_0.5-0.5C_b_cycle_data.csv,SNL_18650_LFP_25C_20-80_0.5-0.5C_b_cycle_data.csv,schema_d2669a99bc63,Discharge_Capacity (Ah),discharge_capacity_ah,10,float64,50,0,"[""1.045"", ""1.046"", ""1.498"", ""0.615"", ""0.607""]",Ah,discharge_capacity,high,explicit discharge capacity column
SNL LFP.zip,SNL LFP/SNL_18650_LFP_25C_20-80_0.5-0.5C_b_cycle_data.csv,SNL_18650_LFP_25C_20-80_0.5-0.5C_b_cycle_data.csv,schema_d2669a99bc63,Charge_Energy (Wh),charge_energy_wh,11,float64,50,0,"[""3.442"", ""3.502"", ""3.499"", ""5.518"", ""2.055""]",Wh,charge_energy,high,explicit charge energy column
SNL LFP.zip,SNL LFP/SNL_18650_LFP_25C_20-80_0.5-0.5C_b_cycle_data.csv,SNL_18650_LFP_25C_20-80_0.5-0.5C_b_cycle_data.csv,schema_d2669a99bc63,Discharge_Energy (Wh),discharge_energy_wh,12,float64,50,0,"[""3.365"", ""3.37"", ""4.865"", ""1.991"", ""1.967""]",Wh,discharge_energy,high,explicit discharge energy column
SNL LFP.zip,SNL LFP/SNL_18650_LFP_25C_20-80_0.5-0.5C_c_cycle_data.csv,SNL_18650_LFP_25C_20-80_0.5-0.5C_c_cycle_data.csv,schema_d2669a99bc63,Cycle_Index,cycle_index,1,float64,50,0,"[""1.0"", ""2.0"", ""3.0"", ""4.0"", ""5.0""]",unknown,cycle_index,high,explicit cycle index/name
SNL LFP.zip,SNL LFP/SNL_18650_LFP_25C_20-80_0.5-0.5C_c_cycle_data.csv,SNL_18650_LFP_25C_20-80_0.5-0.5C_c_cycle_data.csv,schema_d2669a99bc63,Start_Time,start_time,2,str,50,0,"[""2017-08-07 08:53:54.015225"", ""2017-08-07 13:17:13.917416"", ""2017-08-07 17:39:16.744481"", ""2017-08-07 22:00:46.591302"", ""2017-08-08 04:21:46.046007""]",unknown,date_or_timestamp,high,explicit date/time column
SNL LFP.zip,SNL LFP/SNL_18650_LFP_25C_20-80_0.5-0.5C_c_cycle_data.csv,SNL_18650_LFP_25C_20-80_0.5-0.5C_c_cycle_data.csv,schema_d2669a99bc63,End_Time,end_time,3,str,50,0,"[""2017-08-07 13:17:13.886518"", ""2017-08-07 17:39:16.712602"", ""2017-08-07 22:00:46.591184"", ""2017-08-08 04:19:46.009020"", ""2017-08-08 06:44:36.606793""]",unknown,date_or_timestamp,high,explicit date/time column
SNL LFP.zip,SNL LFP/SNL_18650_LFP_25C_20-80_0.5-0.5C_c_cycle_data.csv,SNL_18650_LFP_25C_20-80_0.5-0.5C_c_cycle_data.csv,schema_d2669a99bc63,Test_Time (s),test_time_s,4,float64,50,0,"[""15809.886"", ""31532.712"", ""47222.591"", ""69962.009"", ""78652.606""]",s,elapsed_time,high,explicit elapsed/test time column
SNL LFP.zip,SNL LFP/SNL_18650_LFP_25C_20-80_0.5-0.5C_c_cycle_data.csv,SNL_18650_LFP_25C_20-80_0.5-0.5C_c_cycle_data.csv,schema_d2669a99bc63,Min_Current (A),min_current_a,5,float64,50,0,"[""-0.551"", ""-0.55""]",A,unknown,none,"observed electrical measurement, not a requested mapping target"
SNL LFP.zip,SNL LFP/SNL_18650_LFP_25C_20-80_0.5-0.5C_c_cycle_data.csv,SNL_18650_LFP_25C_20-80_0.5-0.5C_c_cycle_data.csv,schema_d2669a99bc63,Max_Current (A),max_current_a,6,float64,50,0,"[""0.549"", ""0.55""]",A,unknown,none,"observed electrical measurement, not a requested mapping target"
SNL LFP.zip,SNL LFP/SNL_18650_LFP_25C_20-80_0.5-0.5C_c_cycle_data.csv,SNL_18650_LFP_25C_20-80_0.5-0.5C_c_cycle_data.csv,schema_d2669a99bc63,Min_Voltage (V),min_voltage_v,7,float64,50,0,"[""1.999"", ""1.998"", ""2.669"", ""3.159""]",V,unknown,none,"observed electrical measurement, not a requested mapping target"
SNL LFP.zip,SNL LFP/SNL_18650_LFP_25C_20-80_0.5-0.5C_c_cycle_data.csv,SNL_18650_LFP_25C_20-80_0.5-0.5C_c_cycle_data.csv,schema_d2669a99bc63,Max_Voltage (V),max_voltage_v,8,float64,50,0,"[""3.6"", ""3.601"", ""3.39""]",V,unknown,none,"observed electrical measurement, not a requested mapping target"
SNL LFP.zip,SNL LFP/SNL_18650_LFP_25C_20-80_0.5-0.5C_c_cycle_data.csv,SNL_18650_LFP_25C_20-80_0.5-0.5C_c_cycle_data.csv,schema_d2669a99bc63,Charge_Capacity (Ah),charge_capacity_ah,9,float64,50,0,"[""1.036"", ""1.062"", ""1.674"", ""0.616"", ""0.61""]",Ah,charge_capacity,high,explicit charge capacity column
SNL LFP.zip,SNL LFP/SNL_18650_LFP_25C_20-80_0.5-0.5C_c_cycle_data.csv,SNL_18650_LFP_25C_20-80_0.5-0.5C_c_cycle_data.csv,schema_d2669a99bc63,Discharge_Capacity (Ah),discharge_capacity_ah,10,float64,50,0,"[""1.064"", ""1.066"", ""1.067"", ""1.525"", ""0.619""]",Ah,discharge_capacity,high,explicit discharge capacity column
SNL LFP.zip,SNL LFP/SNL_18650_LFP_25C_20-80_0.5-0.5C_c_cycle_data.csv,SNL_18650_LFP_25C_20-80_0.5-0.5C_c_cycle_data.csv,schema_d2669a99bc63,Charge_Energy (Wh),charge_energy_wh,11,float64,50,0,"[""3.491"", ""3.556"", ""3.554"", ""5.596"", ""2.062""]",Wh,charge_energy,high,explicit charge energy column
SNL LFP.zip,SNL LFP/SNL_18650_LFP_25C_20-80_0.5-0.5C_c_cycle_data.csv,SNL_18650_LFP_25C_20-80_0.5-0.5C_c_cycle_data.csv,schema_d2669a99bc63,Discharge_Energy (Wh),discharge_energy_wh,12,float64,50,0,"[""3.429"", ""3.436"", ""3.439"", ""4.955"", ""2.006""]",Wh,discharge_energy,high,explicit discharge energy column
SNL LFP.zip,SNL LFP/SNL_18650_LFP_25C_20-80_0.5-0.5C_d_cycle_data.csv,SNL_18650_LFP_25C_20-80_0.5-0.5C_d_cycle_data.csv,schema_d2669a99bc63,Cycle_Index,cycle_index,1,float64,50,0,"[""1.0"", ""2.0"", ""3.0"", ""4.0"", ""5.0""]",unknown,cycle_index,high,explicit cycle index/name
SNL LFP.zip,SNL LFP/SNL_18650_LFP_25C_20-80_0.5-0.5C_d_cycle_data.csv,SNL_18650_LFP_25C_20-80_0.5-0.5C_d_cycle_data.csv,schema_d2669a99bc63,Start_Time,start_time,2,str,50,0,"[""2017-08-07 08:54:02.014172"", ""2017-08-07 13:12:42.393861"", ""2017-08-07 17:30:30.117945"", ""2017-08-07 21:47:44.187272"", ""2017-08-08 04:03:02.985501""]",unknown,date_or_timestamp,high,explicit date/time column
SNL LFP.zip,SNL LFP/SNL_18650_LFP_25C_20-80_0.5-0.5C_d_cycle_data.csv,SNL_18650_LFP_25C_20-80_0.5-0.5C_d_cycle_data.csv,schema_d2669a99bc63,End_Time,end_time,3,str,50,0,"[""2017-08-07 13:12:42.362843"", ""2017-08-07 17:30:30.087079"", ""2017-08-07 21:47:44.187159"", ""2017-08-08 04:01:02.954607"", ""2017-08-08 06:24:45.322817""]",unknown,date_or_timestamp,high,explicit date/time column
SNL LFP.zip,SNL LFP/SNL_18650_LFP_25C_20-80_0.5-0.5C_d_cycle_data.csv,SNL_18650_LFP_25C_20-80_0.5-0.5C_d_cycle_data.csv,schema_d2669a99bc63,Test_Time (s),test_time_s,4,float64,50,0,"[""15530.362"", ""30998.087"", ""46432.187"", ""68830.954"", ""77453.322""]",s,elapsed_time,high,explicit elapsed/test time column
SNL LFP.zip,SNL LFP/SNL_18650_LFP_25C_20-80_0.5-0.5C_d_cycle_data.csv,SNL_18650_LFP_25C_20-80_0.5-0.5C_d_cycle_data.csv,schema_d2669a99bc63,Min_Current (A),min_current_a,5,float64,50,0,"[""-0.55"", ""-0.551""]",A,unknown,none,"observed electrical measurement, not a requested mapping target"
SNL LFP.zip,SNL LFP/SNL_18650_LFP_25C_20-80_0.5-0.5C_d_cycle_data.csv,SNL_18650_LFP_25C_20-80_0.5-0.5C_d_cycle_data.csv,schema_d2669a99bc63,Max_Current (A),max_current_a,6,float64,50,0,"[""0.549""]",A,unknown,none,"observed electrical measurement, not a requested mapping target"
SNL LFP.zip,SNL LFP/SNL_18650_LFP_25C_20-80_0.5-0.5C_d_cycle_data.csv,SNL_18650_LFP_25C_20-80_0.5-0.5C_d_cycle_data.csv,schema_d2669a99bc63,Min_Voltage (V),min_voltage_v,7,float64,50,0,"[""1.998"", ""1.997"", ""1.999"", ""2.674"", ""3.159""]",V,unknown,none,"observed electrical measurement, not a requested mapping target"
SNL LFP.zip,SNL LFP/SNL_18650_LFP_25C_20-80_0.5-0.5C_d_cycle_data.csv,SNL_18650_LFP_25C_20-80_0.5-0.5C_d_cycle_data.csv,schema_d2669a99bc63,Max_Voltage (V),max_voltage_v,8,float64,50,0,"[""3.6"", ""3.39""]",V,unknown,none,"observed electrical measurement, not a requested mapping target"
SNL LFP.zip,SNL LFP/SNL_18650_LFP_25C_20-80_0.5-0.5C_d_cycle_data.csv,SNL_18650_LFP_25C_20-80_0.5-0.5C_d_cycle_data.csv,schema_d2669a99bc63,Charge_Capacity (Ah),charge_capacity_ah,9,float64,50,0,"[""1.02"", ""1.044"", ""1.647"", ""0.611"", ""0.605""]",Ah,charge_capacity,high,explicit charge capacity column
SNL LFP.zip,SNL LFP/SNL_18650_LFP_25C_20-80_0.5-0.5C_d_cycle_data.csv,SNL_18650_LFP_25C_20-80_0.5-0.5C_d_cycle_data.csv,schema_d2669a99bc63,Discharge_Capacity (Ah),discharge_capacity_ah,10,float64,50,0,"[""1.047"", ""1.049"", ""1.498"", ""0.613"", ""0.608""]",Ah,discharge_capacity,high,explicit discharge capacity column
SNL LFP.zip,SNL LFP/SNL_18650_LFP_25C_20-80_0.5-0.5C_d_cycle_data.csv,SNL_18650_LFP_25C_20-80_0.5-0.5C_d_cycle_data.csv,schema_d2669a99bc63,Charge_Energy (Wh),charge_energy_wh,11,float64,50,0,"[""3.433"", ""3.495"", ""3.493"", ""5.505"", ""2.044""]",Wh,charge_energy,high,explicit charge energy column
SNL LFP.zip,SNL LFP/SNL_18650_LFP_25C_20-80_0.5-0.5C_d_cycle_data.csv,SNL_18650_LFP_25C_20-80_0.5-0.5C_d_cycle_data.csv,schema_d2669a99bc63,Discharge_Energy (Wh),discharge_energy_wh,12,float64,50,0,"[""3.371"", ""3.378"", ""3.379"", ""4.865"", ""1.987""]",Wh,discharge_energy,high,explicit discharge energy column
SNL LFP.zip,SNL LFP/SNL_18650_LFP_25C_20-80_0.5-3C_a_cycle_data.csv,SNL_18650_LFP_25C_20-80_0.5-3C_a_cycle_data.csv,schema_d2669a99bc63,Cycle_Index,cycle_index,1,float64,50,0,"[""1.0"", ""2.0"", ""3.0"", ""4.0"", ""5.0""]",unknown,cycle_index,high,explicit cycle index/name
SNL LFP.zip,SNL LFP/SNL_18650_LFP_25C_20-80_0.5-3C_a_cycle_data.csv,SNL_18650_LFP_25C_20-80_0.5-3C_a_cycle_data.csv,schema_d2669a99bc63,Start_Time,start_time,2,str,50,0,"[""2017-08-07 08:51:00.018062"", ""2017-08-07 13:12:43.584623"", ""2017-08-07 17:33:23.718246"", ""2017-08-07 21:53:34.672058"", ""2017-08-08 00:34:01.257004""]",unknown,date_or_timestamp,high,explicit date/time column
SNL LFP.zip,SNL LFP/SNL_18650_LFP_25C_20-80_0.5-3C_a_cycle_data.csv,SNL_18650_LFP_25C_20-80_0.5-3C_a_cycle_data.csv,schema_d2669a99bc63,End_Time,end_time,3,str,50,0,"[""2017-08-07 13:12:43.564190"", ""2017-08-07 17:33:23.687245"", ""2017-08-07 21:53:34.671937"", ""2017-08-08 00:32:01.215122"", ""2017-08-08 02:06:05.178361""]",unknown,date_or_timestamp,high,explicit date/time column
SNL LFP.zip,SNL LFP/SNL_18650_LFP_25C_20-80_0.5-3C_a_cycle_data.csv,SNL_18650_LFP_25C_20-80_0.5-3C_a_cycle_data.csv,schema_d2669a99bc63,Test_Time (s),test_time_s,4,float64,50,0,"[""15713.564"", ""31353.687"", ""46964.671"", ""56471.215"", ""62115.178""]",s,elapsed_time,high,explicit elapsed/test time column
SNL LFP.zip,SNL LFP/SNL_18650_LFP_25C_20-80_0.5-3C_a_cycle_data.csv,SNL_18650_LFP_25C_20-80_0.5-3C_a_cycle_data.csv,schema_d2669a99bc63,Min_Current (A),min_current_a,5,float64,50,0,"[""-0.55"", ""-3.3""]",A,unknown,none,"observed electrical measurement, not a requested mapping target"
SNL LFP.zip,SNL LFP/SNL_18650_LFP_25C_20-80_0.5-3C_a_cycle_data.csv,SNL_18650_LFP_25C_20-80_0.5-3C_a_cycle_data.csv,schema_d2669a99bc63,Max_Current (A),max_current_a,6,float64,50,0,"[""0.55"", ""0.549""]",A,unknown,none,"observed electrical measurement, not a requested mapping target"
SNL LFP.zip,SNL LFP/SNL_18650_LFP_25C_20-80_0.5-3C_a_cycle_data.csv,SNL_18650_LFP_25C_20-80_0.5-3C_a_cycle_data.csv,schema_d2669a99bc63,Min_Voltage (V),min_voltage_v,7,float64,50,0,"[""1.999"", ""2.712"", ""2.949"", ""2.948"", ""2.947""]",V,unknown,none,"observed electrical measurement, not a requested mapping target"
SNL LFP.zip,SNL LFP/SNL_18650_LFP_25C_20-80_0.5-3C_a_cycle_data.csv,SNL_18650_LFP_25C_20-80_0.5-3C_a_cycle_data.csv,schema_d2669a99bc63,Max_Voltage (V),max_voltage_v,8,float64,50,0,"[""3.6"", ""3.39"", ""3.392"", ""3.393"", ""3.394""]",V,unknown,none,"observed electrical measurement, not a requested mapping target"
SNL LFP.zip,SNL LFP/SNL_18650_LFP_25C_20-80_0.5-3C_a_cycle_data.csv,SNL_18650_LFP_25C_20-80_0.5-3C_a_cycle_data.csv,schema_d2669a99bc63,Charge_Capacity (Ah),charge_capacity_ah,9,float64,50,0,"[""1.033"", ""1.056"", ""1.029"", ""0.66""]",Ah,charge_capacity,high,explicit charge capacity column
SNL LFP.zip,SNL LFP/SNL_18650_LFP_25C_20-80_0.5-3C_a_cycle_data.csv,SNL_18650_LFP_25C_20-80_0.5-3C_a_cycle_data.csv,schema_d2669a99bc63,Discharge_Capacity (Ah),discharge_capacity_ah,10,float64,50,0,"[""1.053"", ""1.055"", ""0.88"", ""0.66""]",Ah,discharge_capacity,high,explicit discharge capacity column
SNL LFP.zip,SNL LFP/SNL_18650_LFP_25C_20-80_0.5-3C_a_cycle_data.csv,SNL_18650_LFP_25C_20-80_0.5-3C_a_cycle_data.csv,schema_d2669a99bc63,Charge_Energy (Wh),charge_energy_wh,11,float64,50,0,"[""3.478"", ""3.538"", ""3.536"", ""3.441"", ""2.208""]",Wh,charge_energy,high,explicit charge energy column
SNL LFP.zip,SNL LFP/SNL_18650_LFP_25C_20-80_0.5-3C_a_cycle_data.csv,SNL_18650_LFP_25C_20-80_0.5-3C_a_cycle_data.csv,schema_d2669a99bc63,Discharge_Energy (Wh),discharge_energy_wh,12,float64,50,0,"[""3.392"", ""3.397"", ""3.4"", ""2.719"", ""2.029""]",Wh,discharge_energy,high,explicit discharge energy column
SNL LFP.zip,SNL LFP/SNL_18650_LFP_25C_40-60_0.5-0.5C_a_cycle_data.csv,SNL_18650_LFP_25C_40-60_0.5-0.5C_a_cycle_data.csv,schema_d2669a99bc63,Cycle_Index,cycle_index,1,float64,50,0,"[""1.0"", ""2.0"", ""3.0"", ""4.0"", ""5.0""]",unknown,cycle_index,high,explicit cycle index/name
SNL LFP.zip,SNL LFP/SNL_18650_LFP_25C_40-60_0.5-0.5C_a_cycle_data.csv,SNL_18650_LFP_25C_40-60_0.5-0.5C_a_cycle_data.csv,schema_d2669a99bc63,Start_Time,start_time,2,str,50,0,"[""2017-08-07 08:54:15.010845"", ""2017-08-07 13:18:47.947186"", ""2017-08-07 17:41:55.278843"", ""2017-08-07 22:04:37.250719"", ""2017-08-08 01:42:22.765713""]",unknown,date_or_timestamp,high,explicit date/time column
SNL LFP.zip,SNL LFP/SNL_18650_LFP_25C_40-60_0.5-0.5C_a_cycle_data.csv,SNL_18650_LFP_25C_40-60_0.5-0.5C_a_cycle_data.csv,schema_d2669a99bc63,End_Time,end_time,3,str,50,0,"[""2017-08-07 13:18:47.916127"", ""2017-08-07 17:41:55.216530"", ""2017-08-07 22:04:37.250614"", ""2017-08-08 01:40:22.736104"", ""2017-08-08 02:38:23.305820""]",unknown,date_or_timestamp,high,explicit date/time column
SNL LFP.zip,SNL LFP/SNL_18650_LFP_25C_40-60_0.5-0.5C_a_cycle_data.csv,SNL_18650_LFP_25C_40-60_0.5-0.5C_a_cycle_data.csv,schema_d2669a99bc63,Test_Time (s),test_time_s,4,float64,50,0,"[""15882.916"", ""31670.216"", ""47432.25"", ""60377.736"", ""63858.305""]",s,elapsed_time,high,explicit elapsed/test time column
SNL LFP.zip,SNL LFP/SNL_18650_LFP_25C_40-60_0.5-0.5C_a_cycle_data.csv,SNL_18650_LFP_25C_40-60_0.5-0.5C_a_cycle_data.csv,schema_d2669a99bc63,Min_Current (A),min_current_a,5,float64,50,0,"[""-0.551"", ""-0.55""]",A,unknown,none,"observed electrical measurement, not a requested mapping target"
SNL LFP.zip,SNL LFP/SNL_18650_LFP_25C_40-60_0.5-0.5C_a_cycle_data.csv,SNL_18650_LFP_25C_40-60_0.5-0.5C_a_cycle_data.csv,schema_d2669a99bc63,Max_Current (A),max_current_a,6,float64,50,0,"[""0.549""]",A,unknown,none,"observed electrical measurement, not a requested mapping target"
SNL LFP.zip,SNL LFP/SNL_18650_LFP_25C_40-60_0.5-0.5C_a_cycle_data.csv,SNL_18650_LFP_25C_40-60_0.5-0.5C_a_cycle_data.csv,schema_d2669a99bc63,Min_Voltage (V),min_voltage_v,7,float64,50,0,"[""1.999"", ""1.997"", ""1.998"", ""2.635"", ""3.233""]",V,unknown,none,"observed electrical measurement, not a requested mapping target"
SNL LFP.zip,SNL LFP/SNL_18650_LFP_25C_40-60_0.5-0.5C_a_cycle_data.csv,SNL_18650_LFP_25C_40-60_0.5-0.5C_a_cycle_data.csv,schema_d2669a99bc63,Max_Voltage (V),max_voltage_v,8,float64,50,0,"[""3.6"", ""3.355"", ""3.356"", ""3.357"", ""3.358""]",V,unknown,none,"observed electrical measurement, not a requested mapping target"
SNL LFP.zip,SNL LFP/SNL_18650_LFP_25C_40-60_0.5-0.5C_a_cycle_data.csv,SNL_18650_LFP_25C_40-60_0.5-0.5C_a_cycle_data.csv,schema_d2669a99bc63,Charge_Capacity (Ah),charge_capacity_ah,9,float64,50,0,"[""1.044"", ""1.068"", ""1.067"", ""1.041"", ""0.22""]",Ah,charge_capacity,high,explicit charge capacity column
SNL LFP.zip,SNL LFP/SNL_18650_LFP_25C_40-60_0.5-0.5C_a_cycle_data.csv,SNL_18650_LFP_25C_40-60_0.5-0.5C_a_cycle_data.csv,schema_d2669a99bc63,Discharge_Capacity (Ah),discharge_capacity_ah,10,float64,50,0,"[""1.07"", ""1.072"", ""1.073"", ""0.66"", ""0.22""]",Ah,discharge_capacity,high,explicit discharge capacity column
SNL LFP.zip,SNL LFP/SNL_18650_LFP_25C_40-60_0.5-0.5C_a_cycle_data.csv,SNL_18650_LFP_25C_40-60_0.5-0.5C_a_cycle_data.csv,schema_d2669a99bc63,Charge_Energy (Wh),charge_energy_wh,11,float64,50,0,"[""3.52"", ""3.578"", ""3.577"", ""3.482"", ""0.736""]",Wh,charge_energy,high,explicit charge energy column
SNL LFP.zip,SNL LFP/SNL_18650_LFP_25C_40-60_0.5-0.5C_a_cycle_data.csv,SNL_18650_LFP_25C_40-60_0.5-0.5C_a_cycle_data.csv,schema_d2669a99bc63,Discharge_Energy (Wh),discharge_energy_wh,12,float64,50,0,"[""3.446"", ""3.453"", ""3.456"", ""2.158"", ""0.716""]",Wh,discharge_energy,high,explicit discharge energy column
SNL LFP.zip,SNL LFP/SNL_18650_LFP_25C_40-60_0.5-0.5C_b_cycle_data.csv,SNL_18650_LFP_25C_40-60_0.5-0.5C_b_cycle_data.csv,schema_d2669a99bc63,Cycle_Index,cycle_index,1,float64,50,0,"[""1.0"", ""2.0"", ""3.0"", ""4.0"", ""5.0""]",unknown,cycle_index,high,explicit cycle index/name
SNL LFP.zip,SNL LFP/SNL_18650_LFP_25C_40-60_0.5-0.5C_b_cycle_data.csv,SNL_18650_LFP_25C_40-60_0.5-0.5C_b_cycle_data.csv,schema_d2669a99bc63,Start_Time,start_time,2,str,50,0,"[""2017-08-07 08:54:27.028345"", ""2017-08-07 13:18:45.298381"", ""2017-08-07 17:42:00.832446"", ""2017-08-07 22:04:42.313862"", ""2017-08-08 01:42:00.901367""]",unknown,date_or_timestamp,high,explicit date/time column
SNL LFP.zip,SNL LFP/SNL_18650_LFP_25C_40-60_0.5-0.5C_b_cycle_data.csv,SNL_18650_LFP_25C_40-60_0.5-0.5C_b_cycle_data.csv,schema_d2669a99bc63,End_Time,end_time,3,str,50,0,"[""2017-08-07 13:18:45.258769"", ""2017-08-07 17:42:00.706994"", ""2017-08-07 22:04:42.313752"", ""2017-08-08 01:40:00.868864"", ""2017-08-08 02:38:01.644449""]",unknown,date_or_timestamp,high,explicit date/time column
SNL LFP.zip,SNL LFP/SNL_18650_LFP_25C_40-60_0.5-0.5C_b_cycle_data.csv,SNL_18650_LFP_25C_40-60_0.5-0.5C_b_cycle_data.csv,schema_d2669a99bc63,Test_Time (s),test_time_s,4,float64,50,0,"[""15868.258"", ""31663.706"", ""47425.313"", ""60343.868"", ""63824.644""]",s,elapsed_time,high,explicit elapsed/test time column
SNL LFP.zip,SNL LFP/SNL_18650_LFP_25C_40-60_0.5-0.5C_b_cycle_data.csv,SNL_18650_LFP_25C_40-60_0.5-0.5C_b_cycle_data.csv,schema_d2669a99bc63,Min_Current (A),min_current_a,5,float64,50,0,"[""-0.551"", ""-0.55""]",A,unknown,none,"observed electrical measurement, not a requested mapping target"
SNL LFP.zip,SNL LFP/SNL_18650_LFP_25C_40-60_0.5-0.5C_b_cycle_data.csv,SNL_18650_LFP_25C_40-60_0.5-0.5C_b_cycle_data.csv,schema_d2669a99bc63,Max_Current (A),max_current_a,6,float64,50,0,"[""0.549"", ""0.548""]",A,unknown,none,"observed electrical measurement, not a requested mapping target"
SNL LFP.zip,SNL LFP/SNL_18650_LFP_25C_40-60_0.5-0.5C_b_cycle_data.csv,SNL_18650_LFP_25C_40-60_0.5-0.5C_b_cycle_data.csv,schema_d2669a99bc63,Min_Voltage (V),min_voltage_v,7,float64,50,0,"[""1.998"", ""2.699"", ""3.233"", ""3.232"", ""3.234""]",V,unknown,none,"observed electrical measurement, not a requested mapping target"
SNL LFP.zip,SNL LFP/SNL_18650_LFP_25C_40-60_0.5-0.5C_b_cycle_data.csv,SNL_18650_LFP_25C_40-60_0.5-0.5C_b_cycle_data.csv,schema_d2669a99bc63,Max_Voltage (V),max_voltage_v,8,float64,50,0,"[""3.6"", ""3.353"", ""3.355"", ""3.356"", ""3.357""]",V,unknown,none,"observed electrical measurement, not a requested mapping target"
SNL LFP.zip,SNL LFP/SNL_18650_LFP_25C_40-60_0.5-0.5C_b_cycle_data.csv,SNL_18650_LFP_25C_40-60_0.5-0.5C_b_cycle_data.csv,schema_d2669a99bc63,Charge_Capacity (Ah),charge_capacity_ah,9,float64,50,0,"[""1.04"", ""1.064"", ""1.037"", ""0.22""]",Ah,charge_capacity,high,explicit charge capacity column
SNL LFP.zip,SNL LFP/SNL_18650_LFP_25C_40-60_0.5-0.5C_b_cycle_data.csv,SNL_18650_LFP_25C_40-60_0.5-0.5C_b_cycle_data.csv,schema_d2669a99bc63,Discharge_Capacity (Ah),discharge_capacity_ah,10,float64,50,0,"[""1.066"", ""1.068"", ""1.069"", ""0.66"", ""0.22""]",Ah,discharge_capacity,high,explicit discharge capacity column
SNL LFP.zip,SNL LFP/SNL_18650_LFP_25C_40-60_0.5-0.5C_b_cycle_data.csv,SNL_18650_LFP_25C_40-60_0.5-0.5C_b_cycle_data.csv,schema_d2669a99bc63,Charge_Energy (Wh),charge_energy_wh,11,float64,50,0,"[""3.504"", ""3.568"", ""3.566"", ""3.468"", ""0.735""]",Wh,charge_energy,high,explicit charge energy column
SNL LFP.zip,SNL LFP/SNL_18650_LFP_25C_40-60_0.5-0.5C_b_cycle_data.csv,SNL_18650_LFP_25C_40-60_0.5-0.5C_b_cycle_data.csv,schema_d2669a99bc63,Discharge_Energy (Wh),discharge_energy_wh,12,float64,50,0,"[""3.434"", ""3.441"", ""3.444"", ""2.159"", ""0.716""]",Wh,discharge_energy,high,explicit discharge energy column
SNL LFP.zip,SNL LFP/SNL_18650_LFP_25C_40-60_0.5-3C_a_cycle_data.csv,SNL_18650_LFP_25C_40-60_0.5-3C_a_cycle_data.csv,schema_d2669a99bc63,Cycle_Index,cycle_index,1,float64,50,0,"[""1.0"", ""2.0"", ""3.0"", ""4.0"", ""5.0""]",unknown,cycle_index,high,explicit cycle index/name
SNL LFP.zip,SNL LFP/SNL_18650_LFP_25C_40-60_0.5-3C_a_cycle_data.csv,SNL_18650_LFP_25C_40-60_0.5-3C_a_cycle_data.csv,schema_d2669a99bc63,Start_Time,start_time,2,str,50,0,"[""2017-08-07 08:51:22.003697"", ""2017-08-07 13:16:37.057719"", ""2017-08-07 17:40:42.672440"", ""2017-08-07 22:04:15.011510"", ""2017-08-08 00:41:48.089153""]",unknown,date_or_timestamp,high,explicit date/time column
SNL LFP.zip,SNL LFP/SNL_18650_LFP_25C_40-60_0.5-3C_a_cycle_data.csv,SNL_18650_LFP_25C_40-60_0.5-3C_a_cycle_data.csv,schema_d2669a99bc63,End_Time,end_time,3,str,50,0,"[""2017-08-07 13:16:37.026889"", ""2017-08-07 17:40:42.651211"", ""2017-08-07 22:04:15.011403"", ""2017-08-08 00:39:48.025211"", ""2017-08-08 01:17:49.035117""]",unknown,date_or_timestamp,high,explicit date/time column
SNL LFP.zip,SNL LFP/SNL_18650_LFP_25C_40-60_0.5-3C_a_cycle_data.csv,SNL_18650_LFP_25C_40-60_0.5-3C_a_cycle_data.csv,schema_d2669a99bc63,Test_Time (s),test_time_s,4,float64,50,0,"[""15925.026"", ""31770.651"", ""47583.011"", ""56916.025"", ""59197.035""]",s,elapsed_time,high,explicit elapsed/test time column
SNL LFP.zip,SNL LFP/SNL_18650_LFP_25C_40-60_0.5-3C_a_cycle_data.csv,SNL_18650_LFP_25C_40-60_0.5-3C_a_cycle_data.csv,schema_d2669a99bc63,Min_Current (A),min_current_a,5,float64,50,0,"[""-0.55"", ""-3.3""]",A,unknown,none,"observed electrical measurement, not a requested mapping target"
SNL LFP.zip,SNL LFP/SNL_18650_LFP_25C_40-60_0.5-3C_a_cycle_data.csv,SNL_18650_LFP_25C_40-60_0.5-3C_a_cycle_data.csv,schema_d2669a99bc63,Max_Current (A),max_current_a,6,float64,50,0,"[""0.55"", ""0.549""]",A,unknown,none,"observed electrical measurement, not a requested mapping target"
SNL LFP.zip,SNL LFP/SNL_18650_LFP_25C_40-60_0.5-3C_a_cycle_data.csv,SNL_18650_LFP_25C_40-60_0.5-3C_a_cycle_data.csv,schema_d2669a99bc63,Min_Voltage (V),min_voltage_v,7,float64,50,0,"[""1.998"", ""1.999"", ""2.695"", ""3.062"", ""3.059""]",V,unknown,none,"observed electrical measurement, not a requested mapping target"
SNL LFP.zip,SNL LFP/SNL_18650_LFP_25C_40-60_0.5-3C_a_cycle_data.csv,SNL_18650_LFP_25C_40-60_0.5-3C_a_cycle_data.csv,schema_d2669a99bc63,Max_Voltage (V),max_voltage_v,8,float64,50,0,"[""3.6"", ""3.351"", ""3.352"", ""3.353"", ""3.354""]",V,unknown,none,"observed electrical measurement, not a requested mapping target"
SNL LFP.zip,SNL LFP/SNL_18650_LFP_25C_40-60_0.5-3C_a_cycle_data.csv,SNL_18650_LFP_25C_40-60_0.5-3C_a_cycle_data.csv,schema_d2669a99bc63,Charge_Capacity (Ah),charge_capacity_ah,9,float64,50,0,"[""1.045"", ""1.069"", ""1.04"", ""0.22""]",Ah,charge_capacity,high,explicit charge capacity column
SNL LFP.zip,SNL LFP/SNL_18650_LFP_25C_40-60_0.5-3C_a_cycle_data.csv,SNL_18650_LFP_25C_40-60_0.5-3C_a_cycle_data.csv,schema_d2669a99bc63,Discharge_Capacity (Ah),discharge_capacity_ah,10,float64,50,0,"[""1.064"", ""1.066"", ""1.067"", ""0.66"", ""0.22""]",Ah,discharge_capacity,high,explicit discharge capacity column
SNL LFP.zip,SNL LFP/SNL_18650_LFP_25C_40-60_0.5-3C_a_cycle_data.csv,SNL_18650_LFP_25C_40-60_0.5-3C_a_cycle_data.csv,schema_d2669a99bc63,Charge_Energy (Wh),charge_energy_wh,11,float64,50,0,"[""3.52"", ""3.582"", ""3.581"", ""3.476"", ""0.735""]",Wh,charge_energy,high,explicit charge energy column
SNL LFP.zip,SNL LFP/SNL_18650_LFP_25C_40-60_0.5-3C_a_cycle_data.csv,SNL_18650_LFP_25C_40-60_0.5-3C_a_cycle_data.csv,schema_d2669a99bc63,Discharge_Energy (Wh),discharge_energy_wh,12,float64,50,0,"[""3.426"", ""3.434"", ""3.436"", ""2.058"", ""0.682""]",Wh,discharge_energy,high,explicit discharge energy column
SNL LFP.zip,SNL LFP/SNL_18650_LFP_25C_40-60_0.5-3C_b_cycle_data.csv,SNL_18650_LFP_25C_40-60_0.5-3C_b_cycle_data.csv,schema_d2669a99bc63,Cycle_Index,cycle_index,1,float64,50,0,"[""1.0"", ""2.0"", ""3.0"", ""4.0"", ""5.0""]",unknown,cycle_index,high,explicit cycle index/name
SNL LFP.zip,SNL LFP/SNL_18650_LFP_25C_40-60_0.5-3C_b_cycle_data.csv,SNL_18650_LFP_25C_40-60_0.5-3C_b_cycle_data.csv,schema_d2669a99bc63,Start_Time,start_time,2,str,50,0,"[""2017-08-07 08:51:29.133878"", ""2017-08-07 13:12:38.875267"", ""2017-08-07 17:32:20.851514"", ""2017-08-07 21:51:27.698037"", ""2017-08-08 00:27:25.299430""]",unknown,date_or_timestamp,high,explicit date/time column
SNL LFP.zip,SNL LFP/SNL_18650_LFP_25C_40-60_0.5-3C_b_cycle_data.csv,SNL_18650_LFP_25C_40-60_0.5-3C_b_cycle_data.csv,schema_d2669a99bc63,End_Time,end_time,3,str,50,0,"[""2017-08-07 13:12:38.718352"", ""2017-08-07 17:32:20.726344"", ""2017-08-07 21:51:27.697917"", ""2017-08-08 00:25:25.270562"", ""2017-08-08 01:03:26.709275""]",unknown,date_or_timestamp,high,explicit date/time column
SNL LFP.zip,SNL LFP/SNL_18650_LFP_25C_40-60_0.5-3C_b_cycle_data.csv,SNL_18650_LFP_25C_40-60_0.5-3C_b_cycle_data.csv,schema_d2669a99bc63,Test_Time (s),test_time_s,4,float64,50,0,"[""15679.718"", ""31261.726"", ""46808.697"", ""56046.27"", ""58327.709""]",s,elapsed_time,high,explicit elapsed/test time column
SNL LFP.zip,SNL LFP/SNL_18650_LFP_25C_40-60_0.5-3C_b_cycle_data.csv,SNL_18650_LFP_25C_40-60_0.5-3C_b_cycle_data.csv,schema_d2669a99bc63,Min_Current (A),min_current_a,5,float64,50,0,"[""-0.55"", ""-3.3""]",A,unknown,none,"observed electrical measurement, not a requested mapping target"
SNL LFP.zip,SNL LFP/SNL_18650_LFP_25C_40-60_0.5-3C_b_cycle_data.csv,SNL_18650_LFP_25C_40-60_0.5-3C_b_cycle_data.csv,schema_d2669a99bc63,Max_Current (A),max_current_a,6,float64,50,0,"[""0.549""]",A,unknown,none,"observed electrical measurement, not a requested mapping target"
SNL LFP.zip,SNL LFP/SNL_18650_LFP_25C_40-60_0.5-3C_b_cycle_data.csv,SNL_18650_LFP_25C_40-60_0.5-3C_b_cycle_data.csv,schema_d2669a99bc63,Min_Voltage (V),min_voltage_v,7,float64,50,0,"[""1.999"", ""1.998"", ""2.68"", ""3.057"", ""3.055""]",V,unknown,none,"observed electrical measurement, not a requested mapping target"
SNL LFP.zip,SNL LFP/SNL_18650_LFP_25C_40-60_0.5-3C_b_cycle_data.csv,SNL_18650_LFP_25C_40-60_0.5-3C_b_cycle_data.csv,schema_d2669a99bc63,Max_Voltage (V),max_voltage_v,8,float64,50,0,"[""3.6"", ""3.351"", ""3.352"", ""3.353"", ""3.354""]",V,unknown,none,"observed electrical measurement, not a requested mapping target"
SNL LFP.zip,SNL LFP/SNL_18650_LFP_25C_40-60_0.5-3C_b_cycle_data.csv,SNL_18650_LFP_25C_40-60_0.5-3C_b_cycle_data.csv,schema_d2669a99bc63,Charge_Capacity (Ah),charge_capacity_ah,9,float64,50,0,"[""1.028"", ""1.052"", ""1.051"", ""1.025"", ""0.22""]",Ah,charge_capacity,high,explicit charge capacity column
SNL LFP.zip,SNL LFP/SNL_18650_LFP_25C_40-60_0.5-3C_b_cycle_data.csv,SNL_18650_LFP_25C_40-60_0.5-3C_b_cycle_data.csv,schema_d2669a99bc63,Discharge_Capacity (Ah),discharge_capacity_ah,10,float64,50,0,"[""1.05"", ""1.052"", ""1.053"", ""0.66"", ""0.22""]",Ah,discharge_capacity,high,explicit discharge capacity column
SNL LFP.zip,SNL LFP/SNL_18650_LFP_25C_40-60_0.5-3C_b_cycle_data.csv,SNL_18650_LFP_25C_40-60_0.5-3C_b_cycle_data.csv,schema_d2669a99bc63,Charge_Energy (Wh),charge_energy_wh,11,float64,50,0,"[""3.463"", ""3.523"", ""3.521"", ""3.425"", ""0.735""]",Wh,charge_energy,high,explicit charge energy column
SNL LFP.zip,SNL LFP/SNL_18650_LFP_25C_40-60_0.5-3C_b_cycle_data.csv,SNL_18650_LFP_25C_40-60_0.5-3C_b_cycle_data.csv,schema_d2669a99bc63,Discharge_Energy (Wh),discharge_energy_wh,12,float64,50,0,"[""3.381"", ""3.388"", ""3.39"", ""2.055"", ""0.682""]",Wh,discharge_energy,high,explicit discharge energy column
SNL LFP.zip,SNL LFP/SNL_18650_LFP_35C_0-100_0.5-1C_a_cycle_data.csv,SNL_18650_LFP_35C_0-100_0.5-1C_a_cycle_data.csv,schema_d2669a99bc63,Cycle_Index,cycle_index,1,float64,50,0,"[""1.0"", ""2.0"", ""3.0"", ""4.0"", ""5.0""]",unknown,cycle_index,high,explicit cycle index/name
SNL LFP.zip,SNL LFP/SNL_18650_LFP_35C_0-100_0.5-1C_a_cycle_data.csv,SNL_18650_LFP_35C_0-100_0.5-1C_a_cycle_data.csv,schema_d2669a99bc63,Start_Time,start_time,2,str,50,0,"[""2018-02-27 13:05:36.323500"", ""2018-02-27 17:29:09.676288"", ""2018-02-27 21:52:13.984548"", ""2018-02-28 02:14:57.764032"", ""2018-02-28 08:50:58.853440""]",unknown,date_or_timestamp,high,explicit date/time column
SNL LFP.zip,SNL LFP/SNL_18650_LFP_35C_0-100_0.5-1C_a_cycle_data.csv,SNL_18650_LFP_35C_0-100_0.5-1C_a_cycle_data.csv,schema_d2669a99bc63,End_Time,end_time,3,str,50,0,"[""2018-02-27 17:29:09.656196"", ""2018-02-27 21:52:13.965860"", ""2018-02-28 02:14:57.744396"", ""2018-02-28 08:50:58.842104"", ""2018-02-28 12:03:03.701984""]",unknown,date_or_timestamp,high,explicit date/time column
SNL LFP.zip,SNL LFP/SNL_18650_LFP_35C_0-100_0.5-1C_a_cycle_data.csv,SNL_18650_LFP_35C_0-100_0.5-1C_a_cycle_data.csv,schema_d2669a99bc63,Test_Time (s),test_time_s,4,float64,50,0,"[""15823.334"", ""31607.643"", ""47371.422"", ""71132.52"", ""82657.379""]",s,elapsed_time,high,explicit elapsed/test time column
SNL LFP.zip,SNL LFP/SNL_18650_LFP_35C_0-100_0.5-1C_a_cycle_data.csv,SNL_18650_LFP_35C_0-100_0.5-1C_a_cycle_data.csv,schema_d2669a99bc63,Min_Current (A),min_current_a,5,float64,50,0,"[""-0.55"", ""-0.549"", ""-1.1"", ""-1.099""]",A,unknown,none,"observed electrical measurement, not a requested mapping target"
SNL LFP.zip,SNL LFP/SNL_18650_LFP_35C_0-100_0.5-1C_a_cycle_data.csv,SNL_18650_LFP_35C_0-100_0.5-1C_a_cycle_data.csv,schema_d2669a99bc63,Max_Current (A),max_current_a,6,float64,50,0,"[""0.55"", ""0.549""]",A,unknown,none,"observed electrical measurement, not a requested mapping target"
SNL LFP.zip,SNL LFP/SNL_18650_LFP_35C_0-100_0.5-1C_a_cycle_data.csv,SNL_18650_LFP_35C_0-100_0.5-1C_a_cycle_data.csv,schema_d2669a99bc63,Min_Voltage (V),min_voltage_v,7,float64,50,0,"[""1.999"", ""1.994"", ""1.996"", ""1.995""]",V,unknown,none,"observed electrical measurement, not a requested mapping target"
SNL LFP.zip,SNL LFP/SNL_18650_LFP_35C_0-100_0.5-1C_a_cycle_data.csv,SNL_18650_LFP_35C_0-100_0.5-1C_a_cycle_data.csv,schema_d2669a99bc63,Max_Voltage (V),max_voltage_v,8,float64,50,0,"[""3.6""]",V,unknown,none,"observed electrical measurement, not a requested mapping target"
SNL LFP.zip,SNL LFP/SNL_18650_LFP_35C_0-100_0.5-1C_a_cycle_data.csv,SNL_18650_LFP_35C_0-100_0.5-1C_a_cycle_data.csv,schema_d2669a99bc63,Charge_Capacity (Ah),charge_capacity_ah,9,float64,50,0,"[""1.06"", ""1.078"", ""2.15"", ""1.073"", ""1.072""]",Ah,charge_capacity,high,explicit charge capacity column
SNL LFP.zip,SNL LFP/SNL_18650_LFP_35C_0-100_0.5-1C_a_cycle_data.csv,SNL_18650_LFP_35C_0-100_0.5-1C_a_cycle_data.csv,schema_d2669a99bc63,Discharge_Capacity (Ah),discharge_capacity_ah,10,float64,50,0,"[""1.076"", ""1.077"", ""2.143"", ""1.071"", ""1.07""]",Ah,discharge_capacity,high,explicit discharge capacity column
SNL LFP.zip,SNL LFP/SNL_18650_LFP_35C_0-100_0.5-1C_a_cycle_data.csv,SNL_18650_LFP_35C_0-100_0.5-1C_a_cycle_data.csv,schema_d2669a99bc63,Charge_Energy (Wh),charge_energy_wh,11,float64,50,0,"[""3.571"", ""3.617"", ""3.615"", ""7.212"", ""3.595""]",Wh,charge_energy,high,explicit charge energy column
SNL LFP.zip,SNL LFP/SNL_18650_LFP_35C_0-100_0.5-1C_a_cycle_data.csv,SNL_18650_LFP_35C_0-100_0.5-1C_a_cycle_data.csv,schema_d2669a99bc63,Discharge_Energy (Wh),discharge_energy_wh,12,float64,50,0,"[""3.46"", ""3.464"", ""6.797"", ""3.398"", ""3.396""]",Wh,discharge_energy,high,explicit discharge energy column
SNL LFP.zip,SNL LFP/SNL_18650_LFP_35C_0-100_0.5-1C_b_cycle_data.csv,SNL_18650_LFP_35C_0-100_0.5-1C_b_cycle_data.csv,schema_d2669a99bc63,Cycle_Index,cycle_index,1,float64,50,0,"[""1.0"", ""2.0"", ""3.0"", ""4.0"", ""5.0""]",unknown,cycle_index,high,explicit cycle index/name
SNL LFP.zip,SNL LFP/SNL_18650_LFP_35C_0-100_0.5-1C_b_cycle_data.csv,SNL_18650_LFP_35C_0-100_0.5-1C_b_cycle_data.csv,schema_d2669a99bc63,Start_Time,start_time,2,str,50,0,"[""2018-02-27 13:05:47.204900"", ""2018-02-27 17:22:01.062432"", ""2018-02-27 21:37:42.248076"", ""2018-02-28 01:53:02.802600"", ""2018-02-28 08:18:06.478916""]",unknown,date_or_timestamp,high,explicit date/time column
SNL LFP.zip,SNL LFP/SNL_18650_LFP_35C_0-100_0.5-1C_b_cycle_data.csv,SNL_18650_LFP_35C_0-100_0.5-1C_b_cycle_data.csv,schema_d2669a99bc63,End_Time,end_time,3,str,50,0,"[""2018-02-27 17:22:01.039988"", ""2018-02-27 21:37:42.234028"", ""2018-02-28 01:53:02.783560"", ""2018-02-28 08:18:06.459008"", ""2018-02-28 11:24:33.613808""]",unknown,date_or_timestamp,high,explicit date/time column
SNL LFP.zip,SNL LFP/SNL_18650_LFP_35C_0-100_0.5-1C_b_cycle_data.csv,SNL_18650_LFP_35C_0-100_0.5-1C_b_cycle_data.csv,schema_d2669a99bc63,Test_Time (s),test_time_s,4,float64,50,0,"[""15383.836"", ""30725.031"", ""46045.58"", ""69149.256"", ""80336.41""]",s,elapsed_time,high,explicit elapsed/test time column
SNL LFP.zip,SNL LFP/SNL_18650_LFP_35C_0-100_0.5-1C_b_cycle_data.csv,SNL_18650_LFP_35C_0-100_0.5-1C_b_cycle_data.csv,schema_d2669a99bc63,Min_Current (A),min_current_a,5,float64,50,0,"[""-0.55"", ""-1.1"", ""-1.099""]",A,unknown,none,"observed electrical measurement, not a requested mapping target"
SNL LFP.zip,SNL LFP/SNL_18650_LFP_35C_0-100_0.5-1C_b_cycle_data.csv,SNL_18650_LFP_35C_0-100_0.5-1C_b_cycle_data.csv,schema_d2669a99bc63,Max_Current (A),max_current_a,6,float64,50,0,"[""0.55"", ""0.549""]",A,unknown,none,"observed electrical measurement, not a requested mapping target"
SNL LFP.zip,SNL LFP/SNL_18650_LFP_35C_0-100_0.5-1C_b_cycle_data.csv,SNL_18650_LFP_35C_0-100_0.5-1C_b_cycle_data.csv,schema_d2669a99bc63,Min_Voltage (V),min_voltage_v,7,float64,50,0,"[""1.999"", ""1.995"", ""1.996"", ""1.994""]",V,unknown,none,"observed electrical measurement, not a requested mapping target"
SNL LFP.zip,SNL LFP/SNL_18650_LFP_35C_0-100_0.5-1C_b_cycle_data.csv,SNL_18650_LFP_35C_0-100_0.5-1C_b_cycle_data.csv,schema_d2669a99bc63,Max_Voltage (V),max_voltage_v,8,float64,50,0,"[""3.6""]",V,unknown,none,"observed electrical measurement, not a requested mapping target"
SNL LFP.zip,SNL LFP/SNL_18650_LFP_35C_0-100_0.5-1C_b_cycle_data.csv,SNL_18650_LFP_35C_0-100_0.5-1C_b_cycle_data.csv,schema_d2669a99bc63,Charge_Capacity (Ah),charge_capacity_ah,9,float64,50,0,"[""1.03"", ""1.047"", ""1.046"", ""2.085"", ""1.04""]",Ah,charge_capacity,high,explicit charge capacity column
SNL LFP.zip,SNL LFP/SNL_18650_LFP_35C_0-100_0.5-1C_b_cycle_data.csv,SNL_18650_LFP_35C_0-100_0.5-1C_b_cycle_data.csv,schema_d2669a99bc63,Discharge_Capacity (Ah),discharge_capacity_ah,10,float64,50,0,"[""1.046"", ""1.045"", ""2.077"", ""1.039"", ""1.038""]",Ah,discharge_capacity,high,explicit discharge capacity column
SNL LFP.zip,SNL LFP/SNL_18650_LFP_35C_0-100_0.5-1C_b_cycle_data.csv,SNL_18650_LFP_35C_0-100_0.5-1C_b_cycle_data.csv,schema_d2669a99bc63,Charge_Energy (Wh),charge_energy_wh,11,float64,50,0,"[""3.469"", ""3.511"", ""3.507"", ""6.992"", ""3.484""]",Wh,charge_energy,high,explicit charge energy column
SNL LFP.zip,SNL LFP/SNL_18650_LFP_35C_0-100_0.5-1C_b_cycle_data.csv,SNL_18650_LFP_35C_0-100_0.5-1C_b_cycle_data.csv,schema_d2669a99bc63,Discharge_Energy (Wh),discharge_energy_wh,12,float64,50,0,"[""3.364"", ""3.362"", ""3.361"", ""6.584"", ""3.294""]",Wh,discharge_energy,high,explicit discharge energy column
SNL LFP.zip,SNL LFP/SNL_18650_LFP_35C_0-100_0.5-1C_c_cycle_data.csv,SNL_18650_LFP_35C_0-100_0.5-1C_c_cycle_data.csv,schema_d2669a99bc63,Cycle_Index,cycle_index,1,float64,50,0,"[""1.0"", ""2.0"", ""3.0"", ""4.0"", ""5.0""]",unknown,cycle_index,high,explicit cycle index/name
SNL LFP.zip,SNL LFP/SNL_18650_LFP_35C_0-100_0.5-1C_c_cycle_data.csv,SNL_18650_LFP_35C_0-100_0.5-1C_c_cycle_data.csv,schema_d2669a99bc63,Start_Time,start_time,2,str,50,0,"[""2018-02-27 13:08:34.813900"", ""2018-02-27 17:27:22.532276"", ""2018-02-27 21:45:44.547612"", ""2018-02-28 02:03:42.484792"", ""2018-02-28 08:31:58.727452""]",unknown,date_or_timestamp,high,explicit date/time column
SNL LFP.zip,SNL LFP/SNL_18650_LFP_35C_0-100_0.5-1C_c_cycle_data.csv,SNL_18650_LFP_35C_0-100_0.5-1C_c_cycle_data.csv,schema_d2669a99bc63,End_Time,end_time,3,str,50,0,"[""2018-02-27 17:27:22.513856"", ""2018-02-27 21:45:44.532168"", ""2018-02-28 02:03:42.465252"", ""2018-02-28 08:31:58.716244"", ""2018-02-28 11:39:53.828644""]",unknown,date_or_timestamp,high,explicit date/time column
SNL LFP.zip,SNL LFP/SNL_18650_LFP_35C_0-100_0.5-1C_c_cycle_data.csv,SNL_18650_LFP_35C_0-100_0.5-1C_c_cycle_data.csv,schema_d2669a99bc63,Test_Time (s),test_time_s,4,float64,50,0,"[""15537.7"", ""31039.719"", ""46517.652"", ""69813.903"", ""81089.015""]",s,elapsed_time,high,explicit elapsed/test time column
SNL LFP.zip,SNL LFP/SNL_18650_LFP_35C_0-100_0.5-1C_c_cycle_data.csv,SNL_18650_LFP_35C_0-100_0.5-1C_c_cycle_data.csv,schema_d2669a99bc63,Min_Current (A),min_current_a,5,float64,50,0,"[""-0.55"", ""-1.1""]",A,unknown,none,"observed electrical measurement, not a requested mapping target"
SNL LFP.zip,SNL LFP/SNL_18650_LFP_35C_0-100_0.5-1C_c_cycle_data.csv,SNL_18650_LFP_35C_0-100_0.5-1C_c_cycle_data.csv,schema_d2669a99bc63,Max_Current (A),max_current_a,6,float64,50,0,"[""0.55""]",A,unknown,none,"observed electrical measurement, not a requested mapping target"
SNL LFP.zip,SNL LFP/SNL_18650_LFP_35C_0-100_0.5-1C_c_cycle_data.csv,SNL_18650_LFP_35C_0-100_0.5-1C_c_cycle_data.csv,schema_d2669a99bc63,Min_Voltage (V),min_voltage_v,7,float64,50,0,"[""1.999"", ""1.995"", ""1.994""]",V,unknown,none,"observed electrical measurement, not a requested mapping target"
SNL LFP.zip,SNL LFP/SNL_18650_LFP_35C_0-100_0.5-1C_c_cycle_data.csv,SNL_18650_LFP_35C_0-100_0.5-1C_c_cycle_data.csv,schema_d2669a99bc63,Max_Voltage (V),max_voltage_v,8,float64,50,0,"[""3.6""]",V,unknown,none,"observed electrical measurement, not a requested mapping target"
SNL LFP.zip,SNL LFP/SNL_18650_LFP_35C_0-100_0.5-1C_c_cycle_data.csv,SNL_18650_LFP_35C_0-100_0.5-1C_c_cycle_data.csv,schema_d2669a99bc63,Charge_Capacity (Ah),charge_capacity_ah,9,float64,50,0,"[""1.043"", ""1.06"", ""1.059"", ""2.112"", ""1.054""]",Ah,charge_capacity,high,explicit charge capacity column
SNL LFP.zip,SNL LFP/SNL_18650_LFP_35C_0-100_0.5-1C_c_cycle_data.csv,SNL_18650_LFP_35C_0-100_0.5-1C_c_cycle_data.csv,schema_d2669a99bc63,Discharge_Capacity (Ah),discharge_capacity_ah,10,float64,50,0,"[""1.057"", ""1.058"", ""2.104"", ""1.052"", ""1.051""]",Ah,discharge_capacity,high,explicit discharge capacity column
SNL LFP.zip,SNL LFP/SNL_18650_LFP_35C_0-100_0.5-1C_c_cycle_data.csv,SNL_18650_LFP_35C_0-100_0.5-1C_c_cycle_data.csv,schema_d2669a99bc63,Charge_Energy (Wh),charge_energy_wh,11,float64,50,0,"[""3.511"", ""3.553"", ""3.549"", ""7.078"", ""3.526""]",Wh,charge_energy,high,explicit charge energy column
SNL LFP.zip,SNL LFP/SNL_18650_LFP_35C_0-100_0.5-1C_c_cycle_data.csv,SNL_18650_LFP_35C_0-100_0.5-1C_c_cycle_data.csv,schema_d2669a99bc63,Discharge_Energy (Wh),discharge_energy_wh,12,float64,50,0,"[""3.401"", ""3.403"", ""6.68"", ""3.339"", ""3.338""]",Wh,discharge_energy,high,explicit discharge energy column
SNL LFP.zip,SNL LFP/SNL_18650_LFP_35C_0-100_0.5-1C_d_cycle_data.csv,SNL_18650_LFP_35C_0-100_0.5-1C_d_cycle_data.csv,schema_d2669a99bc63,Cycle_Index,cycle_index,1,float64,50,0,"[""1.0"", ""2.0"", ""3.0"", ""4.0"", ""5.0""]",unknown,cycle_index,high,explicit cycle index/name
SNL LFP.zip,SNL LFP/SNL_18650_LFP_35C_0-100_0.5-1C_d_cycle_data.csv,SNL_18650_LFP_35C_0-100_0.5-1C_d_cycle_data.csv,schema_d2669a99bc63,Start_Time,start_time,2,str,50,0,"[""2018-02-27 13:08:19.324000"", ""2018-02-27 17:25:58.094660"", ""2018-02-27 21:43:25.655172"", ""2018-02-28 02:00:39.194756"", ""2018-02-28 08:27:42.982476""]",unknown,date_or_timestamp,high,explicit date/time column
SNL LFP.zip,SNL LFP/SNL_18650_LFP_35C_0-100_0.5-1C_d_cycle_data.csv,SNL_18650_LFP_35C_0-100_0.5-1C_d_cycle_data.csv,schema_d2669a99bc63,End_Time,end_time,3,str,50,0,"[""2018-02-27 17:25:58.075536"", ""2018-02-27 21:43:25.640084"", ""2018-02-28 02:00:39.178012"", ""2018-02-28 08:27:42.965040"", ""2018-02-28 11:35:11.716800""]",unknown,date_or_timestamp,high,explicit date/time column
SNL LFP.zip,SNL LFP/SNL_18650_LFP_35C_0-100_0.5-1C_d_cycle_data.csv,SNL_18650_LFP_35C_0-100_0.5-1C_d_cycle_data.csv,schema_d2669a99bc63,Test_Time (s),test_time_s,4,float64,50,0,"[""15468.752"", ""30916.317"", ""46349.855"", ""69573.642"", ""80822.393""]",s,elapsed_time,high,explicit elapsed/test time column
SNL LFP.zip,SNL LFP/SNL_18650_LFP_35C_0-100_0.5-1C_d_cycle_data.csv,SNL_18650_LFP_35C_0-100_0.5-1C_d_cycle_data.csv,schema_d2669a99bc63,Min_Current (A),min_current_a,5,float64,50,0,"[""-0.55"", ""-1.1""]",A,unknown,none,"observed electrical measurement, not a requested mapping target"
SNL LFP.zip,SNL LFP/SNL_18650_LFP_35C_0-100_0.5-1C_d_cycle_data.csv,SNL_18650_LFP_35C_0-100_0.5-1C_d_cycle_data.csv,schema_d2669a99bc63,Max_Current (A),max_current_a,6,float64,50,0,"[""0.55""]",A,unknown,none,"observed electrical measurement, not a requested mapping target"
SNL LFP.zip,SNL LFP/SNL_18650_LFP_35C_0-100_0.5-1C_d_cycle_data.csv,SNL_18650_LFP_35C_0-100_0.5-1C_d_cycle_data.csv,schema_d2669a99bc63,Min_Voltage (V),min_voltage_v,7,float64,50,0,"[""1.999"", ""1.995"", ""1.996"", ""1.994""]",V,unknown,none,"observed electrical measurement, not a requested mapping target"
SNL LFP.zip,SNL LFP/SNL_18650_LFP_35C_0-100_0.5-1C_d_cycle_data.csv,SNL_18650_LFP_35C_0-100_0.5-1C_d_cycle_data.csv,schema_d2669a99bc63,Max_Voltage (V),max_voltage_v,8,float64,50,0,"[""3.6""]",V,unknown,none,"observed electrical measurement, not a requested mapping target"
SNL LFP.zip,SNL LFP/SNL_18650_LFP_35C_0-100_0.5-1C_d_cycle_data.csv,SNL_18650_LFP_35C_0-100_0.5-1C_d_cycle_data.csv,schema_d2669a99bc63,Charge_Capacity (Ah),charge_capacity_ah,9,float64,50,0,"[""1.044"", ""1.061"", ""2.117"", ""1.056"", ""1.055""]",Ah,charge_capacity,high,explicit charge capacity column
SNL LFP.zip,SNL LFP/SNL_18650_LFP_35C_0-100_0.5-1C_d_cycle_data.csv,SNL_18650_LFP_35C_0-100_0.5-1C_d_cycle_data.csv,schema_d2669a99bc63,Discharge_Capacity (Ah),discharge_capacity_ah,10,float64,50,0,"[""1.059"", ""2.109"", ""1.054"", ""1.053"", ""1.052""]",Ah,discharge_capacity,high,explicit discharge capacity column
SNL LFP.zip,SNL LFP/SNL_18650_LFP_35C_0-100_0.5-1C_d_cycle_data.csv,SNL_18650_LFP_35C_0-100_0.5-1C_d_cycle_data.csv,schema_d2669a99bc63,Charge_Energy (Wh),charge_energy_wh,11,float64,50,0,"[""3.512"", ""3.558"", ""3.555"", ""7.093"", ""3.535""]",Wh,charge_energy,high,explicit charge energy column
SNL LFP.zip,SNL LFP/SNL_18650_LFP_35C_0-100_0.5-1C_d_cycle_data.csv,SNL_18650_LFP_35C_0-100_0.5-1C_d_cycle_data.csv,schema_d2669a99bc63,Discharge_Energy (Wh),discharge_energy_wh,12,float64,50,0,"[""3.403"", ""3.405"", ""3.404"", ""6.687"", ""3.343""]",Wh,discharge_energy,high,explicit discharge energy column
SNL LFP.zip,SNL LFP/SNL_18650_LFP_35C_0-100_0.5-2C_a_cycle_data.csv,SNL_18650_LFP_35C_0-100_0.5-2C_a_cycle_data.csv,schema_d2669a99bc63,Cycle_Index,cycle_index,1,float64,50,0,"[""1.0"", ""2.0"", ""3.0"", ""4.0"", ""5.0""]",unknown,cycle_index,high,explicit cycle index/name
SNL LFP.zip,SNL LFP/SNL_18650_LFP_35C_0-100_0.5-2C_a_cycle_data.csv,SNL_18650_LFP_35C_0-100_0.5-2C_a_cycle_data.csv,schema_d2669a99bc63,Start_Time,start_time,2,str,50,0,"[""2018-02-27 13:08:10.342100"", ""2018-02-27 17:26:44.640628"", ""2018-02-27 21:45:00.803132"", ""2018-02-28 02:02:58.027408"", ""2018-02-28 07:32:26.711952""]",unknown,date_or_timestamp,high,explicit date/time column
SNL LFP.zip,SNL LFP/SNL_18650_LFP_35C_0-100_0.5-2C_a_cycle_data.csv,SNL_18650_LFP_35C_0-100_0.5-2C_a_cycle_data.csv,schema_d2669a99bc63,End_Time,end_time,3,str,50,0,"[""2018-02-27 17:26:44.624888"", ""2018-02-27 21:45:00.788388"", ""2018-02-28 02:02:58.008572"", ""2018-02-28 07:32:26.693092"", ""2018-02-28 10:10:57.514244""]",unknown,date_or_timestamp,high,explicit date/time column
SNL LFP.zip,SNL LFP/SNL_18650_LFP_35C_0-100_0.5-2C_a_cycle_data.csv,SNL_18650_LFP_35C_0-100_0.5-2C_a_cycle_data.csv,schema_d2669a99bc63,Test_Time (s),test_time_s,4,float64,50,0,"[""15524.284"", ""31020.448"", ""46497.668"", ""66266.353"", ""75777.174""]",s,elapsed_time,high,explicit elapsed/test time column
SNL LFP.zip,SNL LFP/SNL_18650_LFP_35C_0-100_0.5-2C_a_cycle_data.csv,SNL_18650_LFP_35C_0-100_0.5-2C_a_cycle_data.csv,schema_d2669a99bc63,Min_Current (A),min_current_a,5,float64,50,0,"[""-0.549"", ""-0.55"", ""-2.2""]",A,unknown,none,"observed electrical measurement, not a requested mapping target"
SNL LFP.zip,SNL LFP/SNL_18650_LFP_35C_0-100_0.5-2C_a_cycle_data.csv,SNL_18650_LFP_35C_0-100_0.5-2C_a_cycle_data.csv,schema_d2669a99bc63,Max_Current (A),max_current_a,6,float64,50,0,"[""0.55"", ""0.549""]",A,unknown,none,"observed electrical measurement, not a requested mapping target"
SNL LFP.zip,SNL LFP/SNL_18650_LFP_35C_0-100_0.5-2C_a_cycle_data.csv,SNL_18650_LFP_35C_0-100_0.5-2C_a_cycle_data.csv,schema_d2669a99bc63,Min_Voltage (V),min_voltage_v,7,float64,50,0,"[""1.999"", ""1.997"", ""1.988"", ""1.987"", ""1.989""]",V,unknown,none,"observed electrical measurement, not a requested mapping target"
SNL LFP.zip,SNL LFP/SNL_18650_LFP_35C_0-100_0.5-2C_a_cycle_data.csv,SNL_18650_LFP_35C_0-100_0.5-2C_a_cycle_data.csv,schema_d2669a99bc63,Max_Voltage (V),max_voltage_v,8,float64,50,0,"[""3.6""]",V,unknown,none,"observed electrical measurement, not a requested mapping target"
SNL LFP.zip,SNL LFP/SNL_18650_LFP_35C_0-100_0.5-2C_a_cycle_data.csv,SNL_18650_LFP_35C_0-100_0.5-2C_a_cycle_data.csv,schema_d2669a99bc63,Charge_Capacity (Ah),charge_capacity_ah,9,float64,50,0,"[""1.048"", ""1.066"", ""2.125"", ""1.06"", ""1.059""]",Ah,charge_capacity,high,explicit charge capacity column
SNL LFP.zip,SNL LFP/SNL_18650_LFP_35C_0-100_0.5-2C_a_cycle_data.csv,SNL_18650_LFP_35C_0-100_0.5-2C_a_cycle_data.csv,schema_d2669a99bc63,Discharge_Capacity (Ah),discharge_capacity_ah,10,float64,50,0,"[""1.064"", ""1.065"", ""2.117"", ""1.058"", ""1.057""]",Ah,discharge_capacity,high,explicit discharge capacity column
SNL LFP.zip,SNL LFP/SNL_18650_LFP_35C_0-100_0.5-2C_a_cycle_data.csv,SNL_18650_LFP_35C_0-100_0.5-2C_a_cycle_data.csv,schema_d2669a99bc63,Charge_Energy (Wh),charge_energy_wh,11,float64,50,0,"[""3.529"", ""3.576"", ""3.573"", ""7.126"", ""3.55""]",Wh,charge_energy,high,explicit charge energy column
SNL LFP.zip,SNL LFP/SNL_18650_LFP_35C_0-100_0.5-2C_a_cycle_data.csv,SNL_18650_LFP_35C_0-100_0.5-2C_a_cycle_data.csv,schema_d2669a99bc63,Discharge_Energy (Wh),discharge_energy_wh,12,float64,50,0,"[""3.419"", ""3.421"", ""3.422"", ""6.512"", ""3.256""]",Wh,discharge_energy,high,explicit discharge energy column
SNL LFP.zip,SNL LFP/SNL_18650_LFP_35C_0-100_0.5-2C_b_cycle_data.csv,SNL_18650_LFP_35C_0-100_0.5-2C_b_cycle_data.csv,schema_d2669a99bc63,Cycle_Index,cycle_index,1,float64,50,0,"[""1.0"", ""2.0"", ""3.0"", ""4.0"", ""5.0""]",unknown,cycle_index,high,explicit cycle index/name
SNL LFP.zip,SNL LFP/SNL_18650_LFP_35C_0-100_0.5-2C_b_cycle_data.csv,SNL_18650_LFP_35C_0-100_0.5-2C_b_cycle_data.csv,schema_d2669a99bc63,Start_Time,start_time,2,str,50,0,"[""2018-02-27 13:08:01.376600"", ""2018-02-27 17:22:37.790188"", ""2018-02-27 21:36:40.344356"", ""2018-02-28 01:50:19.235460"", ""2018-02-28 07:15:10.117896""]",unknown,date_or_timestamp,high,explicit date/time column
SNL LFP.zip,SNL LFP/SNL_18650_LFP_35C_0-100_0.5-2C_b_cycle_data.csv,SNL_18650_LFP_35C_0-100_0.5-2C_b_cycle_data.csv,schema_d2669a99bc63,End_Time,end_time,3,str,50,0,"[""2018-02-27 17:22:37.773844"", ""2018-02-27 21:36:40.327416"", ""2018-02-28 01:50:19.219620"", ""2018-02-28 07:15:10.101892"", ""2018-02-28 09:51:11.522172""]",unknown,date_or_timestamp,high,explicit date/time column
SNL LFP.zip,SNL LFP/SNL_18650_LFP_35C_0-100_0.5-2C_b_cycle_data.csv,SNL_18650_LFP_35C_0-100_0.5-2C_b_cycle_data.csv,schema_d2669a99bc63,Test_Time (s),test_time_s,4,float64,50,0,"[""15286.398"", ""30528.952"", ""45747.844"", ""65238.726"", ""74600.147""]",s,elapsed_time,high,explicit elapsed/test time column
SNL LFP.zip,SNL LFP/SNL_18650_LFP_35C_0-100_0.5-2C_b_cycle_data.csv,SNL_18650_LFP_35C_0-100_0.5-2C_b_cycle_data.csv,schema_d2669a99bc63,Min_Current (A),min_current_a,5,float64,50,0,"[""-0.55"", ""-2.2""]",A,unknown,none,"observed electrical measurement, not a requested mapping target"
SNL LFP.zip,SNL LFP/SNL_18650_LFP_35C_0-100_0.5-2C_b_cycle_data.csv,SNL_18650_LFP_35C_0-100_0.5-2C_b_cycle_data.csv,schema_d2669a99bc63,Max_Current (A),max_current_a,6,float64,50,0,"[""0.55"", ""0.549""]",A,unknown,none,"observed electrical measurement, not a requested mapping target"
SNL LFP.zip,SNL LFP/SNL_18650_LFP_35C_0-100_0.5-2C_b_cycle_data.csv,SNL_18650_LFP_35C_0-100_0.5-2C_b_cycle_data.csv,schema_d2669a99bc63,Min_Voltage (V),min_voltage_v,7,float64,50,0,"[""1.999"", ""1.998"", ""1.987"", ""1.988"", ""1.989""]",V,unknown,none,"observed electrical measurement, not a requested mapping target"
SNL LFP.zip,SNL LFP/SNL_18650_LFP_35C_0-100_0.5-2C_b_cycle_data.csv,SNL_18650_LFP_35C_0-100_0.5-2C_b_cycle_data.csv,schema_d2669a99bc63,Max_Voltage (V),max_voltage_v,8,float64,50,0,"[""3.6""]",V,unknown,none,"observed electrical measurement, not a requested mapping target"
SNL LFP.zip,SNL LFP/SNL_18650_LFP_35C_0-100_0.5-2C_b_cycle_data.csv,SNL_18650_LFP_35C_0-100_0.5-2C_b_cycle_data.csv,schema_d2669a99bc63,Charge_Capacity (Ah),charge_capacity_ah,9,float64,50,0,"[""1.023"", ""1.042"", ""1.041"", ""2.077"", ""1.035""]",Ah,charge_capacity,high,explicit charge capacity column
SNL LFP.zip,SNL LFP/SNL_18650_LFP_35C_0-100_0.5-2C_b_cycle_data.csv,SNL_18650_LFP_35C_0-100_0.5-2C_b_cycle_data.csv,schema_d2669a99bc63,Discharge_Capacity (Ah),discharge_capacity_ah,10,float64,50,0,"[""1.039"", ""1.04"", ""2.068"", ""1.034"", ""1.033""]",Ah,discharge_capacity,high,explicit discharge capacity column
SNL LFP.zip,SNL LFP/SNL_18650_LFP_35C_0-100_0.5-2C_b_cycle_data.csv,SNL_18650_LFP_35C_0-100_0.5-2C_b_cycle_data.csv,schema_d2669a99bc63,Charge_Energy (Wh),charge_energy_wh,11,float64,50,0,"[""3.443"", ""3.491"", ""3.489"", ""6.957"", ""3.465""]",Wh,charge_energy,high,explicit charge energy column
SNL LFP.zip,SNL LFP/SNL_18650_LFP_35C_0-100_0.5-2C_b_cycle_data.csv,SNL_18650_LFP_35C_0-100_0.5-2C_b_cycle_data.csv,schema_d2669a99bc63,Discharge_Energy (Wh),discharge_energy_wh,12,float64,50,0,"[""3.341"", ""3.344"", ""6.387"", ""3.194"", ""3.192""]",Wh,discharge_energy,high,explicit discharge energy column
SNL NCA.zip,SNL NCA/SNL_18650_NCA_15C_0-100_0.5-1C_a_cycle_data.csv,SNL_18650_NCA_15C_0-100_0.5-1C_a_cycle_data.csv,schema_d2669a99bc63,Cycle_Index,cycle_index,1,float64,50,0,"[""1.0"", ""2.0"", ""3.0"", ""4.0"", ""5.0""]",unknown,cycle_index,high,explicit cycle index/name
SNL NCA.zip,SNL NCA/SNL_18650_NCA_15C_0-100_0.5-1C_a_cycle_data.csv,SNL_18650_NCA_15C_0-100_0.5-1C_a_cycle_data.csv,schema_d2669a99bc63,Start_Time,start_time,2,str,50,0,"[""2018-02-01 10:05:15.007182"", ""2018-02-01 14:13:37.448485"", ""2018-02-01 18:22:21.698822"", ""2018-02-01 22:29:59.337286"", ""2018-02-02 04:47:44.050551""]",unknown,date_or_timestamp,high,explicit date/time column
SNL NCA.zip,SNL NCA/SNL_18650_NCA_15C_0-100_0.5-1C_a_cycle_data.csv,SNL_18650_NCA_15C_0-100_0.5-1C_a_cycle_data.csv,schema_d2669a99bc63,End_Time,end_time,3,str,50,0,"[""2018-02-01 14:13:37.323620"", ""2018-02-01 18:22:21.574663"", ""2018-02-01 22:29:59.337166"", ""2018-02-02 04:45:44.008689"", ""2018-02-02 07:48:02.062057""]",unknown,date_or_timestamp,high,explicit date/time column
SNL NCA.zip,SNL NCA/SNL_18650_NCA_15C_0-100_0.5-1C_a_cycle_data.csv,SNL_18650_NCA_15C_0-100_0.5-1C_a_cycle_data.csv,schema_d2669a99bc63,Test_Time (s),test_time_s,4,float64,50,0,"[""14912.323"", ""29836.574"", ""44694.337"", ""67239.008"", ""78177.062""]",s,elapsed_time,high,explicit elapsed/test time column
SNL NCA.zip,SNL NCA/SNL_18650_NCA_15C_0-100_0.5-1C_a_cycle_data.csv,SNL_18650_NCA_15C_0-100_0.5-1C_a_cycle_data.csv,schema_d2669a99bc63,Min_Current (A),min_current_a,5,float64,50,0,"[""-1.625"", ""-3.25""]",A,unknown,none,"observed electrical measurement, not a requested mapping target"
SNL NCA.zip,SNL NCA/SNL_18650_NCA_15C_0-100_0.5-1C_a_cycle_data.csv,SNL_18650_NCA_15C_0-100_0.5-1C_a_cycle_data.csv,schema_d2669a99bc63,Max_Current (A),max_current_a,6,float64,50,0,"[""1.624"", ""1.625""]",A,unknown,none,"observed electrical measurement, not a requested mapping target"
SNL NCA.zip,SNL NCA/SNL_18650_NCA_15C_0-100_0.5-1C_a_cycle_data.csv,SNL_18650_NCA_15C_0-100_0.5-1C_a_cycle_data.csv,schema_d2669a99bc63,Min_Voltage (V),min_voltage_v,7,float64,50,0,"[""2.499""]",V,unknown,none,"observed electrical measurement, not a requested mapping target"
SNL NCA.zip,SNL NCA/SNL_18650_NCA_15C_0-100_0.5-1C_a_cycle_data.csv,SNL_18650_NCA_15C_0-100_0.5-1C_a_cycle_data.csv,schema_d2669a99bc63,Max_Voltage (V),max_voltage_v,8,float64,50,0,"[""4.2""]",V,unknown,none,"observed electrical measurement, not a requested mapping target"
SNL NCA.zip,SNL NCA/SNL_18650_NCA_15C_0-100_0.5-1C_a_cycle_data.csv,SNL_18650_NCA_15C_0-100_0.5-1C_a_cycle_data.csv,schema_d2669a99bc63,Charge_Capacity (Ah),charge_capacity_ah,9,float64,50,0,"[""2.861"", ""2.911"", ""2.899"", ""5.759"", ""2.866""]",Ah,charge_capacity,high,explicit charge capacity column
SNL NCA.zip,SNL NCA/SNL_18650_NCA_15C_0-100_0.5-1C_a_cycle_data.csv,SNL_18650_NCA_15C_0-100_0.5-1C_a_cycle_data.csv,schema_d2669a99bc63,Discharge_Capacity (Ah),discharge_capacity_ah,10,float64,50,0,"[""2.911"", ""2.902"", ""2.892"", ""5.728"", ""2.861""]",Ah,discharge_capacity,high,explicit discharge capacity column
SNL NCA.zip,SNL NCA/SNL_18650_NCA_15C_0-100_0.5-1C_a_cycle_data.csv,SNL_18650_NCA_15C_0-100_0.5-1C_a_cycle_data.csv,schema_d2669a99bc63,Charge_Energy (Wh),charge_energy_wh,11,float64,50,0,"[""11.294"", ""11.425"", ""11.373"", ""22.582"", ""11.207""]",Wh,charge_energy,high,explicit charge energy column
SNL NCA.zip,SNL NCA/SNL_18650_NCA_15C_0-100_0.5-1C_a_cycle_data.csv,SNL_18650_NCA_15C_0-100_0.5-1C_a_cycle_data.csv,schema_d2669a99bc63,Discharge_Energy (Wh),discharge_energy_wh,12,float64,50,0,"[""10.0"", ""9.981"", ""9.951"", ""18.781"", ""9.387""]",Wh,discharge_energy,high,explicit discharge energy column
SNL NCA.zip,SNL NCA/SNL_18650_NCA_15C_0-100_0.5-1C_b_cycle_data.csv,SNL_18650_NCA_15C_0-100_0.5-1C_b_cycle_data.csv,schema_d2669a99bc63,Cycle_Index,cycle_index,1,float64,50,0,"[""1.0"", ""2.0"", ""3.0"", ""4.0"", ""5.0""]",unknown,cycle_index,high,explicit cycle index/name
SNL NCA.zip,SNL NCA/SNL_18650_NCA_15C_0-100_0.5-1C_b_cycle_data.csv,SNL_18650_NCA_15C_0-100_0.5-1C_b_cycle_data.csv,schema_d2669a99bc63,Start_Time,start_time,2,str,50,0,"[""2018-02-01 10:05:24.030862"", ""2018-02-01 14:12:39.398505"", ""2018-02-01 18:19:45.648544"", ""2018-02-01 22:26:04.170956"", ""2018-02-02 04:41:54.015310""]",unknown,date_or_timestamp,high,explicit date/time column
SNL NCA.zip,SNL NCA/SNL_18650_NCA_15C_0-100_0.5-1C_b_cycle_data.csv,SNL_18650_NCA_15C_0-100_0.5-1C_b_cycle_data.csv,schema_d2669a99bc63,End_Time,end_time,3,str,50,0,"[""2018-02-01 14:12:39.286876"", ""2018-02-01 18:19:45.522751"", ""2018-02-01 22:26:04.170831"", ""2018-02-02 04:39:53.977745"", ""2018-02-02 07:41:11.786219""]",unknown,date_or_timestamp,high,explicit date/time column
SNL NCA.zip,SNL NCA/SNL_18650_NCA_15C_0-100_0.5-1C_b_cycle_data.csv,SNL_18650_NCA_15C_0-100_0.5-1C_b_cycle_data.csv,schema_d2669a99bc63,Test_Time (s),test_time_s,4,float64,50,0,"[""14845.286"", ""29671.522"", ""44450.17"", ""66879.977"", ""77757.786""]",s,elapsed_time,high,explicit elapsed/test time column
SNL NCA.zip,SNL NCA/SNL_18650_NCA_15C_0-100_0.5-1C_b_cycle_data.csv,SNL_18650_NCA_15C_0-100_0.5-1C_b_cycle_data.csv,schema_d2669a99bc63,Min_Current (A),min_current_a,5,float64,50,0,"[""-1.625"", ""-3.25""]",A,unknown,none,"observed electrical measurement, not a requested mapping target"
SNL NCA.zip,SNL NCA/SNL_18650_NCA_15C_0-100_0.5-1C_b_cycle_data.csv,SNL_18650_NCA_15C_0-100_0.5-1C_b_cycle_data.csv,schema_d2669a99bc63,Max_Current (A),max_current_a,6,float64,50,0,"[""1.625""]",A,unknown,none,"observed electrical measurement, not a requested mapping target"
SNL NCA.zip,SNL NCA/SNL_18650_NCA_15C_0-100_0.5-1C_b_cycle_data.csv,SNL_18650_NCA_15C_0-100_0.5-1C_b_cycle_data.csv,schema_d2669a99bc63,Min_Voltage (V),min_voltage_v,7,float64,50,0,"[""2.499""]",V,unknown,none,"observed electrical measurement, not a requested mapping target"
SNL NCA.zip,SNL NCA/SNL_18650_NCA_15C_0-100_0.5-1C_b_cycle_data.csv,SNL_18650_NCA_15C_0-100_0.5-1C_b_cycle_data.csv,schema_d2669a99bc63,Max_Voltage (V),max_voltage_v,8,float64,50,0,"[""4.2""]",V,unknown,none,"observed electrical measurement, not a requested mapping target"
SNL NCA.zip,SNL NCA/SNL_18650_NCA_15C_0-100_0.5-1C_b_cycle_data.csv,SNL_18650_NCA_15C_0-100_0.5-1C_b_cycle_data.csv,schema_d2669a99bc63,Charge_Capacity (Ah),charge_capacity_ah,9,float64,50,0,"[""2.852"", ""2.894"", ""2.885"", ""5.729"", ""2.848""]",Ah,charge_capacity,high,explicit charge capacity column
SNL NCA.zip,SNL NCA/SNL_18650_NCA_15C_0-100_0.5-1C_b_cycle_data.csv,SNL_18650_NCA_15C_0-100_0.5-1C_b_cycle_data.csv,schema_d2669a99bc63,Discharge_Capacity (Ah),discharge_capacity_ah,10,float64,50,0,"[""2.895"", ""2.882"", ""2.875"", ""5.69"", ""2.841""]",Ah,discharge_capacity,high,explicit discharge capacity column
SNL NCA.zip,SNL NCA/SNL_18650_NCA_15C_0-100_0.5-1C_b_cycle_data.csv,SNL_18650_NCA_15C_0-100_0.5-1C_b_cycle_data.csv,schema_d2669a99bc63,Charge_Energy (Wh),charge_energy_wh,11,float64,50,0,"[""11.261"", ""11.369"", ""11.325"", ""22.475"", ""11.143""]",Wh,charge_energy,high,explicit charge energy column
SNL NCA.zip,SNL NCA/SNL_18650_NCA_15C_0-100_0.5-1C_b_cycle_data.csv,SNL_18650_NCA_15C_0-100_0.5-1C_b_cycle_data.csv,schema_d2669a99bc63,Discharge_Energy (Wh),discharge_energy_wh,12,float64,50,0,"[""9.939"", ""9.903"", ""9.889"", ""18.652"", ""9.324""]",Wh,discharge_energy,high,explicit discharge energy column
SNL NCA.zip,SNL NCA/SNL_18650_NCA_15C_0-100_0.5-2C_a_cycle_data.csv,SNL_18650_NCA_15C_0-100_0.5-2C_a_cycle_data.csv,schema_d2669a99bc63,Cycle_Index,cycle_index,1,float64,50,0,"[""1.0"", ""2.0"", ""3.0"", ""4.0"", ""5.0""]",unknown,cycle_index,high,explicit cycle index/name
SNL NCA.zip,SNL NCA/SNL_18650_NCA_15C_0-100_0.5-2C_a_cycle_data.csv,SNL_18650_NCA_15C_0-100_0.5-2C_a_cycle_data.csv,schema_d2669a99bc63,Start_Time,start_time,2,str,50,0,"[""2018-02-01 10:09:57.011809"", ""2018-02-01 14:14:02.497791"", ""2018-02-01 18:18:09.995696"", ""2018-02-01 22:21:38.356774"", ""2018-02-02 03:28:45.551213""]",unknown,date_or_timestamp,high,explicit date/time column
SNL NCA.zip,SNL NCA/SNL_18650_NCA_15C_0-100_0.5-2C_a_cycle_data.csv,SNL_18650_NCA_15C_0-100_0.5-2C_a_cycle_data.csv,schema_d2669a99bc63,End_Time,end_time,3,str,50,0,"[""2018-02-01 14:14:02.434874"", ""2018-02-01 18:18:09.964504"", ""2018-02-01 22:21:38.356657"", ""2018-02-02 03:28:45.520112"", ""2018-02-02 06:01:31.982768""]",unknown,date_or_timestamp,high,explicit date/time column
SNL NCA.zip,SNL NCA/SNL_18650_NCA_15C_0-100_0.5-2C_a_cycle_data.csv,SNL_18650_NCA_15C_0-100_0.5-2C_a_cycle_data.csv,schema_d2669a99bc63,Test_Time (s),test_time_s,4,float64,50,0,"[""14655.434"", ""29302.964"", ""43911.356"", ""62338.52"", ""71504.982""]",s,elapsed_time,high,explicit elapsed/test time column
SNL NCA.zip,SNL NCA/SNL_18650_NCA_15C_0-100_0.5-2C_a_cycle_data.csv,SNL_18650_NCA_15C_0-100_0.5-2C_a_cycle_data.csv,schema_d2669a99bc63,Min_Current (A),min_current_a,5,float64,50,0,"[""-1.625"", ""-6.501""]",A,unknown,none,"observed electrical measurement, not a requested mapping target"
SNL NCA.zip,SNL NCA/SNL_18650_NCA_15C_0-100_0.5-2C_a_cycle_data.csv,SNL_18650_NCA_15C_0-100_0.5-2C_a_cycle_data.csv,schema_d2669a99bc63,Max_Current (A),max_current_a,6,float64,50,0,"[""1.625""]",A,unknown,none,"observed electrical measurement, not a requested mapping target"
SNL NCA.zip,SNL NCA/SNL_18650_NCA_15C_0-100_0.5-2C_a_cycle_data.csv,SNL_18650_NCA_15C_0-100_0.5-2C_a_cycle_data.csv,schema_d2669a99bc63,Min_Voltage (V),min_voltage_v,7,float64,50,0,"[""2.499""]",V,unknown,none,"observed electrical measurement, not a requested mapping target"
SNL NCA.zip,SNL NCA/SNL_18650_NCA_15C_0-100_0.5-2C_a_cycle_data.csv,SNL_18650_NCA_15C_0-100_0.5-2C_a_cycle_data.csv,schema_d2669a99bc63,Max_Voltage (V),max_voltage_v,8,float64,50,0,"[""4.2"", ""4.201""]",V,unknown,none,"observed electrical measurement, not a requested mapping target"
SNL NCA.zip,SNL NCA/SNL_18650_NCA_15C_0-100_0.5-2C_a_cycle_data.csv,SNL_18650_NCA_15C_0-100_0.5-2C_a_cycle_data.csv,schema_d2669a99bc63,Charge_Capacity (Ah),charge_capacity_ah,9,float64,50,0,"[""2.824"", ""2.867"", ""2.857"", ""5.461"", ""2.769""]",Ah,charge_capacity,high,explicit charge capacity column
SNL NCA.zip,SNL NCA/SNL_18650_NCA_15C_0-100_0.5-2C_a_cycle_data.csv,SNL_18650_NCA_15C_0-100_0.5-2C_a_cycle_data.csv,schema_d2669a99bc63,Discharge_Capacity (Ah),discharge_capacity_ah,10,float64,50,0,"[""2.87"", ""2.858"", ""2.849"", ""5.384"", ""2.776""]",Ah,discharge_capacity,high,explicit discharge capacity column
SNL NCA.zip,SNL NCA/SNL_18650_NCA_15C_0-100_0.5-2C_a_cycle_data.csv,SNL_18650_NCA_15C_0-100_0.5-2C_a_cycle_data.csv,schema_d2669a99bc63,Charge_Energy (Wh),charge_energy_wh,11,float64,50,0,"[""11.169"", ""11.282"", ""11.239"", ""21.537"", ""10.92""]",Wh,charge_energy,high,explicit charge energy column
SNL NCA.zip,SNL NCA/SNL_18650_NCA_15C_0-100_0.5-2C_a_cycle_data.csv,SNL_18650_NCA_15C_0-100_0.5-2C_a_cycle_data.csv,schema_d2669a99bc63,Discharge_Energy (Wh),discharge_energy_wh,12,float64,50,0,"[""9.815"", ""9.784"", ""9.758"", ""16.035"", ""8.217""]",Wh,discharge_energy,high,explicit discharge energy column
SNL NCA.zip,SNL NCA/SNL_18650_NCA_15C_0-100_0.5-2C_b_cycle_data.csv,SNL_18650_NCA_15C_0-100_0.5-2C_b_cycle_data.csv,schema_d2669a99bc63,Cycle_Index,cycle_index,1,float64,50,0,"[""1.0"", ""2.0"", ""3.0"", ""4.0"", ""5.0""]",unknown,cycle_index,high,explicit cycle index/name
SNL NCA.zip,SNL NCA/SNL_18650_NCA_15C_0-100_0.5-2C_b_cycle_data.csv,SNL_18650_NCA_15C_0-100_0.5-2C_b_cycle_data.csv,schema_d2669a99bc63,Start_Time,start_time,2,str,50,0,"[""2018-02-01 10:10:05.018890"", ""2018-02-01 14:17:46.349799"", ""2018-02-01 18:25:54.585031"", ""2018-02-01 22:32:52.296103"", ""2018-02-02 03:39:02.633721""]",unknown,date_or_timestamp,high,explicit date/time column
SNL NCA.zip,SNL NCA/SNL_18650_NCA_15C_0-100_0.5-2C_b_cycle_data.csv,SNL_18650_NCA_15C_0-100_0.5-2C_b_cycle_data.csv,schema_d2669a99bc63,End_Time,end_time,3,str,50,0,"[""2018-02-01 14:17:46.318905"", ""2018-02-01 18:25:54.521946"", ""2018-02-01 22:32:52.295985"", ""2018-02-02 03:39:02.602002"", ""2018-02-02 06:13:27.076729""]",unknown,date_or_timestamp,high,explicit date/time column
SNL NCA.zip,SNL NCA/SNL_18650_NCA_15C_0-100_0.5-2C_b_cycle_data.csv,SNL_18650_NCA_15C_0-100_0.5-2C_b_cycle_data.csv,schema_d2669a99bc63,Test_Time (s),test_time_s,4,float64,50,0,"[""14871.318"", ""29759.521"", ""44577.295"", ""62947.602"", ""72212.076""]",s,elapsed_time,high,explicit elapsed/test time column
SNL NCA.zip,SNL NCA/SNL_18650_NCA_15C_0-100_0.5-2C_b_cycle_data.csv,SNL_18650_NCA_15C_0-100_0.5-2C_b_cycle_data.csv,schema_d2669a99bc63,Min_Current (A),min_current_a,5,float64,50,0,"[""-1.621"", ""-6.496""]",A,unknown,none,"observed electrical measurement, not a requested mapping target"
SNL NCA.zip,SNL NCA/SNL_18650_NCA_15C_0-100_0.5-2C_b_cycle_data.csv,SNL_18650_NCA_15C_0-100_0.5-2C_b_cycle_data.csv,schema_d2669a99bc63,Max_Current (A),max_current_a,6,float64,50,0,"[""1.629""]",A,unknown,none,"observed electrical measurement, not a requested mapping target"
SNL NCA.zip,SNL NCA/SNL_18650_NCA_15C_0-100_0.5-2C_b_cycle_data.csv,SNL_18650_NCA_15C_0-100_0.5-2C_b_cycle_data.csv,schema_d2669a99bc63,Min_Voltage (V),min_voltage_v,7,float64,50,0,"[""2.499""]",V,unknown,none,"observed electrical measurement, not a requested mapping target"
SNL NCA.zip,SNL NCA/SNL_18650_NCA_15C_0-100_0.5-2C_b_cycle_data.csv,SNL_18650_NCA_15C_0-100_0.5-2C_b_cycle_data.csv,schema_d2669a99bc63,Max_Voltage (V),max_voltage_v,8,float64,50,0,"[""4.2""]",V,unknown,none,"observed electrical measurement, not a requested mapping target"
SNL NCA.zip,SNL NCA/SNL_18650_NCA_15C_0-100_0.5-2C_b_cycle_data.csv,SNL_18650_NCA_15C_0-100_0.5-2C_b_cycle_data.csv,schema_d2669a99bc63,Charge_Capacity (Ah),charge_capacity_ah,9,float64,50,0,"[""2.854"", ""2.902"", ""2.891"", ""5.42"", ""2.795""]",Ah,charge_capacity,high,explicit charge capacity column
SNL NCA.zip,SNL NCA/SNL_18650_NCA_15C_0-100_0.5-2C_b_cycle_data.csv,SNL_18650_NCA_15C_0-100_0.5-2C_b_cycle_data.csv,schema_d2669a99bc63,Discharge_Capacity (Ah),discharge_capacity_ah,10,float64,50,0,"[""2.901"", ""2.895"", ""2.884"", ""5.336"", ""2.806""]",Ah,discharge_capacity,high,explicit discharge capacity column
SNL NCA.zip,SNL NCA/SNL_18650_NCA_15C_0-100_0.5-2C_b_cycle_data.csv,SNL_18650_NCA_15C_0-100_0.5-2C_b_cycle_data.csv,schema_d2669a99bc63,Charge_Energy (Wh),charge_energy_wh,11,float64,50,0,"[""11.263"", ""11.39"", ""11.343"", ""21.351"", ""10.998""]",Wh,charge_energy,high,explicit charge energy column
SNL NCA.zip,SNL NCA/SNL_18650_NCA_15C_0-100_0.5-2C_b_cycle_data.csv,SNL_18650_NCA_15C_0-100_0.5-2C_b_cycle_data.csv,schema_d2669a99bc63,Discharge_Energy (Wh),discharge_energy_wh,12,float64,50,0,"[""9.976"", ""9.964"", ""9.935"", ""16.15"", ""8.44""]",Wh,discharge_energy,high,explicit discharge energy column
SNL NCA.zip,SNL NCA/SNL_18650_NCA_25C_0-100_0.5-0.5C_a_cycle_data.csv,SNL_18650_NCA_25C_0-100_0.5-0.5C_a_cycle_data.csv,schema_d2669a99bc63,Cycle_Index,cycle_index,1,float64,50,0,"[""1.0"", ""2.0"", ""3.0"", ""4.0"", ""6.0""]",unknown,cycle_index,high,explicit cycle index/name
SNL NCA.zip,SNL NCA/SNL_18650_NCA_25C_0-100_0.5-0.5C_a_cycle_data.csv,SNL_18650_NCA_25C_0-100_0.5-0.5C_a_cycle_data.csv,schema_d2669a99bc63,Start_Time,start_time,2,str,50,0,"[""2017-07-10 16:01:24.012933"", ""2017-07-10 19:55:52.532124"", ""2017-07-11 00:24:45.687779"", ""2017-07-11 04:52:47.676580"", ""2017-07-17 09:41:50.130367""]",unknown,date_or_timestamp,high,explicit date/time column
SNL NCA.zip,SNL NCA/SNL_18650_NCA_25C_0-100_0.5-0.5C_a_cycle_data.csv,SNL_18650_NCA_25C_0-100_0.5-0.5C_a_cycle_data.csv,schema_d2669a99bc63,End_Time,end_time,3,str,50,0,"[""2017-07-10 19:55:52.469829"", ""2017-07-11 00:24:45.624507"", ""2017-07-11 04:52:47.676471"", ""2017-07-11 06:50:24.921485"", ""2017-07-17 12:16:19.212012""]",unknown,date_or_timestamp,high,explicit date/time column
SNL NCA.zip,SNL NCA/SNL_18650_NCA_25C_0-100_0.5-0.5C_a_cycle_data.csv,SNL_18650_NCA_25C_0-100_0.5-0.5C_a_cycle_data.csv,schema_d2669a99bc63,Test_Time (s),test_time_s,4,float64,50,0,"[""14078.469"", ""30211.624"", ""46293.676"", ""53350.921"", ""62620.133""]",s,elapsed_time,high,explicit elapsed/test time column
SNL NCA.zip,SNL NCA/SNL_18650_NCA_25C_0-100_0.5-0.5C_a_cycle_data.csv,SNL_18650_NCA_25C_0-100_0.5-0.5C_a_cycle_data.csv,schema_d2669a99bc63,Min_Current (A),min_current_a,5,float64,50,0,"[""-1.625"", ""0.0""]",A,unknown,none,"observed electrical measurement, not a requested mapping target"
SNL NCA.zip,SNL NCA/SNL_18650_NCA_25C_0-100_0.5-0.5C_a_cycle_data.csv,SNL_18650_NCA_25C_0-100_0.5-0.5C_a_cycle_data.csv,schema_d2669a99bc63,Max_Current (A),max_current_a,6,float64,50,0,"[""1.625"", ""1.624""]",A,unknown,none,"observed electrical measurement, not a requested mapping target"
SNL NCA.zip,SNL NCA/SNL_18650_NCA_25C_0-100_0.5-0.5C_a_cycle_data.csv,SNL_18650_NCA_25C_0-100_0.5-0.5C_a_cycle_data.csv,schema_d2669a99bc63,Min_Voltage (V),min_voltage_v,7,float64,50,0,"[""2.499"", ""3.164""]",V,unknown,none,"observed electrical measurement, not a requested mapping target"
SNL NCA.zip,SNL NCA/SNL_18650_NCA_25C_0-100_0.5-0.5C_a_cycle_data.csv,SNL_18650_NCA_25C_0-100_0.5-0.5C_a_cycle_data.csv,schema_d2669a99bc63,Max_Voltage (V),max_voltage_v,8,float64,50,0,"[""4.2"", ""4.212""]",V,unknown,none,"observed electrical measurement, not a requested mapping target"
SNL NCA.zip,SNL NCA/SNL_18650_NCA_25C_0-100_0.5-0.5C_a_cycle_data.csv,SNL_18650_NCA_25C_0-100_0.5-0.5C_a_cycle_data.csv,schema_d2669a99bc63,Charge_Capacity (Ah),charge_capacity_ah,9,float64,50,0,"[""2.194"", ""3.173"", ""3.159"", ""3.027"", ""0.126""]",Ah,charge_capacity,high,explicit charge capacity column
SNL NCA.zip,SNL NCA/SNL_18650_NCA_25C_0-100_0.5-0.5C_a_cycle_data.csv,SNL_18650_NCA_25C_0-100_0.5-0.5C_a_cycle_data.csv,schema_d2669a99bc63,Discharge_Capacity (Ah),discharge_capacity_ah,10,float64,50,0,"[""3.161"", ""3.147"", ""3.138"", ""0.0"", ""3.145""]",Ah,discharge_capacity,high,explicit discharge capacity column
SNL NCA.zip,SNL NCA/SNL_18650_NCA_25C_0-100_0.5-0.5C_a_cycle_data.csv,SNL_18650_NCA_25C_0-100_0.5-0.5C_a_cycle_data.csv,schema_d2669a99bc63,Charge_Energy (Wh),charge_energy_wh,11,float64,50,0,"[""8.737"", ""12.253"", ""12.199"", ""11.646"", ""0.532""]",Wh,charge_energy,high,explicit charge energy column
SNL NCA.zip,SNL NCA/SNL_18650_NCA_25C_0-100_0.5-0.5C_a_cycle_data.csv,SNL_18650_NCA_25C_0-100_0.5-0.5C_a_cycle_data.csv,schema_d2669a99bc63,Discharge_Energy (Wh),discharge_energy_wh,12,float64,50,0,"[""11.108"", ""11.073"", ""11.051"", ""0.0"", ""11.128""]",Wh,discharge_energy,high,explicit discharge energy column
SNL NCA.zip,SNL NCA/SNL_18650_NCA_25C_0-100_0.5-0.5C_b_cycle_data.csv,SNL_18650_NCA_25C_0-100_0.5-0.5C_b_cycle_data.csv,schema_d2669a99bc63,Cycle_Index,cycle_index,1,float64,50,0,"[""1.0"", ""2.0"", ""3.0"", ""4.0"", ""5.0""]",unknown,cycle_index,high,explicit cycle index/name
SNL NCA.zip,SNL NCA/SNL_18650_NCA_25C_0-100_0.5-0.5C_b_cycle_data.csv,SNL_18650_NCA_25C_0-100_0.5-0.5C_b_cycle_data.csv,schema_d2669a99bc63,Start_Time,start_time,2,str,50,0,"[""2017-07-10 14:02:35.003307"", ""2017-07-10 18:32:04.149299"", ""2017-07-10 23:00:52.030580"", ""2017-07-11 03:29:04.438756"", ""2017-07-11 12:14:36.559481""]",unknown,date_or_timestamp,high,explicit date/time column
SNL NCA.zip,SNL NCA/SNL_18650_NCA_25C_0-100_0.5-0.5C_b_cycle_data.csv,SNL_18650_NCA_25C_0-100_0.5-0.5C_b_cycle_data.csv,schema_d2669a99bc63,End_Time,end_time,3,str,50,0,"[""2017-07-10 18:32:04.086579"", ""2017-07-10 23:00:51.875159"", ""2017-07-11 03:29:04.438647"", ""2017-07-11 12:14:36.485206"", ""2017-07-11 16:32:02.086319""]",unknown,date_or_timestamp,high,explicit date/time column
SNL NCA.zip,SNL NCA/SNL_18650_NCA_25C_0-100_0.5-0.5C_b_cycle_data.csv,SNL_18650_NCA_25C_0-100_0.5-0.5C_b_cycle_data.csv,schema_d2669a99bc63,Test_Time (s),test_time_s,4,float64,50,0,"[""16179.086"", ""32306.875"", ""48399.438"", ""79931.485"", ""95377.086""]",s,elapsed_time,high,explicit elapsed/test time column
SNL NCA.zip,SNL NCA/SNL_18650_NCA_25C_0-100_0.5-0.5C_b_cycle_data.csv,SNL_18650_NCA_25C_0-100_0.5-0.5C_b_cycle_data.csv,schema_d2669a99bc63,Min_Current (A),min_current_a,5,float64,50,0,"[""-1.624""]",A,unknown,none,"observed electrical measurement, not a requested mapping target"
SNL NCA.zip,SNL NCA/SNL_18650_NCA_25C_0-100_0.5-0.5C_b_cycle_data.csv,SNL_18650_NCA_25C_0-100_0.5-0.5C_b_cycle_data.csv,schema_d2669a99bc63,Max_Current (A),max_current_a,6,float64,50,0,"[""1.624"", ""1.625""]",A,unknown,none,"observed electrical measurement, not a requested mapping target"
SNL NCA.zip,SNL NCA/SNL_18650_NCA_25C_0-100_0.5-0.5C_b_cycle_data.csv,SNL_18650_NCA_25C_0-100_0.5-0.5C_b_cycle_data.csv,schema_d2669a99bc63,Min_Voltage (V),min_voltage_v,7,float64,50,0,"[""2.499""]",V,unknown,none,"observed electrical measurement, not a requested mapping target"
SNL NCA.zip,SNL NCA/SNL_18650_NCA_25C_0-100_0.5-0.5C_b_cycle_data.csv,SNL_18650_NCA_25C_0-100_0.5-0.5C_b_cycle_data.csv,schema_d2669a99bc63,Max_Voltage (V),max_voltage_v,8,float64,50,0,"[""4.2""]",V,unknown,none,"observed electrical measurement, not a requested mapping target"
SNL NCA.zip,SNL NCA/SNL_18650_NCA_25C_0-100_0.5-0.5C_b_cycle_data.csv,SNL_18650_NCA_25C_0-100_0.5-0.5C_b_cycle_data.csv,schema_d2669a99bc63,Charge_Capacity (Ah),charge_capacity_ah,9,float64,50,0,"[""3.148"", ""3.171"", ""3.158"", ""6.3"", ""3.145""]",Ah,charge_capacity,high,explicit charge capacity column
SNL NCA.zip,SNL NCA/SNL_18650_NCA_25C_0-100_0.5-0.5C_b_cycle_data.csv,SNL_18650_NCA_25C_0-100_0.5-0.5C_b_cycle_data.csv,schema_d2669a99bc63,Discharge_Capacity (Ah),discharge_capacity_ah,10,float64,50,0,"[""3.158"", ""3.146"", ""3.142"", ""6.277"", ""3.134""]",Ah,discharge_capacity,high,explicit discharge capacity column
SNL NCA.zip,SNL NCA/SNL_18650_NCA_25C_0-100_0.5-0.5C_b_cycle_data.csv,SNL_18650_NCA_25C_0-100_0.5-0.5C_b_cycle_data.csv,schema_d2669a99bc63,Charge_Energy (Wh),charge_energy_wh,11,float64,50,0,"[""12.19"", ""12.241"", ""24.318"", ""12.131"", ""12.116""]",Wh,charge_energy,high,explicit charge energy column
SNL NCA.zip,SNL NCA/SNL_18650_NCA_25C_0-100_0.5-0.5C_b_cycle_data.csv,SNL_18650_NCA_25C_0-100_0.5-0.5C_b_cycle_data.csv,schema_d2669a99bc63,Discharge_Energy (Wh),discharge_energy_wh,12,float64,50,0,"[""11.101"", ""11.069"", ""11.064"", ""22.111"", ""11.044""]",Wh,discharge_energy,high,explicit discharge energy column
SNL NCA.zip,SNL NCA/SNL_18650_NCA_25C_0-100_0.5-1C_a_cycle_data.csv,SNL_18650_NCA_25C_0-100_0.5-1C_a_cycle_data.csv,schema_d2669a99bc63,Cycle_Index,cycle_index,1,float64,50,0,"[""1.0"", ""2.0"", ""3.0"", ""4.0"", ""5.0""]",unknown,cycle_index,high,explicit cycle index/name
SNL NCA.zip,SNL NCA/SNL_18650_NCA_25C_0-100_0.5-1C_a_cycle_data.csv,SNL_18650_NCA_25C_0-100_0.5-1C_a_cycle_data.csv,schema_d2669a99bc63,Start_Time,start_time,2,str,50,0,"[""2018-05-10 10:40:59.020464"", ""2018-05-10 15:09:09.835684"", ""2018-05-10 19:36:06.541071"", ""2018-05-11 00:01:35.154452"", ""2018-05-11 06:46:04.088145""]",unknown,date_or_timestamp,high,explicit date/time column
SNL NCA.zip,SNL NCA/SNL_18650_NCA_25C_0-100_0.5-1C_a_cycle_data.csv,SNL_18650_NCA_25C_0-100_0.5-1C_a_cycle_data.csv,schema_d2669a99bc63,End_Time,end_time,3,str,50,0,"[""2018-05-10 15:09:09.804444"", ""2018-05-10 19:36:06.446411"", ""2018-05-11 00:01:35.154335"", ""2018-05-11 06:44:04.033538"", ""2018-05-11 09:59:33.205408""]",unknown,date_or_timestamp,high,explicit date/time column
SNL NCA.zip,SNL NCA/SNL_18650_NCA_25C_0-100_0.5-1C_a_cycle_data.csv,SNL_18650_NCA_25C_0-100_0.5-1C_a_cycle_data.csv,schema_d2669a99bc63,Test_Time (s),test_time_s,4,float64,50,0,"[""16100.804"", ""32117.446"", ""48046.154"", ""72195.033"", ""83924.205""]",s,elapsed_time,high,explicit elapsed/test time column
SNL NCA.zip,SNL NCA/SNL_18650_NCA_25C_0-100_0.5-1C_a_cycle_data.csv,SNL_18650_NCA_25C_0-100_0.5-1C_a_cycle_data.csv,schema_d2669a99bc63,Min_Current (A),min_current_a,5,float64,50,0,"[""-1.625"", ""-3.25""]",A,unknown,none,"observed electrical measurement, not a requested mapping target"
SNL NCA.zip,SNL NCA/SNL_18650_NCA_25C_0-100_0.5-1C_a_cycle_data.csv,SNL_18650_NCA_25C_0-100_0.5-1C_a_cycle_data.csv,schema_d2669a99bc63,Max_Current (A),max_current_a,6,float64,50,0,"[""1.625"", ""1.624""]",A,unknown,none,"observed electrical measurement, not a requested mapping target"
SNL NCA.zip,SNL NCA/SNL_18650_NCA_25C_0-100_0.5-1C_a_cycle_data.csv,SNL_18650_NCA_25C_0-100_0.5-1C_a_cycle_data.csv,schema_d2669a99bc63,Min_Voltage (V),min_voltage_v,7,float64,50,0,"[""2.499""]",V,unknown,none,"observed electrical measurement, not a requested mapping target"
SNL NCA.zip,SNL NCA/SNL_18650_NCA_25C_0-100_0.5-1C_a_cycle_data.csv,SNL_18650_NCA_25C_0-100_0.5-1C_a_cycle_data.csv,schema_d2669a99bc63,Max_Voltage (V),max_voltage_v,8,float64,50,0,"[""4.2""]",V,unknown,none,"observed electrical measurement, not a requested mapping target"
SNL NCA.zip,SNL NCA/SNL_18650_NCA_25C_0-100_0.5-1C_a_cycle_data.csv,SNL_18650_NCA_25C_0-100_0.5-1C_a_cycle_data.csv,schema_d2669a99bc63,Charge_Capacity (Ah),charge_capacity_ah,9,float64,50,0,"[""3.129"", ""3.154"", ""3.131"", ""6.193"", ""3.077""]",Ah,charge_capacity,high,explicit charge capacity column
SNL NCA.zip,SNL NCA/SNL_18650_NCA_25C_0-100_0.5-1C_a_cycle_data.csv,SNL_18650_NCA_25C_0-100_0.5-1C_a_cycle_data.csv,schema_d2669a99bc63,Discharge_Capacity (Ah),discharge_capacity_ah,10,float64,50,0,"[""3.143"", ""3.123"", ""3.106"", ""6.144"", ""3.067""]",Ah,discharge_capacity,high,explicit discharge capacity column
SNL NCA.zip,SNL NCA/SNL_18650_NCA_25C_0-100_0.5-1C_a_cycle_data.csv,SNL_18650_NCA_25C_0-100_0.5-1C_a_cycle_data.csv,schema_d2669a99bc63,Charge_Energy (Wh),charge_energy_wh,11,float64,50,0,"[""12.134"", ""12.199"", ""12.111"", ""23.955"", ""11.889""]",Wh,charge_energy,high,explicit charge energy column
SNL NCA.zip,SNL NCA/SNL_18650_NCA_25C_0-100_0.5-1C_a_cycle_data.csv,SNL_18650_NCA_25C_0-100_0.5-1C_a_cycle_data.csv,schema_d2669a99bc63,Discharge_Energy (Wh),discharge_energy_wh,12,float64,50,0,"[""11.049"", ""10.993"", ""10.941"", ""20.898"", ""10.44""]",Wh,discharge_energy,high,explicit discharge energy column
SNL NCA.zip,SNL NCA/SNL_18650_NCA_25C_0-100_0.5-1C_b_cycle_data.csv,SNL_18650_NCA_25C_0-100_0.5-1C_b_cycle_data.csv,schema_d2669a99bc63,Cycle_Index,cycle_index,1,float64,50,0,"[""1.0"", ""2.0"", ""3.0"", ""4.0"", ""5.0""]",unknown,cycle_index,high,explicit cycle index/name
SNL NCA.zip,SNL NCA/SNL_18650_NCA_25C_0-100_0.5-1C_b_cycle_data.csv,SNL_18650_NCA_25C_0-100_0.5-1C_b_cycle_data.csv,schema_d2669a99bc63,Start_Time,start_time,2,str,50,0,"[""2018-05-10 10:41:16.018724"", ""2018-05-10 15:07:50.069769"", ""2018-05-10 19:34:37.383618"", ""2018-05-11 00:00:13.953579"", ""2018-05-11 06:43:27.000371""]",unknown,date_or_timestamp,high,explicit date/time column
SNL NCA.zip,SNL NCA/SNL_18650_NCA_25C_0-100_0.5-1C_b_cycle_data.csv,SNL_18650_NCA_25C_0-100_0.5-1C_b_cycle_data.csv,schema_d2669a99bc63,End_Time,end_time,3,str,50,0,"[""2018-05-10 15:07:49.976298"", ""2018-05-10 19:34:37.258437"", ""2018-05-11 00:00:13.953464"", ""2018-05-11 06:41:26.946827"", ""2018-05-11 09:55:51.875130""]",unknown,date_or_timestamp,high,explicit date/time column
SNL NCA.zip,SNL NCA/SNL_18650_NCA_25C_0-100_0.5-1C_b_cycle_data.csv,SNL_18650_NCA_25C_0-100_0.5-1C_b_cycle_data.csv,schema_d2669a99bc63,Test_Time (s),test_time_s,4,float64,50,0,"[""16003.976"", ""32011.258"", ""47947.953"", ""72020.946"", ""83685.875""]",s,elapsed_time,high,explicit elapsed/test time column
SNL NCA.zip,SNL NCA/SNL_18650_NCA_25C_0-100_0.5-1C_b_cycle_data.csv,SNL_18650_NCA_25C_0-100_0.5-1C_b_cycle_data.csv,schema_d2669a99bc63,Min_Current (A),min_current_a,5,float64,50,0,"[""-1.625"", ""-3.25"", ""-3.249"", ""-3.256"", ""-3.255""]",A,unknown,none,"observed electrical measurement, not a requested mapping target"
SNL NCA.zip,SNL NCA/SNL_18650_NCA_25C_0-100_0.5-1C_b_cycle_data.csv,SNL_18650_NCA_25C_0-100_0.5-1C_b_cycle_data.csv,schema_d2669a99bc63,Max_Current (A),max_current_a,6,float64,50,0,"[""1.624"", ""1.63"", ""1.625"", ""1.626"", ""1.629""]",A,unknown,none,"observed electrical measurement, not a requested mapping target"
SNL NCA.zip,SNL NCA/SNL_18650_NCA_25C_0-100_0.5-1C_b_cycle_data.csv,SNL_18650_NCA_25C_0-100_0.5-1C_b_cycle_data.csv,schema_d2669a99bc63,Min_Voltage (V),min_voltage_v,7,float64,50,0,"[""2.499""]",V,unknown,none,"observed electrical measurement, not a requested mapping target"
SNL NCA.zip,SNL NCA/SNL_18650_NCA_25C_0-100_0.5-1C_b_cycle_data.csv,SNL_18650_NCA_25C_0-100_0.5-1C_b_cycle_data.csv,schema_d2669a99bc63,Max_Voltage (V),max_voltage_v,8,float64,50,0,"[""4.2""]",V,unknown,none,"observed electrical measurement, not a requested mapping target"
SNL NCA.zip,SNL NCA/SNL_18650_NCA_25C_0-100_0.5-1C_b_cycle_data.csv,SNL_18650_NCA_25C_0-100_0.5-1C_b_cycle_data.csv,schema_d2669a99bc63,Charge_Capacity (Ah),charge_capacity_ah,9,float64,50,0,"[""3.08"", ""3.127"", ""3.117"", ""6.151"", ""3.045""]",Ah,charge_capacity,high,explicit charge capacity column
SNL NCA.zip,SNL NCA/SNL_18650_NCA_25C_0-100_0.5-1C_b_cycle_data.csv,SNL_18650_NCA_25C_0-100_0.5-1C_b_cycle_data.csv,schema_d2669a99bc63,Discharge_Capacity (Ah),discharge_capacity_ah,10,float64,50,0,"[""3.12"", ""3.117"", ""3.105"", ""6.09"", ""3.043""]",Ah,discharge_capacity,high,explicit discharge capacity column
SNL NCA.zip,SNL NCA/SNL_18650_NCA_25C_0-100_0.5-1C_b_cycle_data.csv,SNL_18650_NCA_25C_0-100_0.5-1C_b_cycle_data.csv,schema_d2669a99bc63,Charge_Energy (Wh),charge_energy_wh,11,float64,50,0,"[""11.95"", ""12.084"", ""12.044"", ""23.775"", ""11.76""]",Wh,charge_energy,high,explicit charge energy column
SNL NCA.zip,SNL NCA/SNL_18650_NCA_25C_0-100_0.5-1C_b_cycle_data.csv,SNL_18650_NCA_25C_0-100_0.5-1C_b_cycle_data.csv,schema_d2669a99bc63,Discharge_Energy (Wh),discharge_energy_wh,12,float64,50,0,"[""10.977"", ""10.984"", ""10.948"", ""20.781"", ""10.391""]",Wh,discharge_energy,high,explicit discharge energy column
SNL NCA.zip,SNL NCA/SNL_18650_NCA_25C_0-100_0.5-1C_c_cycle_data.csv,SNL_18650_NCA_25C_0-100_0.5-1C_c_cycle_data.csv,schema_d2669a99bc63,Cycle_Index,cycle_index,1,float64,50,0,"[""1.0"", ""2.0"", ""3.0"", ""4.0"", ""5.0""]",unknown,cycle_index,high,explicit cycle index/name
SNL NCA.zip,SNL NCA/SNL_18650_NCA_25C_0-100_0.5-1C_c_cycle_data.csv,SNL_18650_NCA_25C_0-100_0.5-1C_c_cycle_data.csv,schema_d2669a99bc63,Start_Time,start_time,2,str,50,0,"[""2018-05-11 12:23:11.007401"", ""2018-05-11 16:52:03.399862"", ""2018-05-11 21:20:38.398056"", ""2018-05-12 01:48:05.413113"", ""2018-05-12 08:36:23.381564""]",unknown,date_or_timestamp,high,explicit date/time column
SNL NCA.zip,SNL NCA/SNL_18650_NCA_25C_0-100_0.5-1C_c_cycle_data.csv,SNL_18650_NCA_25C_0-100_0.5-1C_c_cycle_data.csv,schema_d2669a99bc63,End_Time,end_time,3,str,50,0,"[""2018-05-11 16:52:03.368449"", ""2018-05-11 21:20:38.335705"", ""2018-05-12 01:48:05.412981"", ""2018-05-12 08:34:23.353837"", ""2018-05-12 11:51:52.931595""]",unknown,date_or_timestamp,high,explicit date/time column
SNL NCA.zip,SNL NCA/SNL_18650_NCA_25C_0-100_0.5-1C_c_cycle_data.csv,SNL_18650_NCA_25C_0-100_0.5-1C_c_cycle_data.csv,schema_d2669a99bc63,Test_Time (s),test_time_s,4,float64,50,0,"[""16142.368"", ""32257.335"", ""48304.412"", ""72682.353"", ""84531.931""]",s,elapsed_time,high,explicit elapsed/test time column
SNL NCA.zip,SNL NCA/SNL_18650_NCA_25C_0-100_0.5-1C_c_cycle_data.csv,SNL_18650_NCA_25C_0-100_0.5-1C_c_cycle_data.csv,schema_d2669a99bc63,Min_Current (A),min_current_a,5,float64,50,0,"[""-1.625"", ""-3.251"", ""-3.25""]",A,unknown,none,"observed electrical measurement, not a requested mapping target"
SNL NCA.zip,SNL NCA/SNL_18650_NCA_25C_0-100_0.5-1C_c_cycle_data.csv,SNL_18650_NCA_25C_0-100_0.5-1C_c_cycle_data.csv,schema_d2669a99bc63,Max_Current (A),max_current_a,6,float64,50,0,"[""1.625""]",A,unknown,none,"observed electrical measurement, not a requested mapping target"
SNL NCA.zip,SNL NCA/SNL_18650_NCA_25C_0-100_0.5-1C_c_cycle_data.csv,SNL_18650_NCA_25C_0-100_0.5-1C_c_cycle_data.csv,schema_d2669a99bc63,Min_Voltage (V),min_voltage_v,7,float64,50,0,"[""2.499""]",V,unknown,none,"observed electrical measurement, not a requested mapping target"
SNL NCA.zip,SNL NCA/SNL_18650_NCA_25C_0-100_0.5-1C_c_cycle_data.csv,SNL_18650_NCA_25C_0-100_0.5-1C_c_cycle_data.csv,schema_d2669a99bc63,Max_Voltage (V),max_voltage_v,8,float64,50,0,"[""4.2"", ""4.201""]",V,unknown,none,"observed electrical measurement, not a requested mapping target"
SNL NCA.zip,SNL NCA/SNL_18650_NCA_25C_0-100_0.5-1C_c_cycle_data.csv,SNL_18650_NCA_25C_0-100_0.5-1C_c_cycle_data.csv,schema_d2669a99bc63,Charge_Capacity (Ah),charge_capacity_ah,9,float64,50,0,"[""3.132"", ""3.166"", ""3.155"", ""6.254"", ""3.11""]",Ah,charge_capacity,high,explicit charge capacity column
SNL NCA.zip,SNL NCA/SNL_18650_NCA_25C_0-100_0.5-1C_c_cycle_data.csv,SNL_18650_NCA_25C_0-100_0.5-1C_c_cycle_data.csv,schema_d2669a99bc63,Discharge_Capacity (Ah),discharge_capacity_ah,10,float64,50,0,"[""3.157"", ""3.152"", ""3.135"", ""6.221"", ""3.107""]",Ah,discharge_capacity,high,explicit discharge capacity column
SNL NCA.zip,SNL NCA/SNL_18650_NCA_25C_0-100_0.5-1C_c_cycle_data.csv,SNL_18650_NCA_25C_0-100_0.5-1C_c_cycle_data.csv,schema_d2669a99bc63,Charge_Energy (Wh),charge_energy_wh,11,float64,50,0,"[""12.146"", ""12.234"", ""12.195"", ""24.174"", ""12.005""]",Wh,charge_energy,high,explicit charge energy column
SNL NCA.zip,SNL NCA/SNL_18650_NCA_25C_0-100_0.5-1C_c_cycle_data.csv,SNL_18650_NCA_25C_0-100_0.5-1C_c_cycle_data.csv,schema_d2669a99bc63,Discharge_Energy (Wh),discharge_energy_wh,12,float64,50,0,"[""11.083"", ""11.078"", ""11.025"", ""21.137"", ""10.56""]",Wh,discharge_energy,high,explicit discharge energy column
SNL NCA.zip,SNL NCA/SNL_18650_NCA_25C_0-100_0.5-1C_d_cycle_data.csv,SNL_18650_NCA_25C_0-100_0.5-1C_d_cycle_data.csv,schema_d2669a99bc63,Cycle_Index,cycle_index,1,float64,50,0,"[""1.0"", ""2.0"", ""3.0"", ""4.0"", ""5.0""]",unknown,cycle_index,high,explicit cycle index/name
SNL NCA.zip,SNL NCA/SNL_18650_NCA_25C_0-100_0.5-1C_d_cycle_data.csv,SNL_18650_NCA_25C_0-100_0.5-1C_d_cycle_data.csv,schema_d2669a99bc63,Start_Time,start_time,2,str,50,0,"[""2018-08-08 14:48:41.010197"", ""2018-08-08 19:16:17.048281"", ""2018-08-08 23:42:35.734366"", ""2018-08-09 04:07:42.503331"", ""2018-08-09 10:53:18.320475""]",unknown,date_or_timestamp,high,explicit date/time column
SNL NCA.zip,SNL NCA/SNL_18650_NCA_25C_0-100_0.5-1C_d_cycle_data.csv,SNL_18650_NCA_25C_0-100_0.5-1C_d_cycle_data.csv,schema_d2669a99bc63,End_Time,end_time,3,str,50,0,"[""2018-08-08 19:16:16.923170"", ""2018-08-08 23:42:35.641066"", ""2018-08-09 04:07:42.503218"", ""2018-08-09 10:51:18.266450"", ""2018-08-09 14:07:34.737960""]",unknown,date_or_timestamp,high,explicit date/time column
SNL NCA.zip,SNL NCA/SNL_18650_NCA_25C_0-100_0.5-1C_d_cycle_data.csv,SNL_18650_NCA_25C_0-100_0.5-1C_d_cycle_data.csv,schema_d2669a99bc63,Test_Time (s),test_time_s,4,float64,50,0,"[""16065.923"", ""32044.641"", ""47951.503"", ""72167.266"", ""83943.737""]",s,elapsed_time,high,explicit elapsed/test time column
SNL NCA.zip,SNL NCA/SNL_18650_NCA_25C_0-100_0.5-1C_d_cycle_data.csv,SNL_18650_NCA_25C_0-100_0.5-1C_d_cycle_data.csv,schema_d2669a99bc63,Min_Current (A),min_current_a,5,float64,50,0,"[""-1.625"", ""-3.25"", ""-3.251""]",A,unknown,none,"observed electrical measurement, not a requested mapping target"
SNL NCA.zip,SNL NCA/SNL_18650_NCA_25C_0-100_0.5-1C_d_cycle_data.csv,SNL_18650_NCA_25C_0-100_0.5-1C_d_cycle_data.csv,schema_d2669a99bc63,Max_Current (A),max_current_a,6,float64,50,0,"[""1.625""]",A,unknown,none,"observed electrical measurement, not a requested mapping target"
SNL NCA.zip,SNL NCA/SNL_18650_NCA_25C_0-100_0.5-1C_d_cycle_data.csv,SNL_18650_NCA_25C_0-100_0.5-1C_d_cycle_data.csv,schema_d2669a99bc63,Min_Voltage (V),min_voltage_v,7,float64,50,0,"[""2.499""]",V,unknown,none,"observed electrical measurement, not a requested mapping target"
SNL NCA.zip,SNL NCA/SNL_18650_NCA_25C_0-100_0.5-1C_d_cycle_data.csv,SNL_18650_NCA_25C_0-100_0.5-1C_d_cycle_data.csv,schema_d2669a99bc63,Max_Voltage (V),max_voltage_v,8,float64,50,0,"[""4.2""]",V,unknown,none,"observed electrical measurement, not a requested mapping target"
SNL NCA.zip,SNL NCA/SNL_18650_NCA_25C_0-100_0.5-1C_d_cycle_data.csv,SNL_18650_NCA_25C_0-100_0.5-1C_d_cycle_data.csv,schema_d2669a99bc63,Charge_Capacity (Ah),charge_capacity_ah,9,float64,50,0,"[""3.127"", ""3.142"", ""3.124"", ""6.204"", ""3.09""]",Ah,charge_capacity,high,explicit charge capacity column
SNL NCA.zip,SNL NCA/SNL_18650_NCA_25C_0-100_0.5-1C_d_cycle_data.csv,SNL_18650_NCA_25C_0-100_0.5-1C_d_cycle_data.csv,schema_d2669a99bc63,Discharge_Capacity (Ah),discharge_capacity_ah,10,float64,50,0,"[""3.138"", ""3.118"", ""3.105"", ""6.18"", ""3.084""]",Ah,discharge_capacity,high,explicit discharge capacity column
SNL NCA.zip,SNL NCA/SNL_18650_NCA_25C_0-100_0.5-1C_d_cycle_data.csv,SNL_18650_NCA_25C_0-100_0.5-1C_d_cycle_data.csv,schema_d2669a99bc63,Charge_Energy (Wh),charge_energy_wh,11,float64,50,0,"[""12.135"", ""12.151"", ""12.084"", ""24.002"", ""11.933""]",Wh,charge_energy,high,explicit charge energy column
SNL NCA.zip,SNL NCA/SNL_18650_NCA_25C_0-100_0.5-1C_d_cycle_data.csv,SNL_18650_NCA_25C_0-100_0.5-1C_d_cycle_data.csv,schema_d2669a99bc63,Discharge_Energy (Wh),discharge_energy_wh,12,float64,50,0,"[""11.01"", ""10.954"", ""10.915"", ""20.975"", ""10.471""]",Wh,discharge_energy,high,explicit discharge energy column
SNL NCA.zip,SNL NCA/SNL_18650_NCA_25C_0-100_0.5-2C_a_cycle_data.csv,SNL_18650_NCA_25C_0-100_0.5-2C_a_cycle_data.csv,schema_d2669a99bc63,Cycle_Index,cycle_index,1,float64,50,0,"[""1.0"", ""2.0"", ""3.0"", ""4.0"", ""5.0""]",unknown,cycle_index,high,explicit cycle index/name
SNL NCA.zip,SNL NCA/SNL_18650_NCA_25C_0-100_0.5-2C_a_cycle_data.csv,SNL_18650_NCA_25C_0-100_0.5-2C_a_cycle_data.csv,schema_d2669a99bc63,Start_Time,start_time,2,str,50,0,"[""2018-05-11 12:34:08.013268"", ""2018-05-11 17:00:26.348129"", ""2018-05-11 21:25:59.077583"", ""2018-05-12 01:50:20.423959"", ""2018-05-12 07:44:59.978260""]",unknown,date_or_timestamp,high,explicit date/time column
SNL NCA.zip,SNL NCA/SNL_18650_NCA_25C_0-100_0.5-2C_a_cycle_data.csv,SNL_18650_NCA_25C_0-100_0.5-2C_a_cycle_data.csv,schema_d2669a99bc63,End_Time,end_time,3,str,50,0,"[""2018-05-11 17:00:26.316774"", ""2018-05-11 21:25:59.045387"", ""2018-05-12 01:50:20.423850"", ""2018-05-12 07:42:59.922610"", ""2018-05-12 10:32:58.282491""]",unknown,date_or_timestamp,high,explicit date/time column
SNL NCA.zip,SNL NCA/SNL_18650_NCA_25C_0-100_0.5-2C_a_cycle_data.csv,SNL_18650_NCA_25C_0-100_0.5-2C_a_cycle_data.csv,schema_d2669a99bc63,Test_Time (s),test_time_s,4,float64,50,0,"[""15988.316"", ""31921.045"", ""47782.423"", ""68941.922"", ""79140.282""]",s,elapsed_time,high,explicit elapsed/test time column
SNL NCA.zip,SNL NCA/SNL_18650_NCA_25C_0-100_0.5-2C_a_cycle_data.csv,SNL_18650_NCA_25C_0-100_0.5-2C_a_cycle_data.csv,schema_d2669a99bc63,Min_Current (A),min_current_a,5,float64,50,0,"[""-1.629"", ""-6.503""]",A,unknown,none,"observed electrical measurement, not a requested mapping target"
SNL NCA.zip,SNL NCA/SNL_18650_NCA_25C_0-100_0.5-2C_a_cycle_data.csv,SNL_18650_NCA_25C_0-100_0.5-2C_a_cycle_data.csv,schema_d2669a99bc63,Max_Current (A),max_current_a,6,float64,50,0,"[""1.62"", ""1.621""]",A,unknown,none,"observed electrical measurement, not a requested mapping target"
SNL NCA.zip,SNL NCA/SNL_18650_NCA_25C_0-100_0.5-2C_a_cycle_data.csv,SNL_18650_NCA_25C_0-100_0.5-2C_a_cycle_data.csv,schema_d2669a99bc63,Min_Voltage (V),min_voltage_v,7,float64,50,0,"[""2.499"", ""2.497"", ""2.494"", ""2.493"", ""2.496""]",V,unknown,none,"observed electrical measurement, not a requested mapping target"
SNL NCA.zip,SNL NCA/SNL_18650_NCA_25C_0-100_0.5-2C_a_cycle_data.csv,SNL_18650_NCA_25C_0-100_0.5-2C_a_cycle_data.csv,schema_d2669a99bc63,Max_Voltage (V),max_voltage_v,8,float64,50,0,"[""4.2"", ""4.205""]",V,unknown,none,"observed electrical measurement, not a requested mapping target"
SNL NCA.zip,SNL NCA/SNL_18650_NCA_25C_0-100_0.5-2C_a_cycle_data.csv,SNL_18650_NCA_25C_0-100_0.5-2C_a_cycle_data.csv,schema_d2669a99bc63,Charge_Capacity (Ah),charge_capacity_ah,9,float64,50,0,"[""3.093"", ""3.121"", ""3.107"", ""6.088"", ""3.042""]",Ah,charge_capacity,high,explicit charge capacity column
SNL NCA.zip,SNL NCA/SNL_18650_NCA_25C_0-100_0.5-2C_a_cycle_data.csv,SNL_18650_NCA_25C_0-100_0.5-2C_a_cycle_data.csv,schema_d2669a99bc63,Discharge_Capacity (Ah),discharge_capacity_ah,10,float64,50,0,"[""3.116"", ""3.103"", ""3.09"", ""6.035"", ""3.029""]",Ah,discharge_capacity,high,explicit discharge capacity column
SNL NCA.zip,SNL NCA/SNL_18650_NCA_25C_0-100_0.5-2C_a_cycle_data.csv,SNL_18650_NCA_25C_0-100_0.5-2C_a_cycle_data.csv,schema_d2669a99bc63,Charge_Energy (Wh),charge_energy_wh,11,float64,50,0,"[""12.007"", ""12.076"", ""12.02"", ""23.6"", ""11.775""]",Wh,charge_energy,high,explicit charge energy column
SNL NCA.zip,SNL NCA/SNL_18650_NCA_25C_0-100_0.5-2C_a_cycle_data.csv,SNL_18650_NCA_25C_0-100_0.5-2C_a_cycle_data.csv,schema_d2669a99bc63,Discharge_Energy (Wh),discharge_energy_wh,12,float64,50,0,"[""10.942"", ""10.91"", ""10.873"", ""19.245"", ""9.658""]",Wh,discharge_energy,high,explicit discharge energy column
SNL NCA.zip,SNL NCA/SNL_18650_NCA_25C_0-100_0.5-2C_b_cycle_data.csv,SNL_18650_NCA_25C_0-100_0.5-2C_b_cycle_data.csv,schema_d2669a99bc63,Cycle_Index,cycle_index,1,float64,50,0,"[""1.0"", ""2.0"", ""3.0"", ""4.0"", ""5.0""]",unknown,cycle_index,high,explicit cycle index/name
SNL NCA.zip,SNL NCA/SNL_18650_NCA_25C_0-100_0.5-2C_b_cycle_data.csv,SNL_18650_NCA_25C_0-100_0.5-2C_b_cycle_data.csv,schema_d2669a99bc63,Start_Time,start_time,2,str,50,0,"[""2018-05-11 12:34:20.024562"", ""2018-05-11 17:00:45.950926"", ""2018-05-11 21:26:16.028366"", ""2018-05-12 01:50:07.345664"", ""2018-05-12 07:29:50.251610""]",unknown,date_or_timestamp,high,explicit date/time column
SNL NCA.zip,SNL NCA/SNL_18650_NCA_25C_0-100_0.5-2C_b_cycle_data.csv,SNL_18650_NCA_25C_0-100_0.5-2C_b_cycle_data.csv,schema_d2669a99bc63,End_Time,end_time,3,str,50,0,"[""2018-05-11 17:00:45.889074"", ""2018-05-11 21:26:15.996820"", ""2018-05-12 01:50:07.345542"", ""2018-05-12 07:27:50.228308"", ""2018-05-12 10:09:33.438009""]",unknown,date_or_timestamp,high,explicit date/time column
SNL NCA.zip,SNL NCA/SNL_18650_NCA_25C_0-100_0.5-2C_b_cycle_data.csv,SNL_18650_NCA_25C_0-100_0.5-2C_b_cycle_data.csv,schema_d2669a99bc63,Test_Time (s),test_time_s,4,float64,50,0,"[""15995.889"", ""31925.996"", ""47757.345"", ""68020.228"", ""77723.438""]",s,elapsed_time,high,explicit elapsed/test time column
SNL NCA.zip,SNL NCA/SNL_18650_NCA_25C_0-100_0.5-2C_b_cycle_data.csv,SNL_18650_NCA_25C_0-100_0.5-2C_b_cycle_data.csv,schema_d2669a99bc63,Min_Current (A),min_current_a,5,float64,50,0,"[""-1.625"", ""-6.5""]",A,unknown,none,"observed electrical measurement, not a requested mapping target"
SNL NCA.zip,SNL NCA/SNL_18650_NCA_25C_0-100_0.5-2C_b_cycle_data.csv,SNL_18650_NCA_25C_0-100_0.5-2C_b_cycle_data.csv,schema_d2669a99bc63,Max_Current (A),max_current_a,6,float64,50,0,"[""1.624"", ""1.625""]",A,unknown,none,"observed electrical measurement, not a requested mapping target"
SNL NCA.zip,SNL NCA/SNL_18650_NCA_25C_0-100_0.5-2C_b_cycle_data.csv,SNL_18650_NCA_25C_0-100_0.5-2C_b_cycle_data.csv,schema_d2669a99bc63,Min_Voltage (V),min_voltage_v,7,float64,50,0,"[""2.499""]",V,unknown,none,"observed electrical measurement, not a requested mapping target"
SNL NCA.zip,SNL NCA/SNL_18650_NCA_25C_0-100_0.5-2C_b_cycle_data.csv,SNL_18650_NCA_25C_0-100_0.5-2C_b_cycle_data.csv,schema_d2669a99bc63,Max_Voltage (V),max_voltage_v,8,float64,50,0,"[""4.2""]",V,unknown,none,"observed electrical measurement, not a requested mapping target"
SNL NCA.zip,SNL NCA/SNL_18650_NCA_25C_0-100_0.5-2C_b_cycle_data.csv,SNL_18650_NCA_25C_0-100_0.5-2C_b_cycle_data.csv,schema_d2669a99bc63,Charge_Capacity (Ah),charge_capacity_ah,9,float64,50,0,"[""3.1"", ""3.126"", ""3.103"", ""6.014"", ""2.937""]",Ah,charge_capacity,high,explicit charge capacity column
SNL NCA.zip,SNL NCA/SNL_18650_NCA_25C_0-100_0.5-2C_b_cycle_data.csv,SNL_18650_NCA_25C_0-100_0.5-2C_b_cycle_data.csv,schema_d2669a99bc63,Discharge_Capacity (Ah),discharge_capacity_ah,10,float64,50,0,"[""3.116"", ""3.101"", ""3.085"", ""5.858"", ""2.933""]",Ah,discharge_capacity,high,explicit discharge capacity column
SNL NCA.zip,SNL NCA/SNL_18650_NCA_25C_0-100_0.5-2C_b_cycle_data.csv,SNL_18650_NCA_25C_0-100_0.5-2C_b_cycle_data.csv,schema_d2669a99bc63,Charge_Energy (Wh),charge_energy_wh,11,float64,50,0,"[""12.041"", ""12.102"", ""12.014"", ""23.33"", ""11.394""]",Wh,charge_energy,high,explicit charge energy column
SNL NCA.zip,SNL NCA/SNL_18650_NCA_25C_0-100_0.5-2C_b_cycle_data.csv,SNL_18650_NCA_25C_0-100_0.5-2C_b_cycle_data.csv,schema_d2669a99bc63,Discharge_Energy (Wh),discharge_energy_wh,12,float64,50,0,"[""10.945"", ""10.909"", ""10.86"", ""18.658"", ""9.353""]",Wh,discharge_energy,high,explicit discharge energy column
SNL NCA.zip,SNL NCA/SNL_18650_NCA_25C_20-80_0.5-0.5C_a_cycle_data.csv,SNL_18650_NCA_25C_20-80_0.5-0.5C_a_cycle_data.csv,schema_d2669a99bc63,Cycle_Index,cycle_index,1,float64,50,0,"[""1.0"", ""2.0"", ""3.0"", ""4.0"", ""5.0""]",unknown,cycle_index,high,explicit cycle index/name
SNL NCA.zip,SNL NCA/SNL_18650_NCA_25C_20-80_0.5-0.5C_a_cycle_data.csv,SNL_18650_NCA_25C_20-80_0.5-0.5C_a_cycle_data.csv,schema_d2669a99bc63,Start_Time,start_time,2,str,50,0,"[""2017-07-24 15:54:29.011451"", ""2017-07-24 20:23:26.316444"", ""2017-07-25 00:51:53.887058"", ""2017-07-25 05:19:19.496941"", ""2017-07-25 11:40:23.381707""]",unknown,date_or_timestamp,high,explicit date/time column
SNL NCA.zip,SNL NCA/SNL_18650_NCA_25C_20-80_0.5-0.5C_a_cycle_data.csv,SNL_18650_NCA_25C_20-80_0.5-0.5C_a_cycle_data.csv,schema_d2669a99bc63,End_Time,end_time,3,str,50,0,"[""2017-07-24 20:23:26.160625"", ""2017-07-25 00:51:53.854864"", ""2017-07-25 05:19:19.496836"", ""2017-07-25 11:40:23.347891"", ""2017-07-25 14:20:15.602327""]",unknown,date_or_timestamp,high,explicit date/time column
SNL NCA.zip,SNL NCA/SNL_18650_NCA_25C_20-80_0.5-0.5C_a_cycle_data.csv,SNL_18650_NCA_25C_20-80_0.5-0.5C_a_cycle_data.csv,schema_d2669a99bc63,Test_Time (s),test_time_s,4,float64,50,0,"[""16147.16"", ""32254.854"", ""48300.496"", ""71164.347"", ""80756.602""]",s,elapsed_time,high,explicit elapsed/test time column
SNL NCA.zip,SNL NCA/SNL_18650_NCA_25C_20-80_0.5-0.5C_a_cycle_data.csv,SNL_18650_NCA_25C_20-80_0.5-0.5C_a_cycle_data.csv,schema_d2669a99bc63,Min_Current (A),min_current_a,5,float64,50,0,"[""-1.625"", ""-1.624"", ""-1.623"", ""-1.622"", ""-1.621""]",A,unknown,none,"observed electrical measurement, not a requested mapping target"
SNL NCA.zip,SNL NCA/SNL_18650_NCA_25C_20-80_0.5-0.5C_a_cycle_data.csv,SNL_18650_NCA_25C_20-80_0.5-0.5C_a_cycle_data.csv,schema_d2669a99bc63,Max_Current (A),max_current_a,6,float64,50,0,"[""1.625"", ""1.624"", ""1.623""]",A,unknown,none,"observed electrical measurement, not a requested mapping target"
SNL NCA.zip,SNL NCA/SNL_18650_NCA_25C_20-80_0.5-0.5C_a_cycle_data.csv,SNL_18650_NCA_25C_20-80_0.5-0.5C_a_cycle_data.csv,schema_d2669a99bc63,Min_Voltage (V),min_voltage_v,7,float64,50,0,"[""2.499"", ""2.7"", ""2.699""]",V,unknown,none,"observed electrical measurement, not a requested mapping target"
SNL NCA.zip,SNL NCA/SNL_18650_NCA_25C_20-80_0.5-0.5C_a_cycle_data.csv,SNL_18650_NCA_25C_20-80_0.5-0.5C_a_cycle_data.csv,schema_d2669a99bc63,Max_Voltage (V),max_voltage_v,8,float64,50,0,"[""4.2"", ""3.98"", ""3.982""]",V,unknown,none,"observed electrical measurement, not a requested mapping target"
SNL NCA.zip,SNL NCA/SNL_18650_NCA_25C_20-80_0.5-0.5C_a_cycle_data.csv,SNL_18650_NCA_25C_20-80_0.5-0.5C_a_cycle_data.csv,schema_d2669a99bc63,Charge_Capacity (Ah),charge_capacity_ah,9,float64,50,0,"[""3.128"", ""3.159"", ""3.146"", ""4.781"", ""2.03""]",Ah,charge_capacity,high,explicit charge capacity column
SNL NCA.zip,SNL NCA/SNL_18650_NCA_25C_20-80_0.5-0.5C_a_cycle_data.csv,SNL_18650_NCA_25C_20-80_0.5-0.5C_a_cycle_data.csv,schema_d2669a99bc63,Discharge_Capacity (Ah),discharge_capacity_ah,10,float64,50,0,"[""3.145"", ""3.135"", ""3.124"", ""4.725"", ""2.028""]",Ah,discharge_capacity,high,explicit discharge capacity column
SNL NCA.zip,SNL NCA/SNL_18650_NCA_25C_20-80_0.5-0.5C_a_cycle_data.csv,SNL_18650_NCA_25C_20-80_0.5-0.5C_a_cycle_data.csv,schema_d2669a99bc63,Charge_Energy (Wh),charge_energy_wh,11,float64,50,0,"[""12.116"", ""12.192"", ""12.142"", ""18.052"", ""7.557""]",Wh,charge_energy,high,explicit charge energy column
SNL NCA.zip,SNL NCA/SNL_18650_NCA_25C_20-80_0.5-0.5C_a_cycle_data.csv,SNL_18650_NCA_25C_20-80_0.5-0.5C_a_cycle_data.csv,schema_d2669a99bc63,Discharge_Energy (Wh),discharge_energy_wh,12,float64,50,0,"[""11.061"", ""11.04"", ""11.008"", ""16.306"", ""6.896""]",Wh,discharge_energy,high,explicit discharge energy column
SNL NCA.zip,SNL NCA/SNL_18650_NCA_25C_20-80_0.5-0.5C_b_cycle_data.csv,SNL_18650_NCA_25C_20-80_0.5-0.5C_b_cycle_data.csv,schema_d2669a99bc63,Cycle_Index,cycle_index,1,float64,50,0,"[""1.0"", ""2.0"", ""3.0"", ""4.0"", ""5.0""]",unknown,cycle_index,high,explicit cycle index/name
SNL NCA.zip,SNL NCA/SNL_18650_NCA_25C_20-80_0.5-0.5C_b_cycle_data.csv,SNL_18650_NCA_25C_20-80_0.5-0.5C_b_cycle_data.csv,schema_d2669a99bc63,Start_Time,start_time,2,str,50,0,"[""2017-07-24 15:54:38.001531"", ""2017-07-24 20:24:14.754478"", ""2017-07-25 00:52:52.901196"", ""2017-07-25 05:20:46.246005"", ""2017-07-25 11:41:54.320126""]",unknown,date_or_timestamp,high,explicit date/time column
SNL NCA.zip,SNL NCA/SNL_18650_NCA_25C_20-80_0.5-0.5C_b_cycle_data.csv,SNL_18650_NCA_25C_20-80_0.5-0.5C_b_cycle_data.csv,schema_d2669a99bc63,End_Time,end_time,3,str,50,0,"[""2017-07-24 20:24:14.723566"", ""2017-07-25 00:52:52.807391"", ""2017-07-25 05:20:46.245894"", ""2017-07-25 11:41:54.160919"", ""2017-07-25 14:21:44.925407""]",unknown,date_or_timestamp,high,explicit date/time column
SNL NCA.zip,SNL NCA/SNL_18650_NCA_25C_20-80_0.5-0.5C_b_cycle_data.csv,SNL_18650_NCA_25C_20-80_0.5-0.5C_b_cycle_data.csv,schema_d2669a99bc63,Test_Time (s),test_time_s,4,float64,50,0,"[""16186.723"", ""32304.807"", ""48378.245"", ""71246.16"", ""80836.925""]",s,elapsed_time,high,explicit elapsed/test time column
SNL NCA.zip,SNL NCA/SNL_18650_NCA_25C_20-80_0.5-0.5C_b_cycle_data.csv,SNL_18650_NCA_25C_20-80_0.5-0.5C_b_cycle_data.csv,schema_d2669a99bc63,Min_Current (A),min_current_a,5,float64,50,0,"[""-1.625"", ""-1.624""]",A,unknown,none,"observed electrical measurement, not a requested mapping target"
SNL NCA.zip,SNL NCA/SNL_18650_NCA_25C_20-80_0.5-0.5C_b_cycle_data.csv,SNL_18650_NCA_25C_20-80_0.5-0.5C_b_cycle_data.csv,schema_d2669a99bc63,Max_Current (A),max_current_a,6,float64,50,0,"[""1.625"", ""1.626""]",A,unknown,none,"observed electrical measurement, not a requested mapping target"
SNL NCA.zip,SNL NCA/SNL_18650_NCA_25C_20-80_0.5-0.5C_b_cycle_data.csv,SNL_18650_NCA_25C_20-80_0.5-0.5C_b_cycle_data.csv,schema_d2669a99bc63,Min_Voltage (V),min_voltage_v,7,float64,50,0,"[""2.499"", ""2.699""]",V,unknown,none,"observed electrical measurement, not a requested mapping target"
SNL NCA.zip,SNL NCA/SNL_18650_NCA_25C_20-80_0.5-0.5C_b_cycle_data.csv,SNL_18650_NCA_25C_20-80_0.5-0.5C_b_cycle_data.csv,schema_d2669a99bc63,Max_Voltage (V),max_voltage_v,8,float64,50,0,"[""4.2"", ""3.98""]",V,unknown,none,"observed electrical measurement, not a requested mapping target"
SNL NCA.zip,SNL NCA/SNL_18650_NCA_25C_20-80_0.5-0.5C_b_cycle_data.csv,SNL_18650_NCA_25C_20-80_0.5-0.5C_b_cycle_data.csv,schema_d2669a99bc63,Charge_Capacity (Ah),charge_capacity_ah,9,float64,50,0,"[""3.146"", ""3.173"", ""3.157"", ""4.78"", ""2.029""]",Ah,charge_capacity,high,explicit charge capacity column
SNL NCA.zip,SNL NCA/SNL_18650_NCA_25C_20-80_0.5-0.5C_b_cycle_data.csv,SNL_18650_NCA_25C_20-80_0.5-0.5C_b_cycle_data.csv,schema_d2669a99bc63,Discharge_Capacity (Ah),discharge_capacity_ah,10,float64,50,0,"[""3.165"", ""3.143"", ""3.138"", ""4.727"", ""2.028""]",Ah,discharge_capacity,high,explicit discharge capacity column
SNL NCA.zip,SNL NCA/SNL_18650_NCA_25C_20-80_0.5-0.5C_b_cycle_data.csv,SNL_18650_NCA_25C_20-80_0.5-0.5C_b_cycle_data.csv,schema_d2669a99bc63,Charge_Energy (Wh),charge_energy_wh,11,float64,50,0,"[""12.191"", ""12.256"", ""12.194"", ""18.062"", ""7.558""]",Wh,charge_energy,high,explicit charge energy column
SNL NCA.zip,SNL NCA/SNL_18650_NCA_25C_20-80_0.5-0.5C_b_cycle_data.csv,SNL_18650_NCA_25C_20-80_0.5-0.5C_b_cycle_data.csv,schema_d2669a99bc63,Discharge_Energy (Wh),discharge_energy_wh,12,float64,50,0,"[""11.131"", ""11.065"", ""11.054"", ""16.303"", ""6.892""]",Wh,discharge_energy,high,explicit discharge energy column
SNL NCA.zip,SNL NCA/SNL_18650_NCA_25C_20-80_0.5-0.5C_c_cycle_data.csv,SNL_18650_NCA_25C_20-80_0.5-0.5C_c_cycle_data.csv,schema_d2669a99bc63,Cycle_Index,cycle_index,1,float64,50,0,"[""1.0"", ""2.0"", ""3.0"", ""4.0"", ""5.0""]",unknown,cycle_index,high,explicit cycle index/name
SNL NCA.zip,SNL NCA/SNL_18650_NCA_25C_20-80_0.5-0.5C_c_cycle_data.csv,SNL_18650_NCA_25C_20-80_0.5-0.5C_c_cycle_data.csv,schema_d2669a99bc63,Start_Time,start_time,2,str,50,0,"[""2017-07-24 15:54:48.015405"", ""2017-07-24 20:23:48.483786"", ""2017-07-25 00:52:02.450422"", ""2017-07-25 05:19:32.270730"", ""2017-07-25 11:39:36.414516""]",unknown,date_or_timestamp,high,explicit date/time column
SNL NCA.zip,SNL NCA/SNL_18650_NCA_25C_20-80_0.5-0.5C_c_cycle_data.csv,SNL_18650_NCA_25C_20-80_0.5-0.5C_c_cycle_data.csv,schema_d2669a99bc63,End_Time,end_time,3,str,50,0,"[""2017-07-24 20:23:48.452787"", ""2017-07-25 00:52:02.419111"", ""2017-07-25 05:19:32.270607"", ""2017-07-25 11:39:36.354546"", ""2017-07-25 14:18:57.563513""]",unknown,date_or_timestamp,high,explicit date/time column
SNL NCA.zip,SNL NCA/SNL_18650_NCA_25C_20-80_0.5-0.5C_c_cycle_data.csv,SNL_18650_NCA_25C_20-80_0.5-0.5C_c_cycle_data.csv,schema_d2669a99bc63,Test_Time (s),test_time_s,4,float64,50,0,"[""16150.452"", ""32244.419"", ""48294.27"", ""71098.354"", ""80659.563""]",s,elapsed_time,high,explicit elapsed/test time column
SNL NCA.zip,SNL NCA/SNL_18650_NCA_25C_20-80_0.5-0.5C_c_cycle_data.csv,SNL_18650_NCA_25C_20-80_0.5-0.5C_c_cycle_data.csv,schema_d2669a99bc63,Min_Current (A),min_current_a,5,float64,50,0,"[""-1.625"", ""-1.627"", ""-1.628"", ""-1.629"", ""-1.626""]",A,unknown,none,"observed electrical measurement, not a requested mapping target"
SNL NCA.zip,SNL NCA/SNL_18650_NCA_25C_20-80_0.5-0.5C_c_cycle_data.csv,SNL_18650_NCA_25C_20-80_0.5-0.5C_c_cycle_data.csv,schema_d2669a99bc63,Max_Current (A),max_current_a,6,float64,50,0,"[""1.624"", ""1.626"", ""1.628"", ""1.625"", ""1.64""]",A,unknown,none,"observed electrical measurement, not a requested mapping target"
SNL NCA.zip,SNL NCA/SNL_18650_NCA_25C_20-80_0.5-0.5C_c_cycle_data.csv,SNL_18650_NCA_25C_20-80_0.5-0.5C_c_cycle_data.csv,schema_d2669a99bc63,Min_Voltage (V),min_voltage_v,7,float64,50,0,"[""2.499"", ""2.699""]",V,unknown,none,"observed electrical measurement, not a requested mapping target"
SNL NCA.zip,SNL NCA/SNL_18650_NCA_25C_20-80_0.5-0.5C_c_cycle_data.csv,SNL_18650_NCA_25C_20-80_0.5-0.5C_c_cycle_data.csv,schema_d2669a99bc63,Max_Voltage (V),max_voltage_v,8,float64,50,0,"[""4.2"", ""4.201"", ""3.98"", ""3.981""]",V,unknown,none,"observed electrical measurement, not a requested mapping target"
SNL NCA.zip,SNL NCA/SNL_18650_NCA_25C_20-80_0.5-0.5C_c_cycle_data.csv,SNL_18650_NCA_25C_20-80_0.5-0.5C_c_cycle_data.csv,schema_d2669a99bc63,Charge_Capacity (Ah),charge_capacity_ah,9,float64,50,0,"[""3.129"", ""3.16"", ""3.148"", ""4.762"", ""2.019""]",Ah,charge_capacity,high,explicit charge capacity column
SNL NCA.zip,SNL NCA/SNL_18650_NCA_25C_20-80_0.5-0.5C_c_cycle_data.csv,SNL_18650_NCA_25C_20-80_0.5-0.5C_c_cycle_data.csv,schema_d2669a99bc63,Discharge_Capacity (Ah),discharge_capacity_ah,10,float64,50,0,"[""3.16"", ""3.143"", ""3.139"", ""4.715"", ""2.024""]",Ah,discharge_capacity,high,explicit discharge capacity column
SNL NCA.zip,SNL NCA/SNL_18650_NCA_25C_20-80_0.5-0.5C_c_cycle_data.csv,SNL_18650_NCA_25C_20-80_0.5-0.5C_c_cycle_data.csv,schema_d2669a99bc63,Charge_Energy (Wh),charge_energy_wh,11,float64,50,0,"[""12.134"", ""12.215"", ""12.166"", ""18.001"", ""7.527""]",Wh,charge_energy,high,explicit charge energy column
SNL NCA.zip,SNL NCA/SNL_18650_NCA_25C_20-80_0.5-0.5C_c_cycle_data.csv,SNL_18650_NCA_25C_20-80_0.5-0.5C_c_cycle_data.csv,schema_d2669a99bc63,Discharge_Energy (Wh),discharge_energy_wh,12,float64,50,0,"[""11.107"", ""11.055"", ""11.047"", ""16.244"", ""6.87""]",Wh,discharge_energy,high,explicit discharge energy column
SNL NCA.zip,SNL NCA/SNL_18650_NCA_25C_20-80_0.5-0.5C_d_cycle_data.csv,SNL_18650_NCA_25C_20-80_0.5-0.5C_d_cycle_data.csv,schema_d2669a99bc63,Cycle_Index,cycle_index,1,float64,50,0,"[""1.0"", ""2.0"", ""3.0"", ""4.0"", ""5.0""]",unknown,cycle_index,high,explicit cycle index/name
SNL NCA.zip,SNL NCA/SNL_18650_NCA_25C_20-80_0.5-0.5C_d_cycle_data.csv,SNL_18650_NCA_25C_20-80_0.5-0.5C_d_cycle_data.csv,schema_d2669a99bc63,Start_Time,start_time,2,str,50,0,"[""2017-07-24 15:54:58.018927"", ""2017-07-24 20:20:17.071085"", ""2017-07-25 00:45:12.735847"", ""2017-07-25 05:08:59.635113"", ""2017-07-25 11:22:30.991409""]",unknown,date_or_timestamp,high,explicit date/time column
SNL NCA.zip,SNL NCA/SNL_18650_NCA_25C_20-80_0.5-0.5C_d_cycle_data.csv,SNL_18650_NCA_25C_20-80_0.5-0.5C_d_cycle_data.csv,schema_d2669a99bc63,End_Time,end_time,3,str,50,0,"[""2017-07-24 20:20:17.008385"", ""2017-07-25 00:45:12.642695"", ""2017-07-25 05:08:59.635005"", ""2017-07-25 11:22:30.959926"", ""2017-07-25 13:58:42.836269""]",unknown,date_or_timestamp,high,explicit date/time column
SNL NCA.zip,SNL NCA/SNL_18650_NCA_25C_20-80_0.5-0.5C_d_cycle_data.csv,SNL_18650_NCA_25C_20-80_0.5-0.5C_d_cycle_data.csv,schema_d2669a99bc63,Test_Time (s),test_time_s,4,float64,50,0,"[""15929.008"", ""31824.642"", ""47651.635"", ""70062.959"", ""79434.836""]",s,elapsed_time,high,explicit elapsed/test time column
SNL NCA.zip,SNL NCA/SNL_18650_NCA_25C_20-80_0.5-0.5C_d_cycle_data.csv,SNL_18650_NCA_25C_20-80_0.5-0.5C_d_cycle_data.csv,schema_d2669a99bc63,Min_Current (A),min_current_a,5,float64,50,0,"[""-1.624"", ""-1.625""]",A,unknown,none,"observed electrical measurement, not a requested mapping target"
SNL NCA.zip,SNL NCA/SNL_18650_NCA_25C_20-80_0.5-0.5C_d_cycle_data.csv,SNL_18650_NCA_25C_20-80_0.5-0.5C_d_cycle_data.csv,schema_d2669a99bc63,Max_Current (A),max_current_a,6,float64,50,0,"[""1.625"", ""1.624"", ""1.626""]",A,unknown,none,"observed electrical measurement, not a requested mapping target"
SNL NCA.zip,SNL NCA/SNL_18650_NCA_25C_20-80_0.5-0.5C_d_cycle_data.csv,SNL_18650_NCA_25C_20-80_0.5-0.5C_d_cycle_data.csv,schema_d2669a99bc63,Min_Voltage (V),min_voltage_v,7,float64,50,0,"[""2.499"", ""2.699""]",V,unknown,none,"observed electrical measurement, not a requested mapping target"
SNL NCA.zip,SNL NCA/SNL_18650_NCA_25C_20-80_0.5-0.5C_d_cycle_data.csv,SNL_18650_NCA_25C_20-80_0.5-0.5C_d_cycle_data.csv,schema_d2669a99bc63,Max_Voltage (V),max_voltage_v,8,float64,50,0,"[""4.2"", ""4.201"", ""3.98""]",V,unknown,none,"observed electrical measurement, not a requested mapping target"
SNL NCA.zip,SNL NCA/SNL_18650_NCA_25C_20-80_0.5-0.5C_d_cycle_data.csv,SNL_18650_NCA_25C_20-80_0.5-0.5C_d_cycle_data.csv,schema_d2669a99bc63,Charge_Capacity (Ah),charge_capacity_ah,9,float64,50,0,"[""3.073"", ""3.111"", ""3.097"", ""4.676"", ""1.978""]",Ah,charge_capacity,high,explicit charge capacity column
SNL NCA.zip,SNL NCA/SNL_18650_NCA_25C_20-80_0.5-0.5C_d_cycle_data.csv,SNL_18650_NCA_25C_20-80_0.5-0.5C_d_cycle_data.csv,schema_d2669a99bc63,Discharge_Capacity (Ah),discharge_capacity_ah,10,float64,50,0,"[""3.097"", ""3.091"", ""3.079"", ""4.624"", ""1.979""]",Ah,discharge_capacity,high,explicit discharge capacity column
SNL NCA.zip,SNL NCA/SNL_18650_NCA_25C_20-80_0.5-0.5C_d_cycle_data.csv,SNL_18650_NCA_25C_20-80_0.5-0.5C_d_cycle_data.csv,schema_d2669a99bc63,Charge_Energy (Wh),charge_energy_wh,11,float64,50,0,"[""11.911"", ""12.024"", ""11.974"", ""17.677"", ""7.37""]",Wh,charge_energy,high,explicit charge energy column
SNL NCA.zip,SNL NCA/SNL_18650_NCA_25C_20-80_0.5-0.5C_d_cycle_data.csv,SNL_18650_NCA_25C_20-80_0.5-0.5C_d_cycle_data.csv,schema_d2669a99bc63,Discharge_Energy (Wh),discharge_energy_wh,12,float64,50,0,"[""10.887"", ""10.88"", ""10.847"", ""15.947"", ""6.727""]",Wh,discharge_energy,high,explicit discharge energy column
SNL NCA.zip,SNL NCA/SNL_18650_NCA_25C_40-60_0.5-0.5C_a_cycle_data.csv,SNL_18650_NCA_25C_40-60_0.5-0.5C_a_cycle_data.csv,schema_d2669a99bc63,Cycle_Index,cycle_index,1,float64,50,0,"[""1.0"", ""2.0"", ""3.0"", ""4.0"", ""5.0""]",unknown,cycle_index,high,explicit cycle index/name
SNL NCA.zip,SNL NCA/SNL_18650_NCA_25C_40-60_0.5-0.5C_a_cycle_data.csv,SNL_18650_NCA_25C_40-60_0.5-0.5C_a_cycle_data.csv,schema_d2669a99bc63,Start_Time,start_time,2,str,50,0,"[""2017-07-10 14:03:55.013137"", ""2017-07-10 18:28:15.919491"", ""2017-07-10 22:52:58.574472"", ""2017-07-11 03:16:44.535541"", ""2017-07-11 06:38:24.818577""]",unknown,date_or_timestamp,high,explicit date/time column
SNL NCA.zip,SNL NCA/SNL_18650_NCA_25C_40-60_0.5-0.5C_a_cycle_data.csv,SNL_18650_NCA_25C_40-60_0.5-0.5C_a_cycle_data.csv,schema_d2669a99bc63,End_Time,end_time,3,str,50,0,"[""2017-07-10 18:28:15.825931"", ""2017-07-10 22:52:58.480838"", ""2017-07-11 03:16:44.535434"", ""2017-07-11 06:38:24.755822"", ""2017-07-11 07:36:24.865820""]",unknown,date_or_timestamp,high,explicit date/time column
SNL NCA.zip,SNL NCA/SNL_18650_NCA_25C_40-60_0.5-0.5C_a_cycle_data.csv,SNL_18650_NCA_25C_40-60_0.5-0.5C_a_cycle_data.csv,schema_d2669a99bc63,Test_Time (s),test_time_s,4,float64,50,0,"[""15870.825"", ""31753.48"", ""47579.535"", ""59679.755"", ""63159.865""]",s,elapsed_time,high,explicit elapsed/test time column
SNL NCA.zip,SNL NCA/SNL_18650_NCA_25C_40-60_0.5-0.5C_a_cycle_data.csv,SNL_18650_NCA_25C_40-60_0.5-0.5C_a_cycle_data.csv,schema_d2669a99bc63,Min_Current (A),min_current_a,5,float64,50,0,"[""-1.624""]",A,unknown,none,"observed electrical measurement, not a requested mapping target"
SNL NCA.zip,SNL NCA/SNL_18650_NCA_25C_40-60_0.5-0.5C_a_cycle_data.csv,SNL_18650_NCA_25C_40-60_0.5-0.5C_a_cycle_data.csv,schema_d2669a99bc63,Max_Current (A),max_current_a,6,float64,50,0,"[""1.625""]",A,unknown,none,"observed electrical measurement, not a requested mapping target"
SNL NCA.zip,SNL NCA/SNL_18650_NCA_25C_40-60_0.5-0.5C_a_cycle_data.csv,SNL_18650_NCA_25C_40-60_0.5-0.5C_a_cycle_data.csv,schema_d2669a99bc63,Min_Voltage (V),min_voltage_v,7,float64,50,0,"[""2.499"", ""3.219"", ""3.361"", ""3.36"", ""3.362""]",V,unknown,none,"observed electrical measurement, not a requested mapping target"
SNL NCA.zip,SNL NCA/SNL_18650_NCA_25C_40-60_0.5-0.5C_a_cycle_data.csv,SNL_18650_NCA_25C_40-60_0.5-0.5C_a_cycle_data.csv,schema_d2669a99bc63,Max_Voltage (V),max_voltage_v,8,float64,50,0,"[""4.2"", ""3.785"", ""3.786"", ""3.787"", ""3.788""]",V,unknown,none,"observed electrical measurement, not a requested mapping target"
SNL NCA.zip,SNL NCA/SNL_18650_NCA_25C_40-60_0.5-0.5C_a_cycle_data.csv,SNL_18650_NCA_25C_40-60_0.5-0.5C_a_cycle_data.csv,schema_d2669a99bc63,Charge_Capacity (Ah),charge_capacity_ah,9,float64,50,0,"[""3.051"", ""3.098"", ""3.09"", ""2.699"", ""0.65""]",Ah,charge_capacity,high,explicit charge capacity column
SNL NCA.zip,SNL NCA/SNL_18650_NCA_25C_40-60_0.5-0.5C_a_cycle_data.csv,SNL_18650_NCA_25C_40-60_0.5-0.5C_a_cycle_data.csv,schema_d2669a99bc63,Discharge_Capacity (Ah),discharge_capacity_ah,10,float64,50,0,"[""3.086"", ""3.087"", ""3.081"", ""1.95"", ""0.65""]",Ah,discharge_capacity,high,explicit discharge capacity column
SNL NCA.zip,SNL NCA/SNL_18650_NCA_25C_40-60_0.5-0.5C_a_cycle_data.csv,SNL_18650_NCA_25C_40-60_0.5-0.5C_a_cycle_data.csv,schema_d2669a99bc63,Charge_Energy (Wh),charge_energy_wh,11,float64,50,0,"[""11.831"", ""11.966"", ""11.936"", ""10.296"", ""2.414""]",Wh,charge_energy,high,explicit charge energy column
SNL NCA.zip,SNL NCA/SNL_18650_NCA_25C_40-60_0.5-0.5C_a_cycle_data.csv,SNL_18650_NCA_25C_40-60_0.5-0.5C_a_cycle_data.csv,schema_d2669a99bc63,Discharge_Energy (Wh),discharge_energy_wh,12,float64,50,0,"[""10.838"", ""10.858"", ""10.842"", ""7.019"", ""2.244""]",Wh,discharge_energy,high,explicit discharge energy column
SNL NCA.zip,SNL NCA/SNL_18650_NCA_25C_40-60_0.5-0.5C_b_cycle_data.csv,SNL_18650_NCA_25C_40-60_0.5-0.5C_b_cycle_data.csv,schema_d2669a99bc63,Cycle_Index,cycle_index,1,float64,50,0,"[""1.0"", ""2.0"", ""3.0"", ""4.0"", ""5.0""]",unknown,cycle_index,high,explicit cycle index/name
SNL NCA.zip,SNL NCA/SNL_18650_NCA_25C_40-60_0.5-0.5C_b_cycle_data.csv,SNL_18650_NCA_25C_40-60_0.5-0.5C_b_cycle_data.csv,schema_d2669a99bc63,Start_Time,start_time,2,str,50,0,"[""2017-07-10 14:04:05.003647"", ""2017-07-10 18:33:31.228328"", ""2017-07-10 23:01:14.745981"", ""2017-07-11 03:26:58.299056"", ""2017-07-11 06:49:26.244473""]",unknown,date_or_timestamp,high,explicit date/time column
SNL NCA.zip,SNL NCA/SNL_18650_NCA_25C_40-60_0.5-0.5C_b_cycle_data.csv,SNL_18650_NCA_25C_40-60_0.5-0.5C_b_cycle_data.csv,schema_d2669a99bc63,End_Time,end_time,3,str,50,0,"[""2017-07-10 18:33:31.166406"", ""2017-07-10 23:01:14.651367"", ""2017-07-11 03:26:58.298936"", ""2017-07-11 06:49:26.214620"", ""2017-07-11 07:47:26.800687""]",unknown,date_or_timestamp,high,explicit date/time column
SNL NCA.zip,SNL NCA/SNL_18650_NCA_25C_40-60_0.5-0.5C_b_cycle_data.csv,SNL_18650_NCA_25C_40-60_0.5-0.5C_b_cycle_data.csv,schema_d2669a99bc63,Test_Time (s),test_time_s,4,float64,50,0,"[""16176.166"", ""32239.651"", ""48183.298"", ""60331.214"", ""63811.8""]",s,elapsed_time,high,explicit elapsed/test time column
SNL NCA.zip,SNL NCA/SNL_18650_NCA_25C_40-60_0.5-0.5C_b_cycle_data.csv,SNL_18650_NCA_25C_40-60_0.5-0.5C_b_cycle_data.csv,schema_d2669a99bc63,Min_Current (A),min_current_a,5,float64,50,0,"[""-1.624""]",A,unknown,none,"observed electrical measurement, not a requested mapping target"
SNL NCA.zip,SNL NCA/SNL_18650_NCA_25C_40-60_0.5-0.5C_b_cycle_data.csv,SNL_18650_NCA_25C_40-60_0.5-0.5C_b_cycle_data.csv,schema_d2669a99bc63,Max_Current (A),max_current_a,6,float64,50,0,"[""1.625""]",A,unknown,none,"observed electrical measurement, not a requested mapping target"
SNL NCA.zip,SNL NCA/SNL_18650_NCA_25C_40-60_0.5-0.5C_b_cycle_data.csv,SNL_18650_NCA_25C_40-60_0.5-0.5C_b_cycle_data.csv,schema_d2669a99bc63,Min_Voltage (V),min_voltage_v,7,float64,50,0,"[""2.499"", ""3.185"", ""3.372"", ""3.373"", ""3.374""]",V,unknown,none,"observed electrical measurement, not a requested mapping target"
SNL NCA.zip,SNL NCA/SNL_18650_NCA_25C_40-60_0.5-0.5C_b_cycle_data.csv,SNL_18650_NCA_25C_40-60_0.5-0.5C_b_cycle_data.csv,schema_d2669a99bc63,Max_Voltage (V),max_voltage_v,8,float64,50,0,"[""4.2"", ""3.787"", ""3.788"", ""3.789"", ""3.79""]",V,unknown,none,"observed electrical measurement, not a requested mapping target"
SNL NCA.zip,SNL NCA/SNL_18650_NCA_25C_40-60_0.5-0.5C_b_cycle_data.csv,SNL_18650_NCA_25C_40-60_0.5-0.5C_b_cycle_data.csv,schema_d2669a99bc63,Charge_Capacity (Ah),charge_capacity_ah,9,float64,50,0,"[""3.137"", ""3.155"", ""3.128"", ""2.72"", ""0.65""]",Ah,charge_capacity,high,explicit charge capacity column
SNL NCA.zip,SNL NCA/SNL_18650_NCA_25C_40-60_0.5-0.5C_b_cycle_data.csv,SNL_18650_NCA_25C_40-60_0.5-0.5C_b_cycle_data.csv,schema_d2669a99bc63,Discharge_Capacity (Ah),discharge_capacity_ah,10,float64,50,0,"[""3.146"", ""3.12"", ""3.098"", ""1.95"", ""0.65""]",Ah,discharge_capacity,high,explicit discharge capacity column
SNL NCA.zip,SNL NCA/SNL_18650_NCA_25C_40-60_0.5-0.5C_b_cycle_data.csv,SNL_18650_NCA_25C_40-60_0.5-0.5C_b_cycle_data.csv,schema_d2669a99bc63,Charge_Energy (Wh),charge_energy_wh,11,float64,50,0,"[""12.147"", ""12.18"", ""12.078"", ""10.373"", ""2.415""]",Wh,charge_energy,high,explicit charge energy column
SNL NCA.zip,SNL NCA/SNL_18650_NCA_25C_40-60_0.5-0.5C_b_cycle_data.csv,SNL_18650_NCA_25C_40-60_0.5-0.5C_b_cycle_data.csv,schema_d2669a99bc63,Discharge_Energy (Wh),discharge_energy_wh,12,float64,50,0,"[""11.076"", ""11.0"", ""10.93"", ""7.04"", ""2.25""]",Wh,discharge_energy,high,explicit discharge energy column
SNL NCA.zip,SNL NCA/SNL_18650_NCA_35C_0-100_0.5-1C_a_cycle_data.csv,SNL_18650_NCA_35C_0-100_0.5-1C_a_cycle_data.csv,schema_d2669a99bc63,Cycle_Index,cycle_index,1,float64,50,0,"[""1.0"", ""2.0"", ""3.0"", ""4.0"", ""5.0""]",unknown,cycle_index,high,explicit cycle index/name
SNL NCA.zip,SNL NCA/SNL_18650_NCA_35C_0-100_0.5-1C_a_cycle_data.csv,SNL_18650_NCA_35C_0-100_0.5-1C_a_cycle_data.csv,schema_d2669a99bc63,Start_Time,start_time,2,str,50,0,"[""2018-02-27 13:09:25.493900"", ""2018-02-27 17:37:55.686024"", ""2018-02-27 22:07:46.887404"", ""2018-02-28 02:37:15.804548"", ""2018-02-28 09:27:30.054792""]",unknown,date_or_timestamp,high,explicit date/time column
SNL NCA.zip,SNL NCA/SNL_18650_NCA_35C_0-100_0.5-1C_a_cycle_data.csv,SNL_18650_NCA_35C_0-100_0.5-1C_a_cycle_data.csv,schema_d2669a99bc63,End_Time,end_time,3,str,50,0,"[""2018-02-27 17:37:55.667552"", ""2018-02-27 22:07:46.868968"", ""2018-02-28 02:37:15.781408"", ""2018-02-28 09:27:30.037552"", ""2018-02-28 12:52:46.701960""]",unknown,date_or_timestamp,high,explicit date/time column
SNL NCA.zip,SNL NCA/SNL_18650_NCA_35C_0-100_0.5-1C_a_cycle_data.csv,SNL_18650_NCA_35C_0-100_0.5-1C_a_cycle_data.csv,schema_d2669a99bc63,Test_Time (s),test_time_s,4,float64,50,0,"[""16120.18"", ""32311.381"", ""48480.294"", ""73094.55"", ""85411.214""]",s,elapsed_time,high,explicit elapsed/test time column
SNL NCA.zip,SNL NCA/SNL_18650_NCA_35C_0-100_0.5-1C_a_cycle_data.csv,SNL_18650_NCA_35C_0-100_0.5-1C_a_cycle_data.csv,schema_d2669a99bc63,Min_Current (A),min_current_a,5,float64,50,0,"[""-1.625"", ""-3.25"", ""-3.249""]",A,unknown,none,"observed electrical measurement, not a requested mapping target"
SNL NCA.zip,SNL NCA/SNL_18650_NCA_35C_0-100_0.5-1C_a_cycle_data.csv,SNL_18650_NCA_35C_0-100_0.5-1C_a_cycle_data.csv,schema_d2669a99bc63,Max_Current (A),max_current_a,6,float64,50,0,"[""1.625"", ""1.624""]",A,unknown,none,"observed electrical measurement, not a requested mapping target"
SNL NCA.zip,SNL NCA/SNL_18650_NCA_35C_0-100_0.5-1C_a_cycle_data.csv,SNL_18650_NCA_35C_0-100_0.5-1C_a_cycle_data.csv,schema_d2669a99bc63,Min_Voltage (V),min_voltage_v,7,float64,50,0,"[""2.499""]",V,unknown,none,"observed electrical measurement, not a requested mapping target"
SNL NCA.zip,SNL NCA/SNL_18650_NCA_35C_0-100_0.5-1C_a_cycle_data.csv,SNL_18650_NCA_35C_0-100_0.5-1C_a_cycle_data.csv,schema_d2669a99bc63,Max_Voltage (V),max_voltage_v,8,float64,50,0,"[""4.2""]",V,unknown,none,"observed electrical measurement, not a requested mapping target"
SNL NCA.zip,SNL NCA/SNL_18650_NCA_35C_0-100_0.5-1C_a_cycle_data.csv,SNL_18650_NCA_35C_0-100_0.5-1C_a_cycle_data.csv,schema_d2669a99bc63,Charge_Capacity (Ah),charge_capacity_ah,9,float64,50,0,"[""3.156"", ""3.204"", ""3.199"", ""6.36"", ""3.138""]",Ah,charge_capacity,high,explicit charge capacity column
SNL NCA.zip,SNL NCA/SNL_18650_NCA_35C_0-100_0.5-1C_a_cycle_data.csv,SNL_18650_NCA_35C_0-100_0.5-1C_a_cycle_data.csv,schema_d2669a99bc63,Discharge_Capacity (Ah),discharge_capacity_ah,10,float64,50,0,"[""3.187"", ""3.191"", ""3.184"", ""6.322"", ""3.139""]",Ah,discharge_capacity,high,explicit discharge capacity column
SNL NCA.zip,SNL NCA/SNL_18650_NCA_35C_0-100_0.5-1C_a_cycle_data.csv,SNL_18650_NCA_35C_0-100_0.5-1C_a_cycle_data.csv,schema_d2669a99bc63,Charge_Energy (Wh),charge_energy_wh,11,float64,50,0,"[""12.292"", ""12.428"", ""12.405"", ""24.676"", ""12.225""]",Wh,charge_energy,high,explicit charge energy column
SNL NCA.zip,SNL NCA/SNL_18650_NCA_35C_0-100_0.5-1C_a_cycle_data.csv,SNL_18650_NCA_35C_0-100_0.5-1C_a_cycle_data.csv,schema_d2669a99bc63,Discharge_Energy (Wh),discharge_energy_wh,12,float64,50,0,"[""11.064"", ""11.092"", ""11.073"", ""20.96"", ""10.395""]",Wh,discharge_energy,high,explicit discharge energy column
SNL NCA.zip,SNL NCA/SNL_18650_NCA_35C_0-100_0.5-1C_b_cycle_data.csv,SNL_18650_NCA_35C_0-100_0.5-1C_b_cycle_data.csv,schema_d2669a99bc63,Cycle_Index,cycle_index,1,float64,50,0,"[""1.0"", ""2.0"", ""3.0"", ""4.0"", ""5.0""]",unknown,cycle_index,high,explicit cycle index/name
SNL NCA.zip,SNL NCA/SNL_18650_NCA_35C_0-100_0.5-1C_b_cycle_data.csv,SNL_18650_NCA_35C_0-100_0.5-1C_b_cycle_data.csv,schema_d2669a99bc63,Start_Time,start_time,2,str,50,0,"[""2018-02-27 13:09:36.450400"", ""2018-02-27 17:34:53.484508"", ""2018-02-27 22:01:45.246272"", ""2018-02-28 02:28:24.587016"", ""2018-02-28 09:14:35.011776""]",unknown,date_or_timestamp,high,explicit date/time column
SNL NCA.zip,SNL NCA/SNL_18650_NCA_35C_0-100_0.5-1C_b_cycle_data.csv,SNL_18650_NCA_35C_0-100_0.5-1C_b_cycle_data.csv,schema_d2669a99bc63,End_Time,end_time,3,str,50,0,"[""2018-02-27 17:34:53.468596"", ""2018-02-27 22:01:45.229784"", ""2018-02-28 02:28:24.569976"", ""2018-02-28 09:14:34.990952"", ""2018-02-28 12:33:13.909976""]",unknown,date_or_timestamp,high,explicit date/time column
SNL NCA.zip,SNL NCA/SNL_18650_NCA_35C_0-100_0.5-1C_b_cycle_data.csv,SNL_18650_NCA_35C_0-100_0.5-1C_b_cycle_data.csv,schema_d2669a99bc63,Test_Time (s),test_time_s,4,float64,50,0,"[""15927.018"", ""31938.779"", ""47938.119"", ""72308.54"", ""84227.459""]",s,elapsed_time,high,explicit elapsed/test time column
SNL NCA.zip,SNL NCA/SNL_18650_NCA_35C_0-100_0.5-1C_b_cycle_data.csv,SNL_18650_NCA_35C_0-100_0.5-1C_b_cycle_data.csv,schema_d2669a99bc63,Min_Current (A),min_current_a,5,float64,50,0,"[""-1.625"", ""-3.25"", ""-3.249""]",A,unknown,none,"observed electrical measurement, not a requested mapping target"
SNL NCA.zip,SNL NCA/SNL_18650_NCA_35C_0-100_0.5-1C_b_cycle_data.csv,SNL_18650_NCA_35C_0-100_0.5-1C_b_cycle_data.csv,schema_d2669a99bc63,Max_Current (A),max_current_a,6,float64,50,0,"[""1.625""]",A,unknown,none,"observed electrical measurement, not a requested mapping target"
SNL NCA.zip,SNL NCA/SNL_18650_NCA_35C_0-100_0.5-1C_b_cycle_data.csv,SNL_18650_NCA_35C_0-100_0.5-1C_b_cycle_data.csv,schema_d2669a99bc63,Min_Voltage (V),min_voltage_v,7,float64,50,0,"[""2.499""]",V,unknown,none,"observed electrical measurement, not a requested mapping target"
SNL NCA.zip,SNL NCA/SNL_18650_NCA_35C_0-100_0.5-1C_b_cycle_data.csv,SNL_18650_NCA_35C_0-100_0.5-1C_b_cycle_data.csv,schema_d2669a99bc63,Max_Voltage (V),max_voltage_v,8,float64,50,0,"[""4.2""]",V,unknown,none,"observed electrical measurement, not a requested mapping target"
SNL NCA.zip,SNL NCA/SNL_18650_NCA_35C_0-100_0.5-1C_b_cycle_data.csv,SNL_18650_NCA_35C_0-100_0.5-1C_b_cycle_data.csv,schema_d2669a99bc63,Charge_Capacity (Ah),charge_capacity_ah,9,float64,50,0,"[""3.117"", ""3.171"", ""3.165"", ""6.301"", ""3.035""]",Ah,charge_capacity,high,explicit charge capacity column
SNL NCA.zip,SNL NCA/SNL_18650_NCA_35C_0-100_0.5-1C_b_cycle_data.csv,SNL_18650_NCA_35C_0-100_0.5-1C_b_cycle_data.csv,schema_d2669a99bc63,Discharge_Capacity (Ah),discharge_capacity_ah,10,float64,50,0,"[""3.153"", ""3.156"", ""3.154"", ""6.266"", ""3.037""]",Ah,discharge_capacity,high,explicit discharge capacity column
SNL NCA.zip,SNL NCA/SNL_18650_NCA_35C_0-100_0.5-1C_b_cycle_data.csv,SNL_18650_NCA_35C_0-100_0.5-1C_b_cycle_data.csv,schema_d2669a99bc63,Charge_Energy (Wh),charge_energy_wh,11,float64,50,0,"[""12.16"", ""12.319"", ""12.298"", ""24.496"", ""11.939""]",Wh,charge_energy,high,explicit charge energy column
SNL NCA.zip,SNL NCA/SNL_18650_NCA_35C_0-100_0.5-1C_b_cycle_data.csv,SNL_18650_NCA_35C_0-100_0.5-1C_b_cycle_data.csv,schema_d2669a99bc63,Discharge_Energy (Wh),discharge_energy_wh,12,float64,50,0,"[""10.9"", ""10.92"", ""10.919"", ""20.632"", ""9.858""]",Wh,discharge_energy,high,explicit discharge energy column
SNL NCA.zip,SNL NCA/SNL_18650_NCA_35C_0-100_0.5-1C_c_cycle_data.csv,SNL_18650_NCA_35C_0-100_0.5-1C_c_cycle_data.csv,schema_d2669a99bc63,Cycle_Index,cycle_index,1,float64,50,0,"[""1.0"", ""2.0"", ""3.0"", ""4.0"", ""5.0""]",unknown,cycle_index,high,explicit cycle index/name
SNL NCA.zip,SNL NCA/SNL_18650_NCA_35C_0-100_0.5-1C_c_cycle_data.csv,SNL_18650_NCA_35C_0-100_0.5-1C_c_cycle_data.csv,schema_d2669a99bc63,Start_Time,start_time,2,str,50,0,"[""2018-02-27 13:10:15.820800"", ""2018-02-27 17:39:03.787592"", ""2018-02-27 22:08:40.655944"", ""2018-02-28 02:38:05.994980"", ""2018-02-28 09:27:37.846728""]",unknown,date_or_timestamp,high,explicit date/time column
SNL NCA.zip,SNL NCA/SNL_18650_NCA_35C_0-100_0.5-1C_c_cycle_data.csv,SNL_18650_NCA_35C_0-100_0.5-1C_c_cycle_data.csv,schema_d2669a99bc63,End_Time,end_time,3,str,50,0,"[""2018-02-27 17:39:03.769424"", ""2018-02-27 22:08:40.636056"", ""2018-02-28 02:38:05.974140"", ""2018-02-28 09:27:37.833488"", ""2018-02-28 12:46:21.970708""]",unknown,date_or_timestamp,high,explicit date/time column
SNL NCA.zip,SNL NCA/SNL_18650_NCA_35C_0-100_0.5-1C_c_cycle_data.csv,SNL_18650_NCA_35C_0-100_0.5-1C_c_cycle_data.csv,schema_d2669a99bc63,Test_Time (s),test_time_s,4,float64,50,0,"[""16137.954"", ""32314.821"", ""48480.159"", ""73052.018"", ""84976.155""]",s,elapsed_time,high,explicit elapsed/test time column
SNL NCA.zip,SNL NCA/SNL_18650_NCA_35C_0-100_0.5-1C_c_cycle_data.csv,SNL_18650_NCA_35C_0-100_0.5-1C_c_cycle_data.csv,schema_d2669a99bc63,Min_Current (A),min_current_a,5,float64,50,0,"[""-1.625"", ""-3.25""]",A,unknown,none,"observed electrical measurement, not a requested mapping target"
SNL NCA.zip,SNL NCA/SNL_18650_NCA_35C_0-100_0.5-1C_c_cycle_data.csv,SNL_18650_NCA_35C_0-100_0.5-1C_c_cycle_data.csv,schema_d2669a99bc63,Max_Current (A),max_current_a,6,float64,50,0,"[""1.624"", ""1.625""]",A,unknown,none,"observed electrical measurement, not a requested mapping target"
SNL NCA.zip,SNL NCA/SNL_18650_NCA_35C_0-100_0.5-1C_c_cycle_data.csv,SNL_18650_NCA_35C_0-100_0.5-1C_c_cycle_data.csv,schema_d2669a99bc63,Min_Voltage (V),min_voltage_v,7,float64,50,0,"[""2.499""]",V,unknown,none,"observed electrical measurement, not a requested mapping target"
SNL NCA.zip,SNL NCA/SNL_18650_NCA_35C_0-100_0.5-1C_c_cycle_data.csv,SNL_18650_NCA_35C_0-100_0.5-1C_c_cycle_data.csv,schema_d2669a99bc63,Max_Voltage (V),max_voltage_v,8,float64,50,0,"[""4.2""]",V,unknown,none,"observed electrical measurement, not a requested mapping target"
SNL NCA.zip,SNL NCA/SNL_18650_NCA_35C_0-100_0.5-1C_c_cycle_data.csv,SNL_18650_NCA_35C_0-100_0.5-1C_c_cycle_data.csv,schema_d2669a99bc63,Charge_Capacity (Ah),charge_capacity_ah,9,float64,50,0,"[""3.158"", ""3.2"", ""3.195"", ""6.349"", ""3.159""]",Ah,charge_capacity,high,explicit charge capacity column
SNL NCA.zip,SNL NCA/SNL_18650_NCA_35C_0-100_0.5-1C_c_cycle_data.csv,SNL_18650_NCA_35C_0-100_0.5-1C_c_cycle_data.csv,schema_d2669a99bc63,Discharge_Capacity (Ah),discharge_capacity_ah,10,float64,50,0,"[""3.189"", ""3.188"", ""3.185"", ""6.306"", ""3.15""]",Ah,discharge_capacity,high,explicit discharge capacity column
SNL NCA.zip,SNL NCA/SNL_18650_NCA_35C_0-100_0.5-1C_c_cycle_data.csv,SNL_18650_NCA_35C_0-100_0.5-1C_c_cycle_data.csv,schema_d2669a99bc63,Charge_Energy (Wh),charge_energy_wh,11,float64,50,0,"[""12.278"", ""12.392"", ""12.372"", ""24.611"", ""12.235""]",Wh,charge_energy,high,explicit charge energy column
SNL NCA.zip,SNL NCA/SNL_18650_NCA_35C_0-100_0.5-1C_c_cycle_data.csv,SNL_18650_NCA_35C_0-100_0.5-1C_c_cycle_data.csv,schema_d2669a99bc63,Discharge_Energy (Wh),discharge_energy_wh,12,float64,50,0,"[""11.095"", ""11.094"", ""11.085"", ""20.93"", ""10.463""]",Wh,discharge_energy,high,explicit discharge energy column
SNL NCA.zip,SNL NCA/SNL_18650_NCA_35C_0-100_0.5-1C_d_cycle_data.csv,SNL_18650_NCA_35C_0-100_0.5-1C_d_cycle_data.csv,schema_d2669a99bc63,Cycle_Index,cycle_index,1,float64,50,0,"[""1.0"", ""2.0"", ""3.0"", ""4.0"", ""5.0""]",unknown,cycle_index,high,explicit cycle index/name
SNL NCA.zip,SNL NCA/SNL_18650_NCA_35C_0-100_0.5-1C_d_cycle_data.csv,SNL_18650_NCA_35C_0-100_0.5-1C_d_cycle_data.csv,schema_d2669a99bc63,Start_Time,start_time,2,str,50,0,"[""2018-02-27 13:10:04.625600"", ""2018-02-27 17:40:23.437948"", ""2018-02-27 22:11:45.879476"", ""2018-02-28 02:42:47.040340"", ""2018-02-28 09:33:36.076212""]",unknown,date_or_timestamp,high,explicit date/time column
SNL NCA.zip,SNL NCA/SNL_18650_NCA_35C_0-100_0.5-1C_d_cycle_data.csv,SNL_18650_NCA_35C_0-100_0.5-1C_d_cycle_data.csv,schema_d2669a99bc63,End_Time,end_time,3,str,50,0,"[""2018-02-27 17:40:23.421608"", ""2018-02-27 22:11:45.865240"", ""2018-02-28 02:42:47.022196"", ""2018-02-28 09:33:36.061504"", ""2018-02-28 12:15:33.346512""]",unknown,date_or_timestamp,high,explicit date/time column
SNL NCA.zip,SNL NCA/SNL_18650_NCA_35C_0-100_0.5-1C_d_cycle_data.csv,SNL_18650_NCA_35C_0-100_0.5-1C_d_cycle_data.csv,schema_d2669a99bc63,Test_Time (s),test_time_s,4,float64,50,0,"[""16218.817"", ""32501.261"", ""48762.418"", ""73411.457"", ""83128.742""]",s,elapsed_time,high,explicit elapsed/test time column
SNL NCA.zip,SNL NCA/SNL_18650_NCA_35C_0-100_0.5-1C_d_cycle_data.csv,SNL_18650_NCA_35C_0-100_0.5-1C_d_cycle_data.csv,schema_d2669a99bc63,Min_Current (A),min_current_a,5,float64,50,0,"[""-1.625"", ""-3.25"", ""-3.249""]",A,unknown,none,"observed electrical measurement, not a requested mapping target"
SNL NCA.zip,SNL NCA/SNL_18650_NCA_35C_0-100_0.5-1C_d_cycle_data.csv,SNL_18650_NCA_35C_0-100_0.5-1C_d_cycle_data.csv,schema_d2669a99bc63,Max_Current (A),max_current_a,6,float64,50,0,"[""1.625"", ""1.624""]",A,unknown,none,"observed electrical measurement, not a requested mapping target"
SNL NCA.zip,SNL NCA/SNL_18650_NCA_35C_0-100_0.5-1C_d_cycle_data.csv,SNL_18650_NCA_35C_0-100_0.5-1C_d_cycle_data.csv,schema_d2669a99bc63,Min_Voltage (V),min_voltage_v,7,float64,50,0,"[""-0.005"", ""2.499""]",V,unknown,none,"observed electrical measurement, not a requested mapping target"
SNL NCA.zip,SNL NCA/SNL_18650_NCA_35C_0-100_0.5-1C_d_cycle_data.csv,SNL_18650_NCA_35C_0-100_0.5-1C_d_cycle_data.csv,schema_d2669a99bc63,Max_Voltage (V),max_voltage_v,8,float64,50,0,"[""4.2""]",V,unknown,none,"observed electrical measurement, not a requested mapping target"
SNL NCA.zip,SNL NCA/SNL_18650_NCA_35C_0-100_0.5-1C_d_cycle_data.csv,SNL_18650_NCA_35C_0-100_0.5-1C_d_cycle_data.csv,schema_d2669a99bc63,Charge_Capacity (Ah),charge_capacity_ah,9,float64,50,0,"[""3.175"", ""3.221"", ""3.217"", ""6.385"", ""2.744""]",Ah,charge_capacity,high,explicit charge capacity column
SNL NCA.zip,SNL NCA/SNL_18650_NCA_35C_0-100_0.5-1C_d_cycle_data.csv,SNL_18650_NCA_35C_0-100_0.5-1C_d_cycle_data.csv,schema_d2669a99bc63,Discharge_Capacity (Ah),discharge_capacity_ah,10,float64,50,0,"[""3.205"", ""3.209"", ""3.203"", ""6.342"", ""2.739""]",Ah,discharge_capacity,high,explicit discharge capacity column
SNL NCA.zip,SNL NCA/SNL_18650_NCA_35C_0-100_0.5-1C_d_cycle_data.csv,SNL_18650_NCA_35C_0-100_0.5-1C_d_cycle_data.csv,schema_d2669a99bc63,Charge_Energy (Wh),charge_energy_wh,11,float64,50,0,"[""12.34"", ""12.464"", ""12.449"", ""24.722"", ""10.478""]",Wh,charge_energy,high,explicit charge energy column
SNL NCA.zip,SNL NCA/SNL_18650_NCA_35C_0-100_0.5-1C_d_cycle_data.csv,SNL_18650_NCA_35C_0-100_0.5-1C_d_cycle_data.csv,schema_d2669a99bc63,Discharge_Energy (Wh),discharge_energy_wh,12,float64,50,0,"[""11.171"", ""11.191"", ""11.169"", ""21.128"", ""8.982""]",Wh,discharge_energy,high,explicit discharge energy column
SNL NCA.zip,SNL NCA/SNL_18650_NCA_35C_0-100_0.5-2C_a_cycle_data.csv,SNL_18650_NCA_35C_0-100_0.5-2C_a_cycle_data.csv,schema_d2669a99bc63,Cycle_Index,cycle_index,1,float64,50,0,"[""1.0"", ""2.0"", ""3.0"", ""4.0"", ""5.0""]",unknown,cycle_index,high,explicit cycle index/name
SNL NCA.zip,SNL NCA/SNL_18650_NCA_35C_0-100_0.5-2C_a_cycle_data.csv,SNL_18650_NCA_35C_0-100_0.5-2C_a_cycle_data.csv,schema_d2669a99bc63,Start_Time,start_time,2,str,50,0,"[""2018-02-27 13:09:45.661600"", ""2018-02-27 17:35:39.905668"", ""2018-02-27 22:02:51.870852"", ""2018-02-28 02:30:21.499240"", ""2018-02-28 08:17:56.411212""]",unknown,date_or_timestamp,high,explicit date/time column
SNL NCA.zip,SNL NCA/SNL_18650_NCA_35C_0-100_0.5-2C_a_cycle_data.csv,SNL_18650_NCA_35C_0-100_0.5-2C_a_cycle_data.csv,schema_d2669a99bc63,End_Time,end_time,3,str,50,0,"[""2018-02-27 17:35:39.889500"", ""2018-02-27 22:02:51.855360"", ""2018-02-28 02:30:21.478904"", ""2018-02-28 08:17:56.391288"", ""2018-02-28 11:20:33.080520""]",unknown,date_or_timestamp,high,explicit date/time column
SNL NCA.zip,SNL NCA/SNL_18650_NCA_35C_0-100_0.5-2C_a_cycle_data.csv,SNL_18650_NCA_35C_0-100_0.5-2C_a_cycle_data.csv,schema_d2669a99bc63,Test_Time (s),test_time_s,4,float64,50,0,"[""15964.23"", ""31996.196"", ""48045.819"", ""68900.732"", ""79857.421""]",s,elapsed_time,high,explicit elapsed/test time column
SNL NCA.zip,SNL NCA/SNL_18650_NCA_35C_0-100_0.5-2C_a_cycle_data.csv,SNL_18650_NCA_35C_0-100_0.5-2C_a_cycle_data.csv,schema_d2669a99bc63,Min_Current (A),min_current_a,5,float64,50,0,"[""-1.625"", ""-6.5"", ""-6.499""]",A,unknown,none,"observed electrical measurement, not a requested mapping target"
SNL NCA.zip,SNL NCA/SNL_18650_NCA_35C_0-100_0.5-2C_a_cycle_data.csv,SNL_18650_NCA_35C_0-100_0.5-2C_a_cycle_data.csv,schema_d2669a99bc63,Max_Current (A),max_current_a,6,float64,50,0,"[""1.625"", ""1.624""]",A,unknown,none,"observed electrical measurement, not a requested mapping target"
SNL NCA.zip,SNL NCA/SNL_18650_NCA_35C_0-100_0.5-2C_a_cycle_data.csv,SNL_18650_NCA_35C_0-100_0.5-2C_a_cycle_data.csv,schema_d2669a99bc63,Min_Voltage (V),min_voltage_v,7,float64,50,0,"[""2.499"", ""2.5""]",V,unknown,none,"observed electrical measurement, not a requested mapping target"
SNL NCA.zip,SNL NCA/SNL_18650_NCA_35C_0-100_0.5-2C_a_cycle_data.csv,SNL_18650_NCA_35C_0-100_0.5-2C_a_cycle_data.csv,schema_d2669a99bc63,Max_Voltage (V),max_voltage_v,8,float64,50,0,"[""4.2""]",V,unknown,none,"observed electrical measurement, not a requested mapping target"
SNL NCA.zip,SNL NCA/SNL_18650_NCA_35C_0-100_0.5-2C_a_cycle_data.csv,SNL_18650_NCA_35C_0-100_0.5-2C_a_cycle_data.csv,schema_d2669a99bc63,Charge_Capacity (Ah),charge_capacity_ah,9,float64,50,0,"[""3.129"", ""3.177"", ""3.178"", ""6.068"", ""2.929""]",Ah,charge_capacity,high,explicit charge capacity column
SNL NCA.zip,SNL NCA/SNL_18650_NCA_35C_0-100_0.5-2C_a_cycle_data.csv,SNL_18650_NCA_35C_0-100_0.5-2C_a_cycle_data.csv,schema_d2669a99bc63,Discharge_Capacity (Ah),discharge_capacity_ah,10,float64,50,0,"[""3.158"", ""3.162"", ""3.164"", ""5.784"", ""2.983""]",Ah,discharge_capacity,high,explicit discharge capacity column
SNL NCA.zip,SNL NCA/SNL_18650_NCA_35C_0-100_0.5-2C_a_cycle_data.csv,SNL_18650_NCA_35C_0-100_0.5-2C_a_cycle_data.csv,schema_d2669a99bc63,Charge_Energy (Wh),charge_energy_wh,11,float64,50,0,"[""12.197"", ""12.353"", ""12.349"", ""23.655"", ""11.45""]",Wh,charge_energy,high,explicit charge energy column
SNL NCA.zip,SNL NCA/SNL_18650_NCA_35C_0-100_0.5-2C_a_cycle_data.csv,SNL_18650_NCA_35C_0-100_0.5-2C_a_cycle_data.csv,schema_d2669a99bc63,Discharge_Energy (Wh),discharge_energy_wh,12,float64,50,0,"[""10.911"", ""10.931"", ""10.957"", ""17.502"", ""9.01""]",Wh,discharge_energy,high,explicit discharge energy column
SNL NCA.zip,SNL NCA/SNL_18650_NCA_35C_0-100_0.5-2C_b_cycle_data.csv,SNL_18650_NCA_35C_0-100_0.5-2C_b_cycle_data.csv,schema_d2669a99bc63,Cycle_Index,cycle_index,1,float64,50,0,"[""1.0"", ""2.0"", ""3.0"", ""4.0"", ""5.0""]",unknown,cycle_index,high,explicit cycle index/name
SNL NCA.zip,SNL NCA/SNL_18650_NCA_35C_0-100_0.5-2C_b_cycle_data.csv,SNL_18650_NCA_35C_0-100_0.5-2C_b_cycle_data.csv,schema_d2669a99bc63,Start_Time,start_time,2,str,50,0,"[""2018-02-27 13:09:59.075900"", ""2018-02-27 17:31:32.084660"", ""2018-02-27 21:55:43.328500"", ""2018-02-28 02:19:29.064480"", ""2018-02-28 07:48:38.600124""]",unknown,date_or_timestamp,high,explicit date/time column
SNL NCA.zip,SNL NCA/SNL_18650_NCA_35C_0-100_0.5-2C_b_cycle_data.csv,SNL_18650_NCA_35C_0-100_0.5-2C_b_cycle_data.csv,schema_d2669a99bc63,End_Time,end_time,3,str,50,0,"[""2018-02-27 17:31:32.063020"", ""2018-02-27 21:55:43.311308"", ""2018-02-28 02:19:29.050240"", ""2018-02-28 07:48:38.580348"", ""2018-02-28 10:41:22.180588""]",unknown,date_or_timestamp,high,explicit date/time column
SNL NCA.zip,SNL NCA/SNL_18650_NCA_35C_0-100_0.5-2C_b_cycle_data.csv,SNL_18650_NCA_35C_0-100_0.5-2C_b_cycle_data.csv,schema_d2669a99bc63,Test_Time (s),test_time_s,4,float64,50,0,"[""15702.99"", ""31554.238"", ""47379.977"", ""67129.507"", ""77493.107""]",s,elapsed_time,high,explicit elapsed/test time column
SNL NCA.zip,SNL NCA/SNL_18650_NCA_35C_0-100_0.5-2C_b_cycle_data.csv,SNL_18650_NCA_35C_0-100_0.5-2C_b_cycle_data.csv,schema_d2669a99bc63,Min_Current (A),min_current_a,5,float64,50,0,"[""-1.625"", ""-6.5"", ""-6.499""]",A,unknown,none,"observed electrical measurement, not a requested mapping target"
SNL NCA.zip,SNL NCA/SNL_18650_NCA_35C_0-100_0.5-2C_b_cycle_data.csv,SNL_18650_NCA_35C_0-100_0.5-2C_b_cycle_data.csv,schema_d2669a99bc63,Max_Current (A),max_current_a,6,float64,50,0,"[""1.625""]",A,unknown,none,"observed electrical measurement, not a requested mapping target"
SNL NCA.zip,SNL NCA/SNL_18650_NCA_35C_0-100_0.5-2C_b_cycle_data.csv,SNL_18650_NCA_35C_0-100_0.5-2C_b_cycle_data.csv,schema_d2669a99bc63,Min_Voltage (V),min_voltage_v,7,float64,50,0,"[""2.499""]",V,unknown,none,"observed electrical measurement, not a requested mapping target"
SNL NCA.zip,SNL NCA/SNL_18650_NCA_35C_0-100_0.5-2C_b_cycle_data.csv,SNL_18650_NCA_35C_0-100_0.5-2C_b_cycle_data.csv,schema_d2669a99bc63,Max_Voltage (V),max_voltage_v,8,float64,50,0,"[""4.2""]",V,unknown,none,"observed electrical measurement, not a requested mapping target"
SNL NCA.zip,SNL NCA/SNL_18650_NCA_35C_0-100_0.5-2C_b_cycle_data.csv,SNL_18650_NCA_35C_0-100_0.5-2C_b_cycle_data.csv,schema_d2669a99bc63,Charge_Capacity (Ah),charge_capacity_ah,9,float64,50,0,"[""3.081"", ""3.144"", ""3.135"", ""5.938"", ""2.819""]",Ah,charge_capacity,high,explicit charge capacity column
SNL NCA.zip,SNL NCA/SNL_18650_NCA_35C_0-100_0.5-2C_b_cycle_data.csv,SNL_18650_NCA_35C_0-100_0.5-2C_b_cycle_data.csv,schema_d2669a99bc63,Discharge_Capacity (Ah),discharge_capacity_ah,10,float64,50,0,"[""3.106"", ""3.123"", ""3.116"", ""5.575"", ""2.959""]",Ah,discharge_capacity,high,explicit discharge capacity column
SNL NCA.zip,SNL NCA/SNL_18650_NCA_35C_0-100_0.5-2C_b_cycle_data.csv,SNL_18650_NCA_35C_0-100_0.5-2C_b_cycle_data.csv,schema_d2669a99bc63,Charge_Energy (Wh),charge_energy_wh,11,float64,50,0,"[""12.097"", ""12.261"", ""12.219"", ""23.234"", ""11.055""]",Wh,charge_energy,high,explicit charge energy column
SNL NCA.zip,SNL NCA/SNL_18650_NCA_35C_0-100_0.5-2C_b_cycle_data.csv,SNL_18650_NCA_35C_0-100_0.5-2C_b_cycle_data.csv,schema_d2669a99bc63,Discharge_Energy (Wh),discharge_energy_wh,12,float64,50,0,"[""10.669"", ""10.753"", ""10.741"", ""16.766"", ""8.924""]",Wh,discharge_energy,high,explicit discharge energy column
SNL NMC.zip,SNL NMC/SNL_18650_NMC_15C_0-100_0.5-1C_a_cycle_data.csv,SNL_18650_NMC_15C_0-100_0.5-1C_a_cycle_data.csv,schema_d2669a99bc63,Cycle_Index,cycle_index,1,float64,50,0,"[""1.0"", ""2.0"", ""3.0"", ""4.0"", ""5.0""]",unknown,cycle_index,high,explicit cycle index/name
SNL NMC.zip,SNL NMC/SNL_18650_NMC_15C_0-100_0.5-1C_a_cycle_data.csv,SNL_18650_NMC_15C_0-100_0.5-1C_a_cycle_data.csv,schema_d2669a99bc63,Start_Time,start_time,2,str,50,0,"[""2018-02-01 10:06:37.004850"", ""2018-02-01 14:10:31.797877"", ""2018-02-01 18:19:21.672184"", ""2018-02-01 22:27:47.050469"", ""2018-02-02 04:46:52.702512""]",unknown,date_or_timestamp,high,explicit date/time column
SNL NMC.zip,SNL NMC/SNL_18650_NMC_15C_0-100_0.5-1C_a_cycle_data.csv,SNL_18650_NMC_15C_0-100_0.5-1C_a_cycle_data.csv,schema_d2669a99bc63,End_Time,end_time,3,str,50,0,"[""2018-02-01 14:10:31.703831"", ""2018-02-01 18:19:21.640661"", ""2018-02-01 22:27:47.050355"", ""2018-02-02 04:44:52.681968"", ""2018-02-02 07:47:25.660489""]",unknown,date_or_timestamp,high,explicit date/time column
SNL NMC.zip,SNL NMC/SNL_18650_NMC_15C_0-100_0.5-1C_a_cycle_data.csv,SNL_18650_NMC_15C_0-100_0.5-1C_a_cycle_data.csv,schema_d2669a99bc63,Test_Time (s),test_time_s,4,float64,50,0,"[""14644.703"", ""29574.64"", ""44480.05"", ""67105.681"", ""78058.66""]",s,elapsed_time,high,explicit elapsed/test time column
SNL NMC.zip,SNL NMC/SNL_18650_NMC_15C_0-100_0.5-1C_a_cycle_data.csv,SNL_18650_NMC_15C_0-100_0.5-1C_a_cycle_data.csv,schema_d2669a99bc63,Min_Current (A),min_current_a,5,float64,50,0,"[""-1.503"", ""-3.003""]",A,unknown,none,"observed electrical measurement, not a requested mapping target"
SNL NMC.zip,SNL NMC/SNL_18650_NMC_15C_0-100_0.5-1C_a_cycle_data.csv,SNL_18650_NMC_15C_0-100_0.5-1C_a_cycle_data.csv,schema_d2669a99bc63,Max_Current (A),max_current_a,6,float64,50,0,"[""1.496""]",A,unknown,none,"observed electrical measurement, not a requested mapping target"
SNL NMC.zip,SNL NMC/SNL_18650_NMC_15C_0-100_0.5-1C_a_cycle_data.csv,SNL_18650_NMC_15C_0-100_0.5-1C_a_cycle_data.csv,schema_d2669a99bc63,Min_Voltage (V),min_voltage_v,7,float64,50,0,"[""1.999"", ""1.998""]",V,unknown,none,"observed electrical measurement, not a requested mapping target"
SNL NMC.zip,SNL NMC/SNL_18650_NMC_15C_0-100_0.5-1C_a_cycle_data.csv,SNL_18650_NMC_15C_0-100_0.5-1C_a_cycle_data.csv,schema_d2669a99bc63,Max_Voltage (V),max_voltage_v,8,float64,50,0,"[""4.2""]",V,unknown,none,"observed electrical measurement, not a requested mapping target"
SNL NMC.zip,SNL NMC/SNL_18650_NMC_15C_0-100_0.5-1C_a_cycle_data.csv,SNL_18650_NMC_15C_0-100_0.5-1C_a_cycle_data.csv,schema_d2669a99bc63,Charge_Capacity (Ah),charge_capacity_ah,9,float64,50,0,"[""2.559"", ""2.701"", ""2.697"", ""5.359"", ""2.661""]",Ah,charge_capacity,high,explicit charge capacity column
SNL NMC.zip,SNL NMC/SNL_18650_NMC_15C_0-100_0.5-1C_a_cycle_data.csv,SNL_18650_NMC_15C_0-100_0.5-1C_a_cycle_data.csv,schema_d2669a99bc63,Discharge_Capacity (Ah),discharge_capacity_ah,10,float64,50,0,"[""2.697"", ""2.691"", ""5.331"", ""2.652"", ""2.645""]",Ah,discharge_capacity,high,explicit discharge capacity column
SNL NMC.zip,SNL NMC/SNL_18650_NMC_15C_0-100_0.5-1C_a_cycle_data.csv,SNL_18650_NMC_15C_0-100_0.5-1C_a_cycle_data.csv,schema_d2669a99bc63,Charge_Energy (Wh),charge_energy_wh,11,float64,50,0,"[""10.015"", ""10.485"", ""10.466"", ""20.802"", ""10.316""]",Wh,charge_energy,high,explicit charge energy column
SNL NMC.zip,SNL NMC/SNL_18650_NMC_15C_0-100_0.5-1C_a_cycle_data.csv,SNL_18650_NMC_15C_0-100_0.5-1C_a_cycle_data.csv,schema_d2669a99bc63,Discharge_Energy (Wh),discharge_energy_wh,12,float64,50,0,"[""9.4"", ""9.408"", ""9.392"", ""17.928"", ""8.927""]",Wh,discharge_energy,high,explicit discharge energy column
SNL NMC.zip,SNL NMC/SNL_18650_NMC_15C_0-100_0.5-1C_b_cycle_data.csv,SNL_18650_NMC_15C_0-100_0.5-1C_b_cycle_data.csv,schema_d2669a99bc63,Cycle_Index,cycle_index,1,float64,50,0,"[""1.0"", ""2.0"", ""3.0"", ""4.0"", ""5.0""]",unknown,cycle_index,high,explicit cycle index/name
SNL NMC.zip,SNL NMC/SNL_18650_NMC_15C_0-100_0.5-1C_b_cycle_data.csv,SNL_18650_NMC_15C_0-100_0.5-1C_b_cycle_data.csv,schema_d2669a99bc63,Start_Time,start_time,2,str,50,0,"[""2018-02-01 10:06:46.013097"", ""2018-02-01 14:01:02.180672"", ""2018-02-01 17:56:22.258932"", ""2018-02-01 21:51:39.379089"", ""2018-02-02 03:54:53.826565""]",unknown,date_or_timestamp,high,explicit date/time column
SNL NMC.zip,SNL NMC/SNL_18650_NMC_15C_0-100_0.5-1C_b_cycle_data.csv,SNL_18650_NMC_15C_0-100_0.5-1C_b_cycle_data.csv,schema_d2669a99bc63,End_Time,end_time,3,str,50,0,"[""2018-02-01 14:01:02.149222"", ""2018-02-01 17:56:22.228152"", ""2018-02-01 21:51:39.378975"", ""2018-02-02 03:52:53.789687"", ""2018-02-02 06:49:29.868932""]",unknown,date_or_timestamp,high,explicit date/time column
SNL NMC.zip,SNL NMC/SNL_18650_NMC_15C_0-100_0.5-1C_b_cycle_data.csv,SNL_18650_NMC_15C_0-100_0.5-1C_b_cycle_data.csv,schema_d2669a99bc63,Test_Time (s),test_time_s,4,float64,50,0,"[""14066.149"", ""28186.228"", ""42303.378"", ""63977.789"", ""74573.868""]",s,elapsed_time,high,explicit elapsed/test time column
SNL NMC.zip,SNL NMC/SNL_18650_NMC_15C_0-100_0.5-1C_b_cycle_data.csv,SNL_18650_NMC_15C_0-100_0.5-1C_b_cycle_data.csv,schema_d2669a99bc63,Min_Current (A),min_current_a,5,float64,50,0,"[""-1.5"", ""-3.0""]",A,unknown,none,"observed electrical measurement, not a requested mapping target"
SNL NMC.zip,SNL NMC/SNL_18650_NMC_15C_0-100_0.5-1C_b_cycle_data.csv,SNL_18650_NMC_15C_0-100_0.5-1C_b_cycle_data.csv,schema_d2669a99bc63,Max_Current (A),max_current_a,6,float64,50,0,"[""1.5"", ""1.499""]",A,unknown,none,"observed electrical measurement, not a requested mapping target"
SNL NMC.zip,SNL NMC/SNL_18650_NMC_15C_0-100_0.5-1C_b_cycle_data.csv,SNL_18650_NMC_15C_0-100_0.5-1C_b_cycle_data.csv,schema_d2669a99bc63,Min_Voltage (V),min_voltage_v,7,float64,50,0,"[""1.999"", ""1.998"", ""1.996""]",V,unknown,none,"observed electrical measurement, not a requested mapping target"
SNL NMC.zip,SNL NMC/SNL_18650_NMC_15C_0-100_0.5-1C_b_cycle_data.csv,SNL_18650_NMC_15C_0-100_0.5-1C_b_cycle_data.csv,schema_d2669a99bc63,Max_Voltage (V),max_voltage_v,8,float64,50,0,"[""4.2""]",V,unknown,none,"observed electrical measurement, not a requested mapping target"
SNL NMC.zip,SNL NMC/SNL_18650_NMC_15C_0-100_0.5-1C_b_cycle_data.csv,SNL_18650_NMC_15C_0-100_0.5-1C_b_cycle_data.csv,schema_d2669a99bc63,Charge_Capacity (Ah),charge_capacity_ah,9,float64,50,0,"[""2.443"", ""2.537"", ""2.538"", ""5.109"", ""2.566""]",Ah,charge_capacity,high,explicit charge capacity column
SNL NMC.zip,SNL NMC/SNL_18650_NMC_15C_0-100_0.5-1C_b_cycle_data.csv,SNL_18650_NMC_15C_0-100_0.5-1C_b_cycle_data.csv,schema_d2669a99bc63,Discharge_Capacity (Ah),discharge_capacity_ah,10,float64,50,0,"[""2.579"", ""2.538"", ""2.536"", ""5.089"", ""2.561""]",Ah,discharge_capacity,high,explicit discharge capacity column
SNL NMC.zip,SNL NMC/SNL_18650_NMC_15C_0-100_0.5-1C_b_cycle_data.csv,SNL_18650_NMC_15C_0-100_0.5-1C_b_cycle_data.csv,schema_d2669a99bc63,Charge_Energy (Wh),charge_energy_wh,11,float64,50,0,"[""9.621"", ""9.935"", ""9.945"", ""20.004"", ""10.009""]",Wh,charge_energy,high,explicit charge energy column
SNL NMC.zip,SNL NMC/SNL_18650_NMC_15C_0-100_0.5-1C_b_cycle_data.csv,SNL_18650_NMC_15C_0-100_0.5-1C_b_cycle_data.csv,schema_d2669a99bc63,Discharge_Energy (Wh),discharge_energy_wh,12,float64,50,0,"[""8.829"", ""8.638"", ""8.63"", ""16.711"", ""8.432""]",Wh,discharge_energy,high,explicit discharge energy column
SNL NMC.zip,SNL NMC/SNL_18650_NMC_15C_0-100_0.5-2C_a_cycle_data.csv,SNL_18650_NMC_15C_0-100_0.5-2C_a_cycle_data.csv,schema_d2669a99bc63,Cycle_Index,cycle_index,1,float64,50,0,"[""1.0"", ""2.0"", ""3.0"", ""4.0"", ""5.0""]",unknown,cycle_index,high,explicit cycle index/name
SNL NMC.zip,SNL NMC/SNL_18650_NMC_15C_0-100_0.5-2C_a_cycle_data.csv,SNL_18650_NMC_15C_0-100_0.5-2C_a_cycle_data.csv,schema_d2669a99bc63,Start_Time,start_time,2,str,50,0,"[""2018-02-01 10:11:29.016722"", ""2018-02-01 14:17:29.116714"", ""2018-02-01 18:29:02.854334"", ""2018-02-01 22:40:26.034577"", ""2018-02-02 04:10:00.581164""]",unknown,date_or_timestamp,high,explicit date/time column
SNL NMC.zip,SNL NMC/SNL_18650_NMC_15C_0-100_0.5-2C_a_cycle_data.csv,SNL_18650_NMC_15C_0-100_0.5-2C_a_cycle_data.csv,schema_d2669a99bc63,End_Time,end_time,3,str,50,0,"[""2018-02-01 14:17:29.085501"", ""2018-02-01 18:29:02.699107"", ""2018-02-01 22:40:26.034457"", ""2018-02-02 04:08:00.545458"", ""2018-02-02 06:45:51.870336""]",unknown,date_or_timestamp,high,explicit date/time column
SNL NMC.zip,SNL NMC/SNL_18650_NMC_15C_0-100_0.5-2C_a_cycle_data.csv,SNL_18650_NMC_15C_0-100_0.5-2C_a_cycle_data.csv,schema_d2669a99bc63,Test_Time (s),test_time_s,4,float64,50,0,"[""14770.085"", ""29863.699"", ""44947.034"", ""64601.545"", ""74072.87""]",s,elapsed_time,high,explicit elapsed/test time column
SNL NMC.zip,SNL NMC/SNL_18650_NMC_15C_0-100_0.5-2C_a_cycle_data.csv,SNL_18650_NMC_15C_0-100_0.5-2C_a_cycle_data.csv,schema_d2669a99bc63,Min_Current (A),min_current_a,5,float64,50,0,"[""-1.5"", ""-6.0"", ""-5.999"", ""-5.998""]",A,unknown,none,"observed electrical measurement, not a requested mapping target"
SNL NMC.zip,SNL NMC/SNL_18650_NMC_15C_0-100_0.5-2C_a_cycle_data.csv,SNL_18650_NMC_15C_0-100_0.5-2C_a_cycle_data.csv,schema_d2669a99bc63,Max_Current (A),max_current_a,6,float64,50,0,"[""1.499""]",A,unknown,none,"observed electrical measurement, not a requested mapping target"
SNL NMC.zip,SNL NMC/SNL_18650_NMC_15C_0-100_0.5-2C_a_cycle_data.csv,SNL_18650_NMC_15C_0-100_0.5-2C_a_cycle_data.csv,schema_d2669a99bc63,Min_Voltage (V),min_voltage_v,7,float64,50,0,"[""1.999"", ""1.998"", ""1.997"", ""1.996""]",V,unknown,none,"observed electrical measurement, not a requested mapping target"
SNL NMC.zip,SNL NMC/SNL_18650_NMC_15C_0-100_0.5-2C_a_cycle_data.csv,SNL_18650_NMC_15C_0-100_0.5-2C_a_cycle_data.csv,schema_d2669a99bc63,Max_Voltage (V),max_voltage_v,8,float64,50,0,"[""4.2""]",V,unknown,none,"observed electrical measurement, not a requested mapping target"
SNL NMC.zip,SNL NMC/SNL_18650_NMC_15C_0-100_0.5-2C_a_cycle_data.csv,SNL_18650_NMC_15C_0-100_0.5-2C_a_cycle_data.csv,schema_d2669a99bc63,Charge_Capacity (Ah),charge_capacity_ah,9,float64,50,0,"[""2.582"", ""2.731"", ""5.436"", ""2.698"", ""2.688""]",Ah,charge_capacity,high,explicit charge capacity column
SNL NMC.zip,SNL NMC/SNL_18650_NMC_15C_0-100_0.5-2C_a_cycle_data.csv,SNL_18650_NMC_15C_0-100_0.5-2C_a_cycle_data.csv,schema_d2669a99bc63,Discharge_Capacity (Ah),discharge_capacity_ah,10,float64,50,0,"[""2.724"", ""2.732"", ""2.727"", ""5.414"", ""2.689""]",Ah,discharge_capacity,high,explicit discharge capacity column
SNL NMC.zip,SNL NMC/SNL_18650_NMC_15C_0-100_0.5-2C_a_cycle_data.csv,SNL_18650_NMC_15C_0-100_0.5-2C_a_cycle_data.csv,schema_d2669a99bc63,Charge_Energy (Wh),charge_energy_wh,11,float64,50,0,"[""10.092"", ""10.584"", ""10.581"", ""21.061"", ""10.439""]",Wh,charge_energy,high,explicit charge energy column
SNL NMC.zip,SNL NMC/SNL_18650_NMC_15C_0-100_0.5-2C_a_cycle_data.csv,SNL_18650_NMC_15C_0-100_0.5-2C_a_cycle_data.csv,schema_d2669a99bc63,Discharge_Energy (Wh),discharge_energy_wh,12,float64,50,0,"[""9.551"", ""9.587"", ""9.575"", ""17.261"", ""8.575""]",Wh,discharge_energy,high,explicit discharge energy column
SNL NMC.zip,SNL NMC/SNL_18650_NMC_15C_0-100_0.5-2C_b_cycle_data.csv,SNL_18650_NMC_15C_0-100_0.5-2C_b_cycle_data.csv,schema_d2669a99bc63,Cycle_Index,cycle_index,1,float64,50,0,"[""1.0"", ""2.0"", ""3.0"", ""4.0"", ""5.0""]",unknown,cycle_index,high,explicit cycle index/name
SNL NMC.zip,SNL NMC/SNL_18650_NMC_15C_0-100_0.5-2C_b_cycle_data.csv,SNL_18650_NMC_15C_0-100_0.5-2C_b_cycle_data.csv,schema_d2669a99bc63,Start_Time,start_time,2,str,50,0,"[""2018-02-01 10:11:40.013791"", ""2018-02-01 14:16:40.306820"", ""2018-02-01 18:01:23.084234"", ""2018-02-01 22:12:05.769579"", ""2018-02-02 03:40:28.272123""]",unknown,date_or_timestamp,high,explicit date/time column
SNL NMC.zip,SNL NMC/SNL_18650_NMC_15C_0-100_0.5-2C_b_cycle_data.csv,SNL_18650_NMC_15C_0-100_0.5-2C_b_cycle_data.csv,schema_d2669a99bc63,End_Time,end_time,3,str,50,0,"[""2018-02-01 14:16:40.275343"", ""2018-02-01 18:01:22.959380"", ""2018-02-01 22:12:05.769447"", ""2018-02-02 03:38:28.245821"", ""2018-02-02 06:15:16.831249""]",unknown,date_or_timestamp,high,explicit date/time column
SNL NMC.zip,SNL NMC/SNL_18650_NMC_15C_0-100_0.5-2C_b_cycle_data.csv,SNL_18650_NMC_15C_0-100_0.5-2C_b_cycle_data.csv,schema_d2669a99bc63,Test_Time (s),test_time_s,4,float64,50,0,"[""14710.275"", ""28192.959"", ""43235.769"", ""62818.245"", ""72226.831""]",s,elapsed_time,high,explicit elapsed/test time column
SNL NMC.zip,SNL NMC/SNL_18650_NMC_15C_0-100_0.5-2C_b_cycle_data.csv,SNL_18650_NMC_15C_0-100_0.5-2C_b_cycle_data.csv,schema_d2669a99bc63,Min_Current (A),min_current_a,5,float64,50,0,"[""-1.5"", ""-6.001""]",A,unknown,none,"observed electrical measurement, not a requested mapping target"
SNL NMC.zip,SNL NMC/SNL_18650_NMC_15C_0-100_0.5-2C_b_cycle_data.csv,SNL_18650_NMC_15C_0-100_0.5-2C_b_cycle_data.csv,schema_d2669a99bc63,Max_Current (A),max_current_a,6,float64,50,0,"[""1.5"", ""1.499""]",A,unknown,none,"observed electrical measurement, not a requested mapping target"
SNL NMC.zip,SNL NMC/SNL_18650_NMC_15C_0-100_0.5-2C_b_cycle_data.csv,SNL_18650_NMC_15C_0-100_0.5-2C_b_cycle_data.csv,schema_d2669a99bc63,Min_Voltage (V),min_voltage_v,7,float64,50,0,"[""1.999"", ""1.998"", ""1.997""]",V,unknown,none,"observed electrical measurement, not a requested mapping target"
SNL NMC.zip,SNL NMC/SNL_18650_NMC_15C_0-100_0.5-2C_b_cycle_data.csv,SNL_18650_NMC_15C_0-100_0.5-2C_b_cycle_data.csv,schema_d2669a99bc63,Max_Voltage (V),max_voltage_v,8,float64,50,0,"[""4.201""]",V,unknown,none,"observed electrical measurement, not a requested mapping target"
SNL NMC.zip,SNL NMC/SNL_18650_NMC_15C_0-100_0.5-2C_b_cycle_data.csv,SNL_18650_NMC_15C_0-100_0.5-2C_b_cycle_data.csv,schema_d2669a99bc63,Charge_Capacity (Ah),charge_capacity_ah,9,float64,50,0,"[""2.571"", ""2.52"", ""2.725"", ""5.418"", ""2.681""]",Ah,charge_capacity,high,explicit charge capacity column
SNL NMC.zip,SNL NMC/SNL_18650_NMC_15C_0-100_0.5-2C_b_cycle_data.csv,SNL_18650_NMC_15C_0-100_0.5-2C_b_cycle_data.csv,schema_d2669a99bc63,Discharge_Capacity (Ah),discharge_capacity_ah,10,float64,50,0,"[""2.714"", ""2.517"", ""2.721"", ""5.39"", ""2.67""]",Ah,discharge_capacity,high,explicit discharge capacity column
SNL NMC.zip,SNL NMC/SNL_18650_NMC_15C_0-100_0.5-2C_b_cycle_data.csv,SNL_18650_NMC_15C_0-100_0.5-2C_b_cycle_data.csv,schema_d2669a99bc63,Charge_Energy (Wh),charge_energy_wh,11,float64,50,0,"[""10.055"", ""9.707"", ""10.557"", ""21.002"", ""10.384""]",Wh,charge_energy,high,explicit charge energy column
SNL NMC.zip,SNL NMC/SNL_18650_NMC_15C_0-100_0.5-2C_b_cycle_data.csv,SNL_18650_NMC_15C_0-100_0.5-2C_b_cycle_data.csv,schema_d2669a99bc63,Discharge_Energy (Wh),discharge_energy_wh,12,float64,50,0,"[""9.493"", ""8.738"", ""9.541"", ""17.071"", ""8.456""]",Wh,discharge_energy,high,explicit discharge energy column
SNL NMC.zip,SNL NMC/SNL_18650_NMC_25C_0-100_0.5-0.5C_a_cycle_data.csv,SNL_18650_NMC_25C_0-100_0.5-0.5C_a_cycle_data.csv,schema_d2669a99bc63,Cycle_Index,cycle_index,1,float64,50,0,"[""1.0"", ""2.0"", ""3.0"", ""4.0"", ""5.0""]",unknown,cycle_index,high,explicit cycle index/name
SNL NMC.zip,SNL NMC/SNL_18650_NMC_25C_0-100_0.5-0.5C_a_cycle_data.csv,SNL_18650_NMC_25C_0-100_0.5-0.5C_a_cycle_data.csv,schema_d2669a99bc63,Start_Time,start_time,2,str,50,0,"[""2017-08-07 08:47:01.012133"", ""2017-08-07 13:13:24.561802"", ""2017-08-07 17:41:35.472483"", ""2017-08-07 22:08:31.690803"", ""2017-08-08 06:52:52.534777""]",unknown,date_or_timestamp,high,explicit date/time column
SNL NMC.zip,SNL NMC/SNL_18650_NMC_25C_0-100_0.5-0.5C_a_cycle_data.csv,SNL_18650_NMC_25C_0-100_0.5-0.5C_a_cycle_data.csv,schema_d2669a99bc63,End_Time,end_time,3,str,50,0,"[""2017-08-07 13:13:24.541449"", ""2017-08-07 17:41:35.441818"", ""2017-08-07 22:08:31.690680"", ""2017-08-08 06:50:52.501419"", ""2017-08-08 11:06:28.124013""]",unknown,date_or_timestamp,high,explicit date/time column
SNL NMC.zip,SNL NMC/SNL_18650_NMC_25C_0-100_0.5-0.5C_a_cycle_data.csv,SNL_18650_NMC_25C_0-100_0.5-0.5C_a_cycle_data.csv,schema_d2669a99bc63,Test_Time (s),test_time_s,4,float64,50,0,"[""15993.541"", ""32084.441"", ""48100.69"", ""79441.501"", ""94777.124""]",s,elapsed_time,high,explicit elapsed/test time column
SNL NMC.zip,SNL NMC/SNL_18650_NMC_25C_0-100_0.5-0.5C_a_cycle_data.csv,SNL_18650_NMC_25C_0-100_0.5-0.5C_a_cycle_data.csv,schema_d2669a99bc63,Min_Current (A),min_current_a,5,float64,50,0,"[""-1.5"", ""-1.503"", ""-1.501"", ""-1.504"", ""-1.506""]",A,unknown,none,"observed electrical measurement, not a requested mapping target"
SNL NMC.zip,SNL NMC/SNL_18650_NMC_25C_0-100_0.5-0.5C_a_cycle_data.csv,SNL_18650_NMC_25C_0-100_0.5-0.5C_a_cycle_data.csv,schema_d2669a99bc63,Max_Current (A),max_current_a,6,float64,50,0,"[""1.499"", ""1.5"", ""1.501""]",A,unknown,none,"observed electrical measurement, not a requested mapping target"
SNL NMC.zip,SNL NMC/SNL_18650_NMC_25C_0-100_0.5-0.5C_a_cycle_data.csv,SNL_18650_NMC_25C_0-100_0.5-0.5C_a_cycle_data.csv,schema_d2669a99bc63,Min_Voltage (V),min_voltage_v,7,float64,50,0,"[""1.999"", ""1.998"", ""1.996"", ""1.994"", ""1.995""]",V,unknown,none,"observed electrical measurement, not a requested mapping target"
SNL NMC.zip,SNL NMC/SNL_18650_NMC_25C_0-100_0.5-0.5C_a_cycle_data.csv,SNL_18650_NMC_25C_0-100_0.5-0.5C_a_cycle_data.csv,schema_d2669a99bc63,Max_Voltage (V),max_voltage_v,8,float64,50,0,"[""4.2""]",V,unknown,none,"observed electrical measurement, not a requested mapping target"
SNL NMC.zip,SNL NMC/SNL_18650_NMC_25C_0-100_0.5-0.5C_a_cycle_data.csv,SNL_18650_NMC_25C_0-100_0.5-0.5C_a_cycle_data.csv,schema_d2669a99bc63,Charge_Capacity (Ah),charge_capacity_ah,9,float64,50,0,"[""2.802"", ""2.908"", ""2.898"", ""5.777"", ""2.879""]",Ah,charge_capacity,high,explicit charge capacity column
SNL NMC.zip,SNL NMC/SNL_18650_NMC_25C_0-100_0.5-0.5C_a_cycle_data.csv,SNL_18650_NMC_25C_0-100_0.5-0.5C_a_cycle_data.csv,schema_d2669a99bc63,Discharge_Capacity (Ah),discharge_capacity_ah,10,float64,50,0,"[""2.907"", ""2.896"", ""2.887"", ""5.756"", ""2.867""]",Ah,discharge_capacity,high,explicit discharge capacity column
SNL NMC.zip,SNL NMC/SNL_18650_NMC_25C_0-100_0.5-0.5C_a_cycle_data.csv,SNL_18650_NMC_25C_0-100_0.5-0.5C_a_cycle_data.csv,schema_d2669a99bc63,Charge_Energy (Wh),charge_energy_wh,11,float64,50,0,"[""10.828"", ""11.17"", ""11.14"", ""22.208"", ""11.053""]",Wh,charge_energy,high,explicit charge energy column
SNL NMC.zip,SNL NMC/SNL_18650_NMC_25C_0-100_0.5-0.5C_a_cycle_data.csv,SNL_18650_NMC_25C_0-100_0.5-0.5C_a_cycle_data.csv,schema_d2669a99bc63,Discharge_Energy (Wh),discharge_energy_wh,12,float64,50,0,"[""10.389"", ""10.343"", ""10.311"", ""20.572"", ""10.259""]",Wh,discharge_energy,high,explicit discharge energy column
SNL NMC.zip,SNL NMC/SNL_18650_NMC_25C_0-100_0.5-0.5C_b_cycle_data.csv,SNL_18650_NMC_25C_0-100_0.5-0.5C_b_cycle_data.csv,schema_d2669a99bc63,Cycle_Index,cycle_index,1,float64,50,0,"[""1.0"", ""2.0"", ""3.0"", ""4.0"", ""5.0""]",unknown,cycle_index,high,explicit cycle index/name
SNL NMC.zip,SNL NMC/SNL_18650_NMC_25C_0-100_0.5-0.5C_b_cycle_data.csv,SNL_18650_NMC_25C_0-100_0.5-0.5C_b_cycle_data.csv,schema_d2669a99bc63,Start_Time,start_time,2,str,50,0,"[""2017-08-07 08:47:13.007462"", ""2017-08-07 13:23:27.924695"", ""2017-08-07 18:03:12.803417"", ""2017-08-07 22:42:10.906843"", ""2017-08-08 07:49:50.748021""]",unknown,date_or_timestamp,high,explicit date/time column
SNL NMC.zip,SNL NMC/SNL_18650_NMC_25C_0-100_0.5-0.5C_b_cycle_data.csv,SNL_18650_NMC_25C_0-100_0.5-0.5C_b_cycle_data.csv,schema_d2669a99bc63,End_Time,end_time,3,str,50,0,"[""2017-08-07 13:23:27.862363"", ""2017-08-07 18:03:12.711509"", ""2017-08-07 22:42:10.906715"", ""2017-08-08 07:47:50.701893"", ""2017-08-08 12:14:33.861952""]",unknown,date_or_timestamp,high,explicit date/time column
SNL NMC.zip,SNL NMC/SNL_18650_NMC_25C_0-100_0.5-0.5C_b_cycle_data.csv,SNL_18650_NMC_25C_0-100_0.5-0.5C_b_cycle_data.csv,schema_d2669a99bc63,Test_Time (s),test_time_s,4,float64,50,0,"[""16584.862"", ""33369.711"", ""50107.906"", ""82847.701"", ""98850.861""]",s,elapsed_time,high,explicit elapsed/test time column
SNL NMC.zip,SNL NMC/SNL_18650_NMC_25C_0-100_0.5-0.5C_b_cycle_data.csv,SNL_18650_NMC_25C_0-100_0.5-0.5C_b_cycle_data.csv,schema_d2669a99bc63,Min_Current (A),min_current_a,5,float64,50,0,"[""-1.5""]",A,unknown,none,"observed electrical measurement, not a requested mapping target"
SNL NMC.zip,SNL NMC/SNL_18650_NMC_25C_0-100_0.5-0.5C_b_cycle_data.csv,SNL_18650_NMC_25C_0-100_0.5-0.5C_b_cycle_data.csv,schema_d2669a99bc63,Max_Current (A),max_current_a,6,float64,50,0,"[""1.5""]",A,unknown,none,"observed electrical measurement, not a requested mapping target"
SNL NMC.zip,SNL NMC/SNL_18650_NMC_25C_0-100_0.5-0.5C_b_cycle_data.csv,SNL_18650_NMC_25C_0-100_0.5-0.5C_b_cycle_data.csv,schema_d2669a99bc63,Min_Voltage (V),min_voltage_v,7,float64,50,0,"[""1.999""]",V,unknown,none,"observed electrical measurement, not a requested mapping target"
SNL NMC.zip,SNL NMC/SNL_18650_NMC_25C_0-100_0.5-0.5C_b_cycle_data.csv,SNL_18650_NMC_25C_0-100_0.5-0.5C_b_cycle_data.csv,schema_d2669a99bc63,Max_Voltage (V),max_voltage_v,8,float64,50,0,"[""4.2""]",V,unknown,none,"observed electrical measurement, not a requested mapping target"
SNL NMC.zip,SNL NMC/SNL_18650_NMC_25C_0-100_0.5-0.5C_b_cycle_data.csv,SNL_18650_NMC_25C_0-100_0.5-0.5C_b_cycle_data.csv,schema_d2669a99bc63,Charge_Capacity (Ah),charge_capacity_ah,9,float64,50,0,"[""2.882"", ""2.996"", ""2.987"", ""5.947"", ""2.96""]",Ah,charge_capacity,high,explicit charge capacity column
SNL NMC.zip,SNL NMC/SNL_18650_NMC_25C_0-100_0.5-0.5C_b_cycle_data.csv,SNL_18650_NMC_25C_0-100_0.5-0.5C_b_cycle_data.csv,schema_d2669a99bc63,Discharge_Capacity (Ah),discharge_capacity_ah,10,float64,50,0,"[""2.99"", ""2.983"", ""2.974"", ""5.923"", ""2.948""]",Ah,discharge_capacity,high,explicit discharge capacity column
SNL NMC.zip,SNL NMC/SNL_18650_NMC_25C_0-100_0.5-0.5C_b_cycle_data.csv,SNL_18650_NMC_25C_0-100_0.5-0.5C_b_cycle_data.csv,schema_d2669a99bc63,Charge_Energy (Wh),charge_energy_wh,11,float64,50,0,"[""11.077"", ""11.428"", ""11.396"", ""22.701"", ""11.293""]",Wh,charge_energy,high,explicit charge energy column
SNL NMC.zip,SNL NMC/SNL_18650_NMC_25C_0-100_0.5-0.5C_b_cycle_data.csv,SNL_18650_NMC_25C_0-100_0.5-0.5C_b_cycle_data.csv,schema_d2669a99bc63,Discharge_Energy (Wh),discharge_energy_wh,12,float64,50,0,"[""10.744"", ""10.725"", ""10.699"", ""21.324"", ""10.62""]",Wh,discharge_energy,high,explicit discharge energy column
SNL NMC.zip,SNL NMC/SNL_18650_NMC_25C_0-100_0.5-1C_a_cycle_data.csv,SNL_18650_NMC_25C_0-100_0.5-1C_a_cycle_data.csv,schema_d2669a99bc63,Cycle_Index,cycle_index,1,float64,50,0,"[""1.0"", ""2.0"", ""3.0"", ""4.0"", ""5.0""]",unknown,cycle_index,high,explicit cycle index/name
SNL NMC.zip,SNL NMC/SNL_18650_NMC_25C_0-100_0.5-1C_a_cycle_data.csv,SNL_18650_NMC_25C_0-100_0.5-1C_a_cycle_data.csv,schema_d2669a99bc63,Start_Time,start_time,2,str,50,0,"[""2018-07-17 10:08:40.004764"", ""2018-07-17 14:42:30.811907"", ""2018-07-17 19:18:55.143193"", ""2018-07-17 23:54:46.340920"", ""2018-07-18 06:57:40.652991""]",unknown,date_or_timestamp,high,explicit date/time column
SNL NMC.zip,SNL NMC/SNL_18650_NMC_25C_0-100_0.5-1C_a_cycle_data.csv,SNL_18650_NMC_25C_0-100_0.5-1C_a_cycle_data.csv,schema_d2669a99bc63,End_Time,end_time,3,str,50,0,"[""2018-07-17 14:42:30.748831"", ""2018-07-17 19:18:55.016475"", ""2018-07-17 23:54:46.340809"", ""2018-07-18 06:55:40.624295"", ""2018-07-18 10:20:02.129244""]",unknown,date_or_timestamp,high,explicit date/time column
SNL NMC.zip,SNL NMC/SNL_18650_NMC_25C_0-100_0.5-1C_a_cycle_data.csv,SNL_18650_NMC_25C_0-100_0.5-1C_a_cycle_data.csv,schema_d2669a99bc63,Test_Time (s),test_time_s,4,float64,50,0,"[""16440.748"", ""33025.016"", ""49576.34"", ""74830.624"", ""87092.129""]",s,elapsed_time,high,explicit elapsed/test time column
SNL NMC.zip,SNL NMC/SNL_18650_NMC_25C_0-100_0.5-1C_a_cycle_data.csv,SNL_18650_NMC_25C_0-100_0.5-1C_a_cycle_data.csv,schema_d2669a99bc63,Min_Current (A),min_current_a,5,float64,50,0,"[""-1.5"", ""-3.0"", ""-2.999""]",A,unknown,none,"observed electrical measurement, not a requested mapping target"
SNL NMC.zip,SNL NMC/SNL_18650_NMC_25C_0-100_0.5-1C_a_cycle_data.csv,SNL_18650_NMC_25C_0-100_0.5-1C_a_cycle_data.csv,schema_d2669a99bc63,Max_Current (A),max_current_a,6,float64,50,0,"[""1.499""]",A,unknown,none,"observed electrical measurement, not a requested mapping target"
SNL NMC.zip,SNL NMC/SNL_18650_NMC_25C_0-100_0.5-1C_a_cycle_data.csv,SNL_18650_NMC_25C_0-100_0.5-1C_a_cycle_data.csv,schema_d2669a99bc63,Min_Voltage (V),min_voltage_v,7,float64,50,0,"[""1.999"", ""1.998"", ""1.997""]",V,unknown,none,"observed electrical measurement, not a requested mapping target"
SNL NMC.zip,SNL NMC/SNL_18650_NMC_25C_0-100_0.5-1C_a_cycle_data.csv,SNL_18650_NMC_25C_0-100_0.5-1C_a_cycle_data.csv,schema_d2669a99bc63,Max_Voltage (V),max_voltage_v,8,float64,50,0,"[""4.2""]",V,unknown,none,"observed electrical measurement, not a requested mapping target"
SNL NMC.zip,SNL NMC/SNL_18650_NMC_25C_0-100_0.5-1C_a_cycle_data.csv,SNL_18650_NMC_25C_0-100_0.5-1C_a_cycle_data.csv,schema_d2669a99bc63,Charge_Capacity (Ah),charge_capacity_ah,9,float64,50,0,"[""2.882"", ""2.968"", ""2.96"", ""5.881"", ""2.919""]",Ah,charge_capacity,high,explicit charge capacity column
SNL NMC.zip,SNL NMC/SNL_18650_NMC_25C_0-100_0.5-1C_a_cycle_data.csv,SNL_18650_NMC_25C_0-100_0.5-1C_a_cycle_data.csv,schema_d2669a99bc63,Discharge_Capacity (Ah),discharge_capacity_ah,10,float64,50,0,"[""2.967"", ""2.96"", ""2.952"", ""5.847"", ""2.91""]",Ah,discharge_capacity,high,explicit discharge capacity column
SNL NMC.zip,SNL NMC/SNL_18650_NMC_25C_0-100_0.5-1C_a_cycle_data.csv,SNL_18650_NMC_25C_0-100_0.5-1C_a_cycle_data.csv,schema_d2669a99bc63,Charge_Energy (Wh),charge_energy_wh,11,float64,50,0,"[""11.085"", ""11.349"", ""11.318"", ""22.497"", ""11.164""]",Wh,charge_energy,high,explicit charge energy column
SNL NMC.zip,SNL NMC/SNL_18650_NMC_25C_0-100_0.5-1C_a_cycle_data.csv,SNL_18650_NMC_25C_0-100_0.5-1C_a_cycle_data.csv,schema_d2669a99bc63,Discharge_Energy (Wh),discharge_energy_wh,12,float64,50,0,"[""10.636"", ""10.622"", ""10.601"", ""20.609"", ""10.265""]",Wh,discharge_energy,high,explicit discharge energy column
SNL NMC.zip,SNL NMC/SNL_18650_NMC_25C_0-100_0.5-1C_b_cycle_data.csv,SNL_18650_NMC_25C_0-100_0.5-1C_b_cycle_data.csv,schema_d2669a99bc63,Cycle_Index,cycle_index,1,float64,50,0,"[""1.0"", ""2.0"", ""3.0"", ""4.0"", ""5.0""]",unknown,cycle_index,high,explicit cycle index/name
SNL NMC.zip,SNL NMC/SNL_18650_NMC_25C_0-100_0.5-1C_b_cycle_data.csv,SNL_18650_NMC_25C_0-100_0.5-1C_b_cycle_data.csv,schema_d2669a99bc63,Start_Time,start_time,2,str,50,0,"[""2018-07-17 10:10:22.015029"", ""2018-07-17 14:41:30.800344"", ""2018-07-17 19:15:03.781564"", ""2018-07-17 23:47:59.419864"", ""2018-07-18 06:47:22.156848""]",unknown,date_or_timestamp,high,explicit date/time column
SNL NMC.zip,SNL NMC/SNL_18650_NMC_25C_0-100_0.5-1C_b_cycle_data.csv,SNL_18650_NMC_25C_0-100_0.5-1C_b_cycle_data.csv,schema_d2669a99bc63,End_Time,end_time,3,str,50,0,"[""2018-07-17 14:41:30.738234"", ""2018-07-17 19:15:03.719467"", ""2018-07-17 23:47:59.419737"", ""2018-07-18 06:45:22.120406"", ""2018-07-18 10:07:53.050493""]",unknown,date_or_timestamp,high,explicit date/time column
SNL NMC.zip,SNL NMC/SNL_18650_NMC_25C_0-100_0.5-1C_b_cycle_data.csv,SNL_18650_NMC_25C_0-100_0.5-1C_b_cycle_data.csv,schema_d2669a99bc63,Test_Time (s),test_time_s,4,float64,50,0,"[""16278.738"", ""32691.719"", ""49067.419"", ""74110.12"", ""86261.05""]",s,elapsed_time,high,explicit elapsed/test time column
SNL NMC.zip,SNL NMC/SNL_18650_NMC_25C_0-100_0.5-1C_b_cycle_data.csv,SNL_18650_NMC_25C_0-100_0.5-1C_b_cycle_data.csv,schema_d2669a99bc63,Min_Current (A),min_current_a,5,float64,50,0,"[""-1.501"", ""-3.001""]",A,unknown,none,"observed electrical measurement, not a requested mapping target"
SNL NMC.zip,SNL NMC/SNL_18650_NMC_25C_0-100_0.5-1C_b_cycle_data.csv,SNL_18650_NMC_25C_0-100_0.5-1C_b_cycle_data.csv,schema_d2669a99bc63,Max_Current (A),max_current_a,6,float64,50,0,"[""1.499""]",A,unknown,none,"observed electrical measurement, not a requested mapping target"
SNL NMC.zip,SNL NMC/SNL_18650_NMC_25C_0-100_0.5-1C_b_cycle_data.csv,SNL_18650_NMC_25C_0-100_0.5-1C_b_cycle_data.csv,schema_d2669a99bc63,Min_Voltage (V),min_voltage_v,7,float64,50,0,"[""1.999"", ""1.998"", ""1.997""]",V,unknown,none,"observed electrical measurement, not a requested mapping target"
SNL NMC.zip,SNL NMC/SNL_18650_NMC_25C_0-100_0.5-1C_b_cycle_data.csv,SNL_18650_NMC_25C_0-100_0.5-1C_b_cycle_data.csv,schema_d2669a99bc63,Max_Voltage (V),max_voltage_v,8,float64,50,0,"[""4.2"", ""4.201""]",V,unknown,none,"observed electrical measurement, not a requested mapping target"
SNL NMC.zip,SNL NMC/SNL_18650_NMC_25C_0-100_0.5-1C_b_cycle_data.csv,SNL_18650_NMC_25C_0-100_0.5-1C_b_cycle_data.csv,schema_d2669a99bc63,Charge_Capacity (Ah),charge_capacity_ah,9,float64,50,0,"[""2.831"", ""2.915"", ""2.905"", ""5.771"", ""2.865""]",Ah,charge_capacity,high,explicit charge capacity column
SNL NMC.zip,SNL NMC/SNL_18650_NMC_25C_0-100_0.5-1C_b_cycle_data.csv,SNL_18650_NMC_25C_0-100_0.5-1C_b_cycle_data.csv,schema_d2669a99bc63,Discharge_Capacity (Ah),discharge_capacity_ah,10,float64,50,0,"[""2.914"", ""2.906"", ""2.898"", ""5.741"", ""2.857""]",Ah,discharge_capacity,high,explicit discharge capacity column
SNL NMC.zip,SNL NMC/SNL_18650_NMC_25C_0-100_0.5-1C_b_cycle_data.csv,SNL_18650_NMC_25C_0-100_0.5-1C_b_cycle_data.csv,schema_d2669a99bc63,Charge_Energy (Wh),charge_energy_wh,11,float64,50,0,"[""10.873"", ""11.128"", ""11.094"", ""22.05"", ""10.943""]",Wh,charge_energy,high,explicit charge energy column
SNL NMC.zip,SNL NMC/SNL_18650_NMC_25C_0-100_0.5-1C_b_cycle_data.csv,SNL_18650_NMC_25C_0-100_0.5-1C_b_cycle_data.csv,schema_d2669a99bc63,Discharge_Energy (Wh),discharge_energy_wh,12,float64,50,0,"[""10.479"", ""10.459"", ""10.438"", ""20.336"", ""10.128""]",Wh,discharge_energy,high,explicit discharge energy column
SNL NMC.zip,SNL NMC/SNL_18650_NMC_25C_0-100_0.5-1C_c_cycle_data.csv,SNL_18650_NMC_25C_0-100_0.5-1C_c_cycle_data.csv,schema_d2669a99bc63,Cycle_Index,cycle_index,1,float64,50,0,"[""1.0"", ""2.0"", ""3.0"", ""4.0"", ""5.0""]",unknown,cycle_index,high,explicit cycle index/name
SNL NMC.zip,SNL NMC/SNL_18650_NMC_25C_0-100_0.5-1C_c_cycle_data.csv,SNL_18650_NMC_25C_0-100_0.5-1C_c_cycle_data.csv,schema_d2669a99bc63,Start_Time,start_time,2,str,50,0,"[""2018-09-27 09:43:25.018653"", ""2018-09-27 14:12:55.037344"", ""2018-09-27 18:45:54.541454"", ""2018-09-27 23:18:19.662163"", ""2018-09-28 06:16:05.660087""]",unknown,date_or_timestamp,high,explicit date/time column
SNL NMC.zip,SNL NMC/SNL_18650_NMC_25C_0-100_0.5-1C_c_cycle_data.csv,SNL_18650_NMC_25C_0-100_0.5-1C_c_cycle_data.csv,schema_d2669a99bc63,End_Time,end_time,3,str,50,0,"[""2018-09-27 14:12:54.974679"", ""2018-09-27 18:45:54.448191"", ""2018-09-27 23:18:19.662042"", ""2018-09-28 06:14:05.607772"", ""2018-09-28 09:35:54.504059""]",unknown,date_or_timestamp,high,explicit date/time column
SNL NMC.zip,SNL NMC/SNL_18650_NMC_25C_0-100_0.5-1C_c_cycle_data.csv,SNL_18650_NMC_25C_0-100_0.5-1C_c_cycle_data.csv,schema_d2669a99bc63,Test_Time (s),test_time_s,4,float64,50,0,"[""16179.974"", ""32559.448"", ""48904.662"", ""73850.607"", ""85959.504""]",s,elapsed_time,high,explicit elapsed/test time column
SNL NMC.zip,SNL NMC/SNL_18650_NMC_25C_0-100_0.5-1C_c_cycle_data.csv,SNL_18650_NMC_25C_0-100_0.5-1C_c_cycle_data.csv,schema_d2669a99bc63,Min_Current (A),min_current_a,5,float64,50,0,"[""-1.505"", ""-3.004""]",A,unknown,none,"observed electrical measurement, not a requested mapping target"
SNL NMC.zip,SNL NMC/SNL_18650_NMC_25C_0-100_0.5-1C_c_cycle_data.csv,SNL_18650_NMC_25C_0-100_0.5-1C_c_cycle_data.csv,schema_d2669a99bc63,Max_Current (A),max_current_a,6,float64,50,0,"[""1.494"", ""1.495""]",A,unknown,none,"observed electrical measurement, not a requested mapping target"
SNL NMC.zip,SNL NMC/SNL_18650_NMC_25C_0-100_0.5-1C_c_cycle_data.csv,SNL_18650_NMC_25C_0-100_0.5-1C_c_cycle_data.csv,schema_d2669a99bc63,Min_Voltage (V),min_voltage_v,7,float64,50,0,"[""1.999"", ""1.998""]",V,unknown,none,"observed electrical measurement, not a requested mapping target"
SNL NMC.zip,SNL NMC/SNL_18650_NMC_25C_0-100_0.5-1C_c_cycle_data.csv,SNL_18650_NMC_25C_0-100_0.5-1C_c_cycle_data.csv,schema_d2669a99bc63,Max_Voltage (V),max_voltage_v,8,float64,50,0,"[""4.2"", ""4.217""]",V,unknown,none,"observed electrical measurement, not a requested mapping target"
SNL NMC.zip,SNL NMC/SNL_18650_NMC_25C_0-100_0.5-1C_c_cycle_data.csv,SNL_18650_NMC_25C_0-100_0.5-1C_c_cycle_data.csv,schema_d2669a99bc63,Charge_Capacity (Ah),charge_capacity_ah,9,float64,50,0,"[""2.816"", ""2.929"", ""2.921"", ""5.801"", ""2.88""]",Ah,charge_capacity,high,explicit charge capacity column
SNL NMC.zip,SNL NMC/SNL_18650_NMC_25C_0-100_0.5-1C_c_cycle_data.csv,SNL_18650_NMC_25C_0-100_0.5-1C_c_cycle_data.csv,schema_d2669a99bc63,Discharge_Capacity (Ah),discharge_capacity_ah,10,float64,50,0,"[""2.931"", ""2.924"", ""2.916"", ""5.772"", ""2.874""]",Ah,discharge_capacity,high,explicit discharge capacity column
SNL NMC.zip,SNL NMC/SNL_18650_NMC_25C_0-100_0.5-1C_c_cycle_data.csv,SNL_18650_NMC_25C_0-100_0.5-1C_c_cycle_data.csv,schema_d2669a99bc63,Charge_Energy (Wh),charge_energy_wh,11,float64,50,0,"[""10.85"", ""11.207"", ""11.179"", ""22.219"", ""11.025""]",Wh,charge_energy,high,explicit charge energy column
SNL NMC.zip,SNL NMC/SNL_18650_NMC_25C_0-100_0.5-1C_c_cycle_data.csv,SNL_18650_NMC_25C_0-100_0.5-1C_c_cycle_data.csv,schema_d2669a99bc63,Discharge_Energy (Wh),discharge_energy_wh,12,float64,50,0,"[""10.505"", ""10.488"", ""10.468"", ""20.31"", ""10.12""]",Wh,discharge_energy,high,explicit discharge energy column
SNL NMC.zip,SNL NMC/SNL_18650_NMC_25C_0-100_0.5-1C_d_cycle_data.csv,SNL_18650_NMC_25C_0-100_0.5-1C_d_cycle_data.csv,schema_d2669a99bc63,Cycle_Index,cycle_index,1,float64,50,0,"[""1.0"", ""2.0"", ""3.0"", ""4.0"", ""5.0""]",unknown,cycle_index,high,explicit cycle index/name
SNL NMC.zip,SNL NMC/SNL_18650_NMC_25C_0-100_0.5-1C_d_cycle_data.csv,SNL_18650_NMC_25C_0-100_0.5-1C_d_cycle_data.csv,schema_d2669a99bc63,Start_Time,start_time,2,str,50,0,"[""2018-09-27 09:43:45.018724"", ""2018-09-27 14:18:08.280714"", ""2018-09-27 18:54:53.419926"", ""2018-09-27 23:30:53.756288"", ""2018-09-28 06:34:27.254449""]",unknown,date_or_timestamp,high,explicit date/time column
SNL NMC.zip,SNL NMC/SNL_18650_NMC_25C_0-100_0.5-1C_d_cycle_data.csv,SNL_18650_NMC_25C_0-100_0.5-1C_d_cycle_data.csv,schema_d2669a99bc63,End_Time,end_time,3,str,50,0,"[""2018-09-27 14:18:08.249796"", ""2018-09-27 18:54:53.324801"", ""2018-09-27 23:30:53.756175"", ""2018-09-28 06:32:27.199932"", ""2018-09-28 09:57:06.726517""]",unknown,date_or_timestamp,high,explicit date/time column
SNL NMC.zip,SNL NMC/SNL_18650_NMC_25C_0-100_0.5-1C_d_cycle_data.csv,SNL_18650_NMC_25C_0-100_0.5-1C_d_cycle_data.csv,schema_d2669a99bc63,Test_Time (s),test_time_s,4,float64,50,0,"[""16473.249"", ""33078.324"", ""49638.756"", ""74932.199"", ""87211.726""]",s,elapsed_time,high,explicit elapsed/test time column
SNL NMC.zip,SNL NMC/SNL_18650_NMC_25C_0-100_0.5-1C_d_cycle_data.csv,SNL_18650_NMC_25C_0-100_0.5-1C_d_cycle_data.csv,schema_d2669a99bc63,Min_Current (A),min_current_a,5,float64,50,0,"[""-1.5"", ""-2.999""]",A,unknown,none,"observed electrical measurement, not a requested mapping target"
SNL NMC.zip,SNL NMC/SNL_18650_NMC_25C_0-100_0.5-1C_d_cycle_data.csv,SNL_18650_NMC_25C_0-100_0.5-1C_d_cycle_data.csv,schema_d2669a99bc63,Max_Current (A),max_current_a,6,float64,50,0,"[""1.499""]",A,unknown,none,"observed electrical measurement, not a requested mapping target"
SNL NMC.zip,SNL NMC/SNL_18650_NMC_25C_0-100_0.5-1C_d_cycle_data.csv,SNL_18650_NMC_25C_0-100_0.5-1C_d_cycle_data.csv,schema_d2669a99bc63,Min_Voltage (V),min_voltage_v,7,float64,50,0,"[""1.999"", ""1.998"", ""1.997""]",V,unknown,none,"observed electrical measurement, not a requested mapping target"
SNL NMC.zip,SNL NMC/SNL_18650_NMC_25C_0-100_0.5-1C_d_cycle_data.csv,SNL_18650_NMC_25C_0-100_0.5-1C_d_cycle_data.csv,schema_d2669a99bc63,Max_Voltage (V),max_voltage_v,8,float64,50,0,"[""4.2""]",V,unknown,none,"observed electrical measurement, not a requested mapping target"
SNL NMC.zip,SNL NMC/SNL_18650_NMC_25C_0-100_0.5-1C_d_cycle_data.csv,SNL_18650_NMC_25C_0-100_0.5-1C_d_cycle_data.csv,schema_d2669a99bc63,Charge_Capacity (Ah),charge_capacity_ah,9,float64,50,0,"[""2.868"", ""2.955"", ""2.946"", ""5.85"", ""2.904""]",Ah,charge_capacity,high,explicit charge capacity column
SNL NMC.zip,SNL NMC/SNL_18650_NMC_25C_0-100_0.5-1C_d_cycle_data.csv,SNL_18650_NMC_25C_0-100_0.5-1C_d_cycle_data.csv,schema_d2669a99bc63,Discharge_Capacity (Ah),discharge_capacity_ah,10,float64,50,0,"[""2.96"", ""2.95"", ""2.941"", ""5.824"", ""2.898""]",Ah,discharge_capacity,high,explicit discharge capacity column
SNL NMC.zip,SNL NMC/SNL_18650_NMC_25C_0-100_0.5-1C_d_cycle_data.csv,SNL_18650_NMC_25C_0-100_0.5-1C_d_cycle_data.csv,schema_d2669a99bc63,Charge_Energy (Wh),charge_energy_wh,11,float64,50,0,"[""11.012"", ""11.282"", ""11.247"", ""22.348"", ""11.088""]",Wh,charge_energy,high,explicit charge energy column
SNL NMC.zip,SNL NMC/SNL_18650_NMC_25C_0-100_0.5-1C_d_cycle_data.csv,SNL_18650_NMC_25C_0-100_0.5-1C_d_cycle_data.csv,schema_d2669a99bc63,Discharge_Energy (Wh),discharge_energy_wh,12,float64,50,0,"[""10.637"", ""10.615"", ""10.589"", ""20.617"", ""10.268""]",Wh,discharge_energy,high,explicit discharge energy column
SNL NMC.zip,SNL NMC/SNL_18650_NMC_25C_0-100_0.5-2C_a_cycle_data.csv,SNL_18650_NMC_25C_0-100_0.5-2C_a_cycle_data.csv,schema_d2669a99bc63,Cycle_Index,cycle_index,1,float64,50,0,"[""1.0"", ""2.0"", ""3.0"", ""4.0"", ""5.0""]",unknown,cycle_index,high,explicit cycle index/name
SNL NMC.zip,SNL NMC/SNL_18650_NMC_25C_0-100_0.5-2C_a_cycle_data.csv,SNL_18650_NMC_25C_0-100_0.5-2C_a_cycle_data.csv,schema_d2669a99bc63,Start_Time,start_time,2,str,50,0,"[""2018-07-17 10:12:57.019048"", ""2018-07-17 14:38:44.526735"", ""2018-07-17 19:07:34.404094"", ""2018-07-17 23:35:54.078912"", ""2018-07-18 05:26:59.789538""]",unknown,date_or_timestamp,high,explicit date/time column
SNL NMC.zip,SNL NMC/SNL_18650_NMC_25C_0-100_0.5-2C_a_cycle_data.csv,SNL_18650_NMC_25C_0-100_0.5-2C_a_cycle_data.csv,schema_d2669a99bc63,End_Time,end_time,3,str,50,0,"[""2018-07-17 14:38:44.465017"", ""2018-07-17 19:07:34.373477"", ""2018-07-17 23:35:54.078809"", ""2018-07-18 05:24:59.755416"", ""2018-07-18 08:13:23.324748""]",unknown,date_or_timestamp,high,explicit date/time column
SNL NMC.zip,SNL NMC/SNL_18650_NMC_25C_0-100_0.5-2C_a_cycle_data.csv,SNL_18650_NMC_25C_0-100_0.5-2C_a_cycle_data.csv,schema_d2669a99bc63,Test_Time (s),test_time_s,4,float64,50,0,"[""15957.465"", ""32087.373"", ""48187.078"", ""69132.755"", ""79236.324""]",s,elapsed_time,high,explicit elapsed/test time column
SNL NMC.zip,SNL NMC/SNL_18650_NMC_25C_0-100_0.5-2C_a_cycle_data.csv,SNL_18650_NMC_25C_0-100_0.5-2C_a_cycle_data.csv,schema_d2669a99bc63,Min_Current (A),min_current_a,5,float64,50,0,"[""-1.5"", ""-6.001""]",A,unknown,none,"observed electrical measurement, not a requested mapping target"
SNL NMC.zip,SNL NMC/SNL_18650_NMC_25C_0-100_0.5-2C_a_cycle_data.csv,SNL_18650_NMC_25C_0-100_0.5-2C_a_cycle_data.csv,schema_d2669a99bc63,Max_Current (A),max_current_a,6,float64,50,0,"[""1.499"", ""1.5""]",A,unknown,none,"observed electrical measurement, not a requested mapping target"
SNL NMC.zip,SNL NMC/SNL_18650_NMC_25C_0-100_0.5-2C_a_cycle_data.csv,SNL_18650_NMC_25C_0-100_0.5-2C_a_cycle_data.csv,schema_d2669a99bc63,Min_Voltage (V),min_voltage_v,7,float64,50,0,"[""1.999"", ""1.998"", ""1.997"", ""1.996""]",V,unknown,none,"observed electrical measurement, not a requested mapping target"
SNL NMC.zip,SNL NMC/SNL_18650_NMC_25C_0-100_0.5-2C_a_cycle_data.csv,SNL_18650_NMC_25C_0-100_0.5-2C_a_cycle_data.csv,schema_d2669a99bc63,Max_Voltage (V),max_voltage_v,8,float64,50,0,"[""4.2"", ""4.201""]",V,unknown,none,"observed electrical measurement, not a requested mapping target"
SNL NMC.zip,SNL NMC/SNL_18650_NMC_25C_0-100_0.5-2C_a_cycle_data.csv,SNL_18650_NMC_25C_0-100_0.5-2C_a_cycle_data.csv,schema_d2669a99bc63,Charge_Capacity (Ah),charge_capacity_ah,9,float64,50,0,"[""2.83"", ""2.926"", ""2.92"", ""5.796"", ""2.875""]",Ah,charge_capacity,high,explicit charge capacity column
SNL NMC.zip,SNL NMC/SNL_18650_NMC_25C_0-100_0.5-2C_a_cycle_data.csv,SNL_18650_NMC_25C_0-100_0.5-2C_a_cycle_data.csv,schema_d2669a99bc63,Discharge_Capacity (Ah),discharge_capacity_ah,10,float64,50,0,"[""2.929"", ""2.924"", ""2.916"", ""5.767"", ""2.868""]",Ah,discharge_capacity,high,explicit discharge capacity column
SNL NMC.zip,SNL NMC/SNL_18650_NMC_25C_0-100_0.5-2C_a_cycle_data.csv,SNL_18650_NMC_25C_0-100_0.5-2C_a_cycle_data.csv,schema_d2669a99bc63,Charge_Energy (Wh),charge_energy_wh,11,float64,50,0,"[""10.942"", ""11.242"", ""11.217"", ""22.286"", ""11.047""]",Wh,charge_energy,high,explicit charge energy column
SNL NMC.zip,SNL NMC/SNL_18650_NMC_25C_0-100_0.5-2C_a_cycle_data.csv,SNL_18650_NMC_25C_0-100_0.5-2C_a_cycle_data.csv,schema_d2669a99bc63,Discharge_Energy (Wh),discharge_energy_wh,12,float64,50,0,"[""10.437"", ""10.428"", ""10.409"", ""19.076"", ""9.501""]",Wh,discharge_energy,high,explicit discharge energy column
SNL NMC.zip,SNL NMC/SNL_18650_NMC_25C_0-100_0.5-2C_b_cycle_data.csv,SNL_18650_NMC_25C_0-100_0.5-2C_b_cycle_data.csv,schema_d2669a99bc63,Cycle_Index,cycle_index,1,float64,50,0,"[""1.0"", ""2.0"", ""3.0"", ""4.0"", ""5.0""]",unknown,cycle_index,high,explicit cycle index/name
SNL NMC.zip,SNL NMC/SNL_18650_NMC_25C_0-100_0.5-2C_b_cycle_data.csv,SNL_18650_NMC_25C_0-100_0.5-2C_b_cycle_data.csv,schema_d2669a99bc63,Start_Time,start_time,2,str,50,0,"[""2018-07-17 10:14:54.015915"", ""2018-07-17 14:27:14.409594"", ""2018-07-17 18:42:24.647914"", ""2018-07-17 22:56:07.311737"", ""2018-07-18 04:29:03.288116""]",unknown,date_or_timestamp,high,explicit date/time column
SNL NMC.zip,SNL NMC/SNL_18650_NMC_25C_0-100_0.5-2C_b_cycle_data.csv,SNL_18650_NMC_25C_0-100_0.5-2C_b_cycle_data.csv,schema_d2669a99bc63,End_Time,end_time,3,str,50,0,"[""2018-07-17 14:27:14.315560"", ""2018-07-17 18:42:24.615633"", ""2018-07-17 22:56:07.311623"", ""2018-07-18 04:27:03.252607"", ""2018-07-18 07:10:01.251434""]",unknown,date_or_timestamp,high,explicit date/time column
SNL NMC.zip,SNL NMC/SNL_18650_NMC_25C_0-100_0.5-2C_b_cycle_data.csv,SNL_18650_NMC_25C_0-100_0.5-2C_b_cycle_data.csv,schema_d2669a99bc63,Test_Time (s),test_time_s,4,float64,50,0,"[""15150.315"", ""30460.615"", ""45683.311"", ""65539.252"", ""75317.251""]",s,elapsed_time,high,explicit elapsed/test time column
SNL NMC.zip,SNL NMC/SNL_18650_NMC_25C_0-100_0.5-2C_b_cycle_data.csv,SNL_18650_NMC_25C_0-100_0.5-2C_b_cycle_data.csv,schema_d2669a99bc63,Min_Current (A),min_current_a,5,float64,50,0,"[""-1.495"", ""-5.995""]",A,unknown,none,"observed electrical measurement, not a requested mapping target"
SNL NMC.zip,SNL NMC/SNL_18650_NMC_25C_0-100_0.5-2C_b_cycle_data.csv,SNL_18650_NMC_25C_0-100_0.5-2C_b_cycle_data.csv,schema_d2669a99bc63,Max_Current (A),max_current_a,6,float64,50,0,"[""1.505"", ""1.504""]",A,unknown,none,"observed electrical measurement, not a requested mapping target"
SNL NMC.zip,SNL NMC/SNL_18650_NMC_25C_0-100_0.5-2C_b_cycle_data.csv,SNL_18650_NMC_25C_0-100_0.5-2C_b_cycle_data.csv,schema_d2669a99bc63,Min_Voltage (V),min_voltage_v,7,float64,50,0,"[""1.999"", ""1.998"", ""1.997""]",V,unknown,none,"observed electrical measurement, not a requested mapping target"
SNL NMC.zip,SNL NMC/SNL_18650_NMC_25C_0-100_0.5-2C_b_cycle_data.csv,SNL_18650_NMC_25C_0-100_0.5-2C_b_cycle_data.csv,schema_d2669a99bc63,Max_Voltage (V),max_voltage_v,8,float64,50,0,"[""4.2""]",V,unknown,none,"observed electrical measurement, not a requested mapping target"
SNL NMC.zip,SNL NMC/SNL_18650_NMC_25C_0-100_0.5-2C_b_cycle_data.csv,SNL_18650_NMC_25C_0-100_0.5-2C_b_cycle_data.csv,schema_d2669a99bc63,Charge_Capacity (Ah),charge_capacity_ah,9,float64,50,0,"[""2.699"", ""2.794"", ""2.776"", ""5.565"", ""2.829""]",Ah,charge_capacity,high,explicit charge capacity column
SNL NMC.zip,SNL NMC/SNL_18650_NMC_25C_0-100_0.5-2C_b_cycle_data.csv,SNL_18650_NMC_25C_0-100_0.5-2C_b_cycle_data.csv,schema_d2669a99bc63,Discharge_Capacity (Ah),discharge_capacity_ah,10,float64,50,0,"[""2.793"", ""2.79"", ""2.771"", ""5.541"", ""2.822""]",Ah,discharge_capacity,high,explicit discharge capacity column
SNL NMC.zip,SNL NMC/SNL_18650_NMC_25C_0-100_0.5-2C_b_cycle_data.csv,SNL_18650_NMC_25C_0-100_0.5-2C_b_cycle_data.csv,schema_d2669a99bc63,Charge_Energy (Wh),charge_energy_wh,11,float64,50,0,"[""10.561"", ""10.853"", ""10.792"", ""21.625"", ""10.948""]",Wh,charge_energy,high,explicit charge energy column
SNL NMC.zip,SNL NMC/SNL_18650_NMC_25C_0-100_0.5-2C_b_cycle_data.csv,SNL_18650_NMC_25C_0-100_0.5-2C_b_cycle_data.csv,schema_d2669a99bc63,Discharge_Energy (Wh),discharge_energy_wh,12,float64,50,0,"[""9.704"", ""9.691"", ""9.612"", ""17.751"", ""9.085""]",Wh,discharge_energy,high,explicit discharge energy column
SNL NMC.zip,SNL NMC/SNL_18650_NMC_25C_0-100_0.5-3C_a_cycle_data.csv,SNL_18650_NMC_25C_0-100_0.5-3C_a_cycle_data.csv,schema_d2669a99bc63,Cycle_Index,cycle_index,1,float64,50,0,"[""1.0"", ""2.0"", ""3.0"", ""4.0"", ""5.0""]",unknown,cycle_index,high,explicit cycle index/name
SNL NMC.zip,SNL NMC/SNL_18650_NMC_25C_0-100_0.5-3C_a_cycle_data.csv,SNL_18650_NMC_25C_0-100_0.5-3C_a_cycle_data.csv,schema_d2669a99bc63,Start_Time,start_time,2,str,50,0,"[""2017-08-07 08:43:04.003129"", ""2017-08-07 13:12:39.510377"", ""2017-08-07 17:46:52.903920"", ""2017-08-07 22:20:50.941677"", ""2017-08-08 04:04:48.510061""]",unknown,date_or_timestamp,high,explicit date/time column
SNL NMC.zip,SNL NMC/SNL_18650_NMC_25C_0-100_0.5-3C_a_cycle_data.csv,SNL_18650_NMC_25C_0-100_0.5-3C_a_cycle_data.csv,schema_d2669a99bc63,End_Time,end_time,3,str,50,0,"[""2017-08-07 13:12:39.447471"", ""2017-08-07 17:46:52.732069"", ""2017-08-07 22:20:50.941535"", ""2017-08-08 04:02:48.492174"", ""2017-08-08 06:48:10.102076""]",unknown,date_or_timestamp,high,explicit date/time column
SNL NMC.zip,SNL NMC/SNL_18650_NMC_25C_0-100_0.5-3C_a_cycle_data.csv,SNL_18650_NMC_25C_0-100_0.5-3C_a_cycle_data.csv,schema_d2669a99bc63,Test_Time (s),test_time_s,4,float64,50,0,"[""16185.447"", ""32638.732"", ""49076.941"", ""69594.492"", ""79516.102""]",s,elapsed_time,high,explicit elapsed/test time column
SNL NMC.zip,SNL NMC/SNL_18650_NMC_25C_0-100_0.5-3C_a_cycle_data.csv,SNL_18650_NMC_25C_0-100_0.5-3C_a_cycle_data.csv,schema_d2669a99bc63,Min_Current (A),min_current_a,5,float64,50,0,"[""-1.5"", ""-9.0""]",A,unknown,none,"observed electrical measurement, not a requested mapping target"
SNL NMC.zip,SNL NMC/SNL_18650_NMC_25C_0-100_0.5-3C_a_cycle_data.csv,SNL_18650_NMC_25C_0-100_0.5-3C_a_cycle_data.csv,schema_d2669a99bc63,Max_Current (A),max_current_a,6,float64,50,0,"[""1.5"", ""1.499""]",A,unknown,none,"observed electrical measurement, not a requested mapping target"
SNL NMC.zip,SNL NMC/SNL_18650_NMC_25C_0-100_0.5-3C_a_cycle_data.csv,SNL_18650_NMC_25C_0-100_0.5-3C_a_cycle_data.csv,schema_d2669a99bc63,Min_Voltage (V),min_voltage_v,7,float64,50,0,"[""1.999"", ""1.996"", ""1.998"", ""1.997"", ""1.995""]",V,unknown,none,"observed electrical measurement, not a requested mapping target"
SNL NMC.zip,SNL NMC/SNL_18650_NMC_25C_0-100_0.5-3C_a_cycle_data.csv,SNL_18650_NMC_25C_0-100_0.5-3C_a_cycle_data.csv,schema_d2669a99bc63,Max_Voltage (V),max_voltage_v,8,float64,50,0,"[""4.2""]",V,unknown,none,"observed electrical measurement, not a requested mapping target"
SNL NMC.zip,SNL NMC/SNL_18650_NMC_25C_0-100_0.5-3C_a_cycle_data.csv,SNL_18650_NMC_25C_0-100_0.5-3C_a_cycle_data.csv,schema_d2669a99bc63,Charge_Capacity (Ah),charge_capacity_ah,9,float64,50,0,"[""2.829"", ""2.948"", ""2.942"", ""5.852"", ""2.907""]",Ah,charge_capacity,high,explicit charge capacity column
SNL NMC.zip,SNL NMC/SNL_18650_NMC_25C_0-100_0.5-3C_a_cycle_data.csv,SNL_18650_NMC_25C_0-100_0.5-3C_a_cycle_data.csv,schema_d2669a99bc63,Discharge_Capacity (Ah),discharge_capacity_ah,10,float64,50,0,"[""2.938"", ""2.934"", ""2.928"", ""5.818"", ""2.871""]",Ah,discharge_capacity,high,explicit discharge capacity column
SNL NMC.zip,SNL NMC/SNL_18650_NMC_25C_0-100_0.5-3C_a_cycle_data.csv,SNL_18650_NMC_25C_0-100_0.5-3C_a_cycle_data.csv,schema_d2669a99bc63,Charge_Energy (Wh),charge_energy_wh,11,float64,50,0,"[""10.916"", ""11.279"", ""11.252"", ""22.386"", ""11.108""]",Wh,charge_energy,high,explicit charge energy column
SNL NMC.zip,SNL NMC/SNL_18650_NMC_25C_0-100_0.5-3C_a_cycle_data.csv,SNL_18650_NMC_25C_0-100_0.5-3C_a_cycle_data.csv,schema_d2669a99bc63,Discharge_Energy (Wh),discharge_energy_wh,12,float64,50,0,"[""10.529"", ""10.53"", ""10.516"", ""19.203"", ""9.491""]",Wh,discharge_energy,high,explicit discharge energy column
SNL NMC.zip,SNL NMC/SNL_18650_NMC_25C_0-100_0.5-3C_b_cycle_data.csv,SNL_18650_NMC_25C_0-100_0.5-3C_b_cycle_data.csv,schema_d2669a99bc63,Cycle_Index,cycle_index,1,float64,50,0,"[""1.0"", ""2.0"", ""3.0"", ""4.0"", ""5.0""]",unknown,cycle_index,high,explicit cycle index/name
SNL NMC.zip,SNL NMC/SNL_18650_NMC_25C_0-100_0.5-3C_b_cycle_data.csv,SNL_18650_NMC_25C_0-100_0.5-3C_b_cycle_data.csv,schema_d2669a99bc63,Start_Time,start_time,2,str,50,0,"[""2017-08-07 08:43:11.009916"", ""2017-08-07 13:17:24.725489"", ""2017-08-07 17:55:03.455490"", ""2017-08-07 22:32:00.193915"", ""2017-08-08 04:19:19.164193""]",unknown,date_or_timestamp,high,explicit date/time column
SNL NMC.zip,SNL NMC/SNL_18650_NMC_25C_0-100_0.5-3C_b_cycle_data.csv,SNL_18650_NMC_25C_0-100_0.5-3C_b_cycle_data.csv,schema_d2669a99bc63,End_Time,end_time,3,str,50,0,"[""2017-08-07 13:17:24.694757"", ""2017-08-07 17:55:03.342833"", ""2017-08-07 22:32:00.193800"", ""2017-08-08 04:17:19.140446"", ""2017-08-08 07:04:04.811074""]",unknown,date_or_timestamp,high,explicit date/time column
SNL NMC.zip,SNL NMC/SNL_18650_NMC_25C_0-100_0.5-3C_b_cycle_data.csv,SNL_18650_NMC_25C_0-100_0.5-3C_b_cycle_data.csv,schema_d2669a99bc63,Test_Time (s),test_time_s,4,float64,50,0,"[""16463.694"", ""33122.342"", ""49739.193"", ""70458.14"", ""80463.811""]",s,elapsed_time,high,explicit elapsed/test time column
SNL NMC.zip,SNL NMC/SNL_18650_NMC_25C_0-100_0.5-3C_b_cycle_data.csv,SNL_18650_NMC_25C_0-100_0.5-3C_b_cycle_data.csv,schema_d2669a99bc63,Min_Current (A),min_current_a,5,float64,50,0,"[""-1.499"", ""-1.5"", ""-8.999"", ""-9.0"", ""-8.998""]",A,unknown,none,"observed electrical measurement, not a requested mapping target"
SNL NMC.zip,SNL NMC/SNL_18650_NMC_25C_0-100_0.5-3C_b_cycle_data.csv,SNL_18650_NMC_25C_0-100_0.5-3C_b_cycle_data.csv,schema_d2669a99bc63,Max_Current (A),max_current_a,6,float64,50,0,"[""1.5"", ""1.499""]",A,unknown,none,"observed electrical measurement, not a requested mapping target"
SNL NMC.zip,SNL NMC/SNL_18650_NMC_25C_0-100_0.5-3C_b_cycle_data.csv,SNL_18650_NMC_25C_0-100_0.5-3C_b_cycle_data.csv,schema_d2669a99bc63,Min_Voltage (V),min_voltage_v,7,float64,50,0,"[""1.999"", ""1.997"", ""1.996"", ""1.998"", ""1.995""]",V,unknown,none,"observed electrical measurement, not a requested mapping target"
SNL NMC.zip,SNL NMC/SNL_18650_NMC_25C_0-100_0.5-3C_b_cycle_data.csv,SNL_18650_NMC_25C_0-100_0.5-3C_b_cycle_data.csv,schema_d2669a99bc63,Max_Voltage (V),max_voltage_v,8,float64,50,0,"[""4.2""]",V,unknown,none,"observed electrical measurement, not a requested mapping target"
SNL NMC.zip,SNL NMC/SNL_18650_NMC_25C_0-100_0.5-3C_b_cycle_data.csv,SNL_18650_NMC_25C_0-100_0.5-3C_b_cycle_data.csv,schema_d2669a99bc63,Charge_Capacity (Ah),charge_capacity_ah,9,float64,50,0,"[""2.854"", ""2.965"", ""2.956"", ""5.875"", ""2.916""]",Ah,charge_capacity,high,explicit charge capacity column
SNL NMC.zip,SNL NMC/SNL_18650_NMC_25C_0-100_0.5-3C_b_cycle_data.csv,SNL_18650_NMC_25C_0-100_0.5-3C_b_cycle_data.csv,schema_d2669a99bc63,Discharge_Capacity (Ah),discharge_capacity_ah,10,float64,50,0,"[""2.965"", ""2.957"", ""2.949"", ""5.849"", ""2.907""]",Ah,discharge_capacity,high,explicit discharge capacity column
SNL NMC.zip,SNL NMC/SNL_18650_NMC_25C_0-100_0.5-3C_b_cycle_data.csv,SNL_18650_NMC_25C_0-100_0.5-3C_b_cycle_data.csv,schema_d2669a99bc63,Charge_Energy (Wh),charge_energy_wh,11,float64,50,0,"[""10.971"", ""11.313"", ""11.28"", ""22.429"", ""11.123""]",Wh,charge_energy,high,explicit charge energy column
SNL NMC.zip,SNL NMC/SNL_18650_NMC_25C_0-100_0.5-3C_b_cycle_data.csv,SNL_18650_NMC_25C_0-100_0.5-3C_b_cycle_data.csv,schema_d2669a99bc63,Discharge_Energy (Wh),discharge_energy_wh,12,float64,50,0,"[""10.652"", ""10.634"", ""10.609"", ""19.474"", ""9.69""]",Wh,discharge_energy,high,explicit discharge energy column
SNL NMC.zip,SNL NMC/SNL_18650_NMC_25C_0-100_0.5-3C_c_cycle_data.csv,SNL_18650_NMC_25C_0-100_0.5-3C_c_cycle_data.csv,schema_d2669a99bc63,Cycle_Index,cycle_index,1,float64,50,0,"[""1.0"", ""2.0"", ""3.0"", ""4.0"", ""5.0""]",unknown,cycle_index,high,explicit cycle index/name
SNL NMC.zip,SNL NMC/SNL_18650_NMC_25C_0-100_0.5-3C_c_cycle_data.csv,SNL_18650_NMC_25C_0-100_0.5-3C_c_cycle_data.csv,schema_d2669a99bc63,Start_Time,start_time,2,str,50,0,"[""2017-08-23 07:09:43.010954"", ""2017-08-23 11:40:43.625939"", ""2017-08-23 16:16:07.624437"", ""2017-08-23 20:51:15.139042"", ""2017-08-24 02:32:25.270237""]",unknown,date_or_timestamp,high,explicit date/time column
SNL NMC.zip,SNL NMC/SNL_18650_NMC_25C_0-100_0.5-3C_c_cycle_data.csv,SNL_18650_NMC_25C_0-100_0.5-3C_c_cycle_data.csv,schema_d2669a99bc63,End_Time,end_time,3,str,50,0,"[""2017-08-23 11:40:43.563428"", ""2017-08-23 16:16:07.591558"", ""2017-08-23 20:51:15.138920"", ""2017-08-24 02:30:25.214976"", ""2017-08-24 05:16:34.059166""]",unknown,date_or_timestamp,high,explicit date/time column
SNL NMC.zip,SNL NMC/SNL_18650_NMC_25C_0-100_0.5-3C_c_cycle_data.csv,SNL_18650_NMC_25C_0-100_0.5-3C_c_cycle_data.csv,schema_d2669a99bc63,Test_Time (s),test_time_s,4,float64,50,0,"[""16270.563"", ""32794.591"", ""49302.138"", ""69652.214"", ""79621.059""]",s,elapsed_time,high,explicit elapsed/test time column
SNL NMC.zip,SNL NMC/SNL_18650_NMC_25C_0-100_0.5-3C_c_cycle_data.csv,SNL_18650_NMC_25C_0-100_0.5-3C_c_cycle_data.csv,schema_d2669a99bc63,Min_Current (A),min_current_a,5,float64,50,0,"[""-1.5"", ""-9.0"", ""-8.999"", ""-8.998""]",A,unknown,none,"observed electrical measurement, not a requested mapping target"
SNL NMC.zip,SNL NMC/SNL_18650_NMC_25C_0-100_0.5-3C_c_cycle_data.csv,SNL_18650_NMC_25C_0-100_0.5-3C_c_cycle_data.csv,schema_d2669a99bc63,Max_Current (A),max_current_a,6,float64,50,0,"[""1.5"", ""1.499""]",A,unknown,none,"observed electrical measurement, not a requested mapping target"
SNL NMC.zip,SNL NMC/SNL_18650_NMC_25C_0-100_0.5-3C_c_cycle_data.csv,SNL_18650_NMC_25C_0-100_0.5-3C_c_cycle_data.csv,schema_d2669a99bc63,Min_Voltage (V),min_voltage_v,7,float64,50,0,"[""1.999"", ""1.997"", ""1.998"", ""1.996"", ""1.995""]",V,unknown,none,"observed electrical measurement, not a requested mapping target"
SNL NMC.zip,SNL NMC/SNL_18650_NMC_25C_0-100_0.5-3C_c_cycle_data.csv,SNL_18650_NMC_25C_0-100_0.5-3C_c_cycle_data.csv,schema_d2669a99bc63,Max_Voltage (V),max_voltage_v,8,float64,50,0,"[""4.2""]",V,unknown,none,"observed electrical measurement, not a requested mapping target"
SNL NMC.zip,SNL NMC/SNL_18650_NMC_25C_0-100_0.5-3C_c_cycle_data.csv,SNL_18650_NMC_25C_0-100_0.5-3C_c_cycle_data.csv,schema_d2669a99bc63,Charge_Capacity (Ah),charge_capacity_ah,9,float64,50,0,"[""2.851"", ""2.96"", ""2.953"", ""5.782"", ""2.921""]",Ah,charge_capacity,high,explicit charge capacity column
SNL NMC.zip,SNL NMC/SNL_18650_NMC_25C_0-100_0.5-3C_c_cycle_data.csv,SNL_18650_NMC_25C_0-100_0.5-3C_c_cycle_data.csv,schema_d2669a99bc63,Discharge_Capacity (Ah),discharge_capacity_ah,10,float64,50,0,"[""2.958"", ""2.954"", ""2.947"", ""5.759"", ""2.911""]",Ah,discharge_capacity,high,explicit discharge capacity column
SNL NMC.zip,SNL NMC/SNL_18650_NMC_25C_0-100_0.5-3C_c_cycle_data.csv,SNL_18650_NMC_25C_0-100_0.5-3C_c_cycle_data.csv,schema_d2669a99bc63,Charge_Energy (Wh),charge_energy_wh,11,float64,50,0,"[""10.999"", ""11.321"", ""11.292"", ""22.129"", ""11.118""]",Wh,charge_energy,high,explicit charge energy column
SNL NMC.zip,SNL NMC/SNL_18650_NMC_25C_0-100_0.5-3C_c_cycle_data.csv,SNL_18650_NMC_25C_0-100_0.5-3C_c_cycle_data.csv,schema_d2669a99bc63,Discharge_Energy (Wh),discharge_energy_wh,12,float64,50,0,"[""10.586"", ""10.592"", ""10.577"", ""19.367"", ""9.855""]",Wh,discharge_energy,high,explicit discharge energy column
SNL NMC.zip,SNL NMC/SNL_18650_NMC_25C_0-100_0.5-3C_d_cycle_data.csv,SNL_18650_NMC_25C_0-100_0.5-3C_d_cycle_data.csv,schema_d2669a99bc63,Cycle_Index,cycle_index,1,float64,50,0,"[""1.0"", ""2.0"", ""3.0"", ""4.0"", ""5.0""]",unknown,cycle_index,high,explicit cycle index/name
SNL NMC.zip,SNL NMC/SNL_18650_NMC_25C_0-100_0.5-3C_d_cycle_data.csv,SNL_18650_NMC_25C_0-100_0.5-3C_d_cycle_data.csv,schema_d2669a99bc63,Start_Time,start_time,2,str,50,0,"[""2017-08-07 08:43:26.006484"", ""2017-08-07 13:16:55.147000"", ""2017-08-07 17:54:15.339441"", ""2017-08-07 22:31:15.636080"", ""2017-08-08 04:19:09.439686""]",unknown,date_or_timestamp,high,explicit date/time column
SNL NMC.zip,SNL NMC/SNL_18650_NMC_25C_0-100_0.5-3C_d_cycle_data.csv,SNL_18650_NMC_25C_0-100_0.5-3C_d_cycle_data.csv,schema_d2669a99bc63,End_Time,end_time,3,str,50,0,"[""2017-08-07 13:16:54.936056"", ""2017-08-07 17:54:15.163090"", ""2017-08-07 22:31:15.635953"", ""2017-08-08 04:17:09.398344"", ""2017-08-08 07:04:44.520587""]",unknown,date_or_timestamp,high,explicit date/time column
SNL NMC.zip,SNL NMC/SNL_18650_NMC_25C_0-100_0.5-3C_d_cycle_data.csv,SNL_18650_NMC_25C_0-100_0.5-3C_d_cycle_data.csv,schema_d2669a99bc63,Test_Time (s),test_time_s,4,float64,50,0,"[""16418.936"", ""33059.163"", ""49679.635"", ""70433.398"", ""80488.52""]",s,elapsed_time,high,explicit elapsed/test time column
SNL NMC.zip,SNL NMC/SNL_18650_NMC_25C_0-100_0.5-3C_d_cycle_data.csv,SNL_18650_NMC_25C_0-100_0.5-3C_d_cycle_data.csv,schema_d2669a99bc63,Min_Current (A),min_current_a,5,float64,50,0,"[""-1.5"", ""-9.001"", ""-9.0""]",A,unknown,none,"observed electrical measurement, not a requested mapping target"
SNL NMC.zip,SNL NMC/SNL_18650_NMC_25C_0-100_0.5-3C_d_cycle_data.csv,SNL_18650_NMC_25C_0-100_0.5-3C_d_cycle_data.csv,schema_d2669a99bc63,Max_Current (A),max_current_a,6,float64,50,0,"[""1.499""]",A,unknown,none,"observed electrical measurement, not a requested mapping target"
SNL NMC.zip,SNL NMC/SNL_18650_NMC_25C_0-100_0.5-3C_d_cycle_data.csv,SNL_18650_NMC_25C_0-100_0.5-3C_d_cycle_data.csv,schema_d2669a99bc63,Min_Voltage (V),min_voltage_v,7,float64,50,0,"[""1.999"", ""1.996"", ""1.998"", ""1.997"", ""1.995""]",V,unknown,none,"observed electrical measurement, not a requested mapping target"
SNL NMC.zip,SNL NMC/SNL_18650_NMC_25C_0-100_0.5-3C_d_cycle_data.csv,SNL_18650_NMC_25C_0-100_0.5-3C_d_cycle_data.csv,schema_d2669a99bc63,Max_Voltage (V),max_voltage_v,8,float64,50,0,"[""4.2""]",V,unknown,none,"observed electrical measurement, not a requested mapping target"
SNL NMC.zip,SNL NMC/SNL_18650_NMC_25C_0-100_0.5-3C_d_cycle_data.csv,SNL_18650_NMC_25C_0-100_0.5-3C_d_cycle_data.csv,schema_d2669a99bc63,Charge_Capacity (Ah),charge_capacity_ah,9,float64,50,0,"[""2.868"", ""2.976"", ""2.967"", ""5.898"", ""2.928""]",Ah,charge_capacity,high,explicit charge capacity column
SNL NMC.zip,SNL NMC/SNL_18650_NMC_25C_0-100_0.5-3C_d_cycle_data.csv,SNL_18650_NMC_25C_0-100_0.5-3C_d_cycle_data.csv,schema_d2669a99bc63,Discharge_Capacity (Ah),discharge_capacity_ah,10,float64,50,0,"[""2.973"", ""2.966"", ""2.958"", ""5.867"", ""2.916""]",Ah,discharge_capacity,high,explicit discharge capacity column
SNL NMC.zip,SNL NMC/SNL_18650_NMC_25C_0-100_0.5-3C_d_cycle_data.csv,SNL_18650_NMC_25C_0-100_0.5-3C_d_cycle_data.csv,schema_d2669a99bc63,Charge_Energy (Wh),charge_energy_wh,11,float64,50,0,"[""11.043"", ""11.369"", ""11.334"", ""22.528"", ""11.168""]",Wh,charge_energy,high,explicit charge energy column
SNL NMC.zip,SNL NMC/SNL_18650_NMC_25C_0-100_0.5-3C_d_cycle_data.csv,SNL_18650_NMC_25C_0-100_0.5-3C_d_cycle_data.csv,schema_d2669a99bc63,Discharge_Energy (Wh),discharge_energy_wh,12,float64,50,0,"[""10.651"", ""10.647"", ""10.629"", ""19.49"", ""9.74""]",Wh,discharge_energy,high,explicit discharge energy column
SNL NMC.zip,SNL NMC/SNL_18650_NMC_25C_20-80_0.5-0.5C_a_cycle_data.csv,SNL_18650_NMC_25C_20-80_0.5-0.5C_a_cycle_data.csv,schema_d2669a99bc63,Cycle_Index,cycle_index,1,float64,50,0,"[""1.0"", ""2.0"", ""3.0"", ""4.0"", ""5.0""]",unknown,cycle_index,high,explicit cycle index/name
SNL NMC.zip,SNL NMC/SNL_18650_NMC_25C_20-80_0.5-0.5C_a_cycle_data.csv,SNL_18650_NMC_25C_20-80_0.5-0.5C_a_cycle_data.csv,schema_d2669a99bc63,Start_Time,start_time,2,str,50,0,"[""2017-08-07 08:47:29.004540"", ""2017-08-07 13:20:21.840803"", ""2017-08-07 17:56:16.338265"", ""2017-08-07 22:31:24.711455"", ""2017-08-08 02:26:01.463558""]",unknown,date_or_timestamp,high,explicit date/time column
SNL NMC.zip,SNL NMC/SNL_18650_NMC_25C_20-80_0.5-0.5C_a_cycle_data.csv,SNL_18650_NMC_25C_20-80_0.5-0.5C_a_cycle_data.csv,schema_d2669a99bc63,End_Time,end_time,3,str,50,0,"[""2017-08-07 13:20:21.683795"", ""2017-08-07 17:56:16.277152"", ""2017-08-07 22:31:24.711342"", ""2017-08-08 02:24:01.442469"", ""2017-08-08 04:58:00.296612""]",unknown,date_or_timestamp,high,explicit date/time column
SNL NMC.zip,SNL NMC/SNL_18650_NMC_25C_20-80_0.5-0.5C_a_cycle_data.csv,SNL_18650_NMC_25C_20-80_0.5-0.5C_a_cycle_data.csv,schema_d2669a99bc63,Test_Time (s),test_time_s,4,float64,50,0,"[""16382.683"", ""32937.277"", ""49445.711"", ""63402.442"", ""72641.296""]",s,elapsed_time,high,explicit elapsed/test time column
SNL NMC.zip,SNL NMC/SNL_18650_NMC_25C_20-80_0.5-0.5C_a_cycle_data.csv,SNL_18650_NMC_25C_20-80_0.5-0.5C_a_cycle_data.csv,schema_d2669a99bc63,Min_Current (A),min_current_a,5,float64,50,0,"[""-1.5""]",A,unknown,none,"observed electrical measurement, not a requested mapping target"
SNL NMC.zip,SNL NMC/SNL_18650_NMC_25C_20-80_0.5-0.5C_a_cycle_data.csv,SNL_18650_NMC_25C_20-80_0.5-0.5C_a_cycle_data.csv,schema_d2669a99bc63,Max_Current (A),max_current_a,6,float64,50,0,"[""1.5""]",A,unknown,none,"observed electrical measurement, not a requested mapping target"
SNL NMC.zip,SNL NMC/SNL_18650_NMC_25C_20-80_0.5-0.5C_a_cycle_data.csv,SNL_18650_NMC_25C_20-80_0.5-0.5C_a_cycle_data.csv,schema_d2669a99bc63,Min_Voltage (V),min_voltage_v,7,float64,50,0,"[""1.999"", ""2.643"", ""3.068"", ""3.063"", ""3.058""]",V,unknown,none,"observed electrical measurement, not a requested mapping target"
SNL NMC.zip,SNL NMC/SNL_18650_NMC_25C_20-80_0.5-0.5C_a_cycle_data.csv,SNL_18650_NMC_25C_20-80_0.5-0.5C_a_cycle_data.csv,schema_d2669a99bc63,Max_Voltage (V),max_voltage_v,8,float64,50,0,"[""4.2"", ""4.201"", ""4.015"", ""4.016""]",V,unknown,none,"observed electrical measurement, not a requested mapping target"
SNL NMC.zip,SNL NMC/SNL_18650_NMC_25C_20-80_0.5-0.5C_a_cycle_data.csv,SNL_18650_NMC_25C_20-80_0.5-0.5C_a_cycle_data.csv,schema_d2669a99bc63,Charge_Capacity (Ah),charge_capacity_ah,9,float64,50,0,"[""2.862"", ""2.971"", ""2.963"", ""2.666"", ""1.8""]",Ah,charge_capacity,high,explicit charge capacity column
SNL NMC.zip,SNL NMC/SNL_18650_NMC_25C_20-80_0.5-0.5C_a_cycle_data.csv,SNL_18650_NMC_25C_20-80_0.5-0.5C_a_cycle_data.csv,schema_d2669a99bc63,Discharge_Capacity (Ah),discharge_capacity_ah,10,float64,50,0,"[""2.969"", ""2.961"", ""2.953"", ""2.4"", ""1.8""]",Ah,discharge_capacity,high,explicit discharge capacity column
SNL NMC.zip,SNL NMC/SNL_18650_NMC_25C_20-80_0.5-0.5C_a_cycle_data.csv,SNL_18650_NMC_25C_20-80_0.5-0.5C_a_cycle_data.csv,schema_d2669a99bc63,Charge_Energy (Wh),charge_energy_wh,11,float64,50,0,"[""11.027"", ""11.367"", ""11.339"", ""10.094"", ""6.729""]",Wh,charge_energy,high,explicit charge energy column
SNL NMC.zip,SNL NMC/SNL_18650_NMC_25C_20-80_0.5-0.5C_a_cycle_data.csv,SNL_18650_NMC_25C_20-80_0.5-0.5C_a_cycle_data.csv,schema_d2669a99bc63,Discharge_Energy (Wh),discharge_energy_wh,12,float64,50,0,"[""10.64"", ""10.621"", ""10.597"", ""8.715"", ""6.366""]",Wh,discharge_energy,high,explicit discharge energy column
SNL NMC.zip,SNL NMC/SNL_18650_NMC_25C_20-80_0.5-0.5C_b_cycle_data.csv,SNL_18650_NMC_25C_20-80_0.5-0.5C_b_cycle_data.csv,schema_d2669a99bc63,Cycle_Index,cycle_index,1,float64,50,0,"[""1.0"", ""2.0"", ""3.0"", ""4.0"", ""5.0""]",unknown,cycle_index,high,explicit cycle index/name
SNL NMC.zip,SNL NMC/SNL_18650_NMC_25C_20-80_0.5-0.5C_b_cycle_data.csv,SNL_18650_NMC_25C_20-80_0.5-0.5C_b_cycle_data.csv,schema_d2669a99bc63,Start_Time,start_time,2,str,50,0,"[""2017-08-07 08:47:37.007491"", ""2017-08-07 13:24:02.688680"", ""2017-08-07 18:03:53.318338"", ""2017-08-07 22:43:04.845126"", ""2017-08-08 02:41:20.412750""]",unknown,date_or_timestamp,high,explicit date/time column
SNL NMC.zip,SNL NMC/SNL_18650_NMC_25C_20-80_0.5-0.5C_b_cycle_data.csv,SNL_18650_NMC_25C_20-80_0.5-0.5C_b_cycle_data.csv,schema_d2669a99bc63,End_Time,end_time,3,str,50,0,"[""2017-08-07 13:24:02.562818"", ""2017-08-07 18:03:53.255399"", ""2017-08-07 22:43:04.845001"", ""2017-08-08 02:39:20.389522"", ""2017-08-08 05:13:22.239614""]",unknown,date_or_timestamp,high,explicit date/time column
SNL NMC.zip,SNL NMC/SNL_18650_NMC_25C_20-80_0.5-0.5C_b_cycle_data.csv,SNL_18650_NMC_25C_20-80_0.5-0.5C_b_cycle_data.csv,schema_d2669a99bc63,Test_Time (s),test_time_s,4,float64,50,0,"[""16595.562"", ""33386.255"", ""50137.845"", ""64313.389"", ""73555.239""]",s,elapsed_time,high,explicit elapsed/test time column
SNL NMC.zip,SNL NMC/SNL_18650_NMC_25C_20-80_0.5-0.5C_b_cycle_data.csv,SNL_18650_NMC_25C_20-80_0.5-0.5C_b_cycle_data.csv,schema_d2669a99bc63,Min_Current (A),min_current_a,5,float64,50,0,"[""-1.5"", ""-1.499""]",A,unknown,none,"observed electrical measurement, not a requested mapping target"
SNL NMC.zip,SNL NMC/SNL_18650_NMC_25C_20-80_0.5-0.5C_b_cycle_data.csv,SNL_18650_NMC_25C_20-80_0.5-0.5C_b_cycle_data.csv,schema_d2669a99bc63,Max_Current (A),max_current_a,6,float64,50,0,"[""1.499""]",A,unknown,none,"observed electrical measurement, not a requested mapping target"
SNL NMC.zip,SNL NMC/SNL_18650_NMC_25C_20-80_0.5-0.5C_b_cycle_data.csv,SNL_18650_NMC_25C_20-80_0.5-0.5C_b_cycle_data.csv,schema_d2669a99bc63,Min_Voltage (V),min_voltage_v,7,float64,50,0,"[""1.999"", ""2.63"", ""3.19"", ""3.184"", ""3.177""]",V,unknown,none,"observed electrical measurement, not a requested mapping target"
SNL NMC.zip,SNL NMC/SNL_18650_NMC_25C_20-80_0.5-0.5C_b_cycle_data.csv,SNL_18650_NMC_25C_20-80_0.5-0.5C_b_cycle_data.csv,schema_d2669a99bc63,Max_Voltage (V),max_voltage_v,8,float64,50,0,"[""4.2"", ""4.023"", ""4.022"", ""4.021"", ""4.02""]",V,unknown,none,"observed electrical measurement, not a requested mapping target"
SNL NMC.zip,SNL NMC/SNL_18650_NMC_25C_20-80_0.5-0.5C_b_cycle_data.csv,SNL_18650_NMC_25C_20-80_0.5-0.5C_b_cycle_data.csv,schema_d2669a99bc63,Charge_Capacity (Ah),charge_capacity_ah,9,float64,50,0,"[""2.874"", ""2.985"", ""2.976"", ""2.755"", ""1.8""]",Ah,charge_capacity,high,explicit charge capacity column
SNL NMC.zip,SNL NMC/SNL_18650_NMC_25C_20-80_0.5-0.5C_b_cycle_data.csv,SNL_18650_NMC_25C_20-80_0.5-0.5C_b_cycle_data.csv,schema_d2669a99bc63,Discharge_Capacity (Ah),discharge_capacity_ah,10,float64,50,0,"[""2.98"", ""2.973"", ""2.965"", ""2.4"", ""1.8""]",Ah,discharge_capacity,high,explicit discharge capacity column
SNL NMC.zip,SNL NMC/SNL_18650_NMC_25C_20-80_0.5-0.5C_b_cycle_data.csv,SNL_18650_NMC_25C_20-80_0.5-0.5C_b_cycle_data.csv,schema_d2669a99bc63,Charge_Energy (Wh),charge_energy_wh,11,float64,50,0,"[""11.035"", ""11.374"", ""11.343"", ""10.417"", ""6.743""]",Wh,charge_energy,high,explicit charge energy column
SNL NMC.zip,SNL NMC/SNL_18650_NMC_25C_20-80_0.5-0.5C_b_cycle_data.csv,SNL_18650_NMC_25C_20-80_0.5-0.5C_b_cycle_data.csv,schema_d2669a99bc63,Discharge_Energy (Wh),discharge_energy_wh,12,float64,50,0,"[""10.722"", ""10.705"", ""10.682"", ""8.823"", ""6.452""]",Wh,discharge_energy,high,explicit discharge energy column
SNL NMC.zip,SNL NMC/SNL_18650_NMC_25C_20-80_0.5-0.5C_c_cycle_data.csv,SNL_18650_NMC_25C_20-80_0.5-0.5C_c_cycle_data.csv,schema_d2669a99bc63,Cycle_Index,cycle_index,1,float64,50,0,"[""1.0"", ""2.0"", ""3.0"", ""4.0"", ""5.0""]",unknown,cycle_index,high,explicit cycle index/name
SNL NMC.zip,SNL NMC/SNL_18650_NMC_25C_20-80_0.5-0.5C_c_cycle_data.csv,SNL_18650_NMC_25C_20-80_0.5-0.5C_c_cycle_data.csv,schema_d2669a99bc63,Start_Time,start_time,2,str,50,0,"[""2017-08-07 08:47:48.006098"", ""2017-08-07 13:20:52.647268"", ""2017-08-07 17:57:34.284939"", ""2017-08-07 22:33:37.254440"", ""2017-08-08 02:29:20.767162""]",unknown,date_or_timestamp,high,explicit date/time column
SNL NMC.zip,SNL NMC/SNL_18650_NMC_25C_20-80_0.5-0.5C_c_cycle_data.csv,SNL_18650_NMC_25C_20-80_0.5-0.5C_c_cycle_data.csv,schema_d2669a99bc63,End_Time,end_time,3,str,50,0,"[""2017-08-07 13:20:52.522399"", ""2017-08-07 17:57:34.244627"", ""2017-08-07 22:33:37.254332"", ""2017-08-08 02:27:20.744262"", ""2017-08-08 05:01:22.642845""]",unknown,date_or_timestamp,high,explicit date/time column
SNL NMC.zip,SNL NMC/SNL_18650_NMC_25C_20-80_0.5-0.5C_c_cycle_data.csv,SNL_18650_NMC_25C_20-80_0.5-0.5C_c_cycle_data.csv,schema_d2669a99bc63,Test_Time (s),test_time_s,4,float64,50,0,"[""16394.522"", ""32996.244"", ""49559.254"", ""63582.744"", ""72824.642""]",s,elapsed_time,high,explicit elapsed/test time column
SNL NMC.zip,SNL NMC/SNL_18650_NMC_25C_20-80_0.5-0.5C_c_cycle_data.csv,SNL_18650_NMC_25C_20-80_0.5-0.5C_c_cycle_data.csv,schema_d2669a99bc63,Min_Current (A),min_current_a,5,float64,50,0,"[""-1.5"", ""-1.499""]",A,unknown,none,"observed electrical measurement, not a requested mapping target"
SNL NMC.zip,SNL NMC/SNL_18650_NMC_25C_20-80_0.5-0.5C_c_cycle_data.csv,SNL_18650_NMC_25C_20-80_0.5-0.5C_c_cycle_data.csv,schema_d2669a99bc63,Max_Current (A),max_current_a,6,float64,50,0,"[""1.499""]",A,unknown,none,"observed electrical measurement, not a requested mapping target"
SNL NMC.zip,SNL NMC/SNL_18650_NMC_25C_20-80_0.5-0.5C_c_cycle_data.csv,SNL_18650_NMC_25C_20-80_0.5-0.5C_c_cycle_data.csv,schema_d2669a99bc63,Min_Voltage (V),min_voltage_v,7,float64,50,0,"[""1.999"", ""2.641"", ""3.107"", ""3.102"", ""3.1""]",V,unknown,none,"observed electrical measurement, not a requested mapping target"
SNL NMC.zip,SNL NMC/SNL_18650_NMC_25C_20-80_0.5-0.5C_c_cycle_data.csv,SNL_18650_NMC_25C_20-80_0.5-0.5C_c_cycle_data.csv,schema_d2669a99bc63,Max_Voltage (V),max_voltage_v,8,float64,50,0,"[""4.2"", ""4.018"", ""4.019"", ""4.02"", ""4.021""]",V,unknown,none,"observed electrical measurement, not a requested mapping target"
SNL NMC.zip,SNL NMC/SNL_18650_NMC_25C_20-80_0.5-0.5C_c_cycle_data.csv,SNL_18650_NMC_25C_20-80_0.5-0.5C_c_cycle_data.csv,schema_d2669a99bc63,Charge_Capacity (Ah),charge_capacity_ah,9,float64,50,0,"[""2.86"", ""2.97"", ""2.961"", ""2.692"", ""1.8""]",Ah,charge_capacity,high,explicit charge capacity column
SNL NMC.zip,SNL NMC/SNL_18650_NMC_25C_20-80_0.5-0.5C_c_cycle_data.csv,SNL_18650_NMC_25C_20-80_0.5-0.5C_c_cycle_data.csv,schema_d2669a99bc63,Discharge_Capacity (Ah),discharge_capacity_ah,10,float64,50,0,"[""2.967"", ""2.961"", ""2.953"", ""2.4"", ""1.8""]",Ah,discharge_capacity,high,explicit discharge capacity column
SNL NMC.zip,SNL NMC/SNL_18650_NMC_25C_20-80_0.5-0.5C_c_cycle_data.csv,SNL_18650_NMC_25C_20-80_0.5-0.5C_c_cycle_data.csv,schema_d2669a99bc63,Charge_Energy (Wh),charge_energy_wh,11,float64,50,0,"[""11.017"", ""11.352"", ""11.32"", ""10.191"", ""6.735""]",Wh,charge_energy,high,explicit charge energy column
SNL NMC.zip,SNL NMC/SNL_18650_NMC_25C_20-80_0.5-0.5C_c_cycle_data.csv,SNL_18650_NMC_25C_20-80_0.5-0.5C_c_cycle_data.csv,schema_d2669a99bc63,Discharge_Energy (Wh),discharge_energy_wh,12,float64,50,0,"[""10.639"", ""10.627"", ""10.605"", ""8.746"", ""6.392""]",Wh,discharge_energy,high,explicit discharge energy column
SNL NMC.zip,SNL NMC/SNL_18650_NMC_25C_20-80_0.5-0.5C_d_cycle_data.csv,SNL_18650_NMC_25C_20-80_0.5-0.5C_d_cycle_data.csv,schema_d2669a99bc63,Cycle_Index,cycle_index,1,float64,50,0,"[""1.0"", ""2.0"", ""3.0"", ""4.0"", ""5.0""]",unknown,cycle_index,high,explicit cycle index/name
SNL NMC.zip,SNL NMC/SNL_18650_NMC_25C_20-80_0.5-0.5C_d_cycle_data.csv,SNL_18650_NMC_25C_20-80_0.5-0.5C_d_cycle_data.csv,schema_d2669a99bc63,Start_Time,start_time,2,str,50,0,"[""2017-08-07 08:48:00.001677"", ""2017-08-07 13:24:35.238746"", ""2017-08-07 18:04:24.127351"", ""2017-08-07 22:43:26.124839"", ""2017-08-08 02:41:25.318496""]",unknown,date_or_timestamp,high,explicit date/time column
SNL NMC.zip,SNL NMC/SNL_18650_NMC_25C_20-80_0.5-0.5C_d_cycle_data.csv,SNL_18650_NMC_25C_20-80_0.5-0.5C_d_cycle_data.csv,schema_d2669a99bc63,End_Time,end_time,3,str,50,0,"[""2017-08-07 13:24:35.197646"", ""2017-08-07 18:04:24.064994"", ""2017-08-07 22:43:26.124732"", ""2017-08-08 02:39:25.285872"", ""2017-08-08 05:13:27.698536""]",unknown,date_or_timestamp,high,explicit date/time column
SNL NMC.zip,SNL NMC/SNL_18650_NMC_25C_20-80_0.5-0.5C_d_cycle_data.csv,SNL_18650_NMC_25C_20-80_0.5-0.5C_d_cycle_data.csv,schema_d2669a99bc63,Test_Time (s),test_time_s,4,float64,50,0,"[""16605.197"", ""33394.064"", ""50136.124"", ""64295.285"", ""73537.698""]",s,elapsed_time,high,explicit elapsed/test time column
SNL NMC.zip,SNL NMC/SNL_18650_NMC_25C_20-80_0.5-0.5C_d_cycle_data.csv,SNL_18650_NMC_25C_20-80_0.5-0.5C_d_cycle_data.csv,schema_d2669a99bc63,Min_Current (A),min_current_a,5,float64,50,0,"[""-1.5"", ""-1.499""]",A,unknown,none,"observed electrical measurement, not a requested mapping target"
SNL NMC.zip,SNL NMC/SNL_18650_NMC_25C_20-80_0.5-0.5C_d_cycle_data.csv,SNL_18650_NMC_25C_20-80_0.5-0.5C_d_cycle_data.csv,schema_d2669a99bc63,Max_Current (A),max_current_a,6,float64,50,0,"[""1.5"", ""1.499""]",A,unknown,none,"observed electrical measurement, not a requested mapping target"
SNL NMC.zip,SNL NMC/SNL_18650_NMC_25C_20-80_0.5-0.5C_d_cycle_data.csv,SNL_18650_NMC_25C_20-80_0.5-0.5C_d_cycle_data.csv,schema_d2669a99bc63,Min_Voltage (V),min_voltage_v,7,float64,50,0,"[""1.999"", ""2.628"", ""3.192"", ""3.188"", ""3.184""]",V,unknown,none,"observed electrical measurement, not a requested mapping target"
SNL NMC.zip,SNL NMC/SNL_18650_NMC_25C_20-80_0.5-0.5C_d_cycle_data.csv,SNL_18650_NMC_25C_20-80_0.5-0.5C_d_cycle_data.csv,schema_d2669a99bc63,Max_Voltage (V),max_voltage_v,8,float64,50,0,"[""4.2"", ""4.023"", ""4.024"", ""4.025"", ""4.026""]",V,unknown,none,"observed electrical measurement, not a requested mapping target"
SNL NMC.zip,SNL NMC/SNL_18650_NMC_25C_20-80_0.5-0.5C_d_cycle_data.csv,SNL_18650_NMC_25C_20-80_0.5-0.5C_d_cycle_data.csv,schema_d2669a99bc63,Charge_Capacity (Ah),charge_capacity_ah,9,float64,50,0,"[""2.876"", ""2.986"", ""2.976"", ""2.748"", ""1.8""]",Ah,charge_capacity,high,explicit charge capacity column
SNL NMC.zip,SNL NMC/SNL_18650_NMC_25C_20-80_0.5-0.5C_d_cycle_data.csv,SNL_18650_NMC_25C_20-80_0.5-0.5C_d_cycle_data.csv,schema_d2669a99bc63,Discharge_Capacity (Ah),discharge_capacity_ah,10,float64,50,0,"[""2.985"", ""2.976"", ""2.967"", ""2.4"", ""1.8""]",Ah,discharge_capacity,high,explicit discharge capacity column
SNL NMC.zip,SNL NMC/SNL_18650_NMC_25C_20-80_0.5-0.5C_d_cycle_data.csv,SNL_18650_NMC_25C_20-80_0.5-0.5C_d_cycle_data.csv,schema_d2669a99bc63,Charge_Energy (Wh),charge_energy_wh,11,float64,50,0,"[""11.044"", ""11.38"", ""11.343"", ""10.392"", ""6.744""]",Wh,charge_energy,high,explicit charge energy column
SNL NMC.zip,SNL NMC/SNL_18650_NMC_25C_20-80_0.5-0.5C_d_cycle_data.csv,SNL_18650_NMC_25C_20-80_0.5-0.5C_d_cycle_data.csv,schema_d2669a99bc63,Discharge_Energy (Wh),discharge_energy_wh,12,float64,50,0,"[""10.74"", ""10.717"", ""10.691"", ""8.817"", ""6.451""]",Wh,discharge_energy,high,explicit discharge energy column
SNL NMC.zip,SNL NMC/SNL_18650_NMC_25C_20-80_0.5-3C_a_cycle_data.csv,SNL_18650_NMC_25C_20-80_0.5-3C_a_cycle_data.csv,schema_d2669a99bc63,Cycle_Index,cycle_index,1,float64,50,0,"[""1.0"", ""2.0"", ""3.0"", ""4.0"", ""5.0""]",unknown,cycle_index,high,explicit cycle index/name
SNL NMC.zip,SNL NMC/SNL_18650_NMC_25C_20-80_0.5-3C_a_cycle_data.csv,SNL_18650_NMC_25C_20-80_0.5-3C_a_cycle_data.csv,schema_d2669a99bc63,Start_Time,start_time,2,str,50,0,"[""2017-08-07 08:44:37.009412"", ""2017-08-07 13:21:06.545270"", ""2017-08-07 18:00:55.350899"", ""2017-08-07 22:39:59.869248"", ""2017-08-08 01:18:04.250036""]",unknown,date_or_timestamp,high,explicit date/time column
SNL NMC.zip,SNL NMC/SNL_18650_NMC_25C_20-80_0.5-3C_a_cycle_data.csv,SNL_18650_NMC_25C_20-80_0.5-3C_a_cycle_data.csv,schema_d2669a99bc63,End_Time,end_time,3,str,50,0,"[""2017-08-07 13:21:06.513519"", ""2017-08-07 18:00:55.324487"", ""2017-08-07 22:39:59.869131"", ""2017-08-08 01:16:04.195529"", ""2017-08-08 02:50:05.775854""]",unknown,date_or_timestamp,high,explicit date/time column
SNL NMC.zip,SNL NMC/SNL_18650_NMC_25C_20-80_0.5-3C_a_cycle_data.csv,SNL_18650_NMC_25C_20-80_0.5-3C_a_cycle_data.csv,schema_d2669a99bc63,Test_Time (s),test_time_s,4,float64,50,0,"[""16599.513"", ""33388.324"", ""50132.869"", ""59497.195"", ""65138.775""]",s,elapsed_time,high,explicit elapsed/test time column
SNL NMC.zip,SNL NMC/SNL_18650_NMC_25C_20-80_0.5-3C_a_cycle_data.csv,SNL_18650_NMC_25C_20-80_0.5-3C_a_cycle_data.csv,schema_d2669a99bc63,Min_Current (A),min_current_a,5,float64,50,0,"[""-1.502"", ""-1.5"", ""-1.499"", ""-9.001"", ""-9.0""]",A,unknown,none,"observed electrical measurement, not a requested mapping target"
SNL NMC.zip,SNL NMC/SNL_18650_NMC_25C_20-80_0.5-3C_a_cycle_data.csv,SNL_18650_NMC_25C_20-80_0.5-3C_a_cycle_data.csv,schema_d2669a99bc63,Max_Current (A),max_current_a,6,float64,50,0,"[""1.5"", ""1.501"", ""1.499""]",A,unknown,none,"observed electrical measurement, not a requested mapping target"
SNL NMC.zip,SNL NMC/SNL_18650_NMC_25C_20-80_0.5-3C_a_cycle_data.csv,SNL_18650_NMC_25C_20-80_0.5-3C_a_cycle_data.csv,schema_d2669a99bc63,Min_Voltage (V),min_voltage_v,7,float64,50,0,"[""1.999"", ""2.619"", ""2.947"", ""2.945"", ""2.941""]",V,unknown,none,"observed electrical measurement, not a requested mapping target"
SNL NMC.zip,SNL NMC/SNL_18650_NMC_25C_20-80_0.5-3C_a_cycle_data.csv,SNL_18650_NMC_25C_20-80_0.5-3C_a_cycle_data.csv,schema_d2669a99bc63,Max_Voltage (V),max_voltage_v,8,float64,50,0,"[""4.2"", ""4.024"", ""4.025"", ""4.026"", ""4.027""]",V,unknown,none,"observed electrical measurement, not a requested mapping target"
SNL NMC.zip,SNL NMC/SNL_18650_NMC_25C_20-80_0.5-3C_a_cycle_data.csv,SNL_18650_NMC_25C_20-80_0.5-3C_a_cycle_data.csv,schema_d2669a99bc63,Charge_Capacity (Ah),charge_capacity_ah,9,float64,50,0,"[""2.874"", ""2.983"", ""2.973"", ""2.75"", ""1.8""]",Ah,charge_capacity,high,explicit charge capacity column
SNL NMC.zip,SNL NMC/SNL_18650_NMC_25C_20-80_0.5-3C_a_cycle_data.csv,SNL_18650_NMC_25C_20-80_0.5-3C_a_cycle_data.csv,schema_d2669a99bc63,Discharge_Capacity (Ah),discharge_capacity_ah,10,float64,50,0,"[""2.982"", ""2.974"", ""2.965"", ""2.4"", ""1.8""]",Ah,discharge_capacity,high,explicit discharge capacity column
SNL NMC.zip,SNL NMC/SNL_18650_NMC_25C_20-80_0.5-3C_a_cycle_data.csv,SNL_18650_NMC_25C_20-80_0.5-3C_a_cycle_data.csv,schema_d2669a99bc63,Charge_Energy (Wh),charge_energy_wh,11,float64,50,0,"[""11.032"", ""11.366"", ""11.331"", ""10.401"", ""6.745""]",Wh,charge_energy,high,explicit charge energy column
SNL NMC.zip,SNL NMC/SNL_18650_NMC_25C_20-80_0.5-3C_a_cycle_data.csv,SNL_18650_NMC_25C_20-80_0.5-3C_a_cycle_data.csv,schema_d2669a99bc63,Discharge_Energy (Wh),discharge_energy_wh,12,float64,50,0,"[""10.729"", ""10.709"", ""10.683"", ""8.198"", ""5.984""]",Wh,discharge_energy,high,explicit discharge energy column
SNL NMC.zip,SNL NMC/SNL_18650_NMC_25C_20-80_0.5-3C_b_cycle_data.csv,SNL_18650_NMC_25C_20-80_0.5-3C_b_cycle_data.csv,schema_d2669a99bc63,Cycle_Index,cycle_index,1,float64,50,0,"[""414.0"", ""415.0"", ""416.0"", ""417.0"", ""418.0""]",unknown,cycle_index,high,explicit cycle index/name
SNL NMC.zip,SNL NMC/SNL_18650_NMC_25C_20-80_0.5-3C_b_cycle_data.csv,SNL_18650_NMC_25C_20-80_0.5-3C_b_cycle_data.csv,schema_d2669a99bc63,Start_Time,start_time,2,str,50,0,"[""2017-09-05 08:57:54.243847"", ""2017-09-05 11:05:08.020456"", ""2017-09-05 12:34:03.170878"", ""2017-09-05 14:02:49.971511"", ""2017-09-05 15:31:30.719802""]",unknown,date_or_timestamp,high,explicit date/time column
SNL NMC.zip,SNL NMC/SNL_18650_NMC_25C_20-80_0.5-3C_b_cycle_data.csv,SNL_18650_NMC_25C_20-80_0.5-3C_b_cycle_data.csv,schema_d2669a99bc63,End_Time,end_time,3,str,50,0,"[""2017-09-05 11:03:07.964843"", ""2017-09-05 12:32:03.115923"", ""2017-09-05 14:00:49.916500"", ""2017-09-05 15:29:30.664649"", ""2017-09-05 16:58:07.543402""]",unknown,date_or_timestamp,high,explicit date/time column
SNL NMC.zip,SNL NMC/SNL_18650_NMC_25C_20-80_0.5-3C_b_cycle_data.csv,SNL_18650_NMC_25C_20-80_0.5-3C_b_cycle_data.csv,schema_d2669a99bc63,Test_Time (s),test_time_s,4,float64,50,0,"[""7544.964"", ""12880.115"", ""18206.916"", ""23527.664"", ""28844.543""]",s,elapsed_time,high,explicit elapsed/test time column
SNL NMC.zip,SNL NMC/SNL_18650_NMC_25C_20-80_0.5-3C_b_cycle_data.csv,SNL_18650_NMC_25C_20-80_0.5-3C_b_cycle_data.csv,schema_d2669a99bc63,Min_Current (A),min_current_a,5,float64,50,0,"[""-9.0""]",A,unknown,none,"observed electrical measurement, not a requested mapping target"
SNL NMC.zip,SNL NMC/SNL_18650_NMC_25C_20-80_0.5-3C_b_cycle_data.csv,SNL_18650_NMC_25C_20-80_0.5-3C_b_cycle_data.csv,schema_d2669a99bc63,Max_Current (A),max_current_a,6,float64,50,0,"[""1.499"", ""1.5""]",A,unknown,none,"observed electrical measurement, not a requested mapping target"
SNL NMC.zip,SNL NMC/SNL_18650_NMC_25C_20-80_0.5-3C_b_cycle_data.csv,SNL_18650_NMC_25C_20-80_0.5-3C_b_cycle_data.csv,schema_d2669a99bc63,Min_Voltage (V),min_voltage_v,7,float64,50,0,"[""2.839""]",V,unknown,none,"observed electrical measurement, not a requested mapping target"
SNL NMC.zip,SNL NMC/SNL_18650_NMC_25C_20-80_0.5-3C_b_cycle_data.csv,SNL_18650_NMC_25C_20-80_0.5-3C_b_cycle_data.csv,schema_d2669a99bc63,Max_Voltage (V),max_voltage_v,8,float64,50,0,"[""4.2"", ""4.02""]",V,unknown,none,"observed electrical measurement, not a requested mapping target"
SNL NMC.zip,SNL NMC/SNL_18650_NMC_25C_20-80_0.5-3C_b_cycle_data.csv,SNL_18650_NMC_25C_20-80_0.5-3C_b_cycle_data.csv,schema_d2669a99bc63,Charge_Capacity (Ah),charge_capacity_ah,9,float64,50,0,"[""1.706"", ""1.69"", ""1.687"", ""1.685"", ""1.684""]",Ah,charge_capacity,high,explicit charge capacity column
SNL NMC.zip,SNL NMC/SNL_18650_NMC_25C_20-80_0.5-3C_b_cycle_data.csv,SNL_18650_NMC_25C_20-80_0.5-3C_b_cycle_data.csv,schema_d2669a99bc63,Discharge_Capacity (Ah),discharge_capacity_ah,10,float64,50,0,"[""4.12"", ""1.691"", ""1.688"", ""1.686"", ""1.685""]",Ah,discharge_capacity,high,explicit discharge capacity column
SNL NMC.zip,SNL NMC/SNL_18650_NMC_25C_20-80_0.5-3C_b_cycle_data.csv,SNL_18650_NMC_25C_20-80_0.5-3C_b_cycle_data.csv,schema_d2669a99bc63,Charge_Energy (Wh),charge_energy_wh,11,float64,50,0,"[""6.396"", ""6.325"", ""6.314"", ""6.307"", ""6.302""]",Wh,charge_energy,high,explicit charge energy column
SNL NMC.zip,SNL NMC/SNL_18650_NMC_25C_20-80_0.5-3C_b_cycle_data.csv,SNL_18650_NMC_25C_20-80_0.5-3C_b_cycle_data.csv,schema_d2669a99bc63,Discharge_Energy (Wh),discharge_energy_wh,12,float64,50,0,"[""13.821"", ""5.566"", ""5.556"", ""5.552"", ""5.548""]",Wh,discharge_energy,high,explicit discharge energy column
SNL NMC.zip,SNL NMC/SNL_18650_NMC_25C_40-60_0.5-0.5C_a_cycle_data.csv,SNL_18650_NMC_25C_40-60_0.5-0.5C_a_cycle_data.csv,schema_d2669a99bc63,Cycle_Index,cycle_index,1,float64,50,0,"[""1.0"", ""2.0"", ""3.0"", ""4.0"", ""5.0""]",unknown,cycle_index,high,explicit cycle index/name
SNL NMC.zip,SNL NMC/SNL_18650_NMC_25C_40-60_0.5-0.5C_a_cycle_data.csv,SNL_18650_NMC_25C_40-60_0.5-0.5C_a_cycle_data.csv,schema_d2669a99bc63,Start_Time,start_time,2,str,50,0,"[""2017-08-07 08:48:13.013609"", ""2017-08-07 13:24:49.695328"", ""2017-08-07 18:04:41.216491"", ""2017-08-07 22:43:47.700767"", ""2017-08-08 02:17:42.240971""]",unknown,date_or_timestamp,high,explicit date/time column
SNL NMC.zip,SNL NMC/SNL_18650_NMC_25C_40-60_0.5-0.5C_a_cycle_data.csv,SNL_18650_NMC_25C_40-60_0.5-0.5C_a_cycle_data.csv,schema_d2669a99bc63,End_Time,end_time,3,str,50,0,"[""2017-08-07 13:24:49.664357"", ""2017-08-07 18:04:41.122921"", ""2017-08-07 22:43:47.700654"", ""2017-08-08 02:15:42.204724"", ""2017-08-08 03:13:41.921614""]",unknown,date_or_timestamp,high,explicit date/time column
SNL NMC.zip,SNL NMC/SNL_18650_NMC_25C_40-60_0.5-0.5C_a_cycle_data.csv,SNL_18650_NMC_25C_40-60_0.5-0.5C_a_cycle_data.csv,schema_d2669a99bc63,Test_Time (s),test_time_s,4,float64,50,0,"[""16606.664"", ""33398.122"", ""50144.7"", ""62859.204"", ""66338.921""]",s,elapsed_time,high,explicit elapsed/test time column
SNL NMC.zip,SNL NMC/SNL_18650_NMC_25C_40-60_0.5-0.5C_a_cycle_data.csv,SNL_18650_NMC_25C_40-60_0.5-0.5C_a_cycle_data.csv,schema_d2669a99bc63,Min_Current (A),min_current_a,5,float64,50,0,"[""-1.5""]",A,unknown,none,"observed electrical measurement, not a requested mapping target"
SNL NMC.zip,SNL NMC/SNL_18650_NMC_25C_40-60_0.5-0.5C_a_cycle_data.csv,SNL_18650_NMC_25C_40-60_0.5-0.5C_a_cycle_data.csv,schema_d2669a99bc63,Max_Current (A),max_current_a,6,float64,50,0,"[""1.5""]",A,unknown,none,"observed electrical measurement, not a requested mapping target"
SNL NMC.zip,SNL NMC/SNL_18650_NMC_25C_40-60_0.5-0.5C_a_cycle_data.csv,SNL_18650_NMC_25C_40-60_0.5-0.5C_a_cycle_data.csv,schema_d2669a99bc63,Min_Voltage (V),min_voltage_v,7,float64,50,0,"[""1.999"", ""2.628"", ""3.497"", ""3.496"", ""3.495""]",V,unknown,none,"observed electrical measurement, not a requested mapping target"
SNL NMC.zip,SNL NMC/SNL_18650_NMC_25C_40-60_0.5-0.5C_a_cycle_data.csv,SNL_18650_NMC_25C_40-60_0.5-0.5C_a_cycle_data.csv,schema_d2669a99bc63,Max_Voltage (V),max_voltage_v,8,float64,50,0,"[""4.2"", ""3.822"", ""3.823"", ""3.821""]",V,unknown,none,"observed electrical measurement, not a requested mapping target"
SNL NMC.zip,SNL NMC/SNL_18650_NMC_25C_40-60_0.5-0.5C_a_cycle_data.csv,SNL_18650_NMC_25C_40-60_0.5-0.5C_a_cycle_data.csv,schema_d2669a99bc63,Charge_Capacity (Ah),charge_capacity_ah,9,float64,50,0,"[""2.882"", ""2.992"", ""2.983"", ""2.748"", ""0.6""]",Ah,charge_capacity,high,explicit charge capacity column
SNL NMC.zip,SNL NMC/SNL_18650_NMC_25C_40-60_0.5-0.5C_a_cycle_data.csv,SNL_18650_NMC_25C_40-60_0.5-0.5C_a_cycle_data.csv,schema_d2669a99bc63,Discharge_Capacity (Ah),discharge_capacity_ah,10,float64,50,0,"[""2.988"", ""2.98"", ""2.971"", ""1.8"", ""0.6""]",Ah,discharge_capacity,high,explicit discharge capacity column
SNL NMC.zip,SNL NMC/SNL_18650_NMC_25C_40-60_0.5-0.5C_a_cycle_data.csv,SNL_18650_NMC_25C_40-60_0.5-0.5C_a_cycle_data.csv,schema_d2669a99bc63,Charge_Energy (Wh),charge_energy_wh,11,float64,50,0,"[""11.075"", ""11.411"", ""11.377"", ""10.395"", ""2.239""]",Wh,charge_energy,high,explicit charge energy column
SNL NMC.zip,SNL NMC/SNL_18650_NMC_25C_40-60_0.5-0.5C_a_cycle_data.csv,SNL_18650_NMC_25C_40-60_0.5-0.5C_a_cycle_data.csv,schema_d2669a99bc63,Discharge_Energy (Wh),discharge_energy_wh,12,float64,50,0,"[""10.74"", ""10.72"", ""10.694"", ""6.777"", ""2.15""]",Wh,discharge_energy,high,explicit discharge energy column
SNL NMC.zip,SNL NMC/SNL_18650_NMC_25C_40-60_0.5-0.5C_b_cycle_data.csv,SNL_18650_NMC_25C_40-60_0.5-0.5C_b_cycle_data.csv,schema_d2669a99bc63,Cycle_Index,cycle_index,1,float64,50,0,"[""1.0"", ""2.0"", ""3.0"", ""4.0"", ""5.0""]",unknown,cycle_index,high,explicit cycle index/name
SNL NMC.zip,SNL NMC/SNL_18650_NMC_25C_40-60_0.5-0.5C_b_cycle_data.csv,SNL_18650_NMC_25C_40-60_0.5-0.5C_b_cycle_data.csv,schema_d2669a99bc63,Start_Time,start_time,2,str,50,0,"[""2017-08-07 08:48:30.004017"", ""2017-08-07 13:24:52.734955"", ""2017-08-07 18:04:36.775185"", ""2017-08-07 22:43:36.696042"", ""2017-08-08 02:17:40.003331""]",unknown,date_or_timestamp,high,explicit date/time column
SNL NMC.zip,SNL NMC/SNL_18650_NMC_25C_40-60_0.5-0.5C_b_cycle_data.csv,SNL_18650_NMC_25C_40-60_0.5-0.5C_b_cycle_data.csv,schema_d2669a99bc63,End_Time,end_time,3,str,50,0,"[""2017-08-07 13:24:52.673659"", ""2017-08-07 18:04:36.753811"", ""2017-08-07 22:43:36.695933"", ""2017-08-08 02:15:39.969045"", ""2017-08-08 03:13:40.484538""]",unknown,date_or_timestamp,high,explicit date/time column
SNL NMC.zip,SNL NMC/SNL_18650_NMC_25C_40-60_0.5-0.5C_b_cycle_data.csv,SNL_18650_NMC_25C_40-60_0.5-0.5C_b_cycle_data.csv,schema_d2669a99bc63,Test_Time (s),test_time_s,4,float64,50,0,"[""16592.673"", ""33376.753"", ""50116.695"", ""62839.969"", ""66320.484""]",s,elapsed_time,high,explicit elapsed/test time column
SNL NMC.zip,SNL NMC/SNL_18650_NMC_25C_40-60_0.5-0.5C_b_cycle_data.csv,SNL_18650_NMC_25C_40-60_0.5-0.5C_b_cycle_data.csv,schema_d2669a99bc63,Min_Current (A),min_current_a,5,float64,50,0,"[""-1.499"", ""-1.5""]",A,unknown,none,"observed electrical measurement, not a requested mapping target"
SNL NMC.zip,SNL NMC/SNL_18650_NMC_25C_40-60_0.5-0.5C_b_cycle_data.csv,SNL_18650_NMC_25C_40-60_0.5-0.5C_b_cycle_data.csv,schema_d2669a99bc63,Max_Current (A),max_current_a,6,float64,50,0,"[""1.5"", ""1.499""]",A,unknown,none,"observed electrical measurement, not a requested mapping target"
SNL NMC.zip,SNL NMC/SNL_18650_NMC_25C_40-60_0.5-0.5C_b_cycle_data.csv,SNL_18650_NMC_25C_40-60_0.5-0.5C_b_cycle_data.csv,schema_d2669a99bc63,Min_Voltage (V),min_voltage_v,7,float64,50,0,"[""1.999"", ""2.633"", ""3.505"", ""3.504"", ""3.503""]",V,unknown,none,"observed electrical measurement, not a requested mapping target"
SNL NMC.zip,SNL NMC/SNL_18650_NMC_25C_40-60_0.5-0.5C_b_cycle_data.csv,SNL_18650_NMC_25C_40-60_0.5-0.5C_b_cycle_data.csv,schema_d2669a99bc63,Max_Voltage (V),max_voltage_v,8,float64,50,0,"[""4.2"", ""3.821"", ""3.822"", ""3.823"", ""3.824""]",V,unknown,none,"observed electrical measurement, not a requested mapping target"
SNL NMC.zip,SNL NMC/SNL_18650_NMC_25C_40-60_0.5-0.5C_b_cycle_data.csv,SNL_18650_NMC_25C_40-60_0.5-0.5C_b_cycle_data.csv,schema_d2669a99bc63,Charge_Capacity (Ah),charge_capacity_ah,9,float64,50,0,"[""2.872"", ""2.983"", ""2.973"", ""2.75"", ""0.6""]",Ah,charge_capacity,high,explicit charge capacity column
SNL NMC.zip,SNL NMC/SNL_18650_NMC_25C_40-60_0.5-0.5C_b_cycle_data.csv,SNL_18650_NMC_25C_40-60_0.5-0.5C_b_cycle_data.csv,schema_d2669a99bc63,Discharge_Capacity (Ah),discharge_capacity_ah,10,float64,50,0,"[""2.983"", ""2.974"", ""2.965"", ""1.8"", ""0.6""]",Ah,discharge_capacity,high,explicit discharge capacity column
SNL NMC.zip,SNL NMC/SNL_18650_NMC_25C_40-60_0.5-0.5C_b_cycle_data.csv,SNL_18650_NMC_25C_40-60_0.5-0.5C_b_cycle_data.csv,schema_d2669a99bc63,Charge_Energy (Wh),charge_energy_wh,11,float64,50,0,"[""11.024"", ""11.362"", ""11.327"", ""10.397"", ""2.237""]",Wh,charge_energy,high,explicit charge energy column
SNL NMC.zip,SNL NMC/SNL_18650_NMC_25C_40-60_0.5-0.5C_b_cycle_data.csv,SNL_18650_NMC_25C_40-60_0.5-0.5C_b_cycle_data.csv,schema_d2669a99bc63,Discharge_Energy (Wh),discharge_energy_wh,12,float64,50,0,"[""10.732"", ""10.711"", ""10.685"", ""6.79"", ""2.154""]",Wh,discharge_energy,high,explicit discharge energy column
SNL NMC.zip,SNL NMC/SNL_18650_NMC_25C_40-60_0.5-3C_a_cycle_data.csv,SNL_18650_NMC_25C_40-60_0.5-3C_a_cycle_data.csv,schema_d2669a99bc63,Cycle_Index,cycle_index,1,float64,50,0,"[""1.0"", ""2.0"", ""3.0"", ""4.0"", ""5.0""]",unknown,cycle_index,high,explicit cycle index/name
SNL NMC.zip,SNL NMC/SNL_18650_NMC_25C_40-60_0.5-3C_a_cycle_data.csv,SNL_18650_NMC_25C_40-60_0.5-3C_a_cycle_data.csv,schema_d2669a99bc63,Start_Time,start_time,2,str,50,0,"[""2017-08-07 08:55:56.009658"", ""2017-08-07 13:26:44.230599"", ""2017-08-07 18:03:07.606271"", ""2017-08-07 22:39:53.756070"", ""2017-08-08 01:13:05.210094""]",unknown,date_or_timestamp,high,explicit date/time column
SNL NMC.zip,SNL NMC/SNL_18650_NMC_25C_40-60_0.5-3C_a_cycle_data.csv,SNL_18650_NMC_25C_40-60_0.5-3C_a_cycle_data.csv,schema_d2669a99bc63,End_Time,end_time,3,str,50,0,"[""2017-08-07 13:26:44.088719"", ""2017-08-07 18:03:07.481179"", ""2017-08-07 22:39:53.755958"", ""2017-08-08 01:11:05.149811"", ""2017-08-08 01:49:05.653754""]",unknown,date_or_timestamp,high,explicit date/time column
SNL NMC.zip,SNL NMC/SNL_18650_NMC_25C_40-60_0.5-3C_a_cycle_data.csv,SNL_18650_NMC_25C_40-60_0.5-3C_a_cycle_data.csv,schema_d2669a99bc63,Test_Time (s),test_time_s,4,float64,50,0,"[""16258.088"", ""32841.481"", ""49447.755"", ""58519.149"", ""60799.653""]",s,elapsed_time,high,explicit elapsed/test time column
SNL NMC.zip,SNL NMC/SNL_18650_NMC_25C_40-60_0.5-3C_a_cycle_data.csv,SNL_18650_NMC_25C_40-60_0.5-3C_a_cycle_data.csv,schema_d2669a99bc63,Min_Current (A),min_current_a,5,float64,50,0,"[""-1.499"", ""-8.999"", ""-8.998""]",A,unknown,none,"observed electrical measurement, not a requested mapping target"
SNL NMC.zip,SNL NMC/SNL_18650_NMC_25C_40-60_0.5-3C_a_cycle_data.csv,SNL_18650_NMC_25C_40-60_0.5-3C_a_cycle_data.csv,schema_d2669a99bc63,Max_Current (A),max_current_a,6,float64,50,0,"[""1.5"", ""1.499""]",A,unknown,none,"observed electrical measurement, not a requested mapping target"
SNL NMC.zip,SNL NMC/SNL_18650_NMC_25C_40-60_0.5-3C_a_cycle_data.csv,SNL_18650_NMC_25C_40-60_0.5-3C_a_cycle_data.csv,schema_d2669a99bc63,Min_Voltage (V),min_voltage_v,7,float64,50,0,"[""1.999"", ""2.673"", ""3.222"", ""3.219"", ""3.217""]",V,unknown,none,"observed electrical measurement, not a requested mapping target"
SNL NMC.zip,SNL NMC/SNL_18650_NMC_25C_40-60_0.5-3C_a_cycle_data.csv,SNL_18650_NMC_25C_40-60_0.5-3C_a_cycle_data.csv,schema_d2669a99bc63,Max_Voltage (V),max_voltage_v,8,float64,50,0,"[""4.2"", ""3.817"", ""3.816"", ""3.818""]",V,unknown,none,"observed electrical measurement, not a requested mapping target"
SNL NMC.zip,SNL NMC/SNL_18650_NMC_25C_40-60_0.5-3C_a_cycle_data.csv,SNL_18650_NMC_25C_40-60_0.5-3C_a_cycle_data.csv,schema_d2669a99bc63,Charge_Capacity (Ah),charge_capacity_ah,9,float64,50,0,"[""2.759"", ""2.952"", ""2.945"", ""2.729"", ""0.6""]",Ah,charge_capacity,high,explicit charge capacity column
SNL NMC.zip,SNL NMC/SNL_18650_NMC_25C_40-60_0.5-3C_a_cycle_data.csv,SNL_18650_NMC_25C_40-60_0.5-3C_a_cycle_data.csv,schema_d2669a99bc63,Discharge_Capacity (Ah),discharge_capacity_ah,10,float64,50,0,"[""2.952"", ""2.945"", ""2.938"", ""1.8"", ""0.6""]",Ah,discharge_capacity,high,explicit discharge capacity column
SNL NMC.zip,SNL NMC/SNL_18650_NMC_25C_40-60_0.5-3C_a_cycle_data.csv,SNL_18650_NMC_25C_40-60_0.5-3C_a_cycle_data.csv,schema_d2669a99bc63,Charge_Energy (Wh),charge_energy_wh,11,float64,50,0,"[""10.635"", ""11.251"", ""11.228"", ""10.322"", ""2.236""]",Wh,charge_energy,high,explicit charge energy column
SNL NMC.zip,SNL NMC/SNL_18650_NMC_25C_40-60_0.5-3C_a_cycle_data.csv,SNL_18650_NMC_25C_40-60_0.5-3C_a_cycle_data.csv,schema_d2669a99bc63,Discharge_Energy (Wh),discharge_energy_wh,12,float64,50,0,"[""10.625"", ""10.606"", ""10.589"", ""6.32"", ""1.993""]",Wh,discharge_energy,high,explicit discharge energy column
SNL NMC.zip,SNL NMC/SNL_18650_NMC_25C_40-60_0.5-3C_b_cycle_data.csv,SNL_18650_NMC_25C_40-60_0.5-3C_b_cycle_data.csv,schema_d2669a99bc63,Cycle_Index,cycle_index,1,float64,50,0,"[""1.0"", ""2.0"", ""3.0"", ""4.0"", ""5.0""]",unknown,cycle_index,high,explicit cycle index/name
SNL NMC.zip,SNL NMC/SNL_18650_NMC_25C_40-60_0.5-3C_b_cycle_data.csv,SNL_18650_NMC_25C_40-60_0.5-3C_b_cycle_data.csv,schema_d2669a99bc63,Start_Time,start_time,2,str,50,0,"[""2017-08-07 08:45:20.014940"", ""2017-08-07 13:20:38.739542"", ""2017-08-07 17:58:57.917194"", ""2017-08-07 22:36:23.983170"", ""2017-08-08 01:09:45.570505""]",unknown,date_or_timestamp,high,explicit date/time column
SNL NMC.zip,SNL NMC/SNL_18650_NMC_25C_40-60_0.5-3C_b_cycle_data.csv,SNL_18650_NMC_25C_40-60_0.5-3C_b_cycle_data.csv,schema_d2669a99bc63,End_Time,end_time,3,str,50,0,"[""2017-08-07 13:20:38.676745"", ""2017-08-07 17:58:57.793264"", ""2017-08-07 22:36:23.983055"", ""2017-08-08 01:07:45.537270"", ""2017-08-08 01:45:45.900983""]",unknown,date_or_timestamp,high,explicit date/time column
SNL NMC.zip,SNL NMC/SNL_18650_NMC_25C_40-60_0.5-3C_b_cycle_data.csv,SNL_18650_NMC_25C_40-60_0.5-3C_b_cycle_data.csv,schema_d2669a99bc63,Test_Time (s),test_time_s,4,float64,50,0,"[""16528.676"", ""33227.793"", ""49873.983"", ""58955.537"", ""61235.9""]",s,elapsed_time,high,explicit elapsed/test time column
SNL NMC.zip,SNL NMC/SNL_18650_NMC_25C_40-60_0.5-3C_b_cycle_data.csv,SNL_18650_NMC_25C_40-60_0.5-3C_b_cycle_data.csv,schema_d2669a99bc63,Min_Current (A),min_current_a,5,float64,50,0,"[""-1.5"", ""-9.0"", ""-8.999""]",A,unknown,none,"observed electrical measurement, not a requested mapping target"
SNL NMC.zip,SNL NMC/SNL_18650_NMC_25C_40-60_0.5-3C_b_cycle_data.csv,SNL_18650_NMC_25C_40-60_0.5-3C_b_cycle_data.csv,schema_d2669a99bc63,Max_Current (A),max_current_a,6,float64,50,0,"[""1.499"", ""1.5""]",A,unknown,none,"observed electrical measurement, not a requested mapping target"
SNL NMC.zip,SNL NMC/SNL_18650_NMC_25C_40-60_0.5-3C_b_cycle_data.csv,SNL_18650_NMC_25C_40-60_0.5-3C_b_cycle_data.csv,schema_d2669a99bc63,Min_Voltage (V),min_voltage_v,7,float64,50,0,"[""1.999"", ""2.634"", ""3.221"", ""3.217"", ""3.216""]",V,unknown,none,"observed electrical measurement, not a requested mapping target"
SNL NMC.zip,SNL NMC/SNL_18650_NMC_25C_40-60_0.5-3C_b_cycle_data.csv,SNL_18650_NMC_25C_40-60_0.5-3C_b_cycle_data.csv,schema_d2669a99bc63,Max_Voltage (V),max_voltage_v,8,float64,50,0,"[""4.2"", ""3.82"", ""3.821"", ""3.822"", ""3.823""]",V,unknown,none,"observed electrical measurement, not a requested mapping target"
SNL NMC.zip,SNL NMC/SNL_18650_NMC_25C_40-60_0.5-3C_b_cycle_data.csv,SNL_18650_NMC_25C_40-60_0.5-3C_b_cycle_data.csv,schema_d2669a99bc63,Charge_Capacity (Ah),charge_capacity_ah,9,float64,50,0,"[""2.859"", ""2.965"", ""2.956"", ""2.733"", ""0.6""]",Ah,charge_capacity,high,explicit charge capacity column
SNL NMC.zip,SNL NMC/SNL_18650_NMC_25C_40-60_0.5-3C_b_cycle_data.csv,SNL_18650_NMC_25C_40-60_0.5-3C_b_cycle_data.csv,schema_d2669a99bc63,Discharge_Capacity (Ah),discharge_capacity_ah,10,float64,50,0,"[""2.965"", ""2.956"", ""2.947"", ""1.8"", ""0.6""]",Ah,discharge_capacity,high,explicit discharge capacity column
SNL NMC.zip,SNL NMC/SNL_18650_NMC_25C_40-60_0.5-3C_b_cycle_data.csv,SNL_18650_NMC_25C_40-60_0.5-3C_b_cycle_data.csv,schema_d2669a99bc63,Charge_Energy (Wh),charge_energy_wh,11,float64,50,0,"[""10.978"", ""11.301"", ""11.266"", ""10.338"", ""2.237""]",Wh,charge_energy,high,explicit charge energy column
SNL NMC.zip,SNL NMC/SNL_18650_NMC_25C_40-60_0.5-3C_b_cycle_data.csv,SNL_18650_NMC_25C_40-60_0.5-3C_b_cycle_data.csv,schema_d2669a99bc63,Discharge_Energy (Wh),discharge_energy_wh,12,float64,50,0,"[""10.671"", ""10.649"", ""10.621"", ""6.322"", ""1.995""]",Wh,discharge_energy,high,explicit discharge energy column
SNL NMC.zip,SNL NMC/SNL_18650_NMC_35C_0-100_0.5-1C_a_cycle_data.csv,SNL_18650_NMC_35C_0-100_0.5-1C_a_cycle_data.csv,schema_d2669a99bc63,Cycle_Index,cycle_index,1,float64,50,0,"[""1.0"", ""2.0"", ""3.0"", ""4.0"", ""5.0""]",unknown,cycle_index,high,explicit cycle index/name
SNL NMC.zip,SNL NMC/SNL_18650_NMC_35C_0-100_0.5-1C_a_cycle_data.csv,SNL_18650_NMC_35C_0-100_0.5-1C_a_cycle_data.csv,schema_d2669a99bc63,Start_Time,start_time,2,str,50,0,"[""2018-02-27 13:10:51.871200"", ""2018-02-27 17:37:19.947704"", ""2018-02-27 22:07:00.811804"", ""2018-02-28 02:35:50.538568"", ""2018-02-28 09:22:01.335960""]",unknown,date_or_timestamp,high,explicit date/time column
SNL NMC.zip,SNL NMC/SNL_18650_NMC_35C_0-100_0.5-1C_a_cycle_data.csv,SNL_18650_NMC_35C_0-100_0.5-1C_a_cycle_data.csv,schema_d2669a99bc63,End_Time,end_time,3,str,50,0,"[""2018-02-27 17:37:19.929316"", ""2018-02-27 22:07:00.792116"", ""2018-02-28 02:35:50.522124"", ""2018-02-28 09:22:01.319112"", ""2018-02-28 12:38:45.505592""]",unknown,date_or_timestamp,high,explicit date/time column
SNL NMC.zip,SNL NMC/SNL_18650_NMC_35C_0-100_0.5-1C_a_cycle_data.csv,SNL_18650_NMC_35C_0-100_0.5-1C_a_cycle_data.csv,schema_d2669a99bc63,Test_Time (s),test_time_s,4,float64,50,0,"[""15998.063"", ""32178.926"", ""48308.656"", ""72679.453"", ""84483.639""]",s,elapsed_time,high,explicit elapsed/test time column
SNL NMC.zip,SNL NMC/SNL_18650_NMC_35C_0-100_0.5-1C_a_cycle_data.csv,SNL_18650_NMC_35C_0-100_0.5-1C_a_cycle_data.csv,schema_d2669a99bc63,Min_Current (A),min_current_a,5,float64,50,0,"[""-1.5"", ""-3.0"", ""-2.999""]",A,unknown,none,"observed electrical measurement, not a requested mapping target"
SNL NMC.zip,SNL NMC/SNL_18650_NMC_35C_0-100_0.5-1C_a_cycle_data.csv,SNL_18650_NMC_35C_0-100_0.5-1C_a_cycle_data.csv,schema_d2669a99bc63,Max_Current (A),max_current_a,6,float64,50,0,"[""1.5""]",A,unknown,none,"observed electrical measurement, not a requested mapping target"
SNL NMC.zip,SNL NMC/SNL_18650_NMC_35C_0-100_0.5-1C_a_cycle_data.csv,SNL_18650_NMC_35C_0-100_0.5-1C_a_cycle_data.csv,schema_d2669a99bc63,Min_Voltage (V),min_voltage_v,7,float64,50,0,"[""1.999"", ""1.998""]",V,unknown,none,"observed electrical measurement, not a requested mapping target"
SNL NMC.zip,SNL NMC/SNL_18650_NMC_35C_0-100_0.5-1C_a_cycle_data.csv,SNL_18650_NMC_35C_0-100_0.5-1C_a_cycle_data.csv,schema_d2669a99bc63,Max_Voltage (V),max_voltage_v,8,float64,50,0,"[""4.2""]",V,unknown,none,"observed electrical measurement, not a requested mapping target"
SNL NMC.zip,SNL NMC/SNL_18650_NMC_35C_0-100_0.5-1C_a_cycle_data.csv,SNL_18650_NMC_35C_0-100_0.5-1C_a_cycle_data.csv,schema_d2669a99bc63,Charge_Capacity (Ah),charge_capacity_ah,9,float64,50,0,"[""2.863"", ""2.97"", ""2.958"", ""5.861"", ""2.906""]",Ah,charge_capacity,high,explicit charge capacity column
SNL NMC.zip,SNL NMC/SNL_18650_NMC_35C_0-100_0.5-1C_a_cycle_data.csv,SNL_18650_NMC_35C_0-100_0.5-1C_a_cycle_data.csv,schema_d2669a99bc63,Discharge_Capacity (Ah),discharge_capacity_ah,10,float64,50,0,"[""2.963"", ""2.953"", ""2.943"", ""5.819"", ""2.892""]",Ah,discharge_capacity,high,explicit discharge capacity column
SNL NMC.zip,SNL NMC/SNL_18650_NMC_35C_0-100_0.5-1C_a_cycle_data.csv,SNL_18650_NMC_35C_0-100_0.5-1C_a_cycle_data.csv,schema_d2669a99bc63,Charge_Energy (Wh),charge_energy_wh,11,float64,50,0,"[""11.098"", ""11.427"", ""11.383"", ""22.58"", ""11.192""]",Wh,charge_energy,high,explicit charge energy column
SNL NMC.zip,SNL NMC/SNL_18650_NMC_35C_0-100_0.5-1C_a_cycle_data.csv,SNL_18650_NMC_35C_0-100_0.5-1C_a_cycle_data.csv,schema_d2669a99bc63,Discharge_Energy (Wh),discharge_energy_wh,12,float64,50,0,"[""10.484"", ""10.465"", ""10.439"", ""19.995"", ""9.955""]",Wh,discharge_energy,high,explicit discharge energy column
SNL NMC.zip,SNL NMC/SNL_18650_NMC_35C_0-100_0.5-1C_b_cycle_data.csv,SNL_18650_NMC_35C_0-100_0.5-1C_b_cycle_data.csv,schema_d2669a99bc63,Cycle_Index,cycle_index,1,float64,50,0,"[""1.0"", ""2.0"", ""3.0"", ""4.0"", ""5.0""]",unknown,cycle_index,high,explicit cycle index/name
SNL NMC.zip,SNL NMC/SNL_18650_NMC_35C_0-100_0.5-1C_b_cycle_data.csv,SNL_18650_NMC_35C_0-100_0.5-1C_b_cycle_data.csv,schema_d2669a99bc63,Start_Time,start_time,2,str,50,0,"[""2018-02-27 13:11:00.900200"", ""2018-02-27 17:34:47.304776"", ""2018-02-27 22:02:21.862572"", ""2018-02-28 02:29:08.661732"", ""2018-02-28 09:12:50.347748""]",unknown,date_or_timestamp,high,explicit date/time column
SNL NMC.zip,SNL NMC/SNL_18650_NMC_35C_0-100_0.5-1C_b_cycle_data.csv,SNL_18650_NMC_35C_0-100_0.5-1C_b_cycle_data.csv,schema_d2669a99bc63,End_Time,end_time,3,str,50,0,"[""2018-02-27 17:34:47.288156"", ""2018-02-27 22:02:21.845784"", ""2018-02-28 02:29:08.646488"", ""2018-02-28 09:12:50.325748"", ""2018-02-28 12:29:13.904152""]",unknown,date_or_timestamp,high,explicit date/time column
SNL NMC.zip,SNL NMC/SNL_18650_NMC_35C_0-100_0.5-1C_b_cycle_data.csv,SNL_18650_NMC_35C_0-100_0.5-1C_b_cycle_data.csv,schema_d2669a99bc63,Test_Time (s),test_time_s,4,float64,50,0,"[""15836.401"", ""31890.958"", ""47897.759"", ""72119.438"", ""83903.017""]",s,elapsed_time,high,explicit elapsed/test time column
SNL NMC.zip,SNL NMC/SNL_18650_NMC_35C_0-100_0.5-1C_b_cycle_data.csv,SNL_18650_NMC_35C_0-100_0.5-1C_b_cycle_data.csv,schema_d2669a99bc63,Min_Current (A),min_current_a,5,float64,50,0,"[""-1.5"", ""-3.0"", ""-2.999""]",A,unknown,none,"observed electrical measurement, not a requested mapping target"
SNL NMC.zip,SNL NMC/SNL_18650_NMC_35C_0-100_0.5-1C_b_cycle_data.csv,SNL_18650_NMC_35C_0-100_0.5-1C_b_cycle_data.csv,schema_d2669a99bc63,Max_Current (A),max_current_a,6,float64,50,0,"[""1.5""]",A,unknown,none,"observed electrical measurement, not a requested mapping target"
SNL NMC.zip,SNL NMC/SNL_18650_NMC_35C_0-100_0.5-1C_b_cycle_data.csv,SNL_18650_NMC_35C_0-100_0.5-1C_b_cycle_data.csv,schema_d2669a99bc63,Min_Voltage (V),min_voltage_v,7,float64,50,0,"[""1.999"", ""1.998""]",V,unknown,none,"observed electrical measurement, not a requested mapping target"
SNL NMC.zip,SNL NMC/SNL_18650_NMC_35C_0-100_0.5-1C_b_cycle_data.csv,SNL_18650_NMC_35C_0-100_0.5-1C_b_cycle_data.csv,schema_d2669a99bc63,Max_Voltage (V),max_voltage_v,8,float64,50,0,"[""4.2""]",V,unknown,none,"observed electrical measurement, not a requested mapping target"
SNL NMC.zip,SNL NMC/SNL_18650_NMC_35C_0-100_0.5-1C_b_cycle_data.csv,SNL_18650_NMC_35C_0-100_0.5-1C_b_cycle_data.csv,schema_d2669a99bc63,Charge_Capacity (Ah),charge_capacity_ah,9,float64,50,0,"[""2.836"", ""2.955"", ""2.943"", ""5.844"", ""2.907""]",Ah,charge_capacity,high,explicit charge capacity column
SNL NMC.zip,SNL NMC/SNL_18650_NMC_35C_0-100_0.5-1C_b_cycle_data.csv,SNL_18650_NMC_35C_0-100_0.5-1C_b_cycle_data.csv,schema_d2669a99bc63,Discharge_Capacity (Ah),discharge_capacity_ah,10,float64,50,0,"[""2.945"", ""2.939"", ""2.929"", ""5.803"", ""2.894""]",Ah,discharge_capacity,high,explicit discharge capacity column
SNL NMC.zip,SNL NMC/SNL_18650_NMC_35C_0-100_0.5-1C_b_cycle_data.csv,SNL_18650_NMC_35C_0-100_0.5-1C_b_cycle_data.csv,schema_d2669a99bc63,Charge_Energy (Wh),charge_energy_wh,11,float64,50,0,"[""11.026"", ""11.396"", ""11.355"", ""22.557"", ""11.209""]",Wh,charge_energy,high,explicit charge energy column
SNL NMC.zip,SNL NMC/SNL_18650_NMC_35C_0-100_0.5-1C_b_cycle_data.csv,SNL_18650_NMC_35C_0-100_0.5-1C_b_cycle_data.csv,schema_d2669a99bc63,Discharge_Energy (Wh),discharge_energy_wh,12,float64,50,0,"[""10.375"", ""10.372"", ""10.348"", ""19.872"", ""9.941""]",Wh,discharge_energy,high,explicit discharge energy column
SNL NMC.zip,SNL NMC/SNL_18650_NMC_35C_0-100_0.5-1C_c_cycle_data.csv,SNL_18650_NMC_35C_0-100_0.5-1C_c_cycle_data.csv,schema_d2669a99bc63,Cycle_Index,cycle_index,1,float64,50,0,"[""1.0"", ""2.0"", ""3.0"", ""4.0"", ""5.0""]",unknown,cycle_index,high,explicit cycle index/name
SNL NMC.zip,SNL NMC/SNL_18650_NMC_35C_0-100_0.5-1C_c_cycle_data.csv,SNL_18650_NMC_35C_0-100_0.5-1C_c_cycle_data.csv,schema_d2669a99bc63,Start_Time,start_time,2,str,50,0,"[""2018-02-27 13:12:00.042300"", ""2018-02-27 17:39:32.947496"", ""2018-02-27 22:10:40.478560"", ""2018-02-28 02:40:52.280672"", ""2018-02-28 09:30:02.058980""]",unknown,date_or_timestamp,high,explicit date/time column
SNL NMC.zip,SNL NMC/SNL_18650_NMC_35C_0-100_0.5-1C_c_cycle_data.csv,SNL_18650_NMC_35C_0-100_0.5-1C_c_cycle_data.csv,schema_d2669a99bc63,End_Time,end_time,3,str,50,0,"[""2018-02-27 17:39:32.935720"", ""2018-02-27 22:10:40.468408"", ""2018-02-28 02:40:52.269420"", ""2018-02-28 09:30:02.047660"", ""2018-02-28 12:48:22.675428""]",unknown,date_or_timestamp,high,explicit date/time column
SNL NMC.zip,SNL NMC/SNL_18650_NMC_35C_0-100_0.5-1C_c_cycle_data.csv,SNL_18650_NMC_35C_0-100_0.5-1C_c_cycle_data.csv,schema_d2669a99bc63,Test_Time (s),test_time_s,4,float64,50,0,"[""16062.893"", ""32330.426"", ""48542.227"", ""73092.005"", ""84992.633""]",s,elapsed_time,high,explicit elapsed/test time column
SNL NMC.zip,SNL NMC/SNL_18650_NMC_35C_0-100_0.5-1C_c_cycle_data.csv,SNL_18650_NMC_35C_0-100_0.5-1C_c_cycle_data.csv,schema_d2669a99bc63,Min_Current (A),min_current_a,5,float64,50,0,"[""-1.5"", ""-3.0""]",A,unknown,none,"observed electrical measurement, not a requested mapping target"
SNL NMC.zip,SNL NMC/SNL_18650_NMC_35C_0-100_0.5-1C_c_cycle_data.csv,SNL_18650_NMC_35C_0-100_0.5-1C_c_cycle_data.csv,schema_d2669a99bc63,Max_Current (A),max_current_a,6,float64,50,0,"[""1.5"", ""1.499""]",A,unknown,none,"observed electrical measurement, not a requested mapping target"
SNL NMC.zip,SNL NMC/SNL_18650_NMC_35C_0-100_0.5-1C_c_cycle_data.csv,SNL_18650_NMC_35C_0-100_0.5-1C_c_cycle_data.csv,schema_d2669a99bc63,Min_Voltage (V),min_voltage_v,7,float64,50,0,"[""1.999"", ""1.998""]",V,unknown,none,"observed electrical measurement, not a requested mapping target"
SNL NMC.zip,SNL NMC/SNL_18650_NMC_35C_0-100_0.5-1C_c_cycle_data.csv,SNL_18650_NMC_35C_0-100_0.5-1C_c_cycle_data.csv,schema_d2669a99bc63,Max_Voltage (V),max_voltage_v,8,float64,50,0,"[""4.2""]",V,unknown,none,"observed electrical measurement, not a requested mapping target"
SNL NMC.zip,SNL NMC/SNL_18650_NMC_35C_0-100_0.5-1C_c_cycle_data.csv,SNL_18650_NMC_35C_0-100_0.5-1C_c_cycle_data.csv,schema_d2669a99bc63,Charge_Capacity (Ah),charge_capacity_ah,9,float64,50,0,"[""2.868"", ""2.976"", ""2.963"", ""5.876"", ""2.914""]",Ah,charge_capacity,high,explicit charge capacity column
SNL NMC.zip,SNL NMC/SNL_18650_NMC_35C_0-100_0.5-1C_c_cycle_data.csv,SNL_18650_NMC_35C_0-100_0.5-1C_c_cycle_data.csv,schema_d2669a99bc63,Discharge_Capacity (Ah),discharge_capacity_ah,10,float64,50,0,"[""2.967"", ""2.959"", ""2.948"", ""5.833"", ""2.9""]",Ah,discharge_capacity,high,explicit discharge capacity column
SNL NMC.zip,SNL NMC/SNL_18650_NMC_35C_0-100_0.5-1C_c_cycle_data.csv,SNL_18650_NMC_35C_0-100_0.5-1C_c_cycle_data.csv,schema_d2669a99bc63,Charge_Energy (Wh),charge_energy_wh,11,float64,50,0,"[""11.102"", ""11.434"", ""11.389"", ""22.601"", ""11.206""]",Wh,charge_energy,high,explicit charge energy column
SNL NMC.zip,SNL NMC/SNL_18650_NMC_35C_0-100_0.5-1C_c_cycle_data.csv,SNL_18650_NMC_35C_0-100_0.5-1C_c_cycle_data.csv,schema_d2669a99bc63,Discharge_Energy (Wh),discharge_energy_wh,12,float64,50,0,"[""10.534"", ""10.526"", ""10.496"", ""20.201"", ""10.057""]",Wh,discharge_energy,high,explicit discharge energy column
SNL NMC.zip,SNL NMC/SNL_18650_NMC_35C_0-100_0.5-1C_d_cycle_data.csv,SNL_18650_NMC_35C_0-100_0.5-1C_d_cycle_data.csv,schema_d2669a99bc63,Cycle_Index,cycle_index,1,float64,50,0,"[""1.0"", ""2.0"", ""3.0"", ""4.0"", ""5.0""]",unknown,cycle_index,high,explicit cycle index/name
SNL NMC.zip,SNL NMC/SNL_18650_NMC_35C_0-100_0.5-1C_d_cycle_data.csv,SNL_18650_NMC_35C_0-100_0.5-1C_d_cycle_data.csv,schema_d2669a99bc63,Start_Time,start_time,2,str,50,0,"[""2018-02-27 13:12:09.248400"", ""2018-02-27 17:32:11.353780"", ""2018-02-27 21:55:25.100724"", ""2018-02-28 02:17:54.867192"", ""2018-02-28 08:55:25.826640""]",unknown,date_or_timestamp,high,explicit date/time column
SNL NMC.zip,SNL NMC/SNL_18650_NMC_35C_0-100_0.5-1C_d_cycle_data.csv,SNL_18650_NMC_35C_0-100_0.5-1C_d_cycle_data.csv,schema_d2669a99bc63,End_Time,end_time,3,str,50,0,"[""2018-02-27 17:32:11.343828"", ""2018-02-27 21:55:25.090572"", ""2018-02-28 02:17:54.860236"", ""2018-02-28 08:55:25.813204"", ""2018-02-28 12:09:16.736064""]",unknown,date_or_timestamp,high,explicit date/time column
SNL NMC.zip,SNL NMC/SNL_18650_NMC_35C_0-100_0.5-1C_d_cycle_data.csv,SNL_18650_NMC_35C_0-100_0.5-1C_d_cycle_data.csv,schema_d2669a99bc63,Test_Time (s),test_time_s,4,float64,50,0,"[""15612.095"", ""31405.842"", ""47155.612"", ""71006.565"", ""82637.488""]",s,elapsed_time,high,explicit elapsed/test time column
SNL NMC.zip,SNL NMC/SNL_18650_NMC_35C_0-100_0.5-1C_d_cycle_data.csv,SNL_18650_NMC_35C_0-100_0.5-1C_d_cycle_data.csv,schema_d2669a99bc63,Min_Current (A),min_current_a,5,float64,50,0,"[""-1.5"", ""-3.0""]",A,unknown,none,"observed electrical measurement, not a requested mapping target"
SNL NMC.zip,SNL NMC/SNL_18650_NMC_35C_0-100_0.5-1C_d_cycle_data.csv,SNL_18650_NMC_35C_0-100_0.5-1C_d_cycle_data.csv,schema_d2669a99bc63,Max_Current (A),max_current_a,6,float64,50,0,"[""1.5"", ""1.499"", ""9.999""]",A,unknown,none,"observed electrical measurement, not a requested mapping target"
SNL NMC.zip,SNL NMC/SNL_18650_NMC_35C_0-100_0.5-1C_d_cycle_data.csv,SNL_18650_NMC_35C_0-100_0.5-1C_d_cycle_data.csv,schema_d2669a99bc63,Min_Voltage (V),min_voltage_v,7,float64,50,0,"[""1.999"", ""1.998""]",V,unknown,none,"observed electrical measurement, not a requested mapping target"
SNL NMC.zip,SNL NMC/SNL_18650_NMC_35C_0-100_0.5-1C_d_cycle_data.csv,SNL_18650_NMC_35C_0-100_0.5-1C_d_cycle_data.csv,schema_d2669a99bc63,Max_Voltage (V),max_voltage_v,8,float64,50,0,"[""4.2"", ""4.282"", ""4.202""]",V,unknown,none,"observed electrical measurement, not a requested mapping target"
SNL NMC.zip,SNL NMC/SNL_18650_NMC_35C_0-100_0.5-1C_d_cycle_data.csv,SNL_18650_NMC_35C_0-100_0.5-1C_d_cycle_data.csv,schema_d2669a99bc63,Charge_Capacity (Ah),charge_capacity_ah,9,float64,50,0,"[""2.79"", ""2.901"", ""2.892"", ""5.75"", ""2.87""]",Ah,charge_capacity,high,explicit charge capacity column
SNL NMC.zip,SNL NMC/SNL_18650_NMC_35C_0-100_0.5-1C_d_cycle_data.csv,SNL_18650_NMC_35C_0-100_0.5-1C_d_cycle_data.csv,schema_d2669a99bc63,Discharge_Capacity (Ah),discharge_capacity_ah,10,float64,50,0,"[""2.899"", ""2.888"", ""2.879"", ""5.711"", ""2.859""]",Ah,discharge_capacity,high,explicit discharge capacity column
SNL NMC.zip,SNL NMC/SNL_18650_NMC_35C_0-100_0.5-1C_d_cycle_data.csv,SNL_18650_NMC_35C_0-100_0.5-1C_d_cycle_data.csv,schema_d2669a99bc63,Charge_Energy (Wh),charge_energy_wh,11,float64,50,0,"[""10.865"", ""11.221"", ""11.186"", ""22.247"", ""11.088""]",Wh,charge_energy,high,explicit charge energy column
SNL NMC.zip,SNL NMC/SNL_18650_NMC_35C_0-100_0.5-1C_d_cycle_data.csv,SNL_18650_NMC_35C_0-100_0.5-1C_d_cycle_data.csv,schema_d2669a99bc63,Discharge_Energy (Wh),discharge_energy_wh,12,float64,50,0,"[""10.159"", ""10.132"", ""10.115"", ""19.404"", ""9.755""]",Wh,discharge_energy,high,explicit discharge energy column
SNL NMC.zip,SNL NMC/SNL_18650_NMC_35C_0-100_0.5-2C_a_cycle_data.csv,SNL_18650_NMC_35C_0-100_0.5-2C_a_cycle_data.csv,schema_d2669a99bc63,Cycle_Index,cycle_index,1,float64,50,0,"[""1.0"", ""2.0"", ""3.0"", ""4.0"", ""5.0""]",unknown,cycle_index,high,explicit cycle index/name
SNL NMC.zip,SNL NMC/SNL_18650_NMC_35C_0-100_0.5-2C_a_cycle_data.csv,SNL_18650_NMC_35C_0-100_0.5-2C_a_cycle_data.csv,schema_d2669a99bc63,Start_Time,start_time,2,str,50,0,"[""2018-02-27 13:11:35.071900"", ""2018-02-27 17:37:06.372248"", ""2018-02-27 21:19:00.881172"", ""2018-02-28 01:48:31.494260"", ""2018-02-28 07:39:04.424088""]",unknown,date_or_timestamp,high,explicit date/time column
SNL NMC.zip,SNL NMC/SNL_18650_NMC_35C_0-100_0.5-2C_a_cycle_data.csv,SNL_18650_NMC_35C_0-100_0.5-2C_a_cycle_data.csv,schema_d2669a99bc63,End_Time,end_time,3,str,50,0,"[""2018-02-27 17:37:06.353352"", ""2018-02-27 21:19:00.863084"", ""2018-02-28 01:48:31.473316"", ""2018-02-28 07:39:04.402464"", ""2018-02-28 10:38:03.141340""]",unknown,date_or_timestamp,high,explicit date/time column
SNL NMC.zip,SNL NMC/SNL_18650_NMC_35C_0-100_0.5-2C_a_cycle_data.csv,SNL_18650_NMC_35C_0-100_0.5-2C_a_cycle_data.csv,schema_d2669a99bc63,Test_Time (s),test_time_s,4,float64,50,0,"[""15941.288"", ""29255.798"", ""45426.408"", ""66459.337"", ""77198.076""]",s,elapsed_time,high,explicit elapsed/test time column
SNL NMC.zip,SNL NMC/SNL_18650_NMC_35C_0-100_0.5-2C_a_cycle_data.csv,SNL_18650_NMC_35C_0-100_0.5-2C_a_cycle_data.csv,schema_d2669a99bc63,Min_Current (A),min_current_a,5,float64,50,0,"[""-1.5"", ""-6.0"", ""-5.999""]",A,unknown,none,"observed electrical measurement, not a requested mapping target"
SNL NMC.zip,SNL NMC/SNL_18650_NMC_35C_0-100_0.5-2C_a_cycle_data.csv,SNL_18650_NMC_35C_0-100_0.5-2C_a_cycle_data.csv,schema_d2669a99bc63,Max_Current (A),max_current_a,6,float64,50,0,"[""1.5"", ""1.582"", ""1.499""]",A,unknown,none,"observed electrical measurement, not a requested mapping target"
SNL NMC.zip,SNL NMC/SNL_18650_NMC_35C_0-100_0.5-2C_a_cycle_data.csv,SNL_18650_NMC_35C_0-100_0.5-2C_a_cycle_data.csv,schema_d2669a99bc63,Min_Voltage (V),min_voltage_v,7,float64,50,0,"[""1.999"", ""1.998"", ""1.997"", ""1.996""]",V,unknown,none,"observed electrical measurement, not a requested mapping target"
SNL NMC.zip,SNL NMC/SNL_18650_NMC_35C_0-100_0.5-2C_a_cycle_data.csv,SNL_18650_NMC_35C_0-100_0.5-2C_a_cycle_data.csv,schema_d2669a99bc63,Max_Voltage (V),max_voltage_v,8,float64,50,0,"[""4.2""]",V,unknown,none,"observed electrical measurement, not a requested mapping target"
SNL NMC.zip,SNL NMC/SNL_18650_NMC_35C_0-100_0.5-2C_a_cycle_data.csv,SNL_18650_NMC_35C_0-100_0.5-2C_a_cycle_data.csv,schema_d2669a99bc63,Charge_Capacity (Ah),charge_capacity_ah,9,float64,50,0,"[""2.856"", ""2.53"", ""2.965"", ""5.863"", ""2.906""]",Ah,charge_capacity,high,explicit charge capacity column
SNL NMC.zip,SNL NMC/SNL_18650_NMC_35C_0-100_0.5-2C_a_cycle_data.csv,SNL_18650_NMC_35C_0-100_0.5-2C_a_cycle_data.csv,schema_d2669a99bc63,Discharge_Capacity (Ah),discharge_capacity_ah,10,float64,50,0,"[""2.957"", ""2.516"", ""2.951"", ""5.8"", ""2.894""]",Ah,discharge_capacity,high,explicit discharge capacity column
SNL NMC.zip,SNL NMC/SNL_18650_NMC_35C_0-100_0.5-2C_a_cycle_data.csv,SNL_18650_NMC_35C_0-100_0.5-2C_a_cycle_data.csv,schema_d2669a99bc63,Charge_Energy (Wh),charge_energy_wh,11,float64,50,0,"[""11.086"", ""9.592"", ""11.411"", ""22.602"", ""11.189""]",Wh,charge_energy,high,explicit charge energy column
SNL NMC.zip,SNL NMC/SNL_18650_NMC_35C_0-100_0.5-2C_a_cycle_data.csv,SNL_18650_NMC_35C_0-100_0.5-2C_a_cycle_data.csv,schema_d2669a99bc63,Discharge_Energy (Wh),discharge_energy_wh,12,float64,50,0,"[""10.432"", ""8.74"", ""10.467"", ""18.801"", ""9.439""]",Wh,discharge_energy,high,explicit discharge energy column
SNL NMC.zip,SNL NMC/SNL_18650_NMC_35C_0-100_0.5-2C_b_cycle_data.csv,SNL_18650_NMC_35C_0-100_0.5-2C_b_cycle_data.csv,schema_d2669a99bc63,Cycle_Index,cycle_index,1,float64,50,0,"[""1.0"", ""2.0"", ""3.0"", ""4.0"", ""5.0""]",unknown,cycle_index,high,explicit cycle index/name
SNL NMC.zip,SNL NMC/SNL_18650_NMC_35C_0-100_0.5-2C_b_cycle_data.csv,SNL_18650_NMC_35C_0-100_0.5-2C_b_cycle_data.csv,schema_d2669a99bc63,Start_Time,start_time,2,str,50,0,"[""2018-02-27 13:11:46.352200"", ""2018-02-27 17:32:56.815276"", ""2018-02-27 21:57:28.411396"", ""2018-02-28 02:21:11.315592"", ""2018-02-28 08:04:44.469356""]",unknown,date_or_timestamp,high,explicit date/time column
SNL NMC.zip,SNL NMC/SNL_18650_NMC_35C_0-100_0.5-2C_b_cycle_data.csv,SNL_18650_NMC_35C_0-100_0.5-2C_b_cycle_data.csv,schema_d2669a99bc63,End_Time,end_time,3,str,50,0,"[""2018-02-27 17:32:56.797304"", ""2018-02-27 21:57:28.390556"", ""2018-02-28 02:21:11.293752"", ""2018-02-28 08:04:44.449656"", ""2018-02-28 11:00:54.853632""]",unknown,date_or_timestamp,high,explicit date/time column
SNL NMC.zip,SNL NMC/SNL_18650_NMC_35C_0-100_0.5-2C_b_cycle_data.csv,SNL_18650_NMC_35C_0-100_0.5-2C_b_cycle_data.csv,schema_d2669a99bc63,Test_Time (s),test_time_s,4,float64,50,0,"[""15680.446"", ""31552.039"", ""47374.942"", ""67988.098"", ""78558.502""]",s,elapsed_time,high,explicit elapsed/test time column
SNL NMC.zip,SNL NMC/SNL_18650_NMC_35C_0-100_0.5-2C_b_cycle_data.csv,SNL_18650_NMC_35C_0-100_0.5-2C_b_cycle_data.csv,schema_d2669a99bc63,Min_Current (A),min_current_a,5,float64,50,0,"[""-1.5"", ""-6.0"", ""-5.999""]",A,unknown,none,"observed electrical measurement, not a requested mapping target"
SNL NMC.zip,SNL NMC/SNL_18650_NMC_35C_0-100_0.5-2C_b_cycle_data.csv,SNL_18650_NMC_35C_0-100_0.5-2C_b_cycle_data.csv,schema_d2669a99bc63,Max_Current (A),max_current_a,6,float64,50,0,"[""1.5"", ""1.499""]",A,unknown,none,"observed electrical measurement, not a requested mapping target"
SNL NMC.zip,SNL NMC/SNL_18650_NMC_35C_0-100_0.5-2C_b_cycle_data.csv,SNL_18650_NMC_35C_0-100_0.5-2C_b_cycle_data.csv,schema_d2669a99bc63,Min_Voltage (V),min_voltage_v,7,float64,50,0,"[""1.999"", ""1.998"", ""1.997""]",V,unknown,none,"observed electrical measurement, not a requested mapping target"
SNL NMC.zip,SNL NMC/SNL_18650_NMC_35C_0-100_0.5-2C_b_cycle_data.csv,SNL_18650_NMC_35C_0-100_0.5-2C_b_cycle_data.csv,schema_d2669a99bc63,Max_Voltage (V),max_voltage_v,8,float64,50,0,"[""4.2"", ""4.22""]",V,unknown,none,"observed electrical measurement, not a requested mapping target"
SNL NMC.zip,SNL NMC/SNL_18650_NMC_35C_0-100_0.5-2C_b_cycle_data.csv,SNL_18650_NMC_35C_0-100_0.5-2C_b_cycle_data.csv,schema_d2669a99bc63,Charge_Capacity (Ah),charge_capacity_ah,9,float64,50,0,"[""2.803"", ""2.917"", ""2.907"", ""5.765"", ""2.869""]",Ah,charge_capacity,high,explicit charge capacity column
SNL NMC.zip,SNL NMC/SNL_18650_NMC_35C_0-100_0.5-2C_b_cycle_data.csv,SNL_18650_NMC_35C_0-100_0.5-2C_b_cycle_data.csv,schema_d2669a99bc63,Discharge_Capacity (Ah),discharge_capacity_ah,10,float64,50,0,"[""2.915"", ""2.904"", ""2.894"", ""5.686"", ""2.858""]",Ah,discharge_capacity,high,explicit discharge capacity column
SNL NMC.zip,SNL NMC/SNL_18650_NMC_35C_0-100_0.5-2C_b_cycle_data.csv,SNL_18650_NMC_35C_0-100_0.5-2C_b_cycle_data.csv,schema_d2669a99bc63,Charge_Energy (Wh),charge_energy_wh,11,float64,50,0,"[""10.908"", ""11.267"", ""11.228"", ""22.276"", ""11.064""]",Wh,charge_energy,high,explicit charge energy column
SNL NMC.zip,SNL NMC/SNL_18650_NMC_35C_0-100_0.5-2C_b_cycle_data.csv,SNL_18650_NMC_35C_0-100_0.5-2C_b_cycle_data.csv,schema_d2669a99bc63,Discharge_Energy (Wh),discharge_energy_wh,12,float64,50,0,"[""10.243"", ""10.214"", ""10.188"", ""18.22"", ""9.238""]",Wh,discharge_energy,high,explicit discharge energy column
UL-Purdue.zip,UL-Purdue/UL-PUR_CF10DPA_pouch_NCA_25C_0-100_1-1C_n_cycle_data.csv,UL-PUR_CF10DPA_pouch_NCA_25C_0-100_1-1C_n_cycle_data.csv,schema_63d0cb98b657,Cycle_Index,cycle_index,1,float64,50,0,"[""1.0"", ""2.0"", ""3.0"", ""4.0"", ""5.0""]",unknown,cycle_index,high,explicit cycle index/name
UL-Purdue.zip,UL-Purdue/UL-PUR_CF10DPA_pouch_NCA_25C_0-100_1-1C_n_cycle_data.csv,UL-PUR_CF10DPA_pouch_NCA_25C_0-100_1-1C_n_cycle_data.csv,schema_63d0cb98b657,Test_Time (s),test_time_s,2,float64,50,0,"[""10036.178"", ""22019.471"", ""34076.257"", ""46082.974"", ""58099.195""]",s,elapsed_time,high,explicit elapsed/test time column
UL-Purdue.zip,UL-Purdue/UL-PUR_CF10DPA_pouch_NCA_25C_0-100_1-1C_n_cycle_data.csv,UL-PUR_CF10DPA_pouch_NCA_25C_0-100_1-1C_n_cycle_data.csv,schema_63d0cb98b657,Min_Current (A),min_current_a,3,float64,50,0,"[""-3.299"", ""-3.3"", ""-3.61""]",A,unknown,none,"observed electrical measurement, not a requested mapping target"
UL-Purdue.zip,UL-Purdue/UL-PUR_CF10DPA_pouch_NCA_25C_0-100_1-1C_n_cycle_data.csv,UL-PUR_CF10DPA_pouch_NCA_25C_0-100_1-1C_n_cycle_data.csv,schema_63d0cb98b657,Max_Current (A),max_current_a,4,float64,50,0,"[""3.301""]",A,unknown,none,"observed electrical measurement, not a requested mapping target"
UL-Purdue.zip,UL-Purdue/UL-PUR_CF10DPA_pouch_NCA_25C_0-100_1-1C_n_cycle_data.csv,UL-PUR_CF10DPA_pouch_NCA_25C_0-100_1-1C_n_cycle_data.csv,schema_63d0cb98b657,Min_Voltage (V),min_voltage_v,5,float64,50,0,"[""2.7""]",V,unknown,none,"observed electrical measurement, not a requested mapping target"
UL-Purdue.zip,UL-Purdue/UL-PUR_CF10DPA_pouch_NCA_25C_0-100_1-1C_n_cycle_data.csv,UL-PUR_CF10DPA_pouch_NCA_25C_0-100_1-1C_n_cycle_data.csv,schema_63d0cb98b657,Max_Voltage (V),max_voltage_v,6,float64,50,0,"[""4.2""]",V,unknown,none,"observed electrical measurement, not a requested mapping target"
UL-Purdue.zip,UL-Purdue/UL-PUR_CF10DPA_pouch_NCA_25C_0-100_1-1C_n_cycle_data.csv,UL-PUR_CF10DPA_pouch_NCA_25C_0-100_1-1C_n_cycle_data.csv,schema_63d0cb98b657,Charge_Capacity (Ah),charge_capacity_ah,7,float64,50,0,"[""1.146"", ""3.206"", ""3.205"", ""3.208"", ""3.204""]",Ah,charge_capacity,high,explicit charge capacity column
UL-Purdue.zip,UL-Purdue/UL-PUR_CF10DPA_pouch_NCA_25C_0-100_1-1C_n_cycle_data.csv,UL-PUR_CF10DPA_pouch_NCA_25C_0-100_1-1C_n_cycle_data.csv,schema_63d0cb98b657,Discharge_Capacity (Ah),discharge_capacity_ah,8,float64,50,0,"[""3.207"", ""3.203"", ""3.205"", ""3.206"", ""3.202""]",Ah,discharge_capacity,high,explicit discharge capacity column
UL-Purdue.zip,UL-Purdue/UL-PUR_CF10DPA_pouch_NCA_25C_0-100_1-1C_n_cycle_data.csv,UL-PUR_CF10DPA_pouch_NCA_25C_0-100_1-1C_n_cycle_data.csv,schema_63d0cb98b657,Charge_Energy (Wh),charge_energy_wh,9,float64,50,0,"[""4.746"", ""12.734"", ""12.743"", ""12.738"", ""12.733""]",Wh,charge_energy,high,explicit charge energy column
UL-Purdue.zip,UL-Purdue/UL-PUR_CF10DPA_pouch_NCA_25C_0-100_1-1C_n_cycle_data.csv,UL-PUR_CF10DPA_pouch_NCA_25C_0-100_1-1C_n_cycle_data.csv,schema_63d0cb98b657,Discharge_Energy (Wh),discharge_energy_wh,10,float64,50,0,"[""11.521"", ""11.516"", ""11.553"", ""11.546"", ""11.535""]",Wh,discharge_energy,high,explicit discharge energy column
UL-Purdue.zip,UL-Purdue/UL-PUR_N10-EX9_18650_NCA_23C_0-100_0.5-0.5C_i_cycle_data.csv,UL-PUR_N10-EX9_18650_NCA_23C_0-100_0.5-0.5C_i_cycle_data.csv,schema_63d0cb98b657,Cycle_Index,cycle_index,1,float64,50,0,"[""1.0"", ""2.0"", ""3.0"", ""4.0"", ""5.0""]",unknown,cycle_index,high,explicit cycle index/name
UL-Purdue.zip,UL-Purdue/UL-PUR_N10-EX9_18650_NCA_23C_0-100_0.5-0.5C_i_cycle_data.csv,UL-PUR_N10-EX9_18650_NCA_23C_0-100_0.5-0.5C_i_cycle_data.csv,schema_63d0cb98b657,Test_Time (s),test_time_s,2,float64,50,0,"[""21868.26"", ""47957.669"", ""74106.761"", ""100058.89"", ""125953.074""]",s,elapsed_time,high,explicit elapsed/test time column
UL-Purdue.zip,UL-Purdue/UL-PUR_N10-EX9_18650_NCA_23C_0-100_0.5-0.5C_i_cycle_data.csv,UL-PUR_N10-EX9_18650_NCA_23C_0-100_0.5-0.5C_i_cycle_data.csv,schema_63d0cb98b657,Min_Current (A),min_current_a,3,float64,50,0,"[""-1.133"", ""-1.134"", ""-1.6""]",A,unknown,none,"observed electrical measurement, not a requested mapping target"
UL-Purdue.zip,UL-Purdue/UL-PUR_N10-EX9_18650_NCA_23C_0-100_0.5-0.5C_i_cycle_data.csv,UL-PUR_N10-EX9_18650_NCA_23C_0-100_0.5-0.5C_i_cycle_data.csv,schema_63d0cb98b657,Max_Current (A),max_current_a,4,float64,50,0,"[""1.133"", ""1.134"", ""1.6""]",A,unknown,none,"observed electrical measurement, not a requested mapping target"
UL-Purdue.zip,UL-Purdue/UL-PUR_N10-EX9_18650_NCA_23C_0-100_0.5-0.5C_i_cycle_data.csv,UL-PUR_N10-EX9_18650_NCA_23C_0-100_0.5-0.5C_i_cycle_data.csv,schema_63d0cb98b657,Min_Voltage (V),min_voltage_v,5,float64,50,0,"[""2.7""]",V,unknown,none,"observed electrical measurement, not a requested mapping target"
UL-Purdue.zip,UL-Purdue/UL-PUR_N10-EX9_18650_NCA_23C_0-100_0.5-0.5C_i_cycle_data.csv,UL-PUR_N10-EX9_18650_NCA_23C_0-100_0.5-0.5C_i_cycle_data.csv,schema_63d0cb98b657,Max_Voltage (V),max_voltage_v,6,float64,50,0,"[""4.201"", ""4.2""]",V,unknown,none,"observed electrical measurement, not a requested mapping target"
UL-Purdue.zip,UL-Purdue/UL-PUR_N10-EX9_18650_NCA_23C_0-100_0.5-0.5C_i_cycle_data.csv,UL-PUR_N10-EX9_18650_NCA_23C_0-100_0.5-0.5C_i_cycle_data.csv,schema_63d0cb98b657,Charge_Capacity (Ah),charge_capacity_ah,7,float64,50,0,"[""2.038"", ""3.311"", ""3.309"", ""3.308"", ""3.31""]",Ah,charge_capacity,high,explicit charge capacity column
UL-Purdue.zip,UL-Purdue/UL-PUR_N10-EX9_18650_NCA_23C_0-100_0.5-0.5C_i_cycle_data.csv,UL-PUR_N10-EX9_18650_NCA_23C_0-100_0.5-0.5C_i_cycle_data.csv,schema_63d0cb98b657,Discharge_Capacity (Ah),discharge_capacity_ah,8,float64,50,0,"[""3.306"", ""3.305"", ""3.302"", ""3.304"", ""3.301""]",Ah,discharge_capacity,high,explicit discharge capacity column
UL-Purdue.zip,UL-Purdue/UL-PUR_N10-EX9_18650_NCA_23C_0-100_0.5-0.5C_i_cycle_data.csv,UL-PUR_N10-EX9_18650_NCA_23C_0-100_0.5-0.5C_i_cycle_data.csv,schema_63d0cb98b657,Charge_Energy (Wh),charge_energy_wh,9,float64,50,0,"[""8.107"", ""12.665"", ""12.66"", ""12.657"", ""12.654""]",Wh,charge_energy,high,explicit charge energy column
UL-Purdue.zip,UL-Purdue/UL-PUR_N10-EX9_18650_NCA_23C_0-100_0.5-0.5C_i_cycle_data.csv,UL-PUR_N10-EX9_18650_NCA_23C_0-100_0.5-0.5C_i_cycle_data.csv,schema_63d0cb98b657,Discharge_Energy (Wh),discharge_energy_wh,10,float64,50,0,"[""11.678"", ""11.673"", ""11.651"", ""11.664"", ""11.674""]",Wh,discharge_energy,high,explicit discharge energy column
UL-Purdue.zip,UL-Purdue/UL-PUR_N10-NA7_18650_NCA_23C_0-100_0.5-0.5C_g_cycle_data.csv,UL-PUR_N10-NA7_18650_NCA_23C_0-100_0.5-0.5C_g_cycle_data.csv,schema_63d0cb98b657,Cycle_Index,cycle_index,1,float64,50,0,"[""1.0"", ""2.0"", ""3.0"", ""4.0"", ""5.0""]",unknown,cycle_index,high,explicit cycle index/name
UL-Purdue.zip,UL-Purdue/UL-PUR_N10-NA7_18650_NCA_23C_0-100_0.5-0.5C_g_cycle_data.csv,UL-PUR_N10-NA7_18650_NCA_23C_0-100_0.5-0.5C_g_cycle_data.csv,schema_63d0cb98b657,Test_Time (s),test_time_s,2,float64,50,0,"[""14451.102"", ""32722.239"", ""50989.115"", ""69316.824"", ""87554.373""]",s,elapsed_time,high,explicit elapsed/test time column
UL-Purdue.zip,UL-Purdue/UL-PUR_N10-NA7_18650_NCA_23C_0-100_0.5-0.5C_g_cycle_data.csv,UL-PUR_N10-NA7_18650_NCA_23C_0-100_0.5-0.5C_g_cycle_data.csv,schema_63d0cb98b657,Min_Current (A),min_current_a,3,float64,50,0,"[""-1.6""]",A,unknown,none,"observed electrical measurement, not a requested mapping target"
UL-Purdue.zip,UL-Purdue/UL-PUR_N10-NA7_18650_NCA_23C_0-100_0.5-0.5C_g_cycle_data.csv,UL-PUR_N10-NA7_18650_NCA_23C_0-100_0.5-0.5C_g_cycle_data.csv,schema_63d0cb98b657,Max_Current (A),max_current_a,4,float64,50,0,"[""1.6""]",A,unknown,none,"observed electrical measurement, not a requested mapping target"
UL-Purdue.zip,UL-Purdue/UL-PUR_N10-NA7_18650_NCA_23C_0-100_0.5-0.5C_g_cycle_data.csv,UL-PUR_N10-NA7_18650_NCA_23C_0-100_0.5-0.5C_g_cycle_data.csv,schema_63d0cb98b657,Min_Voltage (V),min_voltage_v,5,float64,50,0,"[""2.7""]",V,unknown,none,"observed electrical measurement, not a requested mapping target"
UL-Purdue.zip,UL-Purdue/UL-PUR_N10-NA7_18650_NCA_23C_0-100_0.5-0.5C_g_cycle_data.csv,UL-PUR_N10-NA7_18650_NCA_23C_0-100_0.5-0.5C_g_cycle_data.csv,schema_63d0cb98b657,Max_Voltage (V),max_voltage_v,6,float64,50,0,"[""4.2""]",V,unknown,none,"observed electrical measurement, not a requested mapping target"
UL-Purdue.zip,UL-Purdue/UL-PUR_N10-NA7_18650_NCA_23C_0-100_0.5-0.5C_g_cycle_data.csv,UL-PUR_N10-NA7_18650_NCA_23C_0-100_0.5-0.5C_g_cycle_data.csv,schema_63d0cb98b657,Charge_Capacity (Ah),charge_capacity_ah,7,float64,50,0,"[""1.393"", ""3.033"", ""3.025"", ""3.018"", ""3.024""]",Ah,charge_capacity,high,explicit charge capacity column
UL-Purdue.zip,UL-Purdue/UL-PUR_N10-NA7_18650_NCA_23C_0-100_0.5-0.5C_g_cycle_data.csv,UL-PUR_N10-NA7_18650_NCA_23C_0-100_0.5-0.5C_g_cycle_data.csv,schema_63d0cb98b657,Discharge_Capacity (Ah),discharge_capacity_ah,8,float64,50,0,"[""3.032"", ""3.023"", ""3.017"", ""3.022"", ""3.027""]",Ah,discharge_capacity,high,explicit discharge capacity column
UL-Purdue.zip,UL-Purdue/UL-PUR_N10-NA7_18650_NCA_23C_0-100_0.5-0.5C_g_cycle_data.csv,UL-PUR_N10-NA7_18650_NCA_23C_0-100_0.5-0.5C_g_cycle_data.csv,schema_63d0cb98b657,Charge_Energy (Wh),charge_energy_wh,9,float64,50,0,"[""5.681"", ""11.813"", ""11.786"", ""11.764"", ""11.78""]",Wh,charge_energy,high,explicit charge energy column
UL-Purdue.zip,UL-Purdue/UL-PUR_N10-NA7_18650_NCA_23C_0-100_0.5-0.5C_g_cycle_data.csv,UL-PUR_N10-NA7_18650_NCA_23C_0-100_0.5-0.5C_g_cycle_data.csv,schema_63d0cb98b657,Discharge_Energy (Wh),discharge_energy_wh,10,float64,50,0,"[""10.691"", ""10.655"", ""10.626"", ""10.651"", ""10.667""]",Wh,discharge_energy,high,explicit discharge energy column
UL-Purdue.zip,UL-Purdue/UL-PUR_N10-OV8_18650_NCA_23C_0-100_0.5-0.5C_h_cycle_data.csv,UL-PUR_N10-OV8_18650_NCA_23C_0-100_0.5-0.5C_h_cycle_data.csv,schema_63d0cb98b657,Cycle_Index,cycle_index,1,float64,50,0,"[""1.0"", ""2.0"", ""3.0"", ""4.0"", ""5.0""]",unknown,cycle_index,high,explicit cycle index/name
UL-Purdue.zip,UL-Purdue/UL-PUR_N10-OV8_18650_NCA_23C_0-100_0.5-0.5C_h_cycle_data.csv,UL-PUR_N10-OV8_18650_NCA_23C_0-100_0.5-0.5C_h_cycle_data.csv,schema_63d0cb98b657,Test_Time (s),test_time_s,2,float64,50,0,"[""18030.038"", ""43874.767"", ""69910.75"", ""95895.624"", ""121808.572""]",s,elapsed_time,high,explicit elapsed/test time column
UL-Purdue.zip,UL-Purdue/UL-PUR_N10-OV8_18650_NCA_23C_0-100_0.5-0.5C_h_cycle_data.csv,UL-PUR_N10-OV8_18650_NCA_23C_0-100_0.5-0.5C_h_cycle_data.csv,schema_63d0cb98b657,Min_Current (A),min_current_a,3,float64,50,0,"[""-1.133"", ""-1.6""]",A,unknown,none,"observed electrical measurement, not a requested mapping target"
UL-Purdue.zip,UL-Purdue/UL-PUR_N10-OV8_18650_NCA_23C_0-100_0.5-0.5C_h_cycle_data.csv,UL-PUR_N10-OV8_18650_NCA_23C_0-100_0.5-0.5C_h_cycle_data.csv,schema_63d0cb98b657,Max_Current (A),max_current_a,4,float64,50,0,"[""1.134"", ""1.135"", ""1.601""]",A,unknown,none,"observed electrical measurement, not a requested mapping target"
UL-Purdue.zip,UL-Purdue/UL-PUR_N10-OV8_18650_NCA_23C_0-100_0.5-0.5C_h_cycle_data.csv,UL-PUR_N10-OV8_18650_NCA_23C_0-100_0.5-0.5C_h_cycle_data.csv,schema_63d0cb98b657,Min_Voltage (V),min_voltage_v,5,float64,50,0,"[""2.7""]",V,unknown,none,"observed electrical measurement, not a requested mapping target"
UL-Purdue.zip,UL-Purdue/UL-PUR_N10-OV8_18650_NCA_23C_0-100_0.5-0.5C_h_cycle_data.csv,UL-PUR_N10-OV8_18650_NCA_23C_0-100_0.5-0.5C_h_cycle_data.csv,schema_63d0cb98b657,Max_Voltage (V),max_voltage_v,6,float64,50,0,"[""4.2"", ""4.201""]",V,unknown,none,"observed electrical measurement, not a requested mapping target"
UL-Purdue.zip,UL-Purdue/UL-PUR_N10-OV8_18650_NCA_23C_0-100_0.5-0.5C_h_cycle_data.csv,UL-PUR_N10-OV8_18650_NCA_23C_0-100_0.5-0.5C_h_cycle_data.csv,schema_63d0cb98b657,Charge_Capacity (Ah),charge_capacity_ah,7,float64,50,0,"[""0.819"", ""3.308"", ""3.307"", ""3.306"", ""2.928""]",Ah,charge_capacity,high,explicit charge capacity column
UL-Purdue.zip,UL-Purdue/UL-PUR_N10-OV8_18650_NCA_23C_0-100_0.5-0.5C_h_cycle_data.csv,UL-PUR_N10-OV8_18650_NCA_23C_0-100_0.5-0.5C_h_cycle_data.csv,schema_63d0cb98b657,Discharge_Capacity (Ah),discharge_capacity_ah,8,float64,50,0,"[""3.302"", ""3.301"", ""3.299"", ""3.3"", ""2.925""]",Ah,discharge_capacity,high,explicit discharge capacity column
UL-Purdue.zip,UL-Purdue/UL-PUR_N10-OV8_18650_NCA_23C_0-100_0.5-0.5C_h_cycle_data.csv,UL-PUR_N10-OV8_18650_NCA_23C_0-100_0.5-0.5C_h_cycle_data.csv,schema_63d0cb98b657,Charge_Energy (Wh),charge_energy_wh,9,float64,50,0,"[""3.389"", ""12.659"", ""12.655"", ""12.657"", ""12.652""]",Wh,charge_energy,high,explicit charge energy column
UL-Purdue.zip,UL-Purdue/UL-PUR_N10-OV8_18650_NCA_23C_0-100_0.5-0.5C_h_cycle_data.csv,UL-PUR_N10-OV8_18650_NCA_23C_0-100_0.5-0.5C_h_cycle_data.csv,schema_63d0cb98b657,Discharge_Energy (Wh),discharge_energy_wh,10,float64,50,0,"[""11.674"", ""11.669"", ""11.652"", ""11.659"", ""11.662""]",Wh,discharge_energy,high,explicit discharge energy column
UL-Purdue.zip,UL-Purdue/UL-PUR_N15-EX4_18650_NCA_23C_0-100_0.5-0.5C_d_cycle_data.csv,UL-PUR_N15-EX4_18650_NCA_23C_0-100_0.5-0.5C_d_cycle_data.csv,schema_63d0cb98b657,Cycle_Index,cycle_index,1,float64,50,0,"[""1.0"", ""2.0"", ""3.0"", ""4.0"", ""5.0""]",unknown,cycle_index,high,explicit cycle index/name
UL-Purdue.zip,UL-Purdue/UL-PUR_N15-EX4_18650_NCA_23C_0-100_0.5-0.5C_d_cycle_data.csv,UL-PUR_N15-EX4_18650_NCA_23C_0-100_0.5-0.5C_d_cycle_data.csv,schema_63d0cb98b657,Test_Time (s),test_time_s,2,float64,50,0,"[""9382.878"", ""28498.062"", ""47635.876"", ""66809.458"", ""86009.452""]",s,elapsed_time,high,explicit elapsed/test time column
UL-Purdue.zip,UL-Purdue/UL-PUR_N15-EX4_18650_NCA_23C_0-100_0.5-0.5C_d_cycle_data.csv,UL-PUR_N15-EX4_18650_NCA_23C_0-100_0.5-0.5C_d_cycle_data.csv,schema_63d0cb98b657,Min_Current (A),min_current_a,3,float64,50,0,"[""-1.6""]",A,unknown,none,"observed electrical measurement, not a requested mapping target"
UL-Purdue.zip,UL-Purdue/UL-PUR_N15-EX4_18650_NCA_23C_0-100_0.5-0.5C_d_cycle_data.csv,UL-PUR_N15-EX4_18650_NCA_23C_0-100_0.5-0.5C_d_cycle_data.csv,schema_63d0cb98b657,Max_Current (A),max_current_a,4,float64,50,0,"[""1.6"", ""1.601""]",A,unknown,none,"observed electrical measurement, not a requested mapping target"
UL-Purdue.zip,UL-Purdue/UL-PUR_N15-EX4_18650_NCA_23C_0-100_0.5-0.5C_d_cycle_data.csv,UL-PUR_N15-EX4_18650_NCA_23C_0-100_0.5-0.5C_d_cycle_data.csv,schema_63d0cb98b657,Min_Voltage (V),min_voltage_v,5,float64,50,0,"[""2.7""]",V,unknown,none,"observed electrical measurement, not a requested mapping target"
UL-Purdue.zip,UL-Purdue/UL-PUR_N15-EX4_18650_NCA_23C_0-100_0.5-0.5C_d_cycle_data.csv,UL-PUR_N15-EX4_18650_NCA_23C_0-100_0.5-0.5C_d_cycle_data.csv,schema_63d0cb98b657,Max_Voltage (V),max_voltage_v,6,float64,50,0,"[""4.261"", ""4.2""]",V,unknown,none,"observed electrical measurement, not a requested mapping target"
UL-Purdue.zip,UL-Purdue/UL-PUR_N15-EX4_18650_NCA_23C_0-100_0.5-0.5C_d_cycle_data.csv,UL-PUR_N15-EX4_18650_NCA_23C_0-100_0.5-0.5C_d_cycle_data.csv,schema_63d0cb98b657,Charge_Capacity (Ah),charge_capacity_ah,7,float64,50,0,"[""0.052"", ""3.327"", ""3.313"", ""3.309"", ""3.31""]",Ah,charge_capacity,high,explicit charge capacity column
UL-Purdue.zip,UL-Purdue/UL-PUR_N15-EX4_18650_NCA_23C_0-100_0.5-0.5C_d_cycle_data.csv,UL-PUR_N15-EX4_18650_NCA_23C_0-100_0.5-0.5C_d_cycle_data.csv,schema_63d0cb98b657,Discharge_Capacity (Ah),discharge_capacity_ah,8,float64,50,0,"[""3.335"", ""3.307"", ""3.303"", ""3.304"", ""3.305""]",Ah,discharge_capacity,high,explicit discharge capacity column
UL-Purdue.zip,UL-Purdue/UL-PUR_N15-EX4_18650_NCA_23C_0-100_0.5-0.5C_d_cycle_data.csv,UL-PUR_N15-EX4_18650_NCA_23C_0-100_0.5-0.5C_d_cycle_data.csv,schema_63d0cb98b657,Charge_Energy (Wh),charge_energy_wh,9,float64,50,0,"[""0.191"", ""12.834"", ""12.768"", ""12.751"", ""12.756""]",Wh,charge_energy,high,explicit charge energy column
UL-Purdue.zip,UL-Purdue/UL-PUR_N15-EX4_18650_NCA_23C_0-100_0.5-0.5C_d_cycle_data.csv,UL-PUR_N15-EX4_18650_NCA_23C_0-100_0.5-0.5C_d_cycle_data.csv,schema_63d0cb98b657,Discharge_Energy (Wh),discharge_energy_wh,10,float64,50,0,"[""11.734"", ""11.645"", ""11.629"", ""11.626"", ""11.628""]",Wh,discharge_energy,high,explicit discharge energy column
UL-Purdue.zip,UL-Purdue/UL-PUR_N15-NA10_18650_NCA_23C_0-100_0.5-0.5C_j_cycle_data.csv,UL-PUR_N15-NA10_18650_NCA_23C_0-100_0.5-0.5C_j_cycle_data.csv,schema_63d0cb98b657,Cycle_Index,cycle_index,1,float64,50,0,"[""1.0"", ""2.0"", ""3.0"", ""4.0"", ""5.0""]",unknown,cycle_index,high,explicit cycle index/name
UL-Purdue.zip,UL-Purdue/UL-PUR_N15-NA10_18650_NCA_23C_0-100_0.5-0.5C_j_cycle_data.csv,UL-PUR_N15-NA10_18650_NCA_23C_0-100_0.5-0.5C_j_cycle_data.csv,schema_63d0cb98b657,Test_Time (s),test_time_s,2,float64,50,0,"[""15382.818"", ""33593.707"", ""51605.512"", ""69494.812"", ""87259.882""]",s,elapsed_time,high,explicit elapsed/test time column
UL-Purdue.zip,UL-Purdue/UL-PUR_N15-NA10_18650_NCA_23C_0-100_0.5-0.5C_j_cycle_data.csv,UL-PUR_N15-NA10_18650_NCA_23C_0-100_0.5-0.5C_j_cycle_data.csv,schema_63d0cb98b657,Min_Current (A),min_current_a,3,float64,50,0,"[""-1.6"", ""-2.209"", ""-1.601"", ""-4.746"", ""-2.345""]",A,unknown,none,"observed electrical measurement, not a requested mapping target"
UL-Purdue.zip,UL-Purdue/UL-PUR_N15-NA10_18650_NCA_23C_0-100_0.5-0.5C_j_cycle_data.csv,UL-PUR_N15-NA10_18650_NCA_23C_0-100_0.5-0.5C_j_cycle_data.csv,schema_63d0cb98b657,Max_Current (A),max_current_a,4,float64,50,0,"[""1.6""]",A,unknown,none,"observed electrical measurement, not a requested mapping target"
UL-Purdue.zip,UL-Purdue/UL-PUR_N15-NA10_18650_NCA_23C_0-100_0.5-0.5C_j_cycle_data.csv,UL-PUR_N15-NA10_18650_NCA_23C_0-100_0.5-0.5C_j_cycle_data.csv,schema_63d0cb98b657,Min_Voltage (V),min_voltage_v,5,float64,50,0,"[""2.7"", ""2.698"", ""2.666"", ""2.696"", ""2.551""]",V,unknown,none,"observed electrical measurement, not a requested mapping target"
UL-Purdue.zip,UL-Purdue/UL-PUR_N15-NA10_18650_NCA_23C_0-100_0.5-0.5C_j_cycle_data.csv,UL-PUR_N15-NA10_18650_NCA_23C_0-100_0.5-0.5C_j_cycle_data.csv,schema_63d0cb98b657,Max_Voltage (V),max_voltage_v,6,float64,50,0,"[""4.2"", ""4.208""]",V,unknown,none,"observed electrical measurement, not a requested mapping target"
UL-Purdue.zip,UL-Purdue/UL-PUR_N15-NA10_18650_NCA_23C_0-100_0.5-0.5C_j_cycle_data.csv,UL-PUR_N15-NA10_18650_NCA_23C_0-100_0.5-0.5C_j_cycle_data.csv,schema_63d0cb98b657,Charge_Capacity (Ah),charge_capacity_ah,7,float64,50,0,"[""1.888"", ""3.231"", ""3.209"", ""3.187"", ""3.176""]",Ah,charge_capacity,high,explicit charge capacity column
UL-Purdue.zip,UL-Purdue/UL-PUR_N15-NA10_18650_NCA_23C_0-100_0.5-0.5C_j_cycle_data.csv,UL-PUR_N15-NA10_18650_NCA_23C_0-100_0.5-0.5C_j_cycle_data.csv,schema_63d0cb98b657,Discharge_Capacity (Ah),discharge_capacity_ah,8,float64,50,0,"[""3.229"", ""3.204"", ""3.183"", ""3.172"", ""3.163""]",Ah,discharge_capacity,high,explicit discharge capacity column
UL-Purdue.zip,UL-Purdue/UL-PUR_N15-NA10_18650_NCA_23C_0-100_0.5-0.5C_j_cycle_data.csv,UL-PUR_N15-NA10_18650_NCA_23C_0-100_0.5-0.5C_j_cycle_data.csv,schema_63d0cb98b657,Charge_Energy (Wh),charge_energy_wh,9,float64,50,0,"[""7.605"", ""12.491"", ""12.405"", ""12.322"", ""12.278""]",Wh,charge_energy,high,explicit charge energy column
UL-Purdue.zip,UL-Purdue/UL-PUR_N15-NA10_18650_NCA_23C_0-100_0.5-0.5C_j_cycle_data.csv,UL-PUR_N15-NA10_18650_NCA_23C_0-100_0.5-0.5C_j_cycle_data.csv,schema_63d0cb98b657,Discharge_Energy (Wh),discharge_energy_wh,10,float64,50,0,"[""11.456"", ""11.378"", ""11.309"", ""11.272"", ""11.237""]",Wh,discharge_energy,high,explicit discharge energy column
UL-Purdue.zip,UL-Purdue/UL-PUR_N15-OV3_18650_NCA_23C_0-100_0.5-0.5C_c_cycle_data.csv,UL-PUR_N15-OV3_18650_NCA_23C_0-100_0.5-0.5C_c_cycle_data.csv,schema_63d0cb98b657,Cycle_Index,cycle_index,1,float64,50,0,"[""1.0"", ""2.0"", ""3.0"", ""4.0"", ""5.0""]",unknown,cycle_index,high,explicit cycle index/name
UL-Purdue.zip,UL-Purdue/UL-PUR_N15-OV3_18650_NCA_23C_0-100_0.5-0.5C_c_cycle_data.csv,UL-PUR_N15-OV3_18650_NCA_23C_0-100_0.5-0.5C_c_cycle_data.csv,schema_63d0cb98b657,Test_Time (s),test_time_s,2,float64,50,0,"[""9486.796"", ""28658.603"", ""42708.815"", ""61861.124"", ""81036.039""]",s,elapsed_time,high,explicit elapsed/test time column
UL-Purdue.zip,UL-Purdue/UL-PUR_N15-OV3_18650_NCA_23C_0-100_0.5-0.5C_c_cycle_data.csv,UL-PUR_N15-OV3_18650_NCA_23C_0-100_0.5-0.5C_c_cycle_data.csv,schema_63d0cb98b657,Min_Current (A),min_current_a,3,float64,50,0,"[""-1.6"", ""-1.601""]",A,unknown,none,"observed electrical measurement, not a requested mapping target"
UL-Purdue.zip,UL-Purdue/UL-PUR_N15-OV3_18650_NCA_23C_0-100_0.5-0.5C_c_cycle_data.csv,UL-PUR_N15-OV3_18650_NCA_23C_0-100_0.5-0.5C_c_cycle_data.csv,schema_63d0cb98b657,Max_Current (A),max_current_a,4,float64,50,0,"[""1.599"", ""1.6"", ""1.623""]",A,unknown,none,"observed electrical measurement, not a requested mapping target"
UL-Purdue.zip,UL-Purdue/UL-PUR_N15-OV3_18650_NCA_23C_0-100_0.5-0.5C_c_cycle_data.csv,UL-PUR_N15-OV3_18650_NCA_23C_0-100_0.5-0.5C_c_cycle_data.csv,schema_63d0cb98b657,Min_Voltage (V),min_voltage_v,5,float64,50,0,"[""2.7""]",V,unknown,none,"observed electrical measurement, not a requested mapping target"
UL-Purdue.zip,UL-Purdue/UL-PUR_N15-OV3_18650_NCA_23C_0-100_0.5-0.5C_c_cycle_data.csv,UL-PUR_N15-OV3_18650_NCA_23C_0-100_0.5-0.5C_c_cycle_data.csv,schema_63d0cb98b657,Max_Voltage (V),max_voltage_v,6,float64,50,0,"[""4.254"", ""4.2"", ""4.201""]",V,unknown,none,"observed electrical measurement, not a requested mapping target"
UL-Purdue.zip,UL-Purdue/UL-PUR_N15-OV3_18650_NCA_23C_0-100_0.5-0.5C_c_cycle_data.csv,UL-PUR_N15-OV3_18650_NCA_23C_0-100_0.5-0.5C_c_cycle_data.csv,schema_63d0cb98b657,Charge_Capacity (Ah),charge_capacity_ah,7,float64,50,0,"[""0.05"", ""3.297"", ""2.816"", ""3.288"", ""3.289""]",Ah,charge_capacity,high,explicit charge capacity column
UL-Purdue.zip,UL-Purdue/UL-PUR_N15-OV3_18650_NCA_23C_0-100_0.5-0.5C_c_cycle_data.csv,UL-PUR_N15-OV3_18650_NCA_23C_0-100_0.5-0.5C_c_cycle_data.csv,schema_63d0cb98b657,Discharge_Capacity (Ah),discharge_capacity_ah,8,float64,50,0,"[""3.313"", ""3.29"", ""2.814"", ""3.287"", ""3.282""]",Ah,discharge_capacity,high,explicit discharge capacity column
UL-Purdue.zip,UL-Purdue/UL-PUR_N15-OV3_18650_NCA_23C_0-100_0.5-0.5C_c_cycle_data.csv,UL-PUR_N15-OV3_18650_NCA_23C_0-100_0.5-0.5C_c_cycle_data.csv,schema_63d0cb98b657,Charge_Energy (Wh),charge_energy_wh,9,float64,50,0,"[""0.206"", ""12.711"", ""10.689"", ""12.682"", ""12.679""]",Wh,charge_energy,high,explicit charge energy column
UL-Purdue.zip,UL-Purdue/UL-PUR_N15-OV3_18650_NCA_23C_0-100_0.5-0.5C_c_cycle_data.csv,UL-PUR_N15-OV3_18650_NCA_23C_0-100_0.5-0.5C_c_cycle_data.csv,schema_63d0cb98b657,Discharge_Energy (Wh),discharge_energy_wh,10,float64,50,0,"[""11.659"", ""11.588"", ""9.733"", ""11.575"", ""11.552""]",Wh,discharge_energy,high,explicit discharge energy column
UL-Purdue.zip,UL-Purdue/UL-PUR_N20-EX2_18650_NCA_23C_0-100_0.5-0.5C_b_cycle_data.csv,UL-PUR_N20-EX2_18650_NCA_23C_0-100_0.5-0.5C_b_cycle_data.csv,schema_63d0cb98b657,Cycle_Index,cycle_index,1,float64,50,0,"[""1.0"", ""2.0"", ""3.0"", ""4.0"", ""5.0""]",unknown,cycle_index,high,explicit cycle index/name
UL-Purdue.zip,UL-Purdue/UL-PUR_N20-EX2_18650_NCA_23C_0-100_0.5-0.5C_b_cycle_data.csv,UL-PUR_N20-EX2_18650_NCA_23C_0-100_0.5-0.5C_b_cycle_data.csv,schema_63d0cb98b657,Test_Time (s),test_time_s,2,float64,50,0,"[""19702.687"", ""42676.113"", ""65714.591"", ""88778.496"", ""111686.961""]",s,elapsed_time,high,explicit elapsed/test time column
UL-Purdue.zip,UL-Purdue/UL-PUR_N20-EX2_18650_NCA_23C_0-100_0.5-0.5C_b_cycle_data.csv,UL-PUR_N20-EX2_18650_NCA_23C_0-100_0.5-0.5C_b_cycle_data.csv,schema_63d0cb98b657,Min_Current (A),min_current_a,3,float64,50,0,"[""-1.603"", ""-1.604""]",A,unknown,none,"observed electrical measurement, not a requested mapping target"
UL-Purdue.zip,UL-Purdue/UL-PUR_N20-EX2_18650_NCA_23C_0-100_0.5-0.5C_b_cycle_data.csv,UL-PUR_N20-EX2_18650_NCA_23C_0-100_0.5-0.5C_b_cycle_data.csv,schema_63d0cb98b657,Max_Current (A),max_current_a,4,float64,50,0,"[""1.597"", ""1.598""]",A,unknown,none,"observed electrical measurement, not a requested mapping target"
UL-Purdue.zip,UL-Purdue/UL-PUR_N20-EX2_18650_NCA_23C_0-100_0.5-0.5C_b_cycle_data.csv,UL-PUR_N20-EX2_18650_NCA_23C_0-100_0.5-0.5C_b_cycle_data.csv,schema_63d0cb98b657,Min_Voltage (V),min_voltage_v,5,float64,50,0,"[""2.697""]",V,unknown,none,"observed electrical measurement, not a requested mapping target"
UL-Purdue.zip,UL-Purdue/UL-PUR_N20-EX2_18650_NCA_23C_0-100_0.5-0.5C_b_cycle_data.csv,UL-PUR_N20-EX2_18650_NCA_23C_0-100_0.5-0.5C_b_cycle_data.csv,schema_63d0cb98b657,Max_Voltage (V),max_voltage_v,6,float64,50,0,"[""4.2""]",V,unknown,none,"observed electrical measurement, not a requested mapping target"
UL-Purdue.zip,UL-Purdue/UL-PUR_N20-EX2_18650_NCA_23C_0-100_0.5-0.5C_b_cycle_data.csv,UL-PUR_N20-EX2_18650_NCA_23C_0-100_0.5-0.5C_b_cycle_data.csv,schema_63d0cb98b657,Charge_Capacity (Ah),charge_capacity_ah,7,float64,50,0,"[""1.907"", ""3.403"", ""3.394"", ""3.386"", ""3.388""]",Ah,charge_capacity,high,explicit charge capacity column
UL-Purdue.zip,UL-Purdue/UL-PUR_N20-EX2_18650_NCA_23C_0-100_0.5-0.5C_b_cycle_data.csv,UL-PUR_N20-EX2_18650_NCA_23C_0-100_0.5-0.5C_b_cycle_data.csv,schema_63d0cb98b657,Discharge_Capacity (Ah),discharge_capacity_ah,8,float64,50,0,"[""3.362"", ""3.355"", ""3.347"", ""3.349"", ""3.345""]",Ah,discharge_capacity,high,explicit discharge capacity column
UL-Purdue.zip,UL-Purdue/UL-PUR_N20-EX2_18650_NCA_23C_0-100_0.5-0.5C_b_cycle_data.csv,UL-PUR_N20-EX2_18650_NCA_23C_0-100_0.5-0.5C_b_cycle_data.csv,schema_63d0cb98b657,Charge_Energy (Wh),charge_energy_wh,9,float64,50,0,"[""7.693"", ""13.146"", ""13.102"", ""13.085"", ""13.083""]",Wh,charge_energy,high,explicit charge energy column
UL-Purdue.zip,UL-Purdue/UL-PUR_N20-EX2_18650_NCA_23C_0-100_0.5-0.5C_b_cycle_data.csv,UL-PUR_N20-EX2_18650_NCA_23C_0-100_0.5-0.5C_b_cycle_data.csv,schema_63d0cb98b657,Discharge_Energy (Wh),discharge_energy_wh,10,float64,50,0,"[""11.767"", ""11.746"", ""11.702"", ""11.711"", ""11.714""]",Wh,discharge_energy,high,explicit discharge energy column
UL-Purdue.zip,UL-Purdue/UL-PUR_N20-NA5_18650_NCA_23C_0-100_0.5-0.5C_e_cycle_data.csv,UL-PUR_N20-NA5_18650_NCA_23C_0-100_0.5-0.5C_e_cycle_data.csv,schema_63d0cb98b657,Cycle_Index,cycle_index,1,float64,50,0,"[""1.0"", ""2.0"", ""3.0"", ""4.0"", ""5.0""]",unknown,cycle_index,high,explicit cycle index/name
UL-Purdue.zip,UL-Purdue/UL-PUR_N20-NA5_18650_NCA_23C_0-100_0.5-0.5C_e_cycle_data.csv,UL-PUR_N20-NA5_18650_NCA_23C_0-100_0.5-0.5C_e_cycle_data.csv,schema_63d0cb98b657,Test_Time (s),test_time_s,2,float64,50,0,"[""9319.544"", ""28490.712"", ""47683.697"", ""66918.387"", ""86156.998""]",s,elapsed_time,high,explicit elapsed/test time column
UL-Purdue.zip,UL-Purdue/UL-PUR_N20-NA5_18650_NCA_23C_0-100_0.5-0.5C_e_cycle_data.csv,UL-PUR_N20-NA5_18650_NCA_23C_0-100_0.5-0.5C_e_cycle_data.csv,schema_63d0cb98b657,Min_Current (A),min_current_a,3,float64,50,0,"[""-1.6""]",A,unknown,none,"observed electrical measurement, not a requested mapping target"
UL-Purdue.zip,UL-Purdue/UL-PUR_N20-NA5_18650_NCA_23C_0-100_0.5-0.5C_e_cycle_data.csv,UL-PUR_N20-NA5_18650_NCA_23C_0-100_0.5-0.5C_e_cycle_data.csv,schema_63d0cb98b657,Max_Current (A),max_current_a,4,float64,50,0,"[""1.6""]",A,unknown,none,"observed electrical measurement, not a requested mapping target"
UL-Purdue.zip,UL-Purdue/UL-PUR_N20-NA5_18650_NCA_23C_0-100_0.5-0.5C_e_cycle_data.csv,UL-PUR_N20-NA5_18650_NCA_23C_0-100_0.5-0.5C_e_cycle_data.csv,schema_63d0cb98b657,Min_Voltage (V),min_voltage_v,5,float64,50,0,"[""2.7""]",V,unknown,none,"observed electrical measurement, not a requested mapping target"
UL-Purdue.zip,UL-Purdue/UL-PUR_N20-NA5_18650_NCA_23C_0-100_0.5-0.5C_e_cycle_data.csv,UL-PUR_N20-NA5_18650_NCA_23C_0-100_0.5-0.5C_e_cycle_data.csv,schema_63d0cb98b657,Max_Voltage (V),max_voltage_v,6,float64,50,0,"[""4.263"", ""4.2""]",V,unknown,none,"observed electrical measurement, not a requested mapping target"
UL-Purdue.zip,UL-Purdue/UL-PUR_N20-NA5_18650_NCA_23C_0-100_0.5-0.5C_e_cycle_data.csv,UL-PUR_N20-NA5_18650_NCA_23C_0-100_0.5-0.5C_e_cycle_data.csv,schema_63d0cb98b657,Charge_Capacity (Ah),charge_capacity_ah,7,float64,50,0,"[""0.05"", ""3.356"", ""3.349"", ""3.344"", ""3.343""]",Ah,charge_capacity,high,explicit charge capacity column
UL-Purdue.zip,UL-Purdue/UL-PUR_N20-NA5_18650_NCA_23C_0-100_0.5-0.5C_e_cycle_data.csv,UL-PUR_N20-NA5_18650_NCA_23C_0-100_0.5-0.5C_e_cycle_data.csv,schema_63d0cb98b657,Discharge_Capacity (Ah),discharge_capacity_ah,8,float64,50,0,"[""3.366"", ""3.346"", ""3.342"", ""3.34"", ""3.339""]",Ah,discharge_capacity,high,explicit discharge capacity column
UL-Purdue.zip,UL-Purdue/UL-PUR_N20-NA5_18650_NCA_23C_0-100_0.5-0.5C_e_cycle_data.csv,UL-PUR_N20-NA5_18650_NCA_23C_0-100_0.5-0.5C_e_cycle_data.csv,schema_63d0cb98b657,Charge_Energy (Wh),charge_energy_wh,9,float64,50,0,"[""0.187"", ""12.926"", ""12.891"", ""12.875"", ""12.871""]",Wh,charge_energy,high,explicit charge energy column
UL-Purdue.zip,UL-Purdue/UL-PUR_N20-NA5_18650_NCA_23C_0-100_0.5-0.5C_e_cycle_data.csv,UL-PUR_N20-NA5_18650_NCA_23C_0-100_0.5-0.5C_e_cycle_data.csv,schema_63d0cb98b657,Discharge_Energy (Wh),discharge_energy_wh,10,float64,50,0,"[""11.831"", ""11.774"", ""11.755"", ""11.746"", ""11.74""]",Wh,discharge_energy,high,explicit discharge energy column
UL-Purdue.zip,UL-Purdue/UL-PUR_N20-NA6_18650_NCA_23C_0-100_0.5-0.5C_f_cycle_data.csv,UL-PUR_N20-NA6_18650_NCA_23C_0-100_0.5-0.5C_f_cycle_data.csv,schema_63d0cb98b657,Cycle_Index,cycle_index,1,float64,50,0,"[""1.0"", ""2.0"", ""3.0"", ""4.0"", ""5.0""]",unknown,cycle_index,high,explicit cycle index/name
UL-Purdue.zip,UL-Purdue/UL-PUR_N20-NA6_18650_NCA_23C_0-100_0.5-0.5C_f_cycle_data.csv,UL-PUR_N20-NA6_18650_NCA_23C_0-100_0.5-0.5C_f_cycle_data.csv,schema_63d0cb98b657,Test_Time (s),test_time_s,2,float64,50,0,"[""8851.63"", ""28147.425"", ""47444.14"", ""66777.571"", ""80950.769""]",s,elapsed_time,high,explicit elapsed/test time column
UL-Purdue.zip,UL-Purdue/UL-PUR_N20-NA6_18650_NCA_23C_0-100_0.5-0.5C_f_cycle_data.csv,UL-PUR_N20-NA6_18650_NCA_23C_0-100_0.5-0.5C_f_cycle_data.csv,schema_63d0cb98b657,Min_Current (A),min_current_a,3,float64,50,0,"[""-1.6""]",A,unknown,none,"observed electrical measurement, not a requested mapping target"
UL-Purdue.zip,UL-Purdue/UL-PUR_N20-NA6_18650_NCA_23C_0-100_0.5-0.5C_f_cycle_data.csv,UL-PUR_N20-NA6_18650_NCA_23C_0-100_0.5-0.5C_f_cycle_data.csv,schema_63d0cb98b657,Max_Current (A),max_current_a,4,float64,50,0,"[""1.6"", ""1.601"", ""1.602""]",A,unknown,none,"observed electrical measurement, not a requested mapping target"
UL-Purdue.zip,UL-Purdue/UL-PUR_N20-NA6_18650_NCA_23C_0-100_0.5-0.5C_f_cycle_data.csv,UL-PUR_N20-NA6_18650_NCA_23C_0-100_0.5-0.5C_f_cycle_data.csv,schema_63d0cb98b657,Min_Voltage (V),min_voltage_v,5,float64,50,0,"[""2.7""]",V,unknown,none,"observed electrical measurement, not a requested mapping target"
UL-Purdue.zip,UL-Purdue/UL-PUR_N20-NA6_18650_NCA_23C_0-100_0.5-0.5C_f_cycle_data.csv,UL-PUR_N20-NA6_18650_NCA_23C_0-100_0.5-0.5C_f_cycle_data.csv,schema_63d0cb98b657,Max_Voltage (V),max_voltage_v,6,float64,50,0,"[""4.191"", ""4.2""]",V,unknown,none,"observed electrical measurement, not a requested mapping target"
UL-Purdue.zip,UL-Purdue/UL-PUR_N20-NA6_18650_NCA_23C_0-100_0.5-0.5C_f_cycle_data.csv,UL-PUR_N20-NA6_18650_NCA_23C_0-100_0.5-0.5C_f_cycle_data.csv,schema_63d0cb98b657,Charge_Capacity (Ah),charge_capacity_ah,7,float64,50,0,"[""0.011"", ""3.339"", ""3.325"", ""3.323"", ""2.843""]",Ah,charge_capacity,high,explicit charge capacity column
UL-Purdue.zip,UL-Purdue/UL-PUR_N20-NA6_18650_NCA_23C_0-100_0.5-0.5C_f_cycle_data.csv,UL-PUR_N20-NA6_18650_NCA_23C_0-100_0.5-0.5C_f_cycle_data.csv,schema_63d0cb98b657,Discharge_Capacity (Ah),discharge_capacity_ah,8,float64,50,0,"[""3.332"", ""3.32"", ""3.318"", ""2.843"", ""3.317""]",Ah,discharge_capacity,high,explicit discharge capacity column
UL-Purdue.zip,UL-Purdue/UL-PUR_N20-NA6_18650_NCA_23C_0-100_0.5-0.5C_f_cycle_data.csv,UL-PUR_N20-NA6_18650_NCA_23C_0-100_0.5-0.5C_f_cycle_data.csv,schema_63d0cb98b657,Charge_Energy (Wh),charge_energy_wh,9,float64,50,0,"[""0.023"", ""12.882"", ""12.821"", ""12.81"", ""10.798""]",Wh,charge_energy,high,explicit charge energy column
UL-Purdue.zip,UL-Purdue/UL-PUR_N20-NA6_18650_NCA_23C_0-100_0.5-0.5C_f_cycle_data.csv,UL-PUR_N20-NA6_18650_NCA_23C_0-100_0.5-0.5C_f_cycle_data.csv,schema_63d0cb98b657,Discharge_Energy (Wh),discharge_energy_wh,10,float64,50,0,"[""11.7"", ""11.677"", ""11.665"", ""11.661"", ""9.819""]",Wh,discharge_energy,high,explicit discharge energy column
UL-Purdue.zip,UL-Purdue/UL-PUR_N20-OV1_18650_NCA_23C_0-100_0.5-0.5C_a_cycle_data.csv,UL-PUR_N20-OV1_18650_NCA_23C_0-100_0.5-0.5C_a_cycle_data.csv,schema_63d0cb98b657,Cycle_Index,cycle_index,1,float64,50,0,"[""1.0"", ""2.0"", ""3.0"", ""4.0"", ""5.0""]",unknown,cycle_index,high,explicit cycle index/name
UL-Purdue.zip,UL-Purdue/UL-PUR_N20-OV1_18650_NCA_23C_0-100_0.5-0.5C_a_cycle_data.csv,UL-PUR_N20-OV1_18650_NCA_23C_0-100_0.5-0.5C_a_cycle_data.csv,schema_63d0cb98b657,Test_Time (s),test_time_s,2,float64,50,0,"[""20859.928"", ""44969.34"", ""69324.815"", ""93646.572"", ""117717.986""]",s,elapsed_time,high,explicit elapsed/test time column
UL-Purdue.zip,UL-Purdue/UL-PUR_N20-OV1_18650_NCA_23C_0-100_0.5-0.5C_a_cycle_data.csv,UL-PUR_N20-OV1_18650_NCA_23C_0-100_0.5-0.5C_a_cycle_data.csv,schema_63d0cb98b657,Min_Current (A),min_current_a,3,float64,50,0,"[""-1.601"", ""-1.602""]",A,unknown,none,"observed electrical measurement, not a requested mapping target"
UL-Purdue.zip,UL-Purdue/UL-PUR_N20-OV1_18650_NCA_23C_0-100_0.5-0.5C_a_cycle_data.csv,UL-PUR_N20-OV1_18650_NCA_23C_0-100_0.5-0.5C_a_cycle_data.csv,schema_63d0cb98b657,Max_Current (A),max_current_a,4,float64,50,0,"[""1.599"", ""1.6"", ""1.604""]",A,unknown,none,"observed electrical measurement, not a requested mapping target"
UL-Purdue.zip,UL-Purdue/UL-PUR_N20-OV1_18650_NCA_23C_0-100_0.5-0.5C_a_cycle_data.csv,UL-PUR_N20-OV1_18650_NCA_23C_0-100_0.5-0.5C_a_cycle_data.csv,schema_63d0cb98b657,Min_Voltage (V),min_voltage_v,5,float64,50,0,"[""2.699""]",V,unknown,none,"observed electrical measurement, not a requested mapping target"
UL-Purdue.zip,UL-Purdue/UL-PUR_N20-OV1_18650_NCA_23C_0-100_0.5-0.5C_a_cycle_data.csv,UL-PUR_N20-OV1_18650_NCA_23C_0-100_0.5-0.5C_a_cycle_data.csv,schema_63d0cb98b657,Max_Voltage (V),max_voltage_v,6,float64,50,0,"[""4.2""]",V,unknown,none,"observed electrical measurement, not a requested mapping target"
UL-Purdue.zip,UL-Purdue/UL-PUR_N20-OV1_18650_NCA_23C_0-100_0.5-0.5C_a_cycle_data.csv,UL-PUR_N20-OV1_18650_NCA_23C_0-100_0.5-0.5C_a_cycle_data.csv,schema_63d0cb98b657,Charge_Capacity (Ah),charge_capacity_ah,7,float64,50,0,"[""1.934"", ""3.432"", ""3.419"", ""3.401"", ""3.4""]",Ah,charge_capacity,high,explicit charge capacity column
UL-Purdue.zip,UL-Purdue/UL-PUR_N20-OV1_18650_NCA_23C_0-100_0.5-0.5C_a_cycle_data.csv,UL-PUR_N20-OV1_18650_NCA_23C_0-100_0.5-0.5C_a_cycle_data.csv,schema_63d0cb98b657,Discharge_Capacity (Ah),discharge_capacity_ah,8,float64,50,0,"[""3.3"", ""3.283"", ""3.264"", ""3.266"", ""3.265""]",Ah,discharge_capacity,high,explicit discharge capacity column
UL-Purdue.zip,UL-Purdue/UL-PUR_N20-OV1_18650_NCA_23C_0-100_0.5-0.5C_a_cycle_data.csv,UL-PUR_N20-OV1_18650_NCA_23C_0-100_0.5-0.5C_a_cycle_data.csv,schema_63d0cb98b657,Charge_Energy (Wh),charge_energy_wh,9,float64,50,0,"[""7.815"", ""13.291"", ""13.228"", ""13.172"", ""13.163""]",Wh,charge_energy,high,explicit charge energy column
UL-Purdue.zip,UL-Purdue/UL-PUR_N20-OV1_18650_NCA_23C_0-100_0.5-0.5C_a_cycle_data.csv,UL-PUR_N20-OV1_18650_NCA_23C_0-100_0.5-0.5C_a_cycle_data.csv,schema_63d0cb98b657,Discharge_Energy (Wh),discharge_energy_wh,10,float64,50,0,"[""11.534"", ""11.485"", ""11.398"", ""11.412"", ""11.42""]",Wh,discharge_energy,high,explicit discharge energy column
UL-Purdue.zip,UL-Purdue/UL-PUR_R10-EX6_18650_NCA_23C_2.5-96.5_0.5-0.5C_f_cycle_data.csv,UL-PUR_R10-EX6_18650_NCA_23C_2.5-96.5_0.5-0.5C_f_cycle_data.csv,schema_63d0cb98b657,Cycle_Index,cycle_index,1,float64,50,0,"[""1.0"", ""2.0"", ""3.0"", ""4.0"", ""5.0""]",unknown,cycle_index,high,explicit cycle index/name
UL-Purdue.zip,UL-Purdue/UL-PUR_R10-EX6_18650_NCA_23C_2.5-96.5_0.5-0.5C_f_cycle_data.csv,UL-PUR_R10-EX6_18650_NCA_23C_2.5-96.5_0.5-0.5C_f_cycle_data.csv,schema_63d0cb98b657,Test_Time (s),test_time_s,2,float64,50,0,"[""13306.605"", ""35235.996"", ""57124.455"", ""79014.974"", ""100889.867""]",s,elapsed_time,high,explicit elapsed/test time column
UL-Purdue.zip,UL-Purdue/UL-PUR_R10-EX6_18650_NCA_23C_2.5-96.5_0.5-0.5C_f_cycle_data.csv,UL-PUR_R10-EX6_18650_NCA_23C_2.5-96.5_0.5-0.5C_f_cycle_data.csv,schema_63d0cb98b657,Min_Current (A),min_current_a,3,float64,50,0,"[""-1.134"", ""-1.6""]",A,unknown,none,"observed electrical measurement, not a requested mapping target"
UL-Purdue.zip,UL-Purdue/UL-PUR_R10-EX6_18650_NCA_23C_2.5-96.5_0.5-0.5C_f_cycle_data.csv,UL-PUR_R10-EX6_18650_NCA_23C_2.5-96.5_0.5-0.5C_f_cycle_data.csv,schema_63d0cb98b657,Max_Current (A),max_current_a,4,float64,50,0,"[""1.132"", ""1.133"", ""1.599""]",A,unknown,none,"observed electrical measurement, not a requested mapping target"
UL-Purdue.zip,UL-Purdue/UL-PUR_R10-EX6_18650_NCA_23C_2.5-96.5_0.5-0.5C_f_cycle_data.csv,UL-PUR_R10-EX6_18650_NCA_23C_2.5-96.5_0.5-0.5C_f_cycle_data.csv,schema_63d0cb98b657,Min_Voltage (V),min_voltage_v,5,float64,50,0,"[""2.9""]",V,unknown,none,"observed electrical measurement, not a requested mapping target"
UL-Purdue.zip,UL-Purdue/UL-PUR_R10-EX6_18650_NCA_23C_2.5-96.5_0.5-0.5C_f_cycle_data.csv,UL-PUR_R10-EX6_18650_NCA_23C_2.5-96.5_0.5-0.5C_f_cycle_data.csv,schema_63d0cb98b657,Max_Voltage (V),max_voltage_v,6,float64,50,0,"[""4.0""]",V,unknown,none,"observed electrical measurement, not a requested mapping target"
UL-Purdue.zip,UL-Purdue/UL-PUR_R10-EX6_18650_NCA_23C_2.5-96.5_0.5-0.5C_f_cycle_data.csv,UL-PUR_R10-EX6_18650_NCA_23C_2.5-96.5_0.5-0.5C_f_cycle_data.csv,schema_63d0cb98b657,Charge_Capacity (Ah),charge_capacity_ah,7,float64,50,0,"[""1.274"", ""2.71"", ""2.708"", ""2.707"", ""2.709""]",Ah,charge_capacity,high,explicit charge capacity column
UL-Purdue.zip,UL-Purdue/UL-PUR_R10-EX6_18650_NCA_23C_2.5-96.5_0.5-0.5C_f_cycle_data.csv,UL-PUR_R10-EX6_18650_NCA_23C_2.5-96.5_0.5-0.5C_f_cycle_data.csv,schema_63d0cb98b657,Discharge_Capacity (Ah),discharge_capacity_ah,8,float64,50,0,"[""2.385"", ""2.712"", ""2.711"", ""2.71"", ""2.709""]",Ah,discharge_capacity,high,explicit discharge capacity column
UL-Purdue.zip,UL-Purdue/UL-PUR_R10-EX6_18650_NCA_23C_2.5-96.5_0.5-0.5C_f_cycle_data.csv,UL-PUR_R10-EX6_18650_NCA_23C_2.5-96.5_0.5-0.5C_f_cycle_data.csv,schema_63d0cb98b657,Charge_Energy (Wh),charge_energy_wh,9,float64,50,0,"[""4.844"", ""10.135"", ""10.129"", ""10.128"", ""10.123""]",Wh,charge_energy,high,explicit charge energy column
UL-Purdue.zip,UL-Purdue/UL-PUR_R10-EX6_18650_NCA_23C_2.5-96.5_0.5-0.5C_f_cycle_data.csv,UL-PUR_R10-EX6_18650_NCA_23C_2.5-96.5_0.5-0.5C_f_cycle_data.csv,schema_63d0cb98b657,Discharge_Energy (Wh),discharge_energy_wh,10,float64,50,0,"[""8.207"", ""9.455"", ""9.45"", ""9.446"", ""9.454""]",Wh,discharge_energy,high,explicit discharge energy column
UL-Purdue.zip,UL-Purdue/UL-PUR_R10-NA11_18650_NCA_23C_2.5-96.5_0.5-0.5C_k_cycle_data.csv,UL-PUR_R10-NA11_18650_NCA_23C_2.5-96.5_0.5-0.5C_k_cycle_data.csv,schema_63d0cb98b657,Cycle_Index,cycle_index,1,float64,50,0,"[""1.0"", ""2.0"", ""3.0"", ""4.0"", ""5.0""]",unknown,cycle_index,high,explicit cycle index/name
UL-Purdue.zip,UL-Purdue/UL-PUR_R10-NA11_18650_NCA_23C_2.5-96.5_0.5-0.5C_k_cycle_data.csv,UL-PUR_R10-NA11_18650_NCA_23C_2.5-96.5_0.5-0.5C_k_cycle_data.csv,schema_63d0cb98b657,Test_Time (s),test_time_s,2,float64,50,0,"[""7563.364"", ""22726.946"", ""37828.656"", ""52937.836"", ""68042.265""]",s,elapsed_time,high,explicit elapsed/test time column
UL-Purdue.zip,UL-Purdue/UL-PUR_R10-NA11_18650_NCA_23C_2.5-96.5_0.5-0.5C_k_cycle_data.csv,UL-PUR_R10-NA11_18650_NCA_23C_2.5-96.5_0.5-0.5C_k_cycle_data.csv,schema_63d0cb98b657,Min_Current (A),min_current_a,3,float64,50,0,"[""-1.6"", ""-1.633""]",A,unknown,none,"observed electrical measurement, not a requested mapping target"
UL-Purdue.zip,UL-Purdue/UL-PUR_R10-NA11_18650_NCA_23C_2.5-96.5_0.5-0.5C_k_cycle_data.csv,UL-PUR_R10-NA11_18650_NCA_23C_2.5-96.5_0.5-0.5C_k_cycle_data.csv,schema_63d0cb98b657,Max_Current (A),max_current_a,4,float64,50,0,"[""1.599""]",A,unknown,none,"observed electrical measurement, not a requested mapping target"
UL-Purdue.zip,UL-Purdue/UL-PUR_R10-NA11_18650_NCA_23C_2.5-96.5_0.5-0.5C_k_cycle_data.csv,UL-PUR_R10-NA11_18650_NCA_23C_2.5-96.5_0.5-0.5C_k_cycle_data.csv,schema_63d0cb98b657,Min_Voltage (V),min_voltage_v,5,float64,50,0,"[""2.898"", ""2.9"", ""2.895"", ""2.899""]",V,unknown,none,"observed electrical measurement, not a requested mapping target"
UL-Purdue.zip,UL-Purdue/UL-PUR_R10-NA11_18650_NCA_23C_2.5-96.5_0.5-0.5C_k_cycle_data.csv,UL-PUR_R10-NA11_18650_NCA_23C_2.5-96.5_0.5-0.5C_k_cycle_data.csv,schema_63d0cb98b657,Max_Voltage (V),max_voltage_v,6,float64,50,0,"[""4.095"", ""4.0""]",V,unknown,none,"observed electrical measurement, not a requested mapping target"
UL-Purdue.zip,UL-Purdue/UL-PUR_R10-NA11_18650_NCA_23C_2.5-96.5_0.5-0.5C_k_cycle_data.csv,UL-PUR_R10-NA11_18650_NCA_23C_2.5-96.5_0.5-0.5C_k_cycle_data.csv,schema_63d0cb98b657,Charge_Capacity (Ah),charge_capacity_ah,7,float64,50,0,"[""0.001"", ""2.539"", ""2.519"", ""2.523"", ""2.526""]",Ah,charge_capacity,high,explicit charge capacity column
UL-Purdue.zip,UL-Purdue/UL-PUR_R10-NA11_18650_NCA_23C_2.5-96.5_0.5-0.5C_k_cycle_data.csv,UL-PUR_R10-NA11_18650_NCA_23C_2.5-96.5_0.5-0.5C_k_cycle_data.csv,schema_63d0cb98b657,Discharge_Capacity (Ah),discharge_capacity_ah,8,float64,50,0,"[""3.091"", ""2.522"", ""2.525"", ""2.527"", ""2.526""]",Ah,discharge_capacity,high,explicit discharge capacity column
UL-Purdue.zip,UL-Purdue/UL-PUR_R10-NA11_18650_NCA_23C_2.5-96.5_0.5-0.5C_k_cycle_data.csv,UL-PUR_R10-NA11_18650_NCA_23C_2.5-96.5_0.5-0.5C_k_cycle_data.csv,schema_63d0cb98b657,Charge_Energy (Wh),charge_energy_wh,9,float64,50,0,"[""0.003"", ""9.625"", ""9.551"", ""9.563"", ""9.569""]",Wh,charge_energy,high,explicit charge energy column
UL-Purdue.zip,UL-Purdue/UL-PUR_R10-NA11_18650_NCA_23C_2.5-96.5_0.5-0.5C_k_cycle_data.csv,UL-PUR_R10-NA11_18650_NCA_23C_2.5-96.5_0.5-0.5C_k_cycle_data.csv,schema_63d0cb98b657,Discharge_Energy (Wh),discharge_energy_wh,10,float64,50,0,"[""11.024"", ""8.829"", ""8.839"", ""8.843"", ""8.841""]",Wh,discharge_energy,high,explicit discharge energy column
UL-Purdue.zip,UL-Purdue/UL-PUR_R10-OV5_18650_NCA_23C_2.5-96.5_0.5-0.5C_e_cycle_data.csv,UL-PUR_R10-OV5_18650_NCA_23C_2.5-96.5_0.5-0.5C_e_cycle_data.csv,schema_63d0cb98b657,Cycle_Index,cycle_index,1,float64,50,0,"[""1.0"", ""2.0"", ""3.0"", ""4.0"", ""5.0""]",unknown,cycle_index,high,explicit cycle index/name
UL-Purdue.zip,UL-Purdue/UL-PUR_R10-OV5_18650_NCA_23C_2.5-96.5_0.5-0.5C_e_cycle_data.csv,UL-PUR_R10-OV5_18650_NCA_23C_2.5-96.5_0.5-0.5C_e_cycle_data.csv,schema_63d0cb98b657,Test_Time (s),test_time_s,2,float64,50,0,"[""15489.921"", ""37328.144"", ""59266.851"", ""81182.146"", ""102963.385""]",s,elapsed_time,high,explicit elapsed/test time column
UL-Purdue.zip,UL-Purdue/UL-PUR_R10-OV5_18650_NCA_23C_2.5-96.5_0.5-0.5C_e_cycle_data.csv,UL-PUR_R10-OV5_18650_NCA_23C_2.5-96.5_0.5-0.5C_e_cycle_data.csv,schema_63d0cb98b657,Min_Current (A),min_current_a,3,float64,50,0,"[""-1.134"", ""-1.6""]",A,unknown,none,"observed electrical measurement, not a requested mapping target"
UL-Purdue.zip,UL-Purdue/UL-PUR_R10-OV5_18650_NCA_23C_2.5-96.5_0.5-0.5C_e_cycle_data.csv,UL-PUR_R10-OV5_18650_NCA_23C_2.5-96.5_0.5-0.5C_e_cycle_data.csv,schema_63d0cb98b657,Max_Current (A),max_current_a,4,float64,50,0,"[""1.133"", ""1.134"", ""1.6""]",A,unknown,none,"observed electrical measurement, not a requested mapping target"
UL-Purdue.zip,UL-Purdue/UL-PUR_R10-OV5_18650_NCA_23C_2.5-96.5_0.5-0.5C_e_cycle_data.csv,UL-PUR_R10-OV5_18650_NCA_23C_2.5-96.5_0.5-0.5C_e_cycle_data.csv,schema_63d0cb98b657,Min_Voltage (V),min_voltage_v,5,float64,50,0,"[""2.9""]",V,unknown,none,"observed electrical measurement, not a requested mapping target"
UL-Purdue.zip,UL-Purdue/UL-PUR_R10-OV5_18650_NCA_23C_2.5-96.5_0.5-0.5C_e_cycle_data.csv,UL-PUR_R10-OV5_18650_NCA_23C_2.5-96.5_0.5-0.5C_e_cycle_data.csv,schema_63d0cb98b657,Max_Voltage (V),max_voltage_v,6,float64,50,0,"[""4.0"", ""4.001""]",V,unknown,none,"observed electrical measurement, not a requested mapping target"
UL-Purdue.zip,UL-Purdue/UL-PUR_R10-OV5_18650_NCA_23C_2.5-96.5_0.5-0.5C_e_cycle_data.csv,UL-PUR_R10-OV5_18650_NCA_23C_2.5-96.5_0.5-0.5C_e_cycle_data.csv,schema_63d0cb98b657,Charge_Capacity (Ah),charge_capacity_ah,7,float64,50,0,"[""0.831"", ""2.711"", ""2.71"", ""2.708"", ""2.709""]",Ah,charge_capacity,high,explicit charge capacity column
UL-Purdue.zip,UL-Purdue/UL-PUR_R10-OV5_18650_NCA_23C_2.5-96.5_0.5-0.5C_e_cycle_data.csv,UL-PUR_R10-OV5_18650_NCA_23C_2.5-96.5_0.5-0.5C_e_cycle_data.csv,schema_63d0cb98b657,Discharge_Capacity (Ah),discharge_capacity_ah,8,float64,50,0,"[""2.715"", ""2.711"", ""2.71"", ""2.709"", ""2.708""]",Ah,discharge_capacity,high,explicit discharge capacity column
UL-Purdue.zip,UL-Purdue/UL-PUR_R10-OV5_18650_NCA_23C_2.5-96.5_0.5-0.5C_e_cycle_data.csv,UL-PUR_R10-OV5_18650_NCA_23C_2.5-96.5_0.5-0.5C_e_cycle_data.csv,schema_63d0cb98b657,Charge_Energy (Wh),charge_energy_wh,9,float64,50,0,"[""3.278"", ""10.144"", ""10.142"", ""10.138"", ""10.136""]",Wh,charge_energy,high,explicit charge energy column
UL-Purdue.zip,UL-Purdue/UL-PUR_R10-OV5_18650_NCA_23C_2.5-96.5_0.5-0.5C_e_cycle_data.csv,UL-PUR_R10-OV5_18650_NCA_23C_2.5-96.5_0.5-0.5C_e_cycle_data.csv,schema_63d0cb98b657,Discharge_Energy (Wh),discharge_energy_wh,10,float64,50,0,"[""9.468"", ""9.456"", ""9.448"", ""9.447"", ""9.459""]",Wh,discharge_energy,high,explicit discharge energy column
UL-Purdue.zip,UL-Purdue/UL-PUR_R15-EX4_18650_NCA_23C_2.5-96.5_0.5-0.5C_d_cycle_data.csv,UL-PUR_R15-EX4_18650_NCA_23C_2.5-96.5_0.5-0.5C_d_cycle_data.csv,schema_63d0cb98b657,Cycle_Index,cycle_index,1,float64,50,0,"[""1.0"", ""2.0"", ""3.0"", ""4.0"", ""5.0""]",unknown,cycle_index,high,explicit cycle index/name
UL-Purdue.zip,UL-Purdue/UL-PUR_R15-EX4_18650_NCA_23C_2.5-96.5_0.5-0.5C_d_cycle_data.csv,UL-PUR_R15-EX4_18650_NCA_23C_2.5-96.5_0.5-0.5C_d_cycle_data.csv,schema_63d0cb98b657,Test_Time (s),test_time_s,2,float64,50,0,"[""14110.85"", ""35890.075"", ""57715.825"", ""79532.297"", ""101322.649""]",s,elapsed_time,high,explicit elapsed/test time column
UL-Purdue.zip,UL-Purdue/UL-PUR_R15-EX4_18650_NCA_23C_2.5-96.5_0.5-0.5C_d_cycle_data.csv,UL-PUR_R15-EX4_18650_NCA_23C_2.5-96.5_0.5-0.5C_d_cycle_data.csv,schema_63d0cb98b657,Min_Current (A),min_current_a,3,float64,50,0,"[""-1.133"", ""-1.134"", ""-1.6""]",A,unknown,none,"observed electrical measurement, not a requested mapping target"
UL-Purdue.zip,UL-Purdue/UL-PUR_R15-EX4_18650_NCA_23C_2.5-96.5_0.5-0.5C_d_cycle_data.csv,UL-PUR_R15-EX4_18650_NCA_23C_2.5-96.5_0.5-0.5C_d_cycle_data.csv,schema_63d0cb98b657,Max_Current (A),max_current_a,4,float64,50,0,"[""1.133"", ""1.134"", ""1.6""]",A,unknown,none,"observed electrical measurement, not a requested mapping target"
UL-Purdue.zip,UL-Purdue/UL-PUR_R15-EX4_18650_NCA_23C_2.5-96.5_0.5-0.5C_d_cycle_data.csv,UL-PUR_R15-EX4_18650_NCA_23C_2.5-96.5_0.5-0.5C_d_cycle_data.csv,schema_63d0cb98b657,Min_Voltage (V),min_voltage_v,5,float64,50,0,"[""2.9""]",V,unknown,none,"observed electrical measurement, not a requested mapping target"
UL-Purdue.zip,UL-Purdue/UL-PUR_R15-EX4_18650_NCA_23C_2.5-96.5_0.5-0.5C_d_cycle_data.csv,UL-PUR_R15-EX4_18650_NCA_23C_2.5-96.5_0.5-0.5C_d_cycle_data.csv,schema_63d0cb98b657,Max_Voltage (V),max_voltage_v,6,float64,50,0,"[""4.0"", ""4.001""]",V,unknown,none,"observed electrical measurement, not a requested mapping target"
UL-Purdue.zip,UL-Purdue/UL-PUR_R15-EX4_18650_NCA_23C_2.5-96.5_0.5-0.5C_d_cycle_data.csv,UL-PUR_R15-EX4_18650_NCA_23C_2.5-96.5_0.5-0.5C_d_cycle_data.csv,schema_63d0cb98b657,Charge_Capacity (Ah),charge_capacity_ah,7,float64,50,0,"[""1.558"", ""2.707"", ""2.706"", ""2.704"", ""2.705""]",Ah,charge_capacity,high,explicit charge capacity column
UL-Purdue.zip,UL-Purdue/UL-PUR_R15-EX4_18650_NCA_23C_2.5-96.5_0.5-0.5C_d_cycle_data.csv,UL-PUR_R15-EX4_18650_NCA_23C_2.5-96.5_0.5-0.5C_d_cycle_data.csv,schema_63d0cb98b657,Discharge_Capacity (Ah),discharge_capacity_ah,8,float64,50,0,"[""2.372"", ""2.707"", ""2.706"", ""2.705"", ""2.704""]",Ah,discharge_capacity,high,explicit discharge capacity column
UL-Purdue.zip,UL-Purdue/UL-PUR_R15-EX4_18650_NCA_23C_2.5-96.5_0.5-0.5C_d_cycle_data.csv,UL-PUR_R15-EX4_18650_NCA_23C_2.5-96.5_0.5-0.5C_d_cycle_data.csv,schema_63d0cb98b657,Charge_Energy (Wh),charge_energy_wh,9,float64,50,0,"[""5.893"", ""10.131"", ""10.127"", ""10.123"", ""10.117""]",Wh,charge_energy,high,explicit charge energy column
UL-Purdue.zip,UL-Purdue/UL-PUR_R15-EX4_18650_NCA_23C_2.5-96.5_0.5-0.5C_d_cycle_data.csv,UL-PUR_R15-EX4_18650_NCA_23C_2.5-96.5_0.5-0.5C_d_cycle_data.csv,schema_63d0cb98b657,Discharge_Energy (Wh),discharge_energy_wh,10,float64,50,0,"[""8.157"", ""9.432"", ""9.428"", ""9.423"", ""9.435""]",Wh,discharge_energy,high,explicit discharge energy column
UL-Purdue.zip,UL-Purdue/UL-PUR_R15-NA10_18650_NCA_23C_2.5-96.5_0.5-0.5C_j_cycle_data.csv,UL-PUR_R15-NA10_18650_NCA_23C_2.5-96.5_0.5-0.5C_j_cycle_data.csv,schema_63d0cb98b657,Cycle_Index,cycle_index,1,float64,50,0,"[""1.0"", ""2.0"", ""3.0"", ""4.0"", ""5.0""]",unknown,cycle_index,high,explicit cycle index/name
UL-Purdue.zip,UL-Purdue/UL-PUR_R15-NA10_18650_NCA_23C_2.5-96.5_0.5-0.5C_j_cycle_data.csv,UL-PUR_R15-NA10_18650_NCA_23C_2.5-96.5_0.5-0.5C_j_cycle_data.csv,schema_63d0cb98b657,Test_Time (s),test_time_s,2,float64,50,0,"[""12928.337"", ""28772.848"", ""44466.365"", ""60137.17"", ""75790.755""]",s,elapsed_time,high,explicit elapsed/test time column
UL-Purdue.zip,UL-Purdue/UL-PUR_R15-NA10_18650_NCA_23C_2.5-96.5_0.5-0.5C_j_cycle_data.csv,UL-PUR_R15-NA10_18650_NCA_23C_2.5-96.5_0.5-0.5C_j_cycle_data.csv,schema_63d0cb98b657,Min_Current (A),min_current_a,3,float64,50,0,"[""-1.599"", ""-1.6"", ""-1.608""]",A,unknown,none,"observed electrical measurement, not a requested mapping target"
UL-Purdue.zip,UL-Purdue/UL-PUR_R15-NA10_18650_NCA_23C_2.5-96.5_0.5-0.5C_j_cycle_data.csv,UL-PUR_R15-NA10_18650_NCA_23C_2.5-96.5_0.5-0.5C_j_cycle_data.csv,schema_63d0cb98b657,Max_Current (A),max_current_a,4,float64,50,0,"[""1.6""]",A,unknown,none,"observed electrical measurement, not a requested mapping target"
UL-Purdue.zip,UL-Purdue/UL-PUR_R15-NA10_18650_NCA_23C_2.5-96.5_0.5-0.5C_j_cycle_data.csv,UL-PUR_R15-NA10_18650_NCA_23C_2.5-96.5_0.5-0.5C_j_cycle_data.csv,schema_63d0cb98b657,Min_Voltage (V),min_voltage_v,5,float64,50,0,"[""2.9"", ""2.899"", ""2.897""]",V,unknown,none,"observed electrical measurement, not a requested mapping target"
UL-Purdue.zip,UL-Purdue/UL-PUR_R15-NA10_18650_NCA_23C_2.5-96.5_0.5-0.5C_j_cycle_data.csv,UL-PUR_R15-NA10_18650_NCA_23C_2.5-96.5_0.5-0.5C_j_cycle_data.csv,schema_63d0cb98b657,Max_Voltage (V),max_voltage_v,6,float64,50,0,"[""4.0""]",V,unknown,none,"observed electrical measurement, not a requested mapping target"
UL-Purdue.zip,UL-Purdue/UL-PUR_R15-NA10_18650_NCA_23C_2.5-96.5_0.5-0.5C_j_cycle_data.csv,UL-PUR_R15-NA10_18650_NCA_23C_2.5-96.5_0.5-0.5C_j_cycle_data.csv,schema_63d0cb98b657,Charge_Capacity (Ah),charge_capacity_ah,7,float64,50,0,"[""1.315"", ""2.613"", ""2.6"", ""2.597"", ""2.588""]",Ah,charge_capacity,high,explicit charge capacity column
UL-Purdue.zip,UL-Purdue/UL-PUR_R15-NA10_18650_NCA_23C_2.5-96.5_0.5-0.5C_j_cycle_data.csv,UL-PUR_R15-NA10_18650_NCA_23C_2.5-96.5_0.5-0.5C_j_cycle_data.csv,schema_63d0cb98b657,Discharge_Capacity (Ah),discharge_capacity_ah,8,float64,50,0,"[""2.618"", ""2.601"", ""2.598"", ""2.588"", ""2.592""]",Ah,discharge_capacity,high,explicit discharge capacity column
UL-Purdue.zip,UL-Purdue/UL-PUR_R15-NA10_18650_NCA_23C_2.5-96.5_0.5-0.5C_j_cycle_data.csv,UL-PUR_R15-NA10_18650_NCA_23C_2.5-96.5_0.5-0.5C_j_cycle_data.csv,schema_63d0cb98b657,Charge_Energy (Wh),charge_energy_wh,9,float64,50,0,"[""5.16"", ""9.894"", ""9.839"", ""9.828"", ""9.792""]",Wh,charge_energy,high,explicit charge energy column
UL-Purdue.zip,UL-Purdue/UL-PUR_R15-NA10_18650_NCA_23C_2.5-96.5_0.5-0.5C_j_cycle_data.csv,UL-PUR_R15-NA10_18650_NCA_23C_2.5-96.5_0.5-0.5C_j_cycle_data.csv,schema_63d0cb98b657,Discharge_Energy (Wh),discharge_energy_wh,10,float64,50,0,"[""9.137"", ""9.079"", ""9.073"", ""9.039"", ""9.058""]",Wh,discharge_energy,high,explicit discharge energy column
UL-Purdue.zip,UL-Purdue/UL-PUR_R15-OV3_18650_NCA_23C_2.5-96.5_0.5-0.5C_c_cycle_data.csv,UL-PUR_R15-OV3_18650_NCA_23C_2.5-96.5_0.5-0.5C_c_cycle_data.csv,schema_63d0cb98b657,Cycle_Index,cycle_index,1,float64,50,0,"[""1.0"", ""2.0"", ""3.0"", ""4.0"", ""5.0""]",unknown,cycle_index,high,explicit cycle index/name
UL-Purdue.zip,UL-Purdue/UL-PUR_R15-OV3_18650_NCA_23C_2.5-96.5_0.5-0.5C_c_cycle_data.csv,UL-PUR_R15-OV3_18650_NCA_23C_2.5-96.5_0.5-0.5C_c_cycle_data.csv,schema_63d0cb98b657,Test_Time (s),test_time_s,2,float64,50,0,"[""17839.755"", ""39424.297"", ""61052.768"", ""82623.12"", ""104216.25""]",s,elapsed_time,high,explicit elapsed/test time column
UL-Purdue.zip,UL-Purdue/UL-PUR_R15-OV3_18650_NCA_23C_2.5-96.5_0.5-0.5C_c_cycle_data.csv,UL-PUR_R15-OV3_18650_NCA_23C_2.5-96.5_0.5-0.5C_c_cycle_data.csv,schema_63d0cb98b657,Min_Current (A),min_current_a,3,float64,50,0,"[""-1.133"", ""-1.6""]",A,unknown,none,"observed electrical measurement, not a requested mapping target"
UL-Purdue.zip,UL-Purdue/UL-PUR_R15-OV3_18650_NCA_23C_2.5-96.5_0.5-0.5C_c_cycle_data.csv,UL-PUR_R15-OV3_18650_NCA_23C_2.5-96.5_0.5-0.5C_c_cycle_data.csv,schema_63d0cb98b657,Max_Current (A),max_current_a,4,float64,50,0,"[""1.134""]",A,unknown,none,"observed electrical measurement, not a requested mapping target"
UL-Purdue.zip,UL-Purdue/UL-PUR_R15-OV3_18650_NCA_23C_2.5-96.5_0.5-0.5C_c_cycle_data.csv,UL-PUR_R15-OV3_18650_NCA_23C_2.5-96.5_0.5-0.5C_c_cycle_data.csv,schema_63d0cb98b657,Min_Voltage (V),min_voltage_v,5,float64,50,0,"[""2.9""]",V,unknown,none,"observed electrical measurement, not a requested mapping target"
UL-Purdue.zip,UL-Purdue/UL-PUR_R15-OV3_18650_NCA_23C_2.5-96.5_0.5-0.5C_c_cycle_data.csv,UL-PUR_R15-OV3_18650_NCA_23C_2.5-96.5_0.5-0.5C_c_cycle_data.csv,schema_63d0cb98b657,Max_Voltage (V),max_voltage_v,6,float64,50,0,"[""4.0""]",V,unknown,none,"observed electrical measurement, not a requested mapping target"
UL-Purdue.zip,UL-Purdue/UL-PUR_R15-OV3_18650_NCA_23C_2.5-96.5_0.5-0.5C_c_cycle_data.csv,UL-PUR_R15-OV3_18650_NCA_23C_2.5-96.5_0.5-0.5C_c_cycle_data.csv,schema_63d0cb98b657,Charge_Capacity (Ah),charge_capacity_ah,7,float64,50,0,"[""1.6"", ""2.7"", ""2.698"", ""2.697"", ""2.348""]",Ah,charge_capacity,high,explicit charge capacity column
UL-Purdue.zip,UL-Purdue/UL-PUR_R15-OV3_18650_NCA_23C_2.5-96.5_0.5-0.5C_c_cycle_data.csv,UL-PUR_R15-OV3_18650_NCA_23C_2.5-96.5_0.5-0.5C_c_cycle_data.csv,schema_63d0cb98b657,Discharge_Capacity (Ah),discharge_capacity_ah,8,float64,50,0,"[""2.7"", ""2.696"", ""2.695"", ""2.346"", ""2.693""]",Ah,discharge_capacity,high,explicit discharge capacity column
UL-Purdue.zip,UL-Purdue/UL-PUR_R15-OV3_18650_NCA_23C_2.5-96.5_0.5-0.5C_c_cycle_data.csv,UL-PUR_R15-OV3_18650_NCA_23C_2.5-96.5_0.5-0.5C_c_cycle_data.csv,schema_63d0cb98b657,Charge_Energy (Wh),charge_energy_wh,9,float64,50,0,"[""6.155"", ""10.097"", ""10.091"", ""10.09"", ""10.083""]",Wh,charge_energy,high,explicit charge energy column
UL-Purdue.zip,UL-Purdue/UL-PUR_R15-OV3_18650_NCA_23C_2.5-96.5_0.5-0.5C_c_cycle_data.csv,UL-PUR_R15-OV3_18650_NCA_23C_2.5-96.5_0.5-0.5C_c_cycle_data.csv,schema_63d0cb98b657,Discharge_Energy (Wh),discharge_energy_wh,10,float64,50,0,"[""9.424"", ""9.407"", ""9.401"", ""9.403"", ""9.404""]",Wh,discharge_energy,high,explicit discharge energy column
UL-Purdue.zip,UL-Purdue/UL-PUR_R20-EX2_18650_NCA_23C_2.5-96.5_0.5-0.5C_b_cycle_data.csv,UL-PUR_R20-EX2_18650_NCA_23C_2.5-96.5_0.5-0.5C_b_cycle_data.csv,schema_63d0cb98b657,Cycle_Index,cycle_index,1,float64,50,0,"[""1.0"", ""2.0"", ""3.0"", ""4.0"", ""5.0""]",unknown,cycle_index,high,explicit cycle index/name
UL-Purdue.zip,UL-Purdue/UL-PUR_R20-EX2_18650_NCA_23C_2.5-96.5_0.5-0.5C_b_cycle_data.csv,UL-PUR_R20-EX2_18650_NCA_23C_2.5-96.5_0.5-0.5C_b_cycle_data.csv,schema_63d0cb98b657,Test_Time (s),test_time_s,2,float64,50,0,"[""9140.667"", ""26449.99"", ""43673.231"", ""60863.353"", ""78018.773""]",s,elapsed_time,high,explicit elapsed/test time column
UL-Purdue.zip,UL-Purdue/UL-PUR_R20-EX2_18650_NCA_23C_2.5-96.5_0.5-0.5C_b_cycle_data.csv,UL-PUR_R20-EX2_18650_NCA_23C_2.5-96.5_0.5-0.5C_b_cycle_data.csv,schema_63d0cb98b657,Min_Current (A),min_current_a,3,float64,50,0,"[""-1.6""]",A,unknown,none,"observed electrical measurement, not a requested mapping target"
UL-Purdue.zip,UL-Purdue/UL-PUR_R20-EX2_18650_NCA_23C_2.5-96.5_0.5-0.5C_b_cycle_data.csv,UL-PUR_R20-EX2_18650_NCA_23C_2.5-96.5_0.5-0.5C_b_cycle_data.csv,schema_63d0cb98b657,Max_Current (A),max_current_a,4,float64,50,0,"[""1.6"", ""1.601""]",A,unknown,none,"observed electrical measurement, not a requested mapping target"
UL-Purdue.zip,UL-Purdue/UL-PUR_R20-EX2_18650_NCA_23C_2.5-96.5_0.5-0.5C_b_cycle_data.csv,UL-PUR_R20-EX2_18650_NCA_23C_2.5-96.5_0.5-0.5C_b_cycle_data.csv,schema_63d0cb98b657,Min_Voltage (V),min_voltage_v,5,float64,50,0,"[""2.9""]",V,unknown,none,"observed electrical measurement, not a requested mapping target"
UL-Purdue.zip,UL-Purdue/UL-PUR_R20-EX2_18650_NCA_23C_2.5-96.5_0.5-0.5C_b_cycle_data.csv,UL-PUR_R20-EX2_18650_NCA_23C_2.5-96.5_0.5-0.5C_b_cycle_data.csv,schema_63d0cb98b657,Max_Voltage (V),max_voltage_v,6,float64,50,0,"[""4.246"", ""4.0""]",V,unknown,none,"observed electrical measurement, not a requested mapping target"
UL-Purdue.zip,UL-Purdue/UL-PUR_R20-EX2_18650_NCA_23C_2.5-96.5_0.5-0.5C_b_cycle_data.csv,UL-PUR_R20-EX2_18650_NCA_23C_2.5-96.5_0.5-0.5C_b_cycle_data.csv,schema_63d0cb98b657,Charge_Capacity (Ah),charge_capacity_ah,7,float64,50,0,"[""0.002"", ""2.755"", ""2.743"", ""2.742"", ""2.741""]",Ah,charge_capacity,high,explicit charge capacity column
UL-Purdue.zip,UL-Purdue/UL-PUR_R20-EX2_18650_NCA_23C_2.5-96.5_0.5-0.5C_b_cycle_data.csv,UL-PUR_R20-EX2_18650_NCA_23C_2.5-96.5_0.5-0.5C_b_cycle_data.csv,schema_63d0cb98b657,Discharge_Capacity (Ah),discharge_capacity_ah,8,float64,50,0,"[""3.306"", ""2.745"", ""2.743"", ""2.741"", ""2.742""]",Ah,discharge_capacity,high,explicit discharge capacity column
UL-Purdue.zip,UL-Purdue/UL-PUR_R20-EX2_18650_NCA_23C_2.5-96.5_0.5-0.5C_b_cycle_data.csv,UL-PUR_R20-EX2_18650_NCA_23C_2.5-96.5_0.5-0.5C_b_cycle_data.csv,schema_63d0cb98b657,Charge_Energy (Wh),charge_energy_wh,9,float64,50,0,"[""0.003"", ""10.392"", ""10.343"", ""10.342"", ""10.338""]",Wh,charge_energy,high,explicit charge energy column
UL-Purdue.zip,UL-Purdue/UL-PUR_R20-EX2_18650_NCA_23C_2.5-96.5_0.5-0.5C_b_cycle_data.csv,UL-PUR_R20-EX2_18650_NCA_23C_2.5-96.5_0.5-0.5C_b_cycle_data.csv,schema_63d0cb98b657,Discharge_Energy (Wh),discharge_energy_wh,10,float64,50,0,"[""11.662"", ""9.497"", ""9.486"", ""9.481"", ""9.478""]",Wh,discharge_energy,high,explicit discharge energy column
UL-Purdue.zip,UL-Purdue/UL-PUR_R20-NA7_18650_NCA_23C_2.5-96.5_0.5-0.5C_g_cycle_data.csv,UL-PUR_R20-NA7_18650_NCA_23C_2.5-96.5_0.5-0.5C_g_cycle_data.csv,schema_63d0cb98b657,Cycle_Index,cycle_index,1,float64,50,0,"[""1.0"", ""2.0"", ""3.0"", ""4.0"", ""5.0""]",unknown,cycle_index,high,explicit cycle index/name
UL-Purdue.zip,UL-Purdue/UL-PUR_R20-NA7_18650_NCA_23C_2.5-96.5_0.5-0.5C_g_cycle_data.csv,UL-PUR_R20-NA7_18650_NCA_23C_2.5-96.5_0.5-0.5C_g_cycle_data.csv,schema_63d0cb98b657,Test_Time (s),test_time_s,2,float64,50,0,"[""16001.85"", ""37706.228"", ""59465.169"", ""81211.09"", ""102842.62""]",s,elapsed_time,high,explicit elapsed/test time column
UL-Purdue.zip,UL-Purdue/UL-PUR_R20-NA7_18650_NCA_23C_2.5-96.5_0.5-0.5C_g_cycle_data.csv,UL-PUR_R20-NA7_18650_NCA_23C_2.5-96.5_0.5-0.5C_g_cycle_data.csv,schema_63d0cb98b657,Min_Current (A),min_current_a,3,float64,50,0,"[""-1.133"", ""-1.6""]",A,unknown,none,"observed electrical measurement, not a requested mapping target"
UL-Purdue.zip,UL-Purdue/UL-PUR_R20-NA7_18650_NCA_23C_2.5-96.5_0.5-0.5C_g_cycle_data.csv,UL-PUR_R20-NA7_18650_NCA_23C_2.5-96.5_0.5-0.5C_g_cycle_data.csv,schema_63d0cb98b657,Max_Current (A),max_current_a,4,float64,50,0,"[""1.134"", ""1.6""]",A,unknown,none,"observed electrical measurement, not a requested mapping target"
UL-Purdue.zip,UL-Purdue/UL-PUR_R20-NA7_18650_NCA_23C_2.5-96.5_0.5-0.5C_g_cycle_data.csv,UL-PUR_R20-NA7_18650_NCA_23C_2.5-96.5_0.5-0.5C_g_cycle_data.csv,schema_63d0cb98b657,Min_Voltage (V),min_voltage_v,5,float64,50,0,"[""2.9""]",V,unknown,none,"observed electrical measurement, not a requested mapping target"
UL-Purdue.zip,UL-Purdue/UL-PUR_R20-NA7_18650_NCA_23C_2.5-96.5_0.5-0.5C_g_cycle_data.csv,UL-PUR_R20-NA7_18650_NCA_23C_2.5-96.5_0.5-0.5C_g_cycle_data.csv,schema_63d0cb98b657,Max_Voltage (V),max_voltage_v,6,float64,50,0,"[""4.0"", ""4.001""]",V,unknown,none,"observed electrical measurement, not a requested mapping target"
UL-Purdue.zip,UL-Purdue/UL-PUR_R20-NA7_18650_NCA_23C_2.5-96.5_0.5-0.5C_g_cycle_data.csv,UL-PUR_R20-NA7_18650_NCA_23C_2.5-96.5_0.5-0.5C_g_cycle_data.csv,schema_63d0cb98b657,Charge_Capacity (Ah),charge_capacity_ah,7,float64,50,0,"[""0.895"", ""2.704"", ""2.703"", ""2.701"", ""2.702""]",Ah,charge_capacity,high,explicit charge capacity column
UL-Purdue.zip,UL-Purdue/UL-PUR_R20-NA7_18650_NCA_23C_2.5-96.5_0.5-0.5C_g_cycle_data.csv,UL-PUR_R20-NA7_18650_NCA_23C_2.5-96.5_0.5-0.5C_g_cycle_data.csv,schema_63d0cb98b657,Discharge_Capacity (Ah),discharge_capacity_ah,8,float64,50,0,"[""2.705"", ""2.703"", ""2.702"", ""2.701"", ""2.7""]",Ah,discharge_capacity,high,explicit discharge capacity column
UL-Purdue.zip,UL-Purdue/UL-PUR_R20-NA7_18650_NCA_23C_2.5-96.5_0.5-0.5C_g_cycle_data.csv,UL-PUR_R20-NA7_18650_NCA_23C_2.5-96.5_0.5-0.5C_g_cycle_data.csv,schema_63d0cb98b657,Charge_Energy (Wh),charge_energy_wh,9,float64,50,0,"[""3.522"", ""10.117"", ""10.113"", ""10.11"", ""10.109""]",Wh,charge_energy,high,explicit charge energy column
UL-Purdue.zip,UL-Purdue/UL-PUR_R20-NA7_18650_NCA_23C_2.5-96.5_0.5-0.5C_g_cycle_data.csv,UL-PUR_R20-NA7_18650_NCA_23C_2.5-96.5_0.5-0.5C_g_cycle_data.csv,schema_63d0cb98b657,Discharge_Energy (Wh),discharge_energy_wh,10,float64,50,0,"[""9.433"", ""9.428"", ""9.421"", ""9.422"", ""9.431""]",Wh,discharge_energy,high,explicit discharge energy column
UL-Purdue.zip,UL-Purdue/UL-PUR_R20-NA8_18650_NCA_23C_2.5-96.5_0.5-0.5C_h_cycle_data.csv,UL-PUR_R20-NA8_18650_NCA_23C_2.5-96.5_0.5-0.5C_h_cycle_data.csv,schema_63d0cb98b657,Cycle_Index,cycle_index,1,float64,50,0,"[""1.0"", ""2.0"", ""3.0"", ""4.0"", ""5.0""]",unknown,cycle_index,high,explicit cycle index/name
UL-Purdue.zip,UL-Purdue/UL-PUR_R20-NA8_18650_NCA_23C_2.5-96.5_0.5-0.5C_h_cycle_data.csv,UL-PUR_R20-NA8_18650_NCA_23C_2.5-96.5_0.5-0.5C_h_cycle_data.csv,schema_63d0cb98b657,Test_Time (s),test_time_s,2,float64,50,0,"[""63530.021"", ""79048.845"", ""94590.193"", ""110134.903"", ""125681.548""]",s,elapsed_time,high,explicit elapsed/test time column
UL-Purdue.zip,UL-Purdue/UL-PUR_R20-NA8_18650_NCA_23C_2.5-96.5_0.5-0.5C_h_cycle_data.csv,UL-PUR_R20-NA8_18650_NCA_23C_2.5-96.5_0.5-0.5C_h_cycle_data.csv,schema_63d0cb98b657,Min_Current (A),min_current_a,3,float64,50,0,"[""-1.599"", ""-1.6""]",A,unknown,none,"observed electrical measurement, not a requested mapping target"
UL-Purdue.zip,UL-Purdue/UL-PUR_R20-NA8_18650_NCA_23C_2.5-96.5_0.5-0.5C_h_cycle_data.csv,UL-PUR_R20-NA8_18650_NCA_23C_2.5-96.5_0.5-0.5C_h_cycle_data.csv,schema_63d0cb98b657,Max_Current (A),max_current_a,4,float64,50,0,"[""1.6""]",A,unknown,none,"observed electrical measurement, not a requested mapping target"
UL-Purdue.zip,UL-Purdue/UL-PUR_R20-NA8_18650_NCA_23C_2.5-96.5_0.5-0.5C_h_cycle_data.csv,UL-PUR_R20-NA8_18650_NCA_23C_2.5-96.5_0.5-0.5C_h_cycle_data.csv,schema_63d0cb98b657,Min_Voltage (V),min_voltage_v,5,float64,50,0,"[""2.9"", ""2.896"", ""2.899""]",V,unknown,none,"observed electrical measurement, not a requested mapping target"
UL-Purdue.zip,UL-Purdue/UL-PUR_R20-NA8_18650_NCA_23C_2.5-96.5_0.5-0.5C_h_cycle_data.csv,UL-PUR_R20-NA8_18650_NCA_23C_2.5-96.5_0.5-0.5C_h_cycle_data.csv,schema_63d0cb98b657,Max_Voltage (V),max_voltage_v,6,float64,50,0,"[""4.163"", ""4.0""]",V,unknown,none,"observed electrical measurement, not a requested mapping target"
UL-Purdue.zip,UL-Purdue/UL-PUR_R20-NA8_18650_NCA_23C_2.5-96.5_0.5-0.5C_h_cycle_data.csv,UL-PUR_R20-NA8_18650_NCA_23C_2.5-96.5_0.5-0.5C_h_cycle_data.csv,schema_63d0cb98b657,Charge_Capacity (Ah),charge_capacity_ah,7,float64,50,0,"[""0.02"", ""2.587"", ""2.58"", ""2.574"", ""2.572""]",Ah,charge_capacity,high,explicit charge capacity column
UL-Purdue.zip,UL-Purdue/UL-PUR_R20-NA8_18650_NCA_23C_2.5-96.5_0.5-0.5C_h_cycle_data.csv,UL-PUR_R20-NA8_18650_NCA_23C_2.5-96.5_0.5-0.5C_h_cycle_data.csv,schema_63d0cb98b657,Discharge_Capacity (Ah),discharge_capacity_ah,8,float64,50,0,"[""3.124"", ""2.584"", ""2.577"", ""2.574"", ""2.575""]",Ah,discharge_capacity,high,explicit discharge capacity column
UL-Purdue.zip,UL-Purdue/UL-PUR_R20-NA8_18650_NCA_23C_2.5-96.5_0.5-0.5C_h_cycle_data.csv,UL-PUR_R20-NA8_18650_NCA_23C_2.5-96.5_0.5-0.5C_h_cycle_data.csv,schema_63d0cb98b657,Charge_Energy (Wh),charge_energy_wh,9,float64,50,0,"[""0.083"", ""9.804"", ""9.778"", ""9.759"", ""9.751""]",Wh,charge_energy,high,explicit charge energy column
UL-Purdue.zip,UL-Purdue/UL-PUR_R20-NA8_18650_NCA_23C_2.5-96.5_0.5-0.5C_h_cycle_data.csv,UL-PUR_R20-NA8_18650_NCA_23C_2.5-96.5_0.5-0.5C_h_cycle_data.csv,schema_63d0cb98b657,Discharge_Energy (Wh),discharge_energy_wh,10,float64,50,0,"[""11.109"", ""9.026"", ""8.999"", ""8.986"", ""8.992""]",Wh,discharge_energy,high,explicit discharge energy column
UL-Purdue.zip,UL-Purdue/UL-PUR_R20-NA9_18650_NCA_23C_2.5-96.5_0.5-0.5C_i_cycle_data.csv,UL-PUR_R20-NA9_18650_NCA_23C_2.5-96.5_0.5-0.5C_i_cycle_data.csv,schema_63d0cb98b657,Cycle_Index,cycle_index,1,float64,50,0,"[""1.0"", ""2.0"", ""3.0"", ""4.0"", ""5.0""]",unknown,cycle_index,high,explicit cycle index/name
UL-Purdue.zip,UL-Purdue/UL-PUR_R20-NA9_18650_NCA_23C_2.5-96.5_0.5-0.5C_i_cycle_data.csv,UL-PUR_R20-NA9_18650_NCA_23C_2.5-96.5_0.5-0.5C_i_cycle_data.csv,schema_63d0cb98b657,Test_Time (s),test_time_s,2,float64,50,0,"[""63364.095"", ""78727.222"", ""94082.432"", ""103746.435"", ""119137.008""]",s,elapsed_time,high,explicit elapsed/test time column
UL-Purdue.zip,UL-Purdue/UL-PUR_R20-NA9_18650_NCA_23C_2.5-96.5_0.5-0.5C_i_cycle_data.csv,UL-PUR_R20-NA9_18650_NCA_23C_2.5-96.5_0.5-0.5C_i_cycle_data.csv,schema_63d0cb98b657,Min_Current (A),min_current_a,3,float64,50,0,"[""-1.61"", ""-1.6"", ""-1.601""]",A,unknown,none,"observed electrical measurement, not a requested mapping target"
UL-Purdue.zip,UL-Purdue/UL-PUR_R20-NA9_18650_NCA_23C_2.5-96.5_0.5-0.5C_i_cycle_data.csv,UL-PUR_R20-NA9_18650_NCA_23C_2.5-96.5_0.5-0.5C_i_cycle_data.csv,schema_63d0cb98b657,Max_Current (A),max_current_a,4,float64,50,0,"[""1.599"", ""1.6""]",A,unknown,none,"observed electrical measurement, not a requested mapping target"
UL-Purdue.zip,UL-Purdue/UL-PUR_R20-NA9_18650_NCA_23C_2.5-96.5_0.5-0.5C_i_cycle_data.csv,UL-PUR_R20-NA9_18650_NCA_23C_2.5-96.5_0.5-0.5C_i_cycle_data.csv,schema_63d0cb98b657,Min_Voltage (V),min_voltage_v,5,float64,50,0,"[""2.9""]",V,unknown,none,"observed electrical measurement, not a requested mapping target"
UL-Purdue.zip,UL-Purdue/UL-PUR_R20-NA9_18650_NCA_23C_2.5-96.5_0.5-0.5C_i_cycle_data.csv,UL-PUR_R20-NA9_18650_NCA_23C_2.5-96.5_0.5-0.5C_i_cycle_data.csv,schema_63d0cb98b657,Max_Voltage (V),max_voltage_v,6,float64,50,0,"[""4.164"", ""4.0""]",V,unknown,none,"observed electrical measurement, not a requested mapping target"
UL-Purdue.zip,UL-Purdue/UL-PUR_R20-NA9_18650_NCA_23C_2.5-96.5_0.5-0.5C_i_cycle_data.csv,UL-PUR_R20-NA9_18650_NCA_23C_2.5-96.5_0.5-0.5C_i_cycle_data.csv,schema_63d0cb98b657,Charge_Capacity (Ah),charge_capacity_ah,7,float64,50,0,"[""0.002"", ""2.549"", ""2.532"", ""2.014"", ""2.522""]",Ah,charge_capacity,high,explicit charge capacity column
UL-Purdue.zip,UL-Purdue/UL-PUR_R20-NA9_18650_NCA_23C_2.5-96.5_0.5-0.5C_i_cycle_data.csv,UL-PUR_R20-NA9_18650_NCA_23C_2.5-96.5_0.5-0.5C_i_cycle_data.csv,schema_63d0cb98b657,Discharge_Capacity (Ah),discharge_capacity_ah,8,float64,50,0,"[""3.088"", ""2.534"", ""2.525"", ""2.013"", ""2.521""]",Ah,discharge_capacity,high,explicit discharge capacity column
UL-Purdue.zip,UL-Purdue/UL-PUR_R20-NA9_18650_NCA_23C_2.5-96.5_0.5-0.5C_i_cycle_data.csv,UL-PUR_R20-NA9_18650_NCA_23C_2.5-96.5_0.5-0.5C_i_cycle_data.csv,schema_63d0cb98b657,Charge_Energy (Wh),charge_energy_wh,9,float64,50,0,"[""0.008"", ""9.67"", ""9.607"", ""7.541"", ""9.572""]",Wh,charge_energy,high,explicit charge energy column
UL-Purdue.zip,UL-Purdue/UL-PUR_R20-NA9_18650_NCA_23C_2.5-96.5_0.5-0.5C_i_cycle_data.csv,UL-PUR_R20-NA9_18650_NCA_23C_2.5-96.5_0.5-0.5C_i_cycle_data.csv,schema_63d0cb98b657,Discharge_Energy (Wh),discharge_energy_wh,10,float64,50,0,"[""10.987"", ""8.856"", ""8.822"", ""6.902"", ""8.807""]",Wh,discharge_energy,high,explicit discharge energy column
UL-Purdue.zip,UL-Purdue/UL-PUR_R20-OV1_18650_NCA_23C_2.5-96.5_0.5-0.5C_a_cycle_data.csv,UL-PUR_R20-OV1_18650_NCA_23C_2.5-96.5_0.5-0.5C_a_cycle_data.csv,schema_63d0cb98b657,Cycle_Index,cycle_index,1,float64,50,0,"[""1.0"", ""2.0"", ""3.0"", ""4.0"", ""5.0""]",unknown,cycle_index,high,explicit cycle index/name
UL-Purdue.zip,UL-Purdue/UL-PUR_R20-OV1_18650_NCA_23C_2.5-96.5_0.5-0.5C_a_cycle_data.csv,UL-PUR_R20-OV1_18650_NCA_23C_2.5-96.5_0.5-0.5C_a_cycle_data.csv,schema_63d0cb98b657,Test_Time (s),test_time_s,2,float64,50,0,"[""9263.67"", ""26717.693"", ""44045.527"", ""61349.242"", ""78589.084""]",s,elapsed_time,high,explicit elapsed/test time column
UL-Purdue.zip,UL-Purdue/UL-PUR_R20-OV1_18650_NCA_23C_2.5-96.5_0.5-0.5C_a_cycle_data.csv,UL-PUR_R20-OV1_18650_NCA_23C_2.5-96.5_0.5-0.5C_a_cycle_data.csv,schema_63d0cb98b657,Min_Current (A),min_current_a,3,float64,50,0,"[""-1.6""]",A,unknown,none,"observed electrical measurement, not a requested mapping target"
UL-Purdue.zip,UL-Purdue/UL-PUR_R20-OV1_18650_NCA_23C_2.5-96.5_0.5-0.5C_a_cycle_data.csv,UL-PUR_R20-OV1_18650_NCA_23C_2.5-96.5_0.5-0.5C_a_cycle_data.csv,schema_63d0cb98b657,Max_Current (A),max_current_a,4,float64,50,0,"[""1.601""]",A,unknown,none,"observed electrical measurement, not a requested mapping target"
UL-Purdue.zip,UL-Purdue/UL-PUR_R20-OV1_18650_NCA_23C_2.5-96.5_0.5-0.5C_a_cycle_data.csv,UL-PUR_R20-OV1_18650_NCA_23C_2.5-96.5_0.5-0.5C_a_cycle_data.csv,schema_63d0cb98b657,Min_Voltage (V),min_voltage_v,5,float64,50,0,"[""2.9""]",V,unknown,none,"observed electrical measurement, not a requested mapping target"
UL-Purdue.zip,UL-Purdue/UL-PUR_R20-OV1_18650_NCA_23C_2.5-96.5_0.5-0.5C_a_cycle_data.csv,UL-PUR_R20-OV1_18650_NCA_23C_2.5-96.5_0.5-0.5C_a_cycle_data.csv,schema_63d0cb98b657,Max_Voltage (V),max_voltage_v,6,float64,50,0,"[""4.266"", ""4.0""]",V,unknown,none,"observed electrical measurement, not a requested mapping target"
UL-Purdue.zip,UL-Purdue/UL-PUR_R20-OV1_18650_NCA_23C_2.5-96.5_0.5-0.5C_a_cycle_data.csv,UL-PUR_R20-OV1_18650_NCA_23C_2.5-96.5_0.5-0.5C_a_cycle_data.csv,schema_63d0cb98b657,Charge_Capacity (Ah),charge_capacity_ah,7,float64,50,0,"[""0.008"", ""2.764"", ""2.744"", ""2.743"", ""2.742""]",Ah,charge_capacity,high,explicit charge capacity column
UL-Purdue.zip,UL-Purdue/UL-PUR_R20-OV1_18650_NCA_23C_2.5-96.5_0.5-0.5C_a_cycle_data.csv,UL-PUR_R20-OV1_18650_NCA_23C_2.5-96.5_0.5-0.5C_a_cycle_data.csv,schema_63d0cb98b657,Discharge_Capacity (Ah),discharge_capacity_ah,8,float64,50,0,"[""3.326"", ""2.742"", ""2.739"", ""2.741"", ""2.74""]",Ah,discharge_capacity,high,explicit discharge capacity column
UL-Purdue.zip,UL-Purdue/UL-PUR_R20-OV1_18650_NCA_23C_2.5-96.5_0.5-0.5C_a_cycle_data.csv,UL-PUR_R20-OV1_18650_NCA_23C_2.5-96.5_0.5-0.5C_a_cycle_data.csv,schema_63d0cb98b657,Charge_Energy (Wh),charge_energy_wh,9,float64,50,0,"[""0.017"", ""10.431"", ""10.345"", ""10.344"", ""10.34""]",Wh,charge_energy,high,explicit charge energy column
UL-Purdue.zip,UL-Purdue/UL-PUR_R20-OV1_18650_NCA_23C_2.5-96.5_0.5-0.5C_a_cycle_data.csv,UL-PUR_R20-OV1_18650_NCA_23C_2.5-96.5_0.5-0.5C_a_cycle_data.csv,schema_63d0cb98b657,Discharge_Energy (Wh),discharge_energy_wh,10,float64,50,0,"[""11.731"", ""9.482"", ""9.478"", ""9.47"", ""9.469""]",Wh,discharge_energy,high,explicit discharge energy column
