battery_id,cycle_index,ambient_temperature_c,discharge_capacity_ah,reference_capacity_ah,reference_capacity_method,capacity_retention_percent,retention_quality_flag,internal_resistance_ohm,failed,source_filename,uid,test_id,discharge_duration_s,voltage_mean_v,voltage_min_v,voltage_max_v,current_mean_a,current_min_a,current_max_a,temperature_mean_c,temperature_min_c,temperature_max_c,temperature_rise_c,raw_sample_count,feature_extraction_status
B0005,1,24,1.8564874208181568,1.835349194223408,first_n_median,101.15172778353458,normal,,0,05122.csv,5122,1,3690.234,3.5298286688693397,2.612467347907089,4.191491807505295,-1.8187019641679727,-2.0180146876333027,0.0007285852728454,32.572328114029,24.325993424022467,38.98218133148803,14.656187907465561,197,ok
B0005,2,24,1.846327249719927,1.835349194223408,first_n_median,100.59814533011328,normal,,0,05124.csv,5124,3,3672.344,3.5373201277859714,2.587208728940726,4.189773213846608,-1.8175598506612867,-2.016820542901454,0.0029274033590803,32.72523522519307,24.685948163596,39.03339796678704,14.347449803191044,196,ok
B0005,3,24,1.835349194223408,1.835349194223408,first_n_median,100.0,normal,,0,05126.csv,5126,5,3651.641,3.5437367282719,2.65191689384378,4.188186735991303,-1.8164865418840956,-2.016573862170142,0.001483676365228,32.64286193755933,24.7342661639544,38.81879668981741,14.084530525863013,195,ok
B0005,4,24,1.8352625275821128,1.835349194223408,first_n_median,99.99527792086823,normal,,0,05128.csv,5128,7,3631.563,3.5436661072601456,2.592947964776547,4.188461118855572,-1.8255891938692528,-2.0159359571668354,0.0015470119527235,32.51487646204882,24.65224374129252,38.7623045063458,14.11006076505328,194,ok
B0005,5,24,1.8346455082120416,1.835349194223408,first_n_median,99.9616592845884,normal,,0,05130.csv,5130,9,3629.172,3.5423432526672167,2.547419651124539,4.188298524761055,-1.8261139590277584,-2.017425579158831,0.0017014548245034,32.38234901543077,24.518700434435164,38.66539257343368,14.146692138998514,194,ok
B0005,6,24,1.8356616600675493,1.835349194223408,first_n_median,100.01702487162252,normal,,0,05132.csv,5132,11,3652.281,3.5413347346347575,2.5209480504077413,4.188815807948604,-1.8168108743168805,-2.0162347618032066,0.0024899497555445,32.43418218230641,24.51442664842638,38.75169504640032,14.237268397973942,195,ok
B0005,7,24,1.8351461429226603,1.835349194223408,first_n_median,99.9889366393389,normal,,0,05134.csv,5134,13,3650.828,3.5410250495075215,2.487927319492314,4.18839163793879,-1.816791144707133,-2.01583310669507,0.0023142958827398,32.480416444757985,24.575581239008407,38.8207012322275,14.245119993219092,195,ok
B0005,8,24,1.8257567905665533,1.835349194223408,first_n_median,99.47735266471112,normal,,0,05136.csv,5136,15,3572.453,3.554133296801584,2.665204904745877,4.188927891511958,-1.8443412120754061,-2.0166395518034546,0.0022276160569156,32.41046186109587,24.71132429046902,38.51713023385634,13.805805943387323,191,ok
B0005,9,24,1.8247738529891333,1.835349194223408,first_n_median,99.42379677570024,normal,,0,05138.csv,5138,17,3550.594,3.5529355991467955,2.603858472633368,4.189029250882121,-1.853972745505648,-2.018357230695621,0.0054010283210214,32.3461408313,24.628487294051176,38.526267904657,13.897780610605821,190,ok
B0005,10,24,1.824613268496936,1.835349194223408,first_n_median,99.41504724222168,normal,,0,05140.csv,5140,19,3551.25,3.5512057319376997,2.552853984885676,4.189223427076418,-1.853589933851096,-2.016071837814984,0.0030191479674457,32.27679750791685,24.561560340089137,38.52698128472781,13.965420944638673,190,ok
B0005,11,24,1.8246195526864504,1.835349194223408,first_n_median,99.41538963970844,normal,,0,05142.csv,5142,21,3530.25,3.549292319740949,2.472448301852732,4.188916055911241,-1.863380178294828,-2.0160713863396573,0.0026264001899385,32.15709350345252,24.43128509546442,38.54143406601644,14.110148970552022,189,ok
B0005,12,24,1.814201935767392,1.835349194223408,first_n_median,98.8477801105874,normal,,0,05145.csv,5145,24,3491.016,3.559759220648976,2.64956413267546,4.189876247266316,-1.8729688102878943,-2.016851865845563,0.0023645237017673,32.36407129853099,24.74037188089418,38.52197451768004,13.781602636785863,187,ok
B0005,13,24,1.8137521577549047,1.835349194223408,first_n_median,98.8232737107207,normal,,0,05147.csv,5147,26,3470.281,3.558081969139198,2.5724981777366227,4.189286794768804,-1.8826095043160835,-2.016393908986775,0.001858378552761,32.3181954403762,24.733107699311518,38.582485834057856,13.849378134746338,186,ok
B0005,14,24,1.8134404914735824,1.835349194223408,first_n_median,98.80629240371364,normal,,0,05149.csv,5149,28,3470.0,3.555692244172496,2.5249886697730286,4.188837765892728,-1.8825367876363654,-2.0158117255163046,0.0022664654273509,32.15709029211502,24.44798340505406,38.52029413487392,14.072310729819861,186,ok
B0005,15,24,1.8025980036306504,1.835349194223408,first_n_median,98.21553355100822,normal,,0,05151.csv,5151,30,3450.297,3.562746818017503,2.694621861688723,4.189110301768517,-1.8817935155260215,-2.0193509920362724,0.0013199464372558,32.044070003146096,24.46309712112356,38.21358592965045,13.750488808526889,185,ok
B0005,16,24,1.80210690024615,1.835349194223408,first_n_median,98.18877551575008,normal,,0,05153.csv,5153,32,3429.407,3.5614521756489204,2.64010141737067,4.18921207304098,-1.8921861285036712,-2.0164420273602586,0.0030782527761262,31.931593674911532,24.32051139249706,38.1983618706913,13.87785047819424,184,ok
B0005,17,24,1.802579500826209,1.835349194223408,first_n_median,98.21452541563544,normal,,0,05155.csv,5155,34,3409.484,3.5603420474985823,2.573903509838096,4.188899969428112,-1.9027629207037406,-2.016465255161054,0.00090184864654,31.941655359029298,24.357321702352365,38.31926916027133,13.961947457918967,183,ok
B0005,18,24,1.8030683142834096,1.835349194223408,first_n_median,98.24115868295802,normal,,0,05157.csv,5157,36,3390.422,3.5591189041401865,2.4942396831720126,4.188779799856791,-1.9133470605822436,-2.0181069603406625,-0.0004481239748701,31.965008645476725,24.382419922756025,38.4787542519308,14.096334329174777,182,ok
B0005,19,24,1.802777624719604,1.835349194223408,first_n_median,98.22532030382447,normal,,0,05159.csv,5159,38,3390.281,3.557886771846508,2.4556793246645583,4.189272591516219,-1.9131602105481538,-2.0170254305215485,0.0023375587090041,31.966241678512723,24.355030419469987,38.54659017774874,14.191559758278753,182,ok
B0005,20,24,1.8470259949329195,1.835349194223408,first_n_median,100.63621684343576,normal,,0,05162.csv,5162,41,3591.734,3.5520375235511907,2.632142800798914,4.187614060563439,-1.8553455745575975,-2.01684718332263,0.0059551658046401,32.37143341978575,24.54942444728521,38.44749852224995,13.89807407496474,192,ok
B0005,21,24,1.847417311283644,1.835349194223408,first_n_median,100.65753792783518,normal,,0,05166.csv,5166,45,3552.297,3.5525668436897124,2.5027764692056795,4.187628781108399,-1.8746995273150975,-2.016190951623346,0.0016182635202416,32.70024990461686,24.917503693363493,38.992275791716615,14.074772098353122,190,ok
B0005,22,24,1.8361774213478947,1.835349194223408,first_n_median,100.04512640575938,normal,,0,05170.csv,5170,49,3531.578,3.5567940383270398,2.617507742871704,4.187447226312926,-1.8738272127883846,-2.016760348146938,0.0025192157843694,32.32266411829938,24.56596639952811,38.51424197364312,13.948275574115005,189,ok
B0005,23,24,1.825780747577624,1.835349194223408,first_n_median,99.47865797550136,normal,,0,05174.csv,5174,53,3492.907,3.5614100044534203,2.694074478000972,4.187344026387161,-1.883193546754683,-2.0160230713598764,0.0037933120349866,31.98795810666763,24.21658146702539,38.165816144899125,13.949234677873736,187,ok
B0005,24,24,1.8251136435078368,1.835349194223408,first_n_median,99.44231044709169,normal,,0,05178.csv,5178,57,3511.594,3.5566107947817986,2.6237674644021887,4.187438187636325,-1.873239184822504,-2.01719076462715,0.0034388887386759,31.894456524691385,24.05499065781757,38.16526203587147,14.110271378053902,188,ok
B0005,25,24,1.825581504220376,1.835349194223408,first_n_median,99.46780209271483,normal,,0,05182.csv,5182,61,3431.9370000000054,3.5586742170266272,2.5010798299873738,4.18774138117799,-1.9139593751505897,-2.016114862565665,0.0012614422239159,31.78039681801023,24.024851602995685,38.27549578575718,14.250644182761494,184,ok
B0005,26,24,1.814031127508391,1.835349194223408,first_n_median,98.83847352960878,normal,,0,05186.csv,5186,65,3431.125,3.564103182686904,2.68499881852498,4.188261122540052,-1.9030532722310995,-2.016863630474281,0.0031353992245556,31.688747146342205,23.93622764909489,37.98216079918311,14.045933150088224,184,ok
B0005,27,24,1.8147691941158937,1.835349194223408,first_n_median,98.87868749051744,normal,,0,05190.csv,5190,69,3412.406,3.559588063594272,2.547109116468133,4.187338767288234,-1.9134590742247914,-2.024643671910137,0.0011043615738374,31.596747992569153,23.811534187517506,38.11100191887773,14.299467731360227,183,ok
B0005,28,24,1.813969388710352,1.835349194223408,first_n_median,98.8351096575874,normal,,0,05194.csv,5194,73,3410.688,3.556833231052199,2.471314764334132,4.187560306288175,-1.9136209099025532,-2.017291134571006,-3.060676830687782e-05,31.565586498787077,23.754765330883423,38.18831137948753,14.433546048604107,183,ok
B0005,29,24,1.802765665167823,1.835349194223408,first_n_median,98.224668681135,normal,,0,05198.csv,5198,77,3410.718,3.5624410850948944,2.6613903306108773,4.18805176248713,-1.9025819745719061,-2.01713712589233,0.0037901043107805,31.59124667045208,23.79410930748377,37.99854111908584,14.204431811602074,183,ok
B0005,30,24,1.804077040117352,1.835349194223408,first_n_median,98.29611965916448,normal,,0,05202.csv,5202,81,3392.719,3.5591407106855666,2.541762355407921,4.187667484260542,-1.9130621638638965,-2.015946028510057,0.0006901740069088,31.603485399391182,23.80130098691845,38.194201649765226,14.392900662846777,182,ok
B0005,31,24,1.8518025516704488,1.835349194223408,first_n_median,100.89647013760792,normal,,0,05206.csv,5206,85,3470.672,3.5573161327793144,2.628919415830567,4.2010701773378685,-1.920618117118412,-2.0167372379007014,0.0008475435827522,31.91556385491565,23.78129749955371,38.45796400011448,14.67666650056077,371,ok
B0005,32,24,1.8307038456739428,1.835349194223408,first_n_median,99.7468956553834,normal,,0,05210.csv,5210,89,3414.109,3.561870782772737,2.6312552691827045,4.1996223345495824,-1.9298830859597569,-2.0183057226929555,0.0011650883880798,32.081128118597164,24.2036410699716,38.49126351534004,14.287622445368438,365,ok
B0005,33,24,1.8199041089501269,1.835349194223408,first_n_median,99.1584661206765,normal,,0,05214.csv,5214,93,3395.219,3.5617586337260088,2.654880745360911,4.199853323702163,-1.9293005284805407,-2.016579511976592,0.0019472390588109,31.849792632896243,24.00078927251757,38.31473393357882,14.313944661061253,363,ok
B0005,34,24,1.809307963702852,1.835349194223408,first_n_median,98.58112937840284,normal,,0,05218.csv,5218,97,3386.0,3.5597307651083123,2.6749688422803803,4.199103467081427,-1.923330987770314,-2.0193879194408373,0.0018372947715281,31.465690433362017,23.53999092882516,37.861934640176806,14.321943711351647,362,ok
B0005,35,24,1.80460990458052,1.835349194223408,first_n_median,98.3251530695283,normal,,0,05222.csv,5222,101,3368.187,3.5575937553540915,2.6159705726789904,4.199998536865001,-1.9284469980320087,-2.015814483813837,0.0074961910680886,31.409348956650316,23.56609574757256,37.90665575786083,14.340560010288272,360,ok
B0005,36,24,1.7993770651972192,1.835349194223408,first_n_median,98.04003896700378,normal,,0,05226.csv,5226,105,3368.266,3.5597237883937995,2.658447162110498,4.19967522099872,-1.9231439161693824,-2.019901495893039,0.0013923748862999,31.902247475518077,23.9730227457941,38.34003238560517,14.36700963981107,360,ok
B0005,37,24,1.7884432335370462,1.835349194223408,first_n_median,97.444303196689,normal,,0,05230.csv,5230,109,3358.719,3.559061771422033,2.697942608427116,4.1991847248803165,-1.9170149640438081,-2.016522387288751,0.0025753372180031,31.649024294808623,23.755161868961988,38.0745950590744,14.31943319011241,359,ok
B0005,38,24,1.7829230484252725,1.835349194223408,first_n_median,97.14353290571944,normal,,0,05234.csv,5234,113,3339.5,3.557015527748059,2.6617272246516333,4.200012480335,-1.922048805055383,-2.017112121704317,0.0011747056452339,31.48874626238971,23.51454265913581,38.07252758016199,14.55798492102618,357,ok
B0005,39,24,1.7730337158018288,1.835349194223408,first_n_median,96.60470723403964,normal,,0,05238.csv,5238,117,3331.265,3.5562481933590964,2.699288287625812,4.1992373656547874,-1.9162302821549881,-2.018009988339822,0.0023816748049826,31.329995610092634,23.27146353182613,37.80133585100446,14.529872319178331,356,ok
B0005,40,24,1.773037755078937,1.835349194223408,first_n_median,96.60492731625185,normal,,0,05242.csv,5242,121,3321.188,3.5532756526091784,2.612793240883853,4.199395781118708,-1.9220800182578983,-2.017724236336294,0.0021374370347549,31.569551201845574,23.439367870877128,38.39873985476869,14.959371983891565,355,ok
B0005,41,24,1.7678721106662054,1.835349194223408,first_n_median,96.32347436827932,normal,,0,05246.csv,5246,125,3321.844,3.556266431640255,2.6637064901468075,4.199578698026071,-1.9162417890311958,-2.016792488625222,0.0015198619580386,32.111426258867944,24.020578317587123,38.74929237918251,14.72871406159539,355,ok
B0005,42,24,1.762315070409309,1.835349194223408,first_n_median,96.020696004664,normal,,0,05250.csv,5250,129,3311.828,3.5563095420140822,2.6668454289754746,4.199546957512695,-1.9158809823517762,-2.017255132631586,0.0018244735178706,32.271676011112376,24.256086319320037,38.87275464755104,14.616668328231004,354,ok
B0005,43,24,1.7676172924938447,1.835349194223408,first_n_median,96.3095904614368,normal,,0,05254.csv,5254,133,3327.391,3.558950851054106,2.684431051981017,4.194091469340824,-1.9114406265753041,-2.0159457514475405,0.0005228307091433,31.842291659678658,23.99270220171187,38.503541429116005,14.510839227404134,179,ok
B0005,44,24,1.762668359743147,1.835349194223408,first_n_median,96.0399451663467,normal,,0,05256.csv,5256,135,3312.078,3.5534418211598053,2.645224362345869,4.200715235801255,-1.9158166997544155,-2.021877555086194,0.0024271068866283,31.759815453754253,23.826487051861594,38.27009094548294,14.443603893621347,354,ok
B0005,45,24,1.7517304870664143,1.835349194223408,first_n_median,95.44398921904477,normal,,0,05260.csv,5260,139,3293.172,3.5510121537420285,2.6603527244917,4.1990980807180325,-1.9151304155635374,-2.0169903181968984,0.0006158711833322,31.41911167391793,23.348558306380397,38.11684755251712,14.768289246136725,352,ok
B0005,46,24,1.7418496047960008,1.835349194223408,first_n_median,94.90562396945016,normal,,0,05264.csv,5264,143,3275.328,3.551317608213949,2.6926849789916263,4.199398534411534,-1.9148485784393638,-2.016185456554963,0.0008035192993614,31.331626572312267,23.23621418856597,38.04152715355532,14.805312964989351,350,ok
B0005,47,24,1.7360913511847138,1.835349194223408,first_n_median,94.59188238668158,normal,,0,05268.csv,5268,147,3265.016,3.549003180550162,2.670544734728978,4.199122915612965,-1.9144128654409127,-2.0170647431651068,0.0014889451776809,31.35934131425137,23.214801785728056,38.17980302242767,14.965001236699614,349,ok
B0005,48,24,1.7936240148573608,1.835349194223408,first_n_median,97.72658088731164,normal,,0,05270.csv,5270,149,3328.937,3.5597648340955175,2.605158060541757,4.190409478081396,-1.9388813849818083,-2.0168134548386294,0.0024931147123922,34.31088483888259,26.647373946169797,40.71218198711114,14.06480804094134,356,ok
B0005,49,24,1.7831890223273277,1.835349194223408,first_n_median,97.15802463856744,normal,,0,05274.csv,5274,153,3329.266,3.5623454342368555,2.672012007453096,4.199933846791869,-1.927509725704535,-2.0165540953857675,0.0028589701045215,33.43585640373787,25.69911743242072,39.88526123315293,14.18614380073221,356,ok
B0005,50,24,1.7673642076278957,1.835349194223408,first_n_median,96.29580099473776,normal,,0,05278.csv,5278,157,3301.579,3.558336657621618,2.674271233724938,4.199365021329158,-1.9267185977839403,-2.022483480851903,0.0012369720338688,32.66698125020078,24.83328108182313,39.18287352945846,14.349592447635331,353,ok
B0005,51,24,1.7570177850353066,1.835349194223408,first_n_median,95.73207052725212,normal,,0,05282.csv,5282,161,3283.563,3.5540131386228695,2.6309416727017187,4.19902365945384,-1.9261308349663746,-2.016804145903712,0.0027115029184951,32.28423408691397,24.361616832363048,38.95156480403077,14.58994797166772,351,ok
B0005,52,24,1.7468706179837907,1.835349194223408,first_n_median,95.17919660639538,normal,,0,05286.csv,5286,165,3275.125,3.552376095886298,2.6629725743154204,4.199432142144215,-1.9202346781375206,-2.0172800396238526,0.0031272458314235,32.00739178780946,24.019157444608588,38.607510759873634,14.588353315265046,350,ok
B0005,53,24,1.7417172507457144,1.835349194223408,first_n_median,94.89841258696757,normal,,0,05290.csv,5290,169,3265.656,3.549618661283733,2.612942119873717,4.199640922827531,-1.9201011498853633,-2.0159193745006387,0.0012894534058489,32.06387071886056,24.00664649428476,38.920359903369054,14.913713409084295,349,ok
B0005,54,24,1.7364225056478186,1.835349194223408,first_n_median,94.60992551788226,normal,,0,05294.csv,5294,173,3266.093,3.54938103086703,2.615719844266148,4.199305653118061,-1.914427810545647,-2.020605919573001,0.0010352326876111,32.43754560319043,24.328038456694348,39.23273115358871,14.904692696894362,349,ok
B0005,55,24,1.7263217239235826,1.835349194223408,first_n_median,94.05957892683423,normal,,0,05298.csv,5298,177,3257.594,3.5472118680418956,2.6287695472774453,4.198949734540481,-1.9083407065035893,-2.017554048083073,0.0021414406216503,32.16809876635083,24.121591093765637,38.9649270684008,14.84333597463516,348,ok
B0005,56,24,1.7158065389330133,1.835349194223408,first_n_median,93.48665334822148,normal,,0,05302.csv,5302,181,3248.593,3.5467052098640246,2.6655106679421823,4.19834220599025,-1.902207182631691,-2.016416703030436,0.0017702200905978,32.05752645824972,23.971565610462942,38.83927283461771,14.867707224154767,347,ok
B0005,57,24,1.710533351135192,1.835349194223408,first_n_median,93.1993408403664,normal,,0,05306.csv,5306,185,3238.766,3.544629653883431,2.650495153350403,4.198995776266302,-1.9020484449938708,-2.0170229987437884,0.0014307662327893,31.97592092807272,23.83541998401671,38.82796377704433,14.992543793027622,346,ok
B0005,58,24,1.706014499648521,1.835349194223408,first_n_median,92.95312875708034,normal,,0,05310.csv,5310,189,3240.14,3.5436291614253204,2.643236235233877,4.19916986492694,-1.8964907679062355,-2.016783933430818,0.0049011998067657,32.21689335291319,23.956923878018035,39.14007944734004,15.183155569322007,346,ok
B0005,59,24,1.7003110272642588,1.835349194223408,first_n_median,92.64237195928877,normal,,0,05314.csv,5314,193,3230.109,3.5444946147995258,2.656450207001938,4.199246833083063,-1.895971437908019,-2.0199829306240717,0.0017964242690772,32.55632993697177,24.465118009505925,39.349611598028886,14.884493588522961,345,ok
B0005,60,24,1.6945798601797897,1.835349194223408,first_n_median,92.3301062006796,normal,,0,05318.csv,5318,197,3229.7810000000027,3.5409201846556857,2.626177688152069,4.19925518864016,-1.8899648799839277,-2.016448312230377,0.0048990136261112,32.40048085325998,24.267851748683743,39.29444535878087,15.026593610097127,345,ok
B0005,61,24,1.6849029086609286,1.835349194223408,first_n_median,91.80285222910196,normal,,0,05322.csv,5322,201,3212.469,3.541195668799061,2.6582230344240045,4.199610827671791,-1.8893703824420507,-2.026465491633473,0.0024344067431928,32.29371860868794,24.14386556947967,39.10487658009542,14.961011010615753,343,ok
B0005,62,24,1.6744741591159715,1.835349194223408,first_n_median,91.23463613279829,normal,,0,05326.csv,5326,205,3213.219,3.540671044783382,2.695100237338448,4.1994453812630566,-1.8776883243431417,-2.017330650607364,0.0014513205321675,32.136071448067796,23.93408558388468,39.0462609369598,15.112175353075116,343,ok
B0005,63,24,1.6745692479879102,1.835349194223408,first_n_median,91.23981710175164,normal,,0,05330.csv,5330,209,3203.578,3.5376048790268775,2.639091813583503,4.198991968341307,-1.8831065986697755,-2.02257876070347,0.0059339984616673,32.382685497234974,24.08059534182364,39.398032192832,15.31743685100836,342,ok
B0005,64,24,1.663716375981405,1.835349194223408,first_n_median,90.64849246224092,normal,,0,05334.csv,5334,213,3195.125,3.538422485261741,2.6857210282450983,4.197785116892181,-1.876359921441716,-2.0158674131052456,0.0034449440902895,32.30899951427638,24.428816535813286,39.10678394120843,14.67796740539514,341,ok
B0005,65,24,1.659013868748246,1.835349194223408,first_n_median,90.3922737956264,normal,,0,05336.csv,5336,215,3195.312999999994,3.53928626988912,2.69017866510873,4.201331130571617,-1.8709550260104437,-2.016878594815316,0.0012286208011475,32.56636929496717,24.3288116844709,39.44448954135193,15.115677856881028,341,ok
B0005,66,24,1.6538540573335014,1.835349194223408,first_n_median,90.11113866172468,normal,,0,05340.csv,5340,219,3186.297,3.533690170241391,2.639895313359579,4.199339974904826,-1.8705599868289542,-2.019019155129933,0.0006759557151863,32.46542951751835,24.124885387020974,39.509602016775695,15.38471662975472,340,ok
B0005,67,24,1.642653782130131,1.835349194223408,first_n_median,89.50088556990855,normal,,0,05344.csv,5344,223,3176.438,3.534367734544495,2.68991452927918,4.198916244859707,-1.8640049795794804,-2.0179820220655023,0.0017286665299136,32.347056454418095,23.980294072799666,39.33486536224533,15.354571289445666,339,ok
B0005,68,24,1.6378578430223698,1.835349194223408,first_n_median,89.23957621674263,normal,,0,05348.csv,5348,227,3167.593,3.5312941932103548,2.65935818848874,4.198537488587242,-1.8636932149873204,-2.0158401305926343,0.0008822013179447,32.37153894064616,23.969183667109306,39.43723270017243,15.468049033063124,338,ok
B0005,69,24,1.6327350407099108,1.835349194223408,first_n_median,88.96045754392644,normal,,0,05352.csv,5352,231,3167.719,3.5309134771684274,2.6657030585650423,4.198943932259475,-1.857820396301907,-2.0192083553177325,0.0032196054196979,32.45549347979197,24.037074564457946,39.51375235624076,15.476677791782812,338,ok
B0005,70,24,1.6277528915533617,1.835349194223408,first_n_median,88.6890024348807,normal,,0,05356.csv,5356,235,3159.077999999994,3.5287226893409893,2.642986759012803,4.199579806494986,-1.8572160981955346,-2.017754065523427,0.0023292227087573,32.50017194695606,24.074008046047823,39.60170302810528,15.527694982057454,337,ok
B0005,71,24,1.622125485521159,1.835349194223408,first_n_median,88.38239015369115,normal,,0,05360.csv,5360,239,3148.829,3.52625493581969,2.631116911889304,4.198782234828033,-1.8568340008006832,-2.016206764491147,0.0036382151418645,32.50100298369444,24.043536678896334,39.68746359758208,15.643926918685747,336,ok
B0005,72,24,1.6113256603765849,1.835349194223408,first_n_median,87.79395580133108,normal,,0,05364.csv,5364,243,3149.094,3.5286843243370045,2.696157404617167,4.19910517813207,-1.8448886500218815,-2.018425729441905,0.0024093430745418,32.4728927422438,24.007622451152475,39.53535075538898,15.527728304236508,336,ok
B0005,73,24,1.6065631397488385,1.835349194223408,first_n_median,87.53446727224159,normal,,0,05368.csv,5368,247,3140.547,3.525556939424901,2.6667596238241567,4.198510853141954,-1.8444180038305806,-2.0200094988659028,0.0018183081167425,32.50480154634882,23.99346277596251,39.6502371632164,15.656774387253893,335,ok
B0005,74,24,1.6015142233917594,1.835349194223408,first_n_median,87.25937431592732,normal,,0,05372.csv,5372,251,3131.625,3.5226805646793737,2.6403185448373043,4.198732430468704,-1.8438790389835118,-2.0160906793454063,0.002394554712978,32.51218336210202,23.977316018708777,39.69929058154853,15.721974562839755,334,ok
B0005,75,24,1.590369231400328,1.835349194223408,first_n_median,86.65213336000954,normal,,0,05376.csv,5376,255,3121.907,3.5246734587890085,2.69892986372897,4.198799630396931,-1.83711254029409,-2.017218805788003,0.0034591794789042,32.45692821941515,23.92726467831658,39.56076309770468,15.6334984193881,333,ok
B0005,76,24,1.5857889968242211,1.835349194223408,first_n_median,86.40257678567902,normal,,0,05380.csv,5380,259,3122.125,3.5213155754526824,2.6682466504352997,4.198753541225669,-1.8315957075983758,-2.017576881832417,0.0029115539788594,32.447059186431154,23.878754027011198,39.63708096307912,15.758326936067924,333,ok
B0005,77,24,1.5849430707374117,1.835349194223408,first_n_median,86.35648604232227,normal,,0,05384.csv,5384,263,3121.672,3.51803386486462,2.6479207279724903,4.200309982421394,-1.8311195242792309,-2.0163186530776205,0.0016912873756319,32.32889654966259,23.90454749592773,39.43977047692484,15.535222980997112,333,ok
B0005,78,24,1.5955263892495937,1.835349194223408,first_n_median,86.93312391295159,normal,,0,05386.csv,5386,265,3120.86,3.5236841955396794,2.6741633856529066,4.201124089732316,-1.8432799764914718,-2.016322017667326,0.0031344620126884,32.84488475360107,24.47294963967077,39.83902225625452,15.366072616583754,333,ok
B0005,79,24,1.5747301747801037,1.835349194223408,first_n_median,85.80003084625103,normal,,0,05390.csv,5390,269,3103.828,3.519146638240668,2.6892528956736257,4.198150316653697,-1.829798505957538,-2.016058383461316,0.0022149158304022,32.31731555011648,23.81400684876703,39.41794949618613,15.603942647419103,331,ok
B0005,80,24,1.5649019950937946,1.835349194223408,first_n_median,85.2645371256423,normal,,0,05394.csv,5394,273,3095.094,3.516233648608237,2.688809122993162,4.198524048997099,-1.8236746835609148,-2.0176016183677974,0.0026959062866318,32.06376130177751,23.405971076202263,39.262781682151214,15.85681060594895,330,ok
B0005,81,24,1.5597659473370362,1.835349194223408,first_n_median,84.98469676758273,normal,,0,05398.csv,5398,277,3095.781,3.514773138461639,2.6743555987897745,4.198840869468569,-1.8176720770210877,-2.018404141903304,0.0025925671672866,32.21997626855924,23.504268200620626,39.47237839941986,15.968110198799234,330,ok
B0005,82,24,1.5594815668184234,1.835349194223408,first_n_median,84.96920214021112,normal,,0,05402.csv,5402,281,3094.328,3.5132992979150073,2.6430294964336345,4.198119631667182,-1.8179238657973993,-2.016777852675889,0.0015197601976623,32.7120225448885,23.98624197921992,40.03754146951368,16.051299490293758,330,ok
B0005,83,24,1.55468935359061,1.835349194223408,first_n_median,84.70809579364249,normal,,0,05406.csv,5406,285,3086.531,3.514484830704665,2.6584858447131823,4.198320288264955,-1.817160673909645,-2.019500858990014,0.0053758117379334,32.945022147355694,24.332016492731967,40.14273016201157,15.8107136692796,329,ok
B0005,84,24,1.5488741079890418,1.835349194223408,first_n_median,84.39124897125735,normal,,0,05410.csv,5410,289,3085.625,3.5109677353595243,2.629782173759164,4.1980467610750285,-1.8110297241968543,-2.025028692484549,0.0012996959200754,32.857549597381336,24.210935532035016,40.1165626728546,15.905627140819583,329,ok
B0005,85,24,1.538236598942558,1.835349194223408,first_n_median,83.81165849986562,normal,,0,05414.csv,5414,293,3067.203,3.510935874957801,2.6622967647315545,4.199047008209673,-1.8094435644526072,-2.017188769565156,0.0036542472558787,32.629663328789654,24.000424305912805,39.87503330866132,15.874609002748517,327,ok
B0005,86,24,1.527914258251028,1.835349194223408,first_n_median,83.24924014786924,normal,,0,05418.csv,5418,297,3058.157,3.509393098217416,2.682380966742509,4.197669918520713,-1.8026537331443495,-2.0203529496154493,0.0013741929346254,32.379859014262976,23.66809609847637,39.61961987024145,15.951523771765082,326,ok
B0005,87,24,1.5285252629756445,1.835349194223408,first_n_median,83.28253107291717,normal,,0,05422.csv,5422,301,3058.812,3.5066782411556563,2.640189476892272,4.197600624105256,-1.8031542757366412,-2.016749317444538,0.0020536118932937,32.68215852457039,23.845674209557423,40.067324667444815,16.221650457887392,326,ok
B0005,88,24,1.522647325284378,1.835349194223408,first_n_median,82.96226843789563,normal,,0,05426.csv,5426,305,3058.578,3.5109885623008092,2.693769409137257,4.197985718630326,-1.7965666438696486,-2.016964364118414,0.0022338210190657,32.99387423636739,24.23969113753901,40.24716716520102,16.007476027662012,326,ok
B0005,89,24,1.5174859938489869,1.835349194223408,first_n_median,82.68105048484145,normal,,0,05430.csv,5430,309,3049.328,3.510305462695178,2.695787450704935,4.198164128530042,-1.7959771394311954,-2.017715447411052,0.0029663849324865,33.045397072111655,24.30453859448875,40.30253125568348,15.997992661194733,325,ok
B0005,90,24,1.605818899130659,1.835349194223408,first_n_median,87.49391691700008,normal,,0,05433.csv,5433,312,3177.219,3.5222215314850214,2.6920548172137724,4.222920057935785,-1.822916991757235,-2.017087516284557,0.0015450426899526,32.856295641052824,24.112523495131093,40.09418103142496,15.981657536293866,339,ok
B0005,91,24,1.5638491446744425,1.835349194223408,first_n_median,85.20717199737867,normal,,0,05436.csv,5436,315,3082.937,3.5163492154331264,2.629071246219689,4.200423045909808,-1.8294275689587538,-2.0177115857667665,0.0029495288044011,33.33950238056361,24.719311536144843,40.52238496316615,15.803073427021303,329,ok
B0005,92,24,1.5480915247767786,1.835349194223408,first_n_median,84.34860949890374,normal,,0,05440.csv,5440,319,3074.266,3.5134397623234963,2.631343871050918,4.198372063670128,-1.816317296828028,-2.0160877086861952,0.0016903309192767,33.35156485472646,24.73538913848975,40.56886357314186,15.83347443465211,328,ok
B0005,93,24,1.5323755631868592,1.835349194223408,first_n_median,83.4923167760048,normal,,0,05444.csv,5444,323,3066.0,3.515137522009075,2.6983970036642315,4.198353213898968,-1.8033689952639713,-2.0174325692631547,0.0017335297510131,33.147486361012966,24.49414087755308,40.27804845768325,15.783907580130169,327,ok
B0005,94,24,1.5269528268489705,1.835349194223408,first_n_median,83.19685603453084,normal,,0,05448.csv,5448,327,3056.437,3.50830390643132,2.6338485871981514,4.197873789078739,-1.802670753119494,-2.017976023705107,0.0032014025687714,33.007275861749356,24.254986942423244,40.2921849196155,16.037197977192257,326,ok
B0005,95,24,1.5169573017136326,1.835349194223408,first_n_median,82.65224440602996,normal,,0,05452.csv,5452,331,3048.219,3.509190808443004,2.671566207861818,4.197955644238241,-1.7958941337499832,-2.016684455267326,0.0012207622759792,32.91990812745461,24.1488106351578,40.184384347174266,16.035573712016465,325,ok
B0005,96,24,1.511897596014269,1.835349194223408,first_n_median,82.37656358652768,normal,,0,05456.csv,5456,335,3039.218,3.5068097579555353,2.6540810507928123,4.197918434710392,-1.795344963527795,-2.0185074328810417,0.0027177292470912,32.99903328622305,24.205952380559676,40.320066232195046,16.11411385163537,324,ok
B0005,97,24,1.5065638960681105,1.835349194223408,first_n_median,82.08595404132801,normal,,0,05460.csv,5460,339,3039.047,3.50609090727422,2.656849703962618,4.197739340034368,-1.7893518988259458,-2.0206154364574687,0.0029660267437679,33.03772281691292,24.228213693022468,40.33650561265159,16.108291919629124,324,ok
B0005,98,24,1.5015453526671363,1.835349194223408,first_n_median,81.81251597206197,normal,,0,05464.csv,5464,343,3030.375,3.5037157727265953,2.6363048614501152,4.19785490446139,-1.7883879159763685,-2.017421211930756,0.0019690360203288,33.07740307192613,24.25745983903501,40.43267631588412,16.175216476849112,323,ok
B0005,99,24,1.4908444050400238,1.835349194223408,first_n_median,81.22946901506911,normal,,0,05468.csv,5468,347,3021.0,3.5067479961367156,2.69951692300468,4.197306756122815,-1.7815447770741009,-2.0224772834102507,0.0027223693578794,33.05467981523988,24.228985806758885,40.314538591575015,16.08555278481613,322,ok
B0005,100,24,1.485868384561201,1.835349194223408,first_n_median,80.95834783036572,normal,,0,05472.csv,5472,351,3021.75,3.5058813026542324,2.698216006032282,4.197528212001444,-1.7753115642966961,-2.0179249554704706,0.0006217348755526,33.11570360624461,24.27409668200787,40.386661855917744,16.112565173909875,322,ok
B0005,101,24,1.480413677976106,1.835349194223408,first_n_median,80.66114517256831,normal,,0,05476.csv,5476,355,3012.265,3.504168333530808,2.6911707598773864,4.19743662221161,-1.7742377662318363,-2.018486701026112,0.0025745064118452,33.12942148982365,24.26045465629052,40.43384612547835,16.173391469187827,321,ok
B0005,102,24,1.4752095869031632,1.835349194223408,first_n_median,80.37759743738407,normal,,0,05480.csv,5480,359,3002.641,3.5030568931470634,2.690162319231471,4.197717228550219,-1.773860289771637,-2.017202918759472,0.002304044135428,33.130681310493344,24.24695415512884,40.44479269068758,16.197838535558738,320,ok
B0005,103,24,1.4859035988304024,1.835349194223408,first_n_median,80.96026649899358,normal,,0,05484.csv,5484,363,3012.0,3.4982324882487936,2.6355034454892072,4.192454851360723,-1.7809702419814517,-2.017032616337778,0.0013818757062667,33.20069210329718,24.337824191545764,40.58499656066617,16.247172369120406,321,ok
B0005,104,24,1.4960918298136696,1.835349194223408,first_n_median,81.51537781052677,normal,,0,05487.csv,5487,366,3020.11,3.5065859365661325,2.6594753656507684,4.202845001527377,-1.7879098523188455,-2.020648432189961,0.0037903464383519,33.78697527817091,25.05068794027295,40.99869158762305,15.948003647350099,322,ok
B0005,105,24,1.4808005946928984,1.835349194223408,first_n_median,80.68222654051782,normal,,0,05491.csv,5491,370,3002.172000000006,3.501457140697961,2.644554999824577,4.197952808231904,-1.780229415660985,-2.018056806197647,0.0029141195307161,33.673365085761986,24.845214918132577,40.997807625227495,16.152592707094918,320,ok
B0005,106,24,1.4697543268466824,1.835349194223408,first_n_median,80.08036462339692,normal,,0,05495.csv,5495,374,2992.703,3.5016583871628097,2.6719601666204564,4.198017952345714,-1.7731015168894209,-2.017916668624779,0.00078441654882,33.535818118317145,24.68293151974539,40.84213757482493,16.15920605507954,319,ok
B0005,107,24,1.4539012274845928,1.835349194223408,first_n_median,79.21659987432433,normal,,1,05499.csv,5499,378,2964.468,3.4966186408455298,2.6598211033173382,4.192162800008929,-1.7705879947441516,-2.027591717224413,0.0054462356427572,33.32269982188509,24.442107279152207,40.69012464267011,16.248017363517906,316,ok
B0005,108,24,1.454146206723569,1.835349194223408,first_n_median,79.22994770152513,normal,,1,05503.csv,5503,382,2983.375,3.4991645719433246,2.688360455508818,4.196993378341778,-1.7600629827474803,-2.017344770444764,0.0015596672777035,33.346230327490304,24.37516209951004,40.69938049882204,16.324218399312,318,ok
B0005,109,24,1.455023751906683,1.835349194223408,first_n_median,79.27776122855727,normal,,1,05507.csv,5507,386,2975.297,3.496080777360074,2.6376728619288525,4.197603515102162,-1.765575132998529,-2.017072416845675,0.0026865938325838,33.64948900485925,24.70475717255037,41.06026204078849,16.355504868238118,317,ok
B0005,110,24,1.449042163761236,1.835349194223408,first_n_median,78.95185114211304,normal,,1,05511.csv,5511,390,2974.9850000000006,3.4959014526388,2.645120521151077,4.196406678544622,-1.7588271887545277,-2.017938882324793,0.0031991265142638,33.79269513542103,24.85143118542252,41.19696040482682,16.3455292194043,317,ok
B0005,111,24,1.4386709371480566,1.835349194223408,first_n_median,78.3867692140624,normal,,1,05515.csv,5515,394,2966.25,3.497586979902671,2.698012437629632,4.197098662004674,-1.7516428147438297,-2.029098489464331,0.0037817943235626,33.52446663707275,24.582992198113057,40.84446688602949,16.26147468791643,316,ok
B0005,112,24,1.433445432156979,1.835349194223408,first_n_median,78.10205472989097,normal,,1,05519.csv,5519,398,2956.359,3.4956989619989507,2.692894277298908,4.196909312093871,-1.7513097768253418,-2.025048878675005,0.0013123608369275,33.39042251934235,24.38167771883123,40.764203830749366,16.382526111918136,315,ok
B0005,113,24,1.4333958900838095,1.835349194223408,first_n_median,78.09935540306392,normal,,1,05523.csv,5523,402,2956.344,3.492875380810072,2.6483923655058117,4.197105220217278,-1.7511840784846122,-2.0170494375017745,0.0017334904566314,33.67370212742761,24.640411065560848,41.11212504270441,16.471713977143565,315,ok
B0005,114,24,1.42806487344776,1.835349194223408,first_n_median,77.80889205947632,normal,,1,05527.csv,5527,406,2956.406,3.49551076423368,2.6832134764262,4.196244829545076,-1.7446206812145286,-2.017587381204539,0.0022931157457021,33.91080564765892,24.932873139487384,41.27256611507568,16.3396929755883,315,ok
B0005,115,24,1.4229203181741186,1.835349194223408,first_n_median,77.52858816472794,normal,,1,05531.csv,5531,410,2947.266,3.4942333590450834,2.684960445221862,4.19680260180666,-1.7436362428649814,-2.0245398824990146,0.0014033494395084,33.7850680599871,24.80325379769347,41.15574924454392,16.35249544685045,314,ok
B0005,116,24,1.417429032731308,1.835349194223408,first_n_median,77.22939248795461,normal,,1,05535.csv,5535,414,2937.984,3.491197414255986,2.669922120529456,4.196227405416926,-1.7425325036061037,-2.01689808000431,0.0032832319808608,33.61126807392732,24.578577776974136,41.03237216951879,16.45379439254465,313,ok
B0005,117,24,1.412409228794446,1.835349194223408,first_n_median,76.9558857377045,normal,,1,05539.csv,5539,418,2929.125,3.488909408157623,2.664105530655056,4.196558172556389,-1.7419837011363046,-2.0197651300783948,0.0026192373361047,33.45598581472246,24.354940329833727,40.937269906716935,16.582329576883208,312,ok
B0005,118,24,1.412578792940193,1.835349194223408,first_n_median,76.96512453249518,normal,,1,05543.csv,5543,422,2928.454,3.487376295811431,2.634098605983684,4.196870541112335,-1.7421680980861822,-2.018228083548545,0.0010338439367061,33.723267448788484,24.616751003686066,41.240704611971786,16.62395360828572,312,ok
B0005,119,24,1.4075983731469897,1.835349194223408,first_n_median,76.6937636487528,normal,,1,05547.csv,5547,426,2929.375,3.491994243745711,2.68378702970616,4.196795527524874,-1.735841378420618,-2.0178512019397976,0.0022798019176169,34.05007636985734,25.01363389840176,41.43649987692296,16.422865978521198,312,ok
B0005,120,24,1.4333920485221476,1.835349194223408,first_n_median,78.09914609348546,normal,,1,05551.csv,5551,430,2946.031,3.491585878898649,2.660031949282934,4.189287343772767,-1.7567879869499758,-2.017223089332264,0.0036040078454246,33.889346908026745,25.159494190646395,41.16703904201915,16.007544851372753,314,ok
B0005,121,24,1.4382550176792908,1.835349194223408,first_n_median,78.36410761538271,normal,,1,05553.csv,5553,432,2955.438,3.495576227046425,2.650011641082063,4.201144545237731,-1.7573176114092575,-2.0257290511470427,0.0022668920626443,34.067648550088656,25.21215090210571,41.36216559728765,16.15001469518194,315,ok
B0005,122,24,1.4173547174485526,1.835349194223408,first_n_median,77.2253433793169,normal,,1,05557.csv,5557,436,2937.625,3.4938988589692483,2.6936969083341418,4.196925753814179,-1.742762839332656,-2.01734921830549,0.0034196589413944,33.75168100943646,24.8439113089274,41.02198772703674,16.178076418109338,313,ok
B0005,123,24,1.406981663677643,1.835349194223408,first_n_median,76.66016189758264,normal,,1,05561.csv,5561,440,2929.078,3.49159162968384,2.697073130067154,4.196901090271507,-1.7352637407600362,-2.016959683770622,0.0025963216962809,33.46482299584788,24.47190444990649,40.78818812957494,16.31628367966845,312,ok
B0005,124,24,1.4012037783587623,1.835349194223408,first_n_median,76.34535067053844,normal,,1,05565.csv,5565,444,2918.375,3.4885729299834787,2.6806995515145213,4.196688955833435,-1.7344350518111926,-2.0173176445033945,0.0020094191444747,33.40210697922146,24.335820690902352,40.81506138506309,16.479240694160737,311,ok
B0005,125,24,1.3967008232726328,1.835349194223408,first_n_median,76.1000047112898,normal,,1,05569.csv,5569,448,2919.812,3.4869021151089825,2.6695398084864568,4.196339302740304,-1.7280392046289716,-2.0174893103299003,0.0046477889906135,33.410688917712235,24.324432889352373,40.85837421987642,16.533941330524044,311,ok
B0005,126,24,1.391284788852726,1.835349194223408,first_n_median,75.80490912746556,normal,,1,05573.csv,5573,452,2900.422,3.4855485210036417,2.671695307817951,4.196181412764837,-1.7326888725308258,-2.0162082324346318,0.002291601393935,33.38984948261314,24.27764742305546,40.839876773287166,16.562229350231707,309,ok
B0005,127,24,1.3862287677978349,1.835349194223408,first_n_median,75.52942906782327,normal,,1,05577.csv,5577,456,2901.375,3.4838912547260388,2.661289185949965,4.195770804194879,-1.7260735249920125,-2.01785516482798,0.0022764200332024,33.3700433438796,24.239023397259928,40.85376069244676,16.614737295186835,309,ok
B0005,128,24,1.3804366761974138,1.835349194223408,first_n_median,75.21384380379553,normal,,1,05581.csv,5581,460,2901.187,3.483198941484065,2.667817533540102,4.195456241846729,-1.7195393742714093,-2.01649929452358,0.0016756334707971,33.27215987470977,24.12349712975845,40.74795214258888,16.624455012830428,309,ok
B0005,129,24,1.3752364150256224,1.835349194223408,first_n_median,74.93050474286049,normal,,1,05585.csv,5585,464,2891.64,3.4836274447098883,2.684008069130594,4.19654355365607,-1.7185829844462919,-2.0162911974216766,0.0022384407354535,33.222444215660225,24.053006415445992,40.68794001196382,16.634933596517826,308,ok
B0005,130,24,1.3705128024895008,1.835349194223408,first_n_median,74.67313614232448,normal,,1,05589.csv,5589,468,2882.906,3.480172442538601,2.6585256208771644,4.194357133255019,-1.717672415155695,-2.016416530728208,0.0049133976681189,33.26207748383125,24.05808219537432,40.7810749453613,16.72299274998698,307,ok
B0005,131,24,1.37050855662704,1.835349194223408,first_n_median,74.67290480419689,normal,,1,05593.csv,5593,472,2883.265,3.478452148610975,2.6372250579822927,4.195863681881766,-1.7177080769362936,-2.01668335956764,0.0011794780565366,33.312029905516525,24.086387020526896,40.88159339768709,16.795206377160195,307,ok
B0005,132,24,1.3647355108681518,1.835349194223408,first_n_median,74.35835726321349,normal,,1,05597.csv,5597,476,2882.969,3.4785782556105507,2.6514257735606432,4.19558455466442,-1.7109669363015378,-2.0156447128046424,0.002524948681905,33.25287943255863,24.008188700976785,40.81191473576834,16.803726034791556,307,ok
B0005,133,24,1.375392016895762,1.835349194223408,first_n_median,74.93898279546374,normal,,1,05601.csv,5601,480,2891.656,3.4825195584604582,2.676384659108382,4.188483624251573,-1.7184206130755166,-2.015672372070857,0.0023505638634883,33.745054045019884,24.7195455297238,41.11793533148924,16.398389801765443,308,ok
B0005,134,24,1.3861115151535393,1.835349194223408,first_n_median,75.52304049366721,normal,,1,05603.csv,5603,482,2901.25,3.4886823636752835,2.694913850281781,4.200346502821317,-1.7260471943596487,-2.01575998810726,0.0021180176276842,33.88841975386692,24.843079939814476,41.248795355864885,16.40571541605041,309,ok
B0005,135,24,1.369850003583894,1.835349194223408,first_n_median,74.63702318312887,normal,,1,05605.csv,5605,484,2891.703,3.4858502383832755,2.6973343716306277,4.1981749992980655,-1.712021613408506,-2.016014837696764,0.0015018865835744,33.7353756996425,24.576580515525823,41.16242984455477,16.58584932902895,308,ok
B0005,136,24,1.3647827949260758,1.835349194223408,first_n_median,74.36093356085063,normal,,1,05609.csv,5609,488,2883.016,3.478794177297151,2.642540259937964,4.195715092938243,-1.711022510206629,-2.0165238233233063,0.0014907630238953,33.59131052719714,24.340286688400784,41.16437554618679,16.824088857786005,307,ok
B0005,137,24,1.3543220466259964,1.835349194223408,first_n_median,73.7909739949542,normal,,1,05613.csv,5613,492,2873.453,3.4812826020756744,2.699226257883075,4.195755769877104,-1.703421414006958,-2.0182163733141314,0.0029819941842475,33.32366688599416,24.03013803682012,40.86421618020504,16.83407814338492,306,ok
B0005,138,24,1.3546417018378962,1.835349194223408,first_n_median,73.80839058319289,normal,,1,05617.csv,5617,496,2874.031,3.480352041587074,2.676480329780849,4.195911764444989,-1.703574708739156,-2.016150778973011,0.0015383602403595,33.691961507697364,24.39265860056665,41.25434553511566,16.86168693454901,306,ok
B0005,139,24,1.354703921319241,1.835349194223408,first_n_median,73.81178064550585,normal,,1,05621.csv,5621,500,2874.234,3.4781127815565127,2.642142168479886,4.195824004004723,-1.7034912994217157,-2.0176181286216197,0.0030940952671648,33.887639684793655,24.647812199908287,41.45023191903855,16.802419719130263,306,ok
B0005,140,24,1.349314997503458,1.835349194223408,first_n_median,73.51816219770615,normal,,1,05625.csv,5625,504,2864.984,3.4765867130506134,2.644725254926797,4.196258226051591,-1.7023383270190764,-2.017297732143782,0.0056941514906116,33.67308060941856,24.39982529977077,41.27708509224051,16.87725979246974,305,ok
B0005,141,24,1.3441891937970554,1.835349194223408,first_n_median,73.238879992307,normal,,1,05629.csv,5629,508,2855.093,3.4733769291841643,2.632270655366611,4.196612664794988,-1.7014238498912502,-2.017223266913469,0.0031481012336326,33.411988203265814,24.071743981632668,41.06460515498328,16.992861173350615,304,ok
B0005,142,24,1.3389913790695755,1.835349194223408,first_n_median,72.95567422722212,normal,,1,05633.csv,5633,512,2855.625,3.4726366397371127,2.639100611887612,4.195850781215982,-1.6950436046971957,-2.0197342717689364,0.0017629793721903,33.29926524979532,23.873389284419225,40.99284868101728,17.119459396598053,304,ok
B0005,143,24,1.3389145230206971,1.835349194223408,first_n_median,72.95148668355903,normal,,1,05637.csv,5637,516,2855.594,3.473439372740961,2.637841830893275,4.196002392961924,-1.695057731610264,-2.016896104476736,0.0050093924911675,33.59980731390034,24.168977704033605,41.29040553417739,17.121427830143784,304,ok
B0005,144,24,1.3340066759761655,1.835349194223408,first_n_median,72.68407996553617,normal,,1,05641.csv,5641,520,2847.437,3.4754777099091454,2.668286095904868,4.196207586734141,-1.6937809113323188,-2.0199925086996786,0.0025365511428236,33.61961195858585,24.28428480579148,41.22740227746052,16.94311747166904,303,ok
B0005,145,24,1.3286444309174914,1.835349194223408,first_n_median,72.3919151243413,normal,,1,05645.csv,5645,524,2847.36,3.4722884821666766,2.649019812683856,4.195534582569042,-1.6869434054016965,-2.016745074407458,0.0028787153794497,33.3945201718652,24.00593985304127,41.04619550953222,17.04025565649095,303,ok
B0005,146,24,1.323170899227622,1.835349194223408,first_n_median,72.093686770462,normal,,1,05649.csv,5649,528,2837.328,3.471373665098864,2.664058512378051,4.1957439573980455,-1.6860649112944588,-2.0163628111205263,0.0042700685649877,33.16734508187535,23.715060546682704,40.85874389007758,17.143683343394873,302,ok
B0005,147,24,1.3181691588445197,1.835349194223408,first_n_median,71.82116422277218,normal,,1,05653.csv,5653,532,2837.281,3.4726160162875095,2.6883611693898826,4.19586805747139,-1.6795829780331426,-2.016212123867104,0.0023204014455349,33.10962161613893,23.56356159483333,40.79196924883506,17.228407654001728,302,ok
B0005,148,24,1.3184664436640334,1.835349194223408,first_n_median,71.83736194800339,normal,,1,05657.csv,5657,536,2838.515,3.4738146874457896,2.6869753836302124,4.195347750909715,-1.679793840292355,-2.0168197393548124,0.0041697279349171,33.46501751186519,23.955208980751504,41.14127834456325,17.186069363811743,302,ok
B0005,149,24,1.318293040102702,1.835349194223408,first_n_median,71.82791396056443,normal,,1,05661.csv,5661,540,2828.328,3.4701426486639693,2.6507536817766586,4.196065828878837,-1.6851739865098712,-2.0187637742643867,0.0033179608221933,33.442619101404404,23.967802824849823,41.14429319149828,17.176490366648455,301,ok
B0005,150,24,1.323872422244268,1.835349194223408,first_n_median,72.13190963392874,normal,,1,05665.csv,5665,544,2838.265,3.467523652225441,2.664632278910652,4.184534803011309,-1.6863812036302581,-2.016191969154752,0.0021406905839278,33.037928170775885,23.58968747789601,40.66184230912503,17.072154831229017,302,ok
B0005,151,24,1.3601216766554785,1.835349194223408,first_n_median,74.10696999439321,normal,,1,05668.csv,5668,547,2864.547,3.4767525840839255,2.6400211837268666,4.201240476440081,-1.715777469309528,-2.021651287065962,0.0028823561171506,33.4949493613756,24.237681569505877,41.04669454497069,16.809012975464814,305,ok
B0005,152,24,1.3395306867947354,1.835349194223408,first_n_median,72.98505870222324,normal,,1,05672.csv,5672,551,2846.39,3.4758956827369127,2.674198661305034,4.195703567262997,-1.7007216920098716,-2.017592416950431,0.0024155477323689,33.491363029025784,24.167374158398008,41.0462053156659,16.878831157267893,303,ok
B0005,153,24,1.3290286565120697,1.835349194223408,first_n_median,72.41284986503193,normal,,1,05676.csv,5676,555,2837.969,3.475812179626641,2.696427051131168,4.195744519551191,-1.6928138295817332,-2.0171105982760715,0.0040085795198053,33.329808599922345,23.98739486311109,40.8683026432256,16.88090778011451,302,ok
B0005,154,24,1.3236741274998955,1.835349194223408,first_n_median,72.12110543683117,normal,,1,05680.csv,5680,559,2838.156,3.4746554404904435,2.692834029769684,4.196363050482315,-1.6861104874993165,-2.0165753451036377,0.0036169899531147,33.27302769298771,23.87546148452671,40.85283588259973,16.977374398073017,302,ok
B0005,155,24,1.318633896753293,1.835349194223408,first_n_median,71.84648572073212,normal,,1,05684.csv,5684,563,2829.843,3.472301781313945,2.681747855329962,4.1957929878569455,-1.685043785043406,-2.0157688095228656,0.0028522205733032,33.229879126701434,23.800482246729,40.85270645265791,17.052224205928912,301,ok
B0005,156,24,1.3134751321324272,1.835349194223408,first_n_median,71.56540762196474,normal,,1,05688.csv,5688,567,2829.625,3.4729305773503527,2.696791414385091,4.195797286482793,-1.678524839793589,-2.016274841649268,0.0012910201456034,33.20860833999321,23.75244046991811,40.8263251809212,17.073884711003092,301,ok
B0005,157,24,1.3132020634442203,1.835349194223408,first_n_median,71.55052932583088,normal,,1,05692.csv,5692,571,2819.437,3.4696192030612285,2.664695973142795,4.196349384378125,-1.6839115230941766,-2.016821101865832,0.0042895806992014,33.236115055926255,23.77068333600904,40.90308836809665,17.132405032087608,300,ok
B0005,158,24,1.3077959946944353,1.835349194223408,first_n_median,71.2559767269685,normal,,1,05696.csv,5696,575,2819.579,3.470018470757559,2.679191623358613,4.195609431921248,-1.6773783325850857,-2.01659334421236,0.0019608791198133,33.18660088296571,23.69874029857621,40.84337405460518,17.144633756028966,300,ok
B0005,159,24,1.3030329186405918,1.835349194223408,first_n_median,70.99645793518572,normal,,1,05700.csv,5700,579,2810.672,3.470762691935286,2.699983457940659,4.195339917236225,-1.676425373206175,-2.018075144841628,0.0018902843294412,33.174058099115534,23.681325932299053,40.81792110626284,17.136595173963784,299,ok
B0005,160,24,1.3033573559038203,1.835349194223408,first_n_median,71.01413507609435,normal,,1,05704.csv,5704,583,2811.485,3.468111467035994,2.666300786624286,4.19540205700612,-1.67627880896028,-2.018091528339797,0.0024103529115243,33.253984518546055,23.748579260944844,40.94699384765951,17.19841458671467,299,ok
B0005,161,24,1.3034100438655642,1.835349194223408,first_n_median,71.01700580837299,normal,,1,05708.csv,5708,587,2802.422,3.4648625780221494,2.630850137384784,4.195685302232799,-1.6817992883033976,-2.0177167019715503,0.0043239362691777,33.3198093248819,23.789078897860136,41.07493805830632,17.285859160446186,298,ok
B0005,162,24,1.2978870806495706,1.835349194223408,first_n_median,70.71608415088258,normal,,1,05712.csv,5712,591,2801.625,3.467864133752208,2.673348140468748,4.195561297751176,-1.6750812261110137,-2.0160479224870884,0.0021385267941699,33.33765795318199,23.827460066666998,41.02476444658572,17.197304379918723,298,ok
B0005,163,24,1.2980735056918902,1.835349194223408,first_n_median,70.72624162080201,normal,,1,05716.csv,5716,595,2802.031,3.464021404592563,2.632763831012711,4.196066962029683,-1.675366426273468,-2.017067096348242,0.0014821450901276,33.29076744042025,23.738230385656276,41.06214198725253,17.323911601596254,298,ok
B0005,164,24,1.293463613844243,1.835349194223408,first_n_median,70.47506915388637,normal,,1,05720.csv,5720,599,2793.39,3.4664623858156745,2.6687371180046218,4.196640912532072,-1.6744879201095209,-2.018208092691312,0.001664565598057,33.27568841807217,23.73611267134457,40.98366325567302,17.24755058432845,297,ok
B0005,165,24,1.288003392619118,1.835349194223408,first_n_median,70.1775660279248,normal,,1,05724.csv,5724,603,2793.39,3.46850906693551,2.696396337945361,4.1956235749123225,-1.6674467270234996,-2.018933300007017,0.002688419180445,33.32067807371405,23.80026564355092,40.98234242711097,17.182076783560053,297,ok
B0005,166,24,1.2874525221379407,1.835349194223408,first_n_median,70.14755154986739,normal,,1,05728.csv,5728,607,2792.485,3.466806213058136,2.6794834862925194,4.195862008850563,-1.6674702882406252,-2.023790681896976,0.0026918488897051,33.37314972896719,23.849121770252687,41.06375085817118,17.214629087918496,297,ok
B0005,167,24,1.3090153642307354,1.835349194223408,first_n_median,71.32241473997102,normal,,1,05732.csv,5732,611,2802.016,3.4710707220080397,2.6787137407179737,4.18482689434833,-1.6888978346592105,-2.017308526034403,0.0013355993263935,33.71351889594897,24.92195746617458,41.047029587744966,16.125072121570387,298,ok
B0005,168,24,1.3250793286429356,1.835349194223408,first_n_median,72.19766858609252,normal,,1,05734.csv,5734,613,2820.39,3.475472204020004,2.655378369801326,4.201968615940368,-1.6979281889133206,-2.017696449416675,0.0033069171348786,33.86531768239223,25.09329713312876,41.051007697556734,15.957710564427973,300,ok
B0006,1,24,2.035337591005598,2.013326371345464,first_n_median,101.0932762801604,normal,,0,04506.csv,4506,1,3690.234,3.556946061827572,2.4757677568281857,4.179823027658306,-1.990533350635129,-2.015537581193984,0.0004337624657511,32.14277785992152,24.27707330832413,39.16298653238707,14.885913224062943,197,ok
B0006,2,24,2.025140246031412,2.013326371345464,first_n_median,100.58678388432638,normal,,0,04508.csv,4508,3,3672.344,3.56147580138708,2.35152551190002,4.177288238505559,-1.9902775421457088,-2.0149020169266376,-0.0002076460832787,32.29307515705474,24.63823886086074,39.2462026826329,14.60796382177216,196,ok
B0006,3,24,2.013326371345464,2.013326371345464,first_n_median,100.0,normal,,0,04510.csv,4510,5,3651.641,3.5667524696413215,2.440479715106544,4.1781213228923,-1.9899467848963859,-2.014434345552428,-0.0006575492150127,32.24414709253608,24.704057719023776,38.999202460252846,14.29514474122907,195,ok
B0006,4,24,2.0132846655407413,2.013326371345464,first_n_median,99.9979285124699,normal,,0,04512.csv,4512,7,3631.563,3.5687953371516272,2.479155853900392,4.1785623580417175,-1.9896009282099438,-2.0142051662535234,0.0001981188152475,32.14711742429942,24.648384924528084,38.84362777186652,14.195242847338438,194,ok
B0006,5,24,2.000528337624771,2.013326371345464,first_n_median,99.36433387537956,normal,,0,04514.csv,4514,9,3629.172,3.563970503289941,2.280187848173442,4.17824995156942,-1.9895483606575701,-2.013995769332238,-0.0011423311186216,32.06687277315468,24.634206199911688,38.97798888258284,14.343782682671154,194,ok
B0006,6,24,2.0138990759931645,2.013326371345464,first_n_median,100.028445693448,normal,,0,04516.csv,4516,11,3652.281,3.5735512387791406,2.4392842568466446,4.193216523251186,-1.9901040351037365,-2.0151519685741275,-0.0015410535505561,32.03447836207717,24.34339960435996,38.83989920742278,14.496499603062823,195,ok
B0006,7,24,2.013101105626967,2.013326371345464,first_n_median,99.98881126668267,normal,,0,04518.csv,4518,13,3650.828,3.571139134378589,2.2812068449406446,4.193732603145628,-1.9900886222380374,-2.0145081864690626,-0.003149094123493,32.11157496697371,24.43094638944468,39.04610837498471,14.61516198554003,195,ok
B0006,8,24,1.96878982627284,2.013326371345464,first_n_median,97.78791229745522,normal,,0,04520.csv,4520,15,3572.453,3.5681507462163036,2.366410527029613,4.176826628115461,-1.9891170520197212,-2.0146816699579064,-0.0008455879137331,32.112576242471775,24.65043547143169,38.87507521022778,14.224639738796089,191,ok
B0006,9,24,1.9681661764334244,2.013326371345464,first_n_median,97.75693620494027,normal,,0,04522.csv,4522,17,3550.594,3.5692834155812436,2.436020049578708,4.176369138969733,-1.9892116643905464,-2.015071955488147,-0.0009662247647393,32.03566207329278,24.564976908542672,38.7260539826455,14.161077074102831,190,ok
B0006,10,24,1.9572307917560536,2.013326371345464,first_n_median,97.21378608119444,normal,,0,04524.csv,4524,19,3551.25,3.563388513484579,2.1864377487643725,4.176897989902666,-1.989191243247005,-2.0155176072270926,0.0001388226084139,31.99527968872302,24.515019617858613,38.98629728904917,14.471277671190556,190,ok
B0006,11,24,1.9455991514129352,2.013326371345464,first_n_median,96.63605360281116,normal,,0,04526.csv,4526,21,3530.25,3.566658719765511,2.3406023605912454,4.177579509962451,-1.9891317699701738,-2.014079047237871,-0.0021060459646946,31.874127571841353,24.40648205159496,38.65978861919643,14.253306567601474,189,ok
B0006,12,24,1.934750504484113,2.013326371345464,first_n_median,96.09721166028136,normal,,0,04529.csv,4529,24,3491.016,3.5687035970122842,2.4263021374140443,4.177996110793395,-1.9887805507702205,-2.0134697854511865,-0.0009907853602489,32.120959708576166,24.666067568688486,38.84979195732924,14.183724388640751,187,ok
B0006,13,24,1.9232799539368028,2.013326371345464,first_n_median,95.5274803583641,normal,,0,04531.csv,4531,26,3470.281,3.569207084156356,2.475369770000704,4.176316409477926,-1.9887320866401275,-2.0148749194363664,-0.0003236492635691,32.11021168908644,24.81910585902456,38.75128344015104,13.932177581126481,186,ok
B0006,14,24,1.911889930948487,2.013326371345464,first_n_median,94.96174878347274,normal,,0,04533.csv,4533,28,3470.0,3.5659271296109383,2.342364523655007,4.177992455010172,-1.9887200290368634,-2.0144081790374893,-0.0004261867664927,31.989061278918154,24.627666776864352,38.76853764058789,14.140870863723535,186,ok
B0006,15,24,1.9010667141979305,2.013326371345464,first_n_median,94.42416993363511,normal,,0,04535.csv,4535,30,3450.297,3.5612417270649486,2.188400081882664,4.177439981618572,-1.9887874042287874,-2.014472686005532,-0.0010580730504302,31.878814448635442,24.450913129560718,38.84686112344348,14.395947993882764,185,ok
B0006,16,24,1.8891989948061456,2.013326371345464,first_n_median,93.83471163414173,normal,,0,04537.csv,4537,32,3429.407,3.557881987836072,2.1206980945954057,4.17561570814845,-1.9885910895930397,-2.0146756268214814,-0.0037766213378683,31.767450711024402,24.26604433063594,38.8658897816528,14.599845451016858,184,ok
B0006,17,24,1.878278372248849,2.013326371345464,first_n_median,93.2922947308158,normal,,0,04539.csv,4539,34,3409.484,3.56282437243777,2.369981457799298,4.177602520456299,-1.9884892463229662,-2.015931347705288,0.0009547908042232,31.78991634963658,24.34725293029431,38.647578733807656,14.300325803513346,183,ok
B0006,18,24,1.8675697161520208,2.013326371345464,first_n_median,92.7604059993494,normal,,0,04541.csv,4541,36,3390.422,3.5591953280168633,2.247991649924625,4.176354539745044,-1.9883474274444874,-2.01432419683381,0.0003362560415229,31.82883467218067,24.38027426491721,38.79218188173866,14.411907616821445,182,ok
B0006,19,24,1.8675892574453767,2.013326371345464,first_n_median,92.7613765967465,normal,,0,04543.csv,4543,38,3390.281,3.5580906165580983,2.4115317107898875,4.177450270459645,-1.9774549866256104,-2.015920256743369,-0.0022772410696178,31.890449470827843,24.455293448252306,38.77022223929529,14.314928791042988,182,ok
B0006,20,24,1.979626548250818,2.013326371345464,first_n_median,98.32616193905388,normal,,0,04546.csv,4546,41,3591.734,3.565899462157853,2.203355846859377,4.174584178175673,-1.9892347833261184,-2.0202081897757225,0.000974138023539,31.51177053595285,24.511611712923585,37.54320599748628,13.031594284562697,192,ok
B0006,21,24,1.9575499080884025,2.013326371345464,first_n_median,97.22963628496124,normal,,0,04550.csv,4550,45,3552.297,3.570814209348872,2.35887751155593,4.175224020262452,-1.9890474874073771,-2.014116181004981,-0.0003149484747221,31.874488497680712,24.910587532937,37.90362577530197,12.993038242364968,190,ok
B0006,22,24,1.9458150170787551,2.013326371345464,first_n_median,96.64677544448035,normal,,0,04554.csv,4554,49,3531.578,3.5666817833633124,2.218672914041916,4.177217300859919,-1.988682950523383,-2.014039356997488,-0.0012008977604898,31.53911453638972,24.56766501155013,37.6701605139887,13.102495502438568,189,ok
B0006,23,24,1.9242461121680088,2.013326371345464,first_n_median,95.57546851592052,normal,,0,04558.csv,4558,53,3492.907,3.5668392745025836,2.339723057947995,4.176681511062203,-1.9885447318884861,-2.014851230713757,0.0005293257555654,31.220866832188786,24.224319222372547,37.34166959188387,13.117350369511325,187,ok
B0006,24,24,1.945981133142164,2.013326371345464,first_n_median,96.65502627086263,normal,,0,04562.csv,4562,57,3511.594,3.5710519693928755,2.399750820894273,4.190384318239257,-1.9885639445355097,-2.013606338093071,-0.0023840361465472,31.119005145018026,24.029961629396936,37.28979017254232,13.259828543145382,188,ok
B0006,25,24,1.901407930553079,2.013326371345464,first_n_median,94.4411178244493,normal,,0,04566.csv,4566,61,3431.9370000000054,3.5666308474029793,2.491410879472442,4.176973413125379,-1.9880563928902786,-2.014324216253238,-0.0016423681986834,31.033244078156734,24.015743593007038,37.16794481484507,13.152201221838034,184,ok
B0006,26,24,1.878674213680085,2.013326371345464,first_n_median,93.31195579704278,normal,,0,04570.csv,4570,65,3431.125,3.5527392240854914,2.1387303309558976,4.173452155236546,-1.9772969675547487,-2.0138293357975146,-0.0013483637694533,31.001249222460967,23.89771458163466,37.51577848501052,13.618063903375862,184,ok
B0006,27,24,1.8683061328264217,2.013326371345464,first_n_median,92.79698311296998,normal,,0,04574.csv,4574,69,3412.406,3.5560959755046615,2.346064498302046,4.1764585468168685,-1.9771693646864965,-2.022139165928567,-0.0002601209110219,30.92143474404136,23.81688709830912,37.24165964092258,13.424772542613457,183,ok
B0006,28,24,1.8560244070083,2.013326371345464,first_n_median,92.18696150927371,normal,,0,04578.csv,4578,73,3410.688,3.5504500858303394,2.327337743316428,4.17626102066065,-1.9660385076397233,-2.019521715890847,0.0002252111894657,30.929360248207214,23.762584263292904,37.27233216178077,13.509747898487863,183,ok
B0006,29,24,1.8451997961855773,2.013326371345464,first_n_median,91.64931341720164,normal,,0,04582.csv,4582,77,3410.718,3.546007083640312,2.486311723336632,4.172855540858831,-1.9445990482746272,-2.0145859231710013,0.0012030807811573,31.00810965793079,23.77382410040801,37.2071345030198,13.433310402611792,183,ok
B0006,30,24,1.857228890885317,2.013326371345464,first_n_median,92.24678707427697,normal,,0,04586.csv,4586,81,3392.719,3.554257954720065,2.292166351092089,4.188187801734904,-1.9769156942357176,-2.01454229289152,0.0017843402447845,30.96779499306422,23.756892194026197,37.49607769896255,13.739185504936355,182,ok
B0006,31,24,1.924776088909064,2.013326371345464,first_n_median,95.60179195501104,normal,,0,04590.csv,4590,85,3470.672,3.555857469677978,2.434300686181212,4.189991619197343,-1.9997552547832569,-2.015096988943597,-0.0027900265773602,31.10097217303459,23.74029655014346,37.25007396118109,13.509777411037629,371,ok
B0006,32,24,1.8822317526092551,2.013326371345464,first_n_median,93.48865536149506,normal,,0,04594.csv,4594,89,3414.109,3.5537306734803207,2.472619908000758,4.186982490201218,-1.9884344406296768,-2.0246589334484746,0.0002199461690219,31.307368922041046,24.18583594954418,37.39699052067588,13.211154571131697,365,ok
B0006,33,24,1.855276687885587,2.013326371345464,first_n_median,92.14982301382882,normal,,0,04598.csv,4598,93,3395.219,3.5452650003621513,2.403422072720937,4.186483106541616,-1.977131099996694,-2.014540253971324,-0.0013831277471471,31.131339987164562,23.96227406279053,37.2852066420257,13.322932579235168,363,ok
B0006,34,24,1.839250891718188,2.013326371345464,first_n_median,91.35383700800855,normal,,0,04602.csv,4602,97,3386.0,3.538408778928339,2.4006679782182205,4.187721936001791,-1.965705768920947,-2.01409107585058,0.001159493985813,30.828713779105055,23.520157783193987,37.080390421974414,13.560232638780427,362,ok
B0006,35,24,1.8185396073994429,2.013326371345464,first_n_median,90.32512727601888,normal,,0,04606.csv,4606,101,3368.187,3.5297688311332673,2.3194299432177345,4.184171356892756,-1.9542494702422435,-2.0132183154407977,0.0012199865224596,30.761533072057244,23.52943289153009,36.98024266357476,13.450809772044668,360,ok
B0006,36,24,1.8134770059567056,2.013326371345464,first_n_median,90.07367269246052,normal,,0,04610.csv,4610,105,3368.266,3.5300676840423306,2.340173173498008,4.186779863144672,-1.9490605727432448,-2.014277570695985,0.0007126137257657,31.303056929415803,23.947667716448013,37.59874124546701,13.651073529018998,360,ok
B0006,37,24,1.7971018450305436,2.013326371345464,first_n_median,89.26033407239274,normal,,0,04614.csv,4614,109,3358.719,3.5248882875629555,2.382960351080877,4.186482965601712,-1.9373547119632697,-2.014866249205715,0.0010041973417186,31.06432144678013,23.724670891624807,37.33680914521836,13.612138253593553,359,ok
B0006,38,24,1.7810046294120476,2.013326371345464,first_n_median,88.46080073057601,normal,,0,04618.csv,4618,113,3339.5,3.5190926887152725,2.351855540704836,4.184741677172267,-1.9312604088713479,-2.014036681172477,0.000927975516279,30.96654665282149,23.509674105704786,37.39499820465976,13.885324098954971,357,ok
B0006,39,24,1.7710130422682329,2.013326371345464,first_n_median,87.96452812986809,normal,,0,04622.csv,4622,117,3331.265,3.5151810230271,2.3535104841115886,4.186114015167315,-1.925413982519257,-2.013562007420154,0.0004104562259902,30.826455697992966,23.239016261869025,37.35233964342659,14.113323381557564,356,ok
B0006,40,24,1.7604712448170945,2.013326371345464,first_n_median,87.44092710813739,normal,,0,04626.csv,4626,121,3321.188,3.514029112834162,2.3948058223938364,4.186378094589789,-1.9198444871883995,-2.0146073733834746,0.000933218792395,31.080769482413952,23.40832459139638,37.58677381866742,14.178449227271038,355,ok
B0006,41,24,1.7502913788006589,2.013326371345464,first_n_median,86.93530287545858,normal,,0,04630.csv,4630,125,3321.844,3.514139684003936,2.4418858444380294,4.185742966026202,-1.9087331589392134,-2.0156412315711094,0.0014623495361316,31.69428781742534,23.99387524361192,38.20704456989348,14.213169326281562,355,ok
B0006,42,24,1.7394925037732578,2.013326371345464,first_n_median,86.39893305578626,normal,,0,04634.csv,4634,129,3311.828,3.509578354212467,2.391848815367812,4.18499542353586,-1.90276801874341,-2.014135597110891,-0.0009765358148676,31.875581783696685,24.22249363678538,38.340431886092745,14.117938249307365,354,ok
B0006,43,24,1.7546766553637203,2.013326371345464,first_n_median,87.15311537846229,normal,,0,04638.csv,4638,133,3327.391,3.5110708693292705,2.3166154227865463,4.175622772952551,-1.9093247566511207,-2.013918427729744,0.0005605769329787,31.543288143901563,23.93160080766445,38.521539672721865,14.589938865057416,179,ok
B0006,44,24,1.7659390941842177,2.013326371345464,first_n_median,87.712509969463,normal,,0,04640.csv,4640,135,3312.078,3.5159179315855056,2.4110989960643794,4.191704957733779,-1.930637216793332,-2.0164764928559697,0.0006125224393033,31.420983409991024,23.80004225730534,38.03707160241571,14.237029345110368,354,ok
B0006,45,24,1.7337887419624838,2.013326371345464,first_n_median,86.11563264846271,normal,,0,04644.csv,4644,139,3293.172,3.50585340727078,2.4510125175432287,4.185468369564667,-1.907114151507875,-2.014424639912736,0.0007263099562474,31.15837149963786,23.32504476677704,37.9342856877206,14.609240920943563,352,ok
B0006,46,24,1.713325912040734,2.013326371345464,first_n_median,85.09926340932763,normal,,0,04648.csv,4648,143,3275.328,3.5010379345914444,2.471216186082459,4.184201889006967,-1.8953541357988335,-2.013684034338365,0.0006105952606363,31.156614216998822,23.22751550921504,37.88470784051604,14.657192331301005,350,ok
B0006,47,24,1.7024077813673466,2.013326371345464,first_n_median,84.55697027549802,normal,,0,04652.csv,4652,147,3265.016,3.4974076626364967,2.470968641396993,4.185838836583766,-1.8892713805954209,-2.015243276008703,0.0013481309742365,31.206611383963256,23.20127236203539,38.065368726791895,14.864096364756506,349,ok
B0006,48,24,1.82371946178183,2.013326371345464,first_n_median,90.58240570122152,normal,,0,04654.csv,4654,149,3328.937,3.5388872766749144,2.4288023941361625,4.1729165619005535,-1.9819359924929794,-2.014822027548639,0.0008839578040008,33.61169282822636,26.602945710082057,39.788440481350335,13.185494771268278,356,ok
B0006,49,24,1.8081284050314708,2.013326371345464,first_n_median,89.80801278747154,normal,,0,04658.csv,4658,153,3329.266,3.5327430295356828,2.3551430866643166,4.186982012423103,-1.9653277079992455,-2.014147642384201,0.0013785124508379,32.85630077141311,25.5878756709222,39.21290317800791,13.625027507085711,356,ok
B0006,50,24,1.7757610945034283,2.013326371345464,first_n_median,88.20035935439142,normal,,0,04662.csv,4662,157,3301.579,3.521214759733266,2.365933525789291,4.186537777937825,-1.9470636598230844,-2.013545732341586,0.0013469218858249,32.210981559158874,24.78851122180796,38.66937823121345,13.880867009405492,353,ok
B0006,51,24,1.7447409841836798,2.013326371345464,first_n_median,86.659620070327,normal,,0,04666.csv,4666,161,3283.563,3.5093111439506677,2.3481961394586457,4.182282350256796,-1.9241628426386395,-2.0143501433980724,0.0011884652184539,31.965090081650274,24.29903895658481,38.5170065164806,14.21796755989579,351,ok
B0006,52,24,1.729207034132373,2.013326371345464,first_n_median,85.88806359183485,normal,,0,04670.csv,4670,165,3275.125,3.50716091973708,2.46945948630322,4.185961817428056,-1.9124470439353745,-2.013955993405398,0.0023455920246722,31.744801840189538,23.98489574710264,38.29250529949152,14.307609552388882,350,ok
B0006,53,24,1.7081086552553244,2.013326371345464,first_n_median,84.84012724245156,normal,,0,04674.csv,4674,169,3265.656,3.500928918686389,2.4666715880697576,4.1836566973224585,-1.8950209973545986,-2.0143598768040447,0.0008097171102984,31.876564068962466,23.99541497188152,38.52091685291118,14.525501881029658,349,ok
B0006,54,24,1.6975954237461768,2.013326371345464,first_n_median,84.31794506380548,normal,,0,04678.csv,4678,173,3266.093,3.4973019898820894,2.448293126278513,4.184390004467988,-1.8837082435178907,-2.0146981664689427,2.3587764193591595e-05,32.24289319481841,24.295032488841088,38.95436345473558,14.65933096589449,349,ok
B0006,55,24,1.6820634524029463,2.013326371345464,first_n_median,83.54648686585566,normal,,0,04682.csv,4682,177,3257.594,3.4929038301187156,2.4745215382882586,4.184732708741646,-1.871665199438006,-2.0150505202774576,0.0028840576269616,32.07305565938816,24.10547107270791,38.73136385469604,14.625892781988131,348,ok
B0006,56,24,1.6714768322295086,2.013326371345464,first_n_median,83.0206595422726,normal,,0,04686.csv,4686,181,3248.593,3.4886592248223183,2.469127855241356,4.185835940524748,-1.8654809345089407,-2.016431910751689,0.0008062258329325,32.030140929891196,23.97620032331416,38.74827601131975,14.772075688005593,347,ok
B0006,57,24,1.6607591387047655,2.013326371345464,first_n_median,82.48832193038405,normal,,0,04690.csv,4690,185,3238.766,3.4822930804774015,2.4177173347922416,4.185703389994729,-1.8592903578575999,-2.013961242413253,0.0013000288987228,31.984935871368258,23.819965773306656,38.84227056628921,15.022304792982553,346,ok
B0006,58,24,1.651121015038069,2.013326371345464,first_n_median,82.00960552335384,normal,,0,04694.csv,4694,189,3240.14,3.477575664197982,2.3775131079338427,4.184887437252902,-1.848156298789804,-2.0142789765419598,3.3324869557570366e-05,32.23677365476226,23.938135747847078,39.22138199620832,15.283246248361245,346,ok
B0006,59,24,1.640134925619093,2.013326371345464,first_n_median,81.46393694346858,normal,,0,04698.csv,4698,193,3230.109,3.4787436506489255,2.443723814618984,4.1845671326128535,-1.8415742473538441,-2.0170700253976435,0.0008339594777993,32.56097148037261,24.442914706328597,39.46651089916252,15.023596192833924,345,ok
B0006,60,24,1.629199941616544,2.013326371345464,first_n_median,80.92080672085886,normal,,0,04702.csv,4702,197,3229.7810000000027,3.4740152461288862,2.4324278256917147,4.184590722398005,-1.8297533943331723,-2.0153270924031044,0.0022672987245563,32.48984985901219,24.244880453394085,39.352653481724175,15.10777302833009,345,ok
B0006,61,24,1.6088496302961666,2.013326371345464,first_n_median,79.91002617330274,normal,,1,04706.csv,4706,201,3212.469,3.4718387718772696,2.494085641889116,4.181227276564003,-1.8170860697729954,-2.0264444143525524,0.0025875856512713,32.42612199208859,24.11448837545242,39.31890647034385,15.204418094891427,343,ok
B0006,62,24,1.6035244898969248,2.013326371345464,first_n_median,79.6455315302567,normal,,1,04710.csv,4710,205,3213.219,3.463180130644551,2.382347172890769,4.182601669503782,-1.8111560774496664,-2.014269976996697,0.0017194503246426,32.29984271249387,23.92892683205548,39.47196886600465,15.54304203394917,343,ok
B0006,63,24,1.5989712144027983,2.013326371345464,first_n_median,79.41937468063061,normal,,1,04714.csv,4714,209,3203.578,3.463469391967206,2.406668297987779,4.183991041340736,-1.8113056300795982,-2.0248983473305704,0.0007053447084269,32.610757585145336,24.06213313647768,39.74009698783903,15.677963851361351,342,ok
B0006,64,24,1.5876273123575604,2.013326371345464,first_n_median,78.85593388897908,normal,,1,04718.csv,4718,213,3195.125,3.46021805164007,2.4204142690378765,4.182425008087469,-1.803802475704306,-2.0134062122749032,0.0003711699027851,32.25699351958767,24.42380807187004,39.03600072360686,14.61219265173682,341,ok
B0006,65,24,1.5829719744686166,2.013326371345464,first_n_median,78.62470769757759,normal,,1,04720.csv,4720,215,3195.312999999994,3.462574876665621,2.4507845245525197,4.190985194174346,-1.7982439953659044,-2.014898941623113,0.001011704895855,32.47193402838835,24.29784270606684,39.16106395962828,14.863221253561438,341,ok
B0006,66,24,1.567137636713563,2.013326371345464,first_n_median,77.8382312484328,normal,,1,04724.csv,4724,219,3186.297,3.4537077937586056,2.393032881923072,4.181860480163402,-1.7857963808615818,-2.014097659688176,0.0007636707747866,32.40219271195366,24.115666972211724,39.20051799483514,15.084851022623415,340,ok
B0006,67,24,1.5613446139713882,2.013326371345464,first_n_median,77.55049733580822,normal,,1,04728.csv,4728,223,3176.438,3.4514035349888337,2.3938995980718403,4.183449364094532,-1.7850748194527644,-2.01648199199959,0.0005527600059578,32.30987415652578,23.949350638183297,39.15878418316098,15.209433544977685,339,ok
B0006,68,24,1.551171189279042,2.013326371345464,first_n_median,77.04519303755143,normal,,1,04732.csv,4732,227,3167.593,3.450781146333252,2.4373294683003053,4.182943907496545,-1.7785916660457872,-2.014359351341952,-9.517952000869488e-05,32.35440526839345,23.94684852697399,39.18225956809825,15.235411041124262,338,ok
B0006,69,24,1.5406741606295171,2.013326371345464,first_n_median,76.52381563948406,normal,,1,04736.csv,4736,231,3167.719,3.446105572450592,2.3705330061374523,4.182592999177517,-1.7727874712030285,-2.016181081460114,0.00150486520794,32.4731363791227,24.029360363522056,39.38159156766375,15.352231204141692,338,ok
B0006,70,24,1.5253138744624433,2.013326371345464,first_n_median,75.76088488043337,normal,,1,04740.csv,4740,235,3159.077999999994,3.4418152533277135,2.351294851260762,4.177556435498103,-1.7601807681971697,-2.0224281819207026,0.0044825272319085,32.52334649341759,24.054796737761627,39.44712875501599,15.392332017254361,337,ok
B0006,71,24,1.5301570318067428,2.013326371345464,first_n_median,76.00143988498849,normal,,1,04744.csv,4744,239,3148.829,3.445008015985666,2.436845595522602,4.183199732433941,-1.7653027883569699,-2.015670909853089,0.0010131499204386,32.518264823491045,24.004853828853747,39.40950590627068,15.404652077416934,336,ok
B0006,72,24,1.524656683447409,2.013326371345464,first_n_median,75.72824282972624,normal,,1,04748.csv,4748,243,3149.094,3.441164687975023,2.39030487147494,4.183585552184287,-1.7593486488770236,-2.0154336980599203,0.0029393579553847,32.5437072434024,23.98676553992143,39.48443326993031,15.497667730008878,336,ok
B0006,73,24,1.5145492986655429,2.013326371345464,first_n_median,75.22621867081595,normal,,1,04752.csv,4752,247,3140.547,3.443620591429828,2.4892160721496315,4.183170360974043,-1.7526167898737661,-2.014176241235146,0.0051389417845652,32.56222309600736,23.97265590751813,39.4416762582387,15.46902035072057,335,ok
B0006,74,24,1.509391504602082,2.013326371345464,first_n_median,74.97003596060719,normal,,1,04756.csv,4756,251,3131.625,3.439943269617906,2.450611393803655,4.183501501534186,-1.7516949849801622,-2.0151247064734266,0.0019635914622084,32.58978020040808,23.95941142019243,39.53866201326228,15.579250593069851,334,ok
B0006,75,24,1.5039974333050703,2.013326371345464,first_n_median,74.70211758563417,normal,,1,04760.csv,4760,255,3121.907,3.43602719305159,2.4111946043456745,4.183243008796117,-1.7510429704034998,-2.0150071612077523,0.001009697699575,32.57089563557426,23.89672125029287,39.5867547936938,15.69003354340093,333,ok
B0006,76,24,1.4935201918040188,2.013326371345464,first_n_median,74.18172299635307,normal,,1,04764.csv,4764,259,3122.125,3.436309312279291,2.4609139768640715,4.182038001412004,-1.7388746112390865,-2.0158858292130217,0.001556366600458,32.537854347094196,23.846991377084784,39.49975288442087,15.652761507336088,333,ok
B0006,77,24,1.4876323024497422,2.013326371345464,first_n_median,73.88927714961527,normal,,1,04768.csv,4768,263,3121.672,3.430470227771154,2.378420264362521,4.182440318401142,-1.738622547139575,-2.0170367841185635,0.0012040695085459,32.656450905205084,23.868790356430857,39.9686395722832,16.099849215852345,333,ok
B0006,78,24,1.5302876214401704,2.013326371345464,first_n_median,76.0079261474885,normal,,1,04770.csv,4770,265,3120.86,3.4417311090871063,2.3844697219937414,4.189962701965466,-1.7870762809520677,-2.015207980747731,0.0004792431384679,33.180785234653264,24.45395460946014,40.42668250871336,15.972727899253222,333,ok
B0006,79,24,1.5040760088360112,2.013326371345464,first_n_median,74.70602035728905,normal,,1,04774.csv,4774,269,3103.828,3.4355429213552537,2.448639661640692,4.181214475643097,-1.7612682208672186,-2.013340550431054,0.0013906428309179,32.71220835503141,23.81264716305157,40.02451449021777,16.2118673271662,331,ok
B0006,80,24,1.4887593608730894,2.013326371345464,first_n_median,73.94525706620445,normal,,1,04778.csv,4778,273,3095.094,3.4272336842373576,2.362869757217078,4.182157933832856,-1.7545532300777185,-2.0143052426244057,0.0016812263902274,32.543943889007906,23.379533041996076,40.02167483360719,16.642141791611117,330,ok
B0006,81,24,1.4782779285546637,2.013326371345464,first_n_median,73.42465432302272,normal,,1,04782.csv,4782,277,3095.781,3.4307536518687556,2.479712742728869,4.1802491747767325,-1.7364250156958492,-2.01522796444188,0.0068481184251259,32.6655410721976,23.483667289937664,40.07821178158415,16.594544491646488,330,ok
B0006,82,24,1.478459982215684,2.013326371345464,first_n_median,73.43369675467272,normal,,1,04786.csv,4786,281,3094.328,3.430880434209888,2.460990256984241,4.182775550999248,-1.7371686757879774,-2.0164424024266667,0.0002472528891452,33.160922870564626,23.948764926788748,40.56578932835109,16.61702440156234,330,ok
B0006,83,24,1.473214844899973,2.013326371345464,first_n_median,73.1731757884567,normal,,1,04790.csv,4790,285,3086.531,3.431984614031654,2.4794507375590507,4.182970513713943,-1.7358183569582517,-2.0141732645976056,0.0010030052573825,33.414445545408455,24.305636072230342,40.75221353269305,16.446577460462706,329,ok
B0006,84,24,1.4675164935067897,2.013326371345464,first_n_median,72.89014411141295,normal,,1,04794.csv,4794,289,3085.625,3.426913589626702,2.421513989921717,4.182588389688278,-1.7297302660430056,-2.014533312293864,0.0019538634173119,33.3541679486525,24.16642252229391,40.71162611325717,16.545203590963258,329,ok
B0006,85,24,1.4516292657521337,2.013326371345464,first_n_median,72.10104066644894,normal,,1,04798.csv,4798,293,3067.203,3.4220422356705154,2.392798962354417,4.180388252515709,-1.7278671098991139,-2.0150807231044525,0.0024649324773408,33.13634596100404,23.980795554734595,40.58721297402195,16.606417419287357,327,ok
B0006,86,24,1.4519237720967175,2.013326371345464,first_n_median,72.11566851560323,normal,,1,04802.csv,4802,297,3058.157,3.4202687142856667,2.410475236770924,4.182476201666448,-1.7269073147637581,-2.0151017082510445,0.0011413024919993,32.92241762841388,23.638284377724087,40.37035790264624,16.732073524922153,326,ok
B0006,87,24,1.4471484694777743,2.013326371345464,first_n_median,71.87848379051805,normal,,1,04806.csv,4806,301,3058.812,3.4248208106770663,2.4915333699239977,4.182567814531136,-1.721199593403834,-2.015773418279684,0.0003841275623097,33.20338483123576,23.829441222036376,40.667923693760464,16.838482471724088,326,ok
B0006,88,24,1.4468538105659885,2.013326371345464,first_n_median,71.8638483634964,normal,,1,04810.csv,4810,305,3058.578,3.4234990883192666,2.444861994529003,4.182606347806988,-1.721141114732718,-2.016566183590645,0.0012181075137996,33.533950654066935,24.20984647694025,40.99035688395247,16.780510407012223,326,ok
B0006,89,24,1.4416741930284678,2.013326371345464,first_n_median,71.6065817021523,normal,,1,04814.csv,4814,309,3049.328,3.4247420964314874,2.484075539808225,4.183047552179642,-1.7200547727480755,-2.018144057635402,0.0004305744501005,33.5767934055627,24.27322345224107,40.99774402817452,16.724520575933454,325,ok
B0006,90,24,1.5935866593100128,2.013326371345464,first_n_median,79.15192896644234,normal,,1,04817.csv,4817,312,3177.219,3.450702139255875,2.479017302613424,4.222516216835943,-1.8210481343824243,-2.0143333289759338,0.0002920618634497,33.224088400657315,24.0581768445586,40.77265883698999,16.71448199243139,339,ok
B0006,91,24,1.5463902376915637,2.013326371345464,first_n_median,76.80772773358864,normal,,1,04820.csv,4820,315,3082.937,3.4480475429907522,2.4820670710190385,4.1909374470770855,-1.821445703423604,-2.016338466932382,0.0002026611206909,33.37083344726966,24.676724380143,40.52220493430463,15.845480554161632,329,ok
B0006,92,24,1.51470559175661,2.013326371345464,first_n_median,75.2339815995339,normal,,1,04824.csv,4824,319,3074.266,3.4399481891896455,2.452449045714353,4.183028520369727,-1.7899159936953069,-2.0145951136219598,0.0019503732302666,33.43366634309322,24.71374963671338,40.57746834859555,15.863718711882171,328,ok
B0006,93,24,1.4989786083335404,2.013326371345464,first_n_median,74.45283733763465,normal,,1,04828.csv,4828,323,3066.0,3.434112914501242,2.4198491932573414,4.1838942747302825,-1.7769345930773324,-2.0144018884289827,0.0005084867021221,33.28676739403043,24.452648939888725,40.516963879873735,16.06431493998501,327,ok
B0006,94,24,1.4831110745410492,2.013326371345464,first_n_median,73.66471207298184,normal,,1,04832.csv,4832,327,3056.437,3.4325600940363916,2.4706823501191706,4.1839835007856605,-1.7640032117743045,-2.015270624937178,0.0007359350635753,33.14347737377552,24.22465149338904,40.34325381638243,16.11860232299339,326,ok
B0006,95,24,1.4729664825468278,2.013326371345464,first_n_median,73.16083986733236,normal,,1,04836.csv,4836,331,3048.219,3.4270614887575657,2.413759774558071,4.183640209073579,-1.7571701008871028,-2.015800833534411,0.0021242129148989,33.11021541795579,24.107818019162877,40.39341126895154,16.28559324978866,325,ok
B0006,96,24,1.4627604396099307,2.013326371345464,first_n_median,72.65391545198896,normal,,1,04840.csv,4840,335,3039.218,3.4273403168120415,2.4562499847243027,4.183387047926521,-1.7502670210777267,-2.015384828991305,0.0017289535444482,33.18991802149879,24.152350848480747,40.46341487442664,16.311064025945893,324,ok
B0006,97,24,1.4518364681062514,2.013326371345464,first_n_median,72.11133220969134,normal,,1,04844.csv,4844,339,3039.047,3.423482197888437,2.401794655879554,4.18356344388626,-1.7439614243216512,-2.017707476586292,0.0015255121086987,33.26265398635676,24.1926071662797,40.5818264138806,16.3892192476009,324,ok
B0006,98,24,1.4468670644030392,2.013326371345464,first_n_median,71.86450666893755,normal,,1,04848.csv,4848,343,3030.375,3.4220957701069374,2.4087687236133317,4.18171248971767,-1.736850855663561,-2.0198780169470747,0.0017135739999164,33.299978841087025,24.238609855596454,40.61670777074496,16.378097915148505,323,ok
B0006,99,24,1.441380399427779,2.013326371345464,first_n_median,71.59198925430726,normal,,1,04852.csv,4852,347,3021.0,3.421883545422636,2.4308118485818704,4.1832473219705815,-1.7360045229798653,-2.0197856871193367,0.0020383190496457,33.31663547841367,24.191028062692588,40.63164766168104,16.440619598988455,322,ok
B0006,100,24,1.431210744960774,2.013326371345464,first_n_median,71.0868722195461,normal,,1,04856.csv,4856,351,3021.75,3.4195777411151886,2.398886415333129,4.183049768329545,-1.729690117077797,-2.015287001210607,0.0021980860706101,33.39150630507064,24.226474805349635,40.74323383889164,16.516759033542005,322,ok
B0006,101,24,1.4260247179525716,2.013326371345464,first_n_median,70.82928720590836,normal,,1,04860.csv,4860,355,3012.265,3.4175281789596474,2.3814379490849835,4.183092498086332,-1.7287954627467013,-2.013949066691416,0.0005566103878417,33.41522427488497,24.22178922960351,40.81715493531611,16.595365705712602,321,ok
B0006,102,24,1.420487649966195,2.013326371345464,first_n_median,70.55426632180418,normal,,1,04864.csv,4864,359,3002.641,3.4197860540725715,2.459885297095542,4.181536580807847,-1.7216729981632184,-2.015065571425412,0.001880313677633,33.39690850726103,24.207764443084063,40.72877617289365,16.52101172980959,320,ok
B0006,103,24,1.4207006230355006,2.013326371345464,first_n_median,70.56484449096429,normal,,1,04868.csv,4868,363,3012.0,3.4171369298988705,2.4007285025453995,4.172034399629829,-1.7228162229694666,-2.0151971595728613,0.0022542409730723,33.73731993653,24.266994666970984,41.45494452672042,17.187949859749434,321,ok
B0006,104,24,1.452255804330839,2.013326371345464,first_n_median,72.13216023988832,normal,,1,04871.csv,4871,366,3020.11,3.4305347141293625,2.472830716079143,4.188427549455566,-1.7486639022205694,-2.0180838913239434,0.0081523535564586,34.08965316576344,25.010523307428716,41.39678877103747,16.386265463608755,322,ok
B0006,105,24,1.431557632772571,2.013326371345464,first_n_median,71.10410180620099,normal,,1,04875.csv,4875,370,3002.172000000006,3.4250844180972875,2.467318928642863,4.181499335679726,-1.7345160724760178,-2.015157068463395,0.0001978952928271,33.9987286593769,24.81713061500866,41.36669473718026,16.5495641221716,320,ok
B0006,106,24,1.415015751158943,2.013326371345464,first_n_median,70.28248232865084,normal,,1,04879.csv,4879,374,2992.703,3.4171339862792935,2.3692462667541,4.179546243153898,-1.7271570233190525,-2.013917344838714,0.0013926531441986,33.907397114007345,24.66015421423191,41.37787352037061,16.717719306138704,319,ok
B0006,107,24,1.4097311506517451,2.013326371345464,first_n_median,70.02000126336453,normal,,1,04883.csv,4883,378,2964.468,3.417521467040602,2.4482618595124874,4.18101558225098,-1.7305179027385762,-2.026182069042455,0.005189848551175,33.70518417605219,24.417272340572964,41.14095609169821,16.723683751125243,316,ok
B0006,108,24,1.404917318129309,2.013326371345464,first_n_median,69.7809027947333,normal,,1,04887.csv,4887,382,2983.375,3.4181623236680356,2.4598632768748825,4.182667734360821,-1.7141443638380731,-2.01548065880372,0.0017804365403169,33.7458832944166,24.34226965648951,41.2168813199875,16.87461166349799,318,ok
B0006,109,24,1.395164296571563,2.013326371345464,first_n_median,69.29647951907589,normal,,1,04891.csv,4891,386,2975.297,3.4203319359051187,2.497869764845928,4.179947555799937,-1.7067823273466607,-2.014398878088724,0.0004526100127092,34.01657212624259,24.68862064835225,41.40391881889191,16.71529817053966,317,ok
B0006,110,24,1.3945343832614077,2.013326371345464,first_n_median,69.26519232594512,normal,,1,04895.csv,4895,390,2974.9850000000006,3.4192916311692465,2.472236707252471,4.182316086490744,-1.7063596521950202,-2.015379938834276,0.0004074114617765,34.175023374593785,24.83379380277289,41.58657133119858,16.752777528425685,317,ok
B0006,111,24,1.3893171179312644,2.013326371345464,first_n_median,69.0060557346603,normal,,1,04899.csv,4899,394,2966.25,3.414352330355796,2.427874990476308,4.18300582450457,-1.7052696591517462,-2.024938600791225,0.002731966470301,33.976109677640174,24.567907151996646,41.43504077863728,16.867133626640634,316,ok
B0006,112,24,1.3838379472327809,2.013326371345464,first_n_median,68.7339105536074,normal,,1,04903.csv,4903,398,2956.359,3.412701167144591,2.427590520023505,4.182504606082063,-1.704626557443961,-2.027018156432659,0.0013872942238959,33.84150372451663,24.35845427718724,41.37436880579148,17.015914528604238,315,ok
B0006,113,24,1.3736814238195123,2.013326371345464,first_n_median,68.22944572575732,normal,,1,04907.csv,4907,402,2956.344,3.410409522809144,2.37337869163978,4.179533028548021,-1.6985503106996724,-2.014779909755338,0.0037299171946931,34.1008464215818,24.62149945751311,41.66477948989921,17.0432800323861,315,ok
B0006,114,24,1.3786059891863676,2.013326371345464,first_n_median,68.47404418912339,normal,,1,04911.csv,4911,406,2956.406,3.414419320260644,2.4248604132549767,4.18250512422575,-1.6982347588599789,-2.0151111715849144,0.0014127620211878,34.34663683304219,24.908657981582397,41.81816829502593,16.90951031344353,315,ok
B0006,115,24,1.3737600299108574,2.013326371345464,first_n_median,68.2333500153183,normal,,1,04915.csv,4915,410,2947.266,3.4131710032395315,2.426962848243194,4.1828227593786,-1.6971165805711328,-2.0151664181090267,0.0008856833378857,34.216231530637586,24.777867901281315,41.68664700078119,16.908779099499878,314,ok
B0006,116,24,1.3682580583942712,2.013326371345464,first_n_median,67.96007233938394,normal,,1,04919.csv,4919,414,2937.984,3.4107019261975147,2.417287750352038,4.182413969607667,-1.6959199401004303,-2.016248522283907,0.0022565477410673,34.041617020161176,24.55493670403353,41.565382893773936,17.010446189740406,313,ok
B0006,117,24,1.3633024037317505,2.013326371345464,first_n_median,67.71392970036368,normal,,1,04923.csv,4923,418,2929.125,3.4089059214760367,2.4185087281747166,4.182451170946608,-1.6953163120957457,-2.015018401452086,0.0029458430897076,33.890212870710734,24.31801713066025,41.46394809540406,17.145930964743805,312,ok
B0006,118,24,1.35809661401726,2.013326371345464,first_n_median,67.45536309195973,normal,,1,04927.csv,4927,422,2928.454,3.4134080258317576,2.480937393224248,4.181305580928812,-1.689038351243322,-2.014808414619914,0.001787051783338,34.116762412437,24.575299028638764,41.6123634180086,17.037064389369835,312,ok
B0006,119,24,1.353269090999531,2.013326371345464,first_n_median,67.21558462948904,normal,,1,04931.csv,4931,426,2929.375,3.411221044859532,2.4078214169511205,4.1804870315884735,-1.689240311218937,-2.014994164220888,0.0009686723211606,34.49049358941505,24.98269073769502,42.0075404495327,17.02484971183768,312,ok
B0006,120,24,1.3841605738237488,2.013326371345464,first_n_median,68.74993510857075,normal,,1,04935.csv,4935,430,2946.031,3.4155210852213678,2.433234589649132,4.163570261072192,-1.7102007614808157,-2.014889154962298,0.0021530897065765,34.23744800906639,25.141147272482755,41.61679232360952,16.47564505112677,314,ok
B0006,121,24,1.4051467790651473,2.013326371345464,first_n_median,69.79229990049338,normal,,1,04937.csv,4937,432,2955.438,3.4229838362549794,2.440822893388958,4.190012868765637,-1.730244918610445,-2.021897889619746,0.0009450807694683,34.41428886050454,25.169349346251156,41.80245062827161,16.63310128202045,315,ok
B0006,122,24,1.378719022627353,2.013326371345464,first_n_median,68.47965845229473,normal,,1,04941.csv,4941,436,2937.625,3.414757022019347,2.396078253891397,4.182418011462176,-1.7152465923901479,-2.013990107965066,0.0022862143567549,34.16445180476377,24.82143821287872,41.653004783464006,16.831566570585284,313,ok
B0006,123,24,1.3682657783199066,2.013326371345464,first_n_median,67.96045578072487,normal,,1,04945.csv,4945,440,2929.078,3.414358716272361,2.449306948268824,4.182070839014939,-1.7013404928191733,-2.0141794769710484,0.0017603003484055,33.877146811272176,24.44823164208337,41.36061809844917,16.9123864563658,312,ok
B0006,124,24,1.3573151296618016,2.013326371345464,first_n_median,67.41654750961892,normal,,1,04949.csv,4949,444,2918.375,3.4091886698418046,2.384185417166802,4.182701902443236,-1.7004366132157598,-2.014245767720947,0.002448164539924,33.839566254190565,24.316938949769007,41.42815616511055,17.111217215341544,311,ok
B0006,125,24,1.3524934638801596,2.013326371345464,first_n_median,67.17705997047645,normal,,1,04953.csv,4953,448,2919.812,3.411930366643558,2.4440756213040964,4.182270325485355,-1.6873533635265772,-2.013969299900083,0.0010573004756267,33.818304796930946,24.299358283075957,41.343265645039,17.04390736196304,311,ok
B0006,126,24,1.3474099151661236,2.013326371345464,first_n_median,66.92456495593795,normal,,1,04957.csv,4957,452,2900.422,3.4094417183837504,2.4296014294774677,4.182394535290608,-1.6919294969110734,-2.014779898380345,0.0016960165224917,33.812621135472135,24.25578525763593,41.38118673567723,17.1254014780413,309,ok
B0006,127,24,1.3370075130842318,2.013326371345464,first_n_median,66.40788756920408,normal,,1,04961.csv,4961,456,2901.375,3.4081896097479882,2.41022288115442,4.182061947471753,-1.6852952939579415,-2.014211676143238,0.0020320718333584,33.79894614410012,24.22667614097166,41.378450473707446,17.151774332735787,309,ok
B0006,128,24,1.3312352966718526,2.013326371345464,first_n_median,66.12118708712964,normal,,1,04965.csv,4965,460,2901.187,3.40737851449911,2.4098927032454966,4.182288987105723,-1.6787428835073939,-2.0146307921789908,0.0080376766807166,33.702723745621576,24.08401483096836,41.306600641009794,17.222585810041434,309,ok
B0006,129,24,1.3259303781727645,2.013326371345464,first_n_median,65.85769684657102,normal,,1,04969.csv,4969,464,2891.64,3.4085862639015,2.453938411405305,4.179662143533188,-1.6712137513430332,-2.013369705800471,0.0010416352989289,33.63562651984647,24.032744419693664,41.20408103671912,17.171336617025453,308,ok
B0006,130,24,1.321578743867529,2.013326371345464,first_n_median,65.6415553224163,normal,,1,04973.csv,4973,468,2882.906,3.404843616147767,2.3940396792395253,4.181392635232333,-1.6768931248947172,-2.0139825284473383,0.0013051127215942,33.690724061796516,24.035049734679703,41.32955629442644,17.294506559746736,307,ok
B0006,131,24,1.321225074066109,2.013326371345464,first_n_median,65.62398888080733,normal,,1,04977.csv,4977,472,2883.265,3.4081057374178703,2.45134737470238,4.182099866234647,-1.6701186583642826,-2.01389215215322,0.001905914988572,33.71317033815573,24.06699631246609,41.300370296451625,17.233373983985533,307,ok
B0006,132,24,1.3156485301862682,2.013326371345464,first_n_median,65.34700726673776,normal,,1,04981.csv,4981,476,2882.969,3.4091728540380735,2.475014603796582,4.182054276922838,-1.6634753413292604,-2.013710255019385,0.004822714606532,33.65376593260612,23.996723972247743,41.2436462295636,17.24692225731586,307,ok
B0006,133,24,1.3209025697502388,2.013326371345464,first_n_median,65.60797039913142,normal,,1,04985.csv,4985,480,2891.656,3.4110817622184233,2.4569179775419294,4.168816046299314,-1.6645875549232958,-2.0145340492151043,0.0016790557813109,33.983578066068176,24.663353868241057,41.36464929786556,16.701295429624505,308,ok
B0006,134,24,1.3474328767273906,2.013326371345464,first_n_median,66.92570543477903,normal,,1,04987.csv,4987,482,2901.25,3.4167486246717154,2.438240626221148,4.190149239555381,-1.6918384605140158,-2.01382438347875,0.0011291190058123,33.816348135475515,24.805357555777945,40.89285784811417,16.087500292336223,309,ok
B0006,135,24,1.3260128072353616,2.013326371345464,first_n_median,65.86179101946671,normal,,1,04989.csv,4989,484,2891.703,3.4169689184247174,2.4946397780995584,4.187196878135145,-1.6711981411684524,-2.0133154561700204,0.0015509192623282,33.60692030225909,24.568710436075083,40.652964511118334,16.08425407504325,308,ok
B0006,136,24,1.3101186784831065,2.013326371345464,first_n_median,65.072344808536,normal,,1,04993.csv,4993,488,2883.016,3.4105763913818787,2.4367455144223555,4.18232296515852,-1.6632769410531225,-2.0139168871011672,0.0017807462401955,33.47350597721994,24.308667818003084,40.58410707337388,16.275439255370795,307,ok
B0006,137,24,1.30521620229393,2.013326371345464,first_n_median,64.8288434935505,normal,,1,04997.csv,4997,492,2873.453,3.4113335283009314,2.485868996808533,4.1822817387062585,-1.6559085740676296,-2.0142276812428177,0.001136289876544,33.20917872762011,24.003796003990196,40.322783635307104,16.318987631316908,306,ok
B0006,138,24,1.3004061951355774,2.013326371345464,first_n_median,64.58993502710358,normal,,1,05001.csv,5001,496,2874.031,3.4081283345557187,2.395755020190792,4.181394192711236,-1.656100922060331,-2.014080368444908,0.0011258076444086,33.58088963686094,24.35910018105313,40.78032921971219,16.421229038659064,306,ok
B0006,139,24,1.300235735841116,2.013326371345464,first_n_median,64.58146847657868,normal,,1,05005.csv,5005,500,2874.234,3.4125732422699135,2.4504684570147006,4.182109437180301,-1.6493259508429792,-2.014831579693271,0.0035385904696668,33.764008619560336,24.621773390889476,40.85731522464202,16.235541833752546,306,ok
B0006,140,24,1.2895066722480757,2.013326371345464,first_n_median,64.04856612424568,normal,,1,05009.csv,5009,504,2864.984,3.407693686560286,2.3942028718004007,4.181210531150237,-1.6481131076816378,-2.014857985605384,0.0007121321492493,33.57003564415372,24.362440700162463,40.74860220857894,16.386161508416475,305,ok
B0006,141,24,1.279253057384795,2.013326371345464,first_n_median,63.53927885670602,normal,,1,05013.csv,5013,508,2855.093,3.4073499608041957,2.4303844034459368,4.180183763169455,-1.6402541382604887,-2.013906118562721,0.002070603795056,33.272050895552354,24.05758090644101,40.47227623020844,16.414695323767432,304,ok
B0006,142,24,1.2792078171714618,2.013326371345464,first_n_median,63.537031818472336,normal,,1,05017.csv,5017,512,2855.625,3.409292163767801,2.4755630989048205,4.181641969595387,-1.6339151095418003,-2.01480412850878,0.0011760650851612,33.12740933210319,23.84003655190612,40.28187574900838,16.441839197102258,304,ok
B0006,143,24,1.274036760902923,2.013326371345464,first_n_median,63.28019038719047,normal,,1,05021.csv,5021,516,2855.594,3.4095492354804775,2.446712151873903,4.1818501497507565,-1.6340244573659812,-2.014522533445452,0.0019702593856607,33.439116773449626,24.11614509838886,40.637565231244686,16.521420132855827,304,ok
B0006,144,24,1.2741273923001468,2.013326371345464,first_n_median,63.284691962221416,normal,,1,05025.csv,5025,520,2847.437,3.410318915287339,2.4607112018206894,4.1817089329030335,-1.632488007933941,-2.0149438038428857,0.0040495370268256,33.482874768414376,24.2483754316006,40.64243349478575,16.39405806318515,303,ok
B0006,145,24,1.263763942644078,2.013326371345464,first_n_median,62.76994930531462,normal,,1,05029.csv,5029,524,2847.36,3.409269478846638,2.46197885229738,4.178725976011113,-1.6192610042624402,-2.0150039133931816,0.0014280969271294,33.22136307064441,23.97276387413658,40.38713367022122,16.41436979608464,303,ok
B0006,146,24,1.2581373688955233,2.013326371345464,first_n_median,62.49048275539829,normal,,1,05033.csv,5033,528,2837.328,3.4094374435069095,2.4999079970509284,4.181148894438262,-1.6178242977824624,-2.015129426588159,0.0037301935665104,32.985627389014255,23.67821307261489,40.15316398972329,16.474950917108398,302,ok
B0006,147,24,1.253259864055301,2.013326371345464,first_n_median,62.24822174349078,normal,,1,05037.csv,5037,532,2837.281,3.403885091976961,2.4061574188511727,4.181246648937272,-1.6181015728870056,-2.015749061229573,0.001436003251364,32.970182781539556,23.51872262795036,40.26211669866818,16.74339407071782,302,ok
B0006,148,24,1.2532313315493426,2.013326371345464,first_n_median,62.24680456114199,normal,,1,05041.csv,5041,536,2838.515,3.4065929107527846,2.40921365026611,4.182124874468928,-1.61809852978642,-2.014223314502266,0.0088086122111483,33.31018716138479,23.900390232503312,40.65437976632703,16.75398953382372,302,ok
B0006,149,24,1.2480874960313575,2.013326371345464,first_n_median,61.991315158569485,normal,,1,05045.csv,5045,540,2828.328,3.4095930016592684,2.4705399687343235,4.179545017207998,-1.6103535053387172,-2.016335249580649,0.0018528412705641,33.23406652671602,23.92716190106188,40.41021687551566,16.48305497445378,301,ok
B0006,150,24,1.2534354284944844,2.013326371345464,first_n_median,62.25694186168335,normal,,1,05049.csv,5049,544,2838.265,3.409409922814414,2.4996841687041944,4.164241788212258,-1.611644410040853,-2.01499403966668,0.000657295059648,33.117656712920734,23.563221777928877,40.49521984011741,16.93199806218853,302,ok
B0006,151,24,1.28980487732669,2.013326371345464,first_n_median,64.06337768599039,normal,,1,05052.csv,5052,547,2864.547,3.4195489282896943,2.4839695531514434,4.189238693156103,-1.6420364978388977,-2.0181368086516467,0.00114204030608,33.784170366860046,24.18298607119453,41.357879741754175,17.174893670559644,305,ok
B0006,152,24,1.2635402021758837,2.013326371345464,first_n_median,62.75883632972463,normal,,1,05056.csv,5056,551,2846.39,3.4151799904187996,2.4675402264113453,4.180842923747738,-1.6194806393973795,-2.014277449216773,0.0006389432339644,33.806439563441614,24.13790128994837,41.37902988743146,17.241128597483087,303,ok
B0006,153,24,1.2479761706842851,2.013326371345464,first_n_median,61.985785734793154,normal,,1,05060.csv,5060,555,2837.969,3.4154594925159083,2.4946438160388325,4.18123823034649,-1.6048643562670923,-2.0138128429431967,0.0057812483075358,33.63735785291911,23.963097388160715,41.20920760771975,17.246110219559032,302,ok
B0006,154,24,1.2321202877943334,2.013326371345464,first_n_median,61.19823915935364,normal,,1,05064.csv,5064,559,2838.156,3.4130336456755868,2.4577382116375843,4.1798277092808815,-1.5916400783224374,-2.014917756386988,0.0023397381848139,33.58195933847606,23.85096067907487,41.20630554355683,17.35534486448196,302,ok
B0006,155,24,1.2271137666213534,2.013326371345464,first_n_median,60.94957002928933,normal,,1,05068.csv,5068,563,2829.843,3.409452435657409,2.40986495422137,4.180792839927961,-1.5901105081883435,-2.014930078850297,0.0010089516629164,33.56245583951572,23.75303412345965,41.28239317323536,17.529359049775714,301,ok
B0006,156,24,1.2217397581377356,2.013326371345464,first_n_median,60.68264815511618,normal,,1,05072.csv,5072,567,2829.625,3.4138496008165014,2.479418189447868,4.181365190126037,-1.5767754479909835,-2.0147963353542564,0.0008594805850041,33.5111267532655,23.71579098948608,41.1595683576961,17.44377736821002,301,ok
B0006,157,24,1.211102678915174,2.013326371345464,first_n_median,60.154314578704856,normal,,1,05076.csv,5076,571,2819.437,3.410900672125043,2.434585389303289,4.180594670510683,-1.575262673173442,-2.015518745222527,0.0011992086586358,33.53675907012135,23.759120931060004,41.230427315370186,17.471306384310182,300,ok
B0006,158,24,1.2056159765131735,2.013326371345464,first_n_median,59.88179530512411,normal,,1,05080.csv,5080,575,2819.579,3.4105744140130074,2.425682710641569,4.181424135030176,-1.5684640005188113,-2.0147884579094577,0.0016688329956906,33.498030695567785,23.66231577866041,41.21487873613708,17.55256295747667,300,ok
B0006,159,24,1.2008936262717274,2.013326371345464,first_n_median,59.64724067410864,normal,,1,05084.csv,5084,579,2810.672,3.409651424735992,2.417924401749313,4.181921994951423,-1.5671286757845893,-2.0146138657111945,0.0026713892198369,33.516977262709986,23.65025525718372,41.27439823262361,17.62414297543989,299,ok
B0006,160,24,1.1905903985558337,2.013326371345464,first_n_median,59.1354891835141,normal,,1,05088.csv,5088,583,2811.485,3.412857837344254,2.4541577949851603,4.179593598747663,-1.5537993411647464,-2.0148417510809367,0.0021054554350767,33.531923269271225,23.71646710308953,41.237668013317766,17.521200910228234,299,ok
B0006,161,24,1.185179251041941,2.013326371345464,first_n_median,58.86672264914061,normal,,1,05092.csv,5092,587,2802.422,3.4134509017056525,2.463616101176541,4.180557596235595,-1.5521827524962775,-2.013981544237104,0.0030546197767952,33.567636169584304,23.75283925140291,41.24068073261839,17.487841481215476,298,ok
B0006,162,24,1.1796706818144624,2.013326371345464,first_n_median,58.59311727120095,normal,,1,05096.csv,5096,591,2801.625,3.414388187503409,2.470375229475307,4.181414159913002,-1.5452652929126827,-2.014023708028726,0.0020243726684846,33.60493096509702,23.80606714012504,41.28133907077437,17.47527193064933,298,ok
B0006,163,24,1.1745952836753917,2.013326371345464,first_n_median,58.34102708794472,normal,,1,05100.csv,5100,595,2802.031,3.412419038813061,2.4357634426689945,4.180815073540562,-1.538651770825325,-2.016504705213686,0.0039411217828642,33.54281440778599,23.71321070187237,41.28338645880181,17.570175756929437,298,ok
B0006,164,24,1.15381833159625,2.013326371345464,first_n_median,57.30905570094814,normal,,1,05104.csv,5104,599,2793.39,3.4148103057455175,2.481190011798763,4.1697037841892834,-1.5169723774339863,-2.0192733708647617,0.0022476647345707,33.472459360982775,23.707339766856947,41.14919304328959,17.441853276432646,297,ok
B0006,165,24,1.1644009557372264,2.013326371345464,first_n_median,57.83468454541136,normal,,1,05108.csv,5108,603,2793.39,3.4166177332601,2.491537251958465,4.180283727512206,-1.5238501013926742,-2.014625681416588,0.0020222968056506,33.58210389885497,23.791460085164704,41.26268252018065,17.471222435015942,297,ok
B0006,166,24,1.1587974947916069,2.013326371345464,first_n_median,57.55636598636548,normal,,1,05112.csv,5112,607,2792.485,3.4121341541171764,2.40904100737121,4.181170015245673,-1.5237928146868023,-2.016243208356173,0.000365940232113,33.6634605108384,23.802896883148367,41.45791806300034,17.655021179851975,297,ok
B0006,167,24,1.1749748834769171,2.013326371345464,first_n_median,58.35988144791975,normal,,1,05116.csv,5116,611,2802.016,3.419700177568569,2.475767645530351,4.1575524997258,-1.5391310859398721,-2.013736316594881,-0.0004237695743895,33.730546074122294,24.698597962486065,41.11666214070682,16.418064178220757,298,ok
B0006,168,24,1.1856752327929356,2.013326371345464,first_n_median,58.89135758950863,normal,,1,05118.csv,5118,613,2820.39,3.4234687742187893,2.4160441724133666,4.188511527828155,-1.5426703969635052,-2.014876364498059,0.0032206172427055,33.8912822372509,24.907725860706154,41.36263766174168,16.454911801035525,300,ok
B0007,1,24,1.89105229539079,1.8806626717011388,first_n_median,100.5524448294735,normal,,0,05738.csv,5738,1,3690.234,3.522006703394617,2.145975766935391,4.199497433806136,-1.8691188840185695,-1.996867242177128,0.0009103844987851,32.62485875142121,23.92407356409745,40.59042914535701,16.666355581259555,197,ok
B0007,2,24,1.880637027686859,1.8806626717011388,first_n_median,99.99863643732256,normal,,0,05740.csv,5740,3,3672.344,3.5319490434317116,2.111016698785212,4.198510349854315,-1.8680422715350309,-1.994391196351152,0.0036015506039289,32.738209593287145,24.261106709876195,40.26023408628707,15.999127376410875,196,ok
B0007,3,24,1.8806626717011388,1.8806626717011388,first_n_median,100.0,normal,,0,05742.csv,5742,5,3651.641,3.5344025220217845,2.025108512818265,4.198280074112568,-1.877784734502072,-1.994681656822022,-0.0010276902277484,32.68511456550919,24.3190033925327,40.27558633997852,15.956582947445817,195,ok
B0007,4,24,1.8807709009833444,1.8806626717011388,first_n_median,100.0057548482157,normal,,0,05744.csv,5744,7,3631.563,3.53492504932652,1.922542180649595,4.198267468745592,-1.8875256535871225,-1.9952731083659303,-0.0006983471237198,32.554748499572646,24.223578724887076,40.29314715799111,16.06956843310403,194,ok
B0007,5,24,1.879450872828505,1.8806626717011388,first_n_median,99.93556532541068,normal,,0,05746.csv,5746,9,3629.172,3.534536640068787,1.871159045064988,4.198464224146956,-1.8871559747738404,-1.9935500451030048,0.0005983417342468,32.46787845303298,24.13830760704513,40.2688726302198,16.130565023174672,194,ok
B0007,6,24,1.8807003517117404,1.8806626717011388,first_n_median,100.00200354966198,normal,,0,05748.csv,5748,11,3652.281,3.5411626672196816,2.175686706590344,4.197967993115647,-1.8675154082122565,-1.994104174576412,-0.0004243475852501,32.48624734055599,24.135840711684263,39.67620802332074,15.540367311636476,195,ok
B0007,7,24,1.8799352523566075,1.8806626717011388,first_n_median,99.96132111539848,normal,,0,05750.csv,5750,13,3650.828,3.541165612176161,2.111788715601944,4.198023461704379,-1.8673304059806155,-1.993164510431567,0.0005401764510727,32.55779966353037,24.255515986671373,39.80381766292616,15.548301676254784,195,ok
B0007,8,24,1.88150881240388,1.8806626717011388,first_n_median,100.04499162531768,normal,,0,05752.csv,5752,15,3572.453,3.5494581176357975,2.026250619894166,4.199372697237068,-1.9063154499484403,-1.9936540341331743,-0.000328171819449,32.45374435641106,24.30295214496604,39.88810476942348,15.58515262445744,191,ok
B0007,9,24,1.8696907870385844,1.8806626717011388,first_n_median,99.41659475526092,normal,,0,05754.csv,5754,17,3550.594,3.550280546407974,1.950589433290604,4.19921182024681,-1.9164259300038171,-1.99377953803378,0.0005697252689816,32.373246444985035,24.257530932186896,39.95162250671474,15.694091574527846,190,ok
B0007,10,24,1.870052380139199,1.8806626717011388,first_n_median,99.43582165363328,normal,,0,05756.csv,5756,19,3551.25,3.5481347674910286,1.868824706765806,4.198957678253482,-1.9165016044519982,-1.99378312138298,0.0035107556642499,32.30534276235138,24.189583713016194,40.05202185471829,15.862438141702096,190,ok
B0007,11,24,1.8700442394188577,1.8806626717011388,first_n_median,99.43538878917204,normal,,0,05758.csv,5758,21,3530.25,3.5484272148956437,1.7896213776724978,4.198832114024662,-1.926771167846017,-1.9942511729128332,-9.593499764332656e-05,32.183319483399806,24.062655752137022,40.1213838436794,16.05872809154238,189,ok
B0007,12,24,1.8596518987766364,1.8806626717011388,first_n_median,98.88279949186756,normal,,0,05761.csv,5761,24,3491.016,3.5560433603714667,1.910336108594535,4.198945227315025,-1.936979366983281,-1.9938120330189373,-0.0018154689461531,32.378853181816005,24.334878490739897,40.174657039770814,15.839778549030918,187,ok
B0007,13,24,1.8590746560862208,1.8806626717011388,first_n_median,98.85210591246592,normal,,0,05763.csv,5763,26,3470.281,3.5604849642800684,1.9086884059809104,4.199051302806796,-1.947065774665518,-1.9942213710086447,0.0021769059281878,32.2913249500013,24.352069874766624,40.016434730174936,15.664364855408312,186,ok
B0007,14,24,1.8590084577709232,1.8806626717011388,first_n_median,98.84858596621008,normal,,0,05765.csv,5765,28,3470.0,3.5562872542469752,1.7868782934275431,4.198107645780677,-1.946961601670498,-1.9939995868905829,-0.0004508051048845,32.14782797344657,24.125190486792462,40.16569230743226,16.040501820639797,186,ok
B0007,15,24,1.8593622586957048,1.8806626717011388,first_n_median,98.86739853319008,normal,,0,05767.csv,5767,30,3450.297,3.5647746218187315,2.1361343961784502,4.19925638222589,-1.9468510507422583,-1.994356138623711,-0.0011324628611877,32.01380948237792,24.072501109913752,39.46139677634257,15.388895666428816,185,ok
B0007,16,24,1.8587355450601035,1.8806626717011388,first_n_median,98.83407444774764,normal,,0,05769.csv,5769,32,3429.407,3.565438928797127,2.0133501283179167,4.199087384946408,-1.957406371900557,-1.9935665024864544,0.0005922421493807,31.881310103471357,23.938131916668528,39.5636595172155,15.62552760054697,184,ok
B0007,17,24,1.847817291322145,1.8806626717011388,first_n_median,98.25352090658107,normal,,0,05771.csv,5771,34,3409.484,3.565961679108638,1.8575547668336485,4.199009971925293,-1.9680136940585706,-1.993742172224942,-0.0019590482402041,31.854304304240507,23.932016714666645,39.628948319501816,15.696931604835171,183,ok
B0007,18,24,1.8485252916137047,1.8806626717011388,first_n_median,98.29116722679647,normal,,0,05773.csv,5773,36,3390.422,3.572496559005355,2.165755612420893,4.1985172274243965,-1.9680499927642312,-1.9946244036549008,0.0004326258514957,31.856555404576753,23.976819790445436,39.22534721491488,15.248527424469447,182,ok
B0007,19,24,1.848378951850034,1.8806626717011388,first_n_median,98.2833859396006,normal,,0,05775.csv,5775,38,3390.281,3.5699492020415136,2.0270686341513207,4.198245740608724,-1.9680218912213907,-1.994455565707021,-0.0024409084852146,31.867182607083926,23.9807756950204,39.4126321606434,15.431856465622996,182,ok
B0007,20,24,1.8807805437609768,1.8806626717011388,first_n_median,100.0062675811889,normal,,0,05778.csv,5778,41,3591.734,3.5464338449590023,1.905311669649934,4.196262462698172,-1.9066656790606793,-1.9992261048783584,-0.0008292148953224,32.35216872128999,24.35868522365832,39.95874037686836,15.600055153210043,192,ok
B0007,21,24,1.88147215974436,1.8806626717011388,first_n_median,100.0430427027346,normal,,0,05782.csv,5782,45,3552.297,3.5531968089006387,1.7951975189442124,4.1969587758867,-1.9267118604677658,-1.9940266531677509,0.0007573311396121,32.60219299451182,24.65025766803762,40.31302300333008,15.662765335292459,190,ok
B0007,22,24,1.8810954313244783,1.8806626717011388,first_n_median,100.0230110178636,normal,,0,05786.csv,5786,49,3531.578,3.5599340214678805,2.1058524852518143,4.197071720130598,-1.9260915660103675,-1.993858646326954,0.0013452537587627,32.19571819720114,24.30627397473693,39.359447242364645,15.053173267627717,189,ok
B0007,23,24,1.8710089649779995,1.8806626717011388,first_n_median,99.48668589702972,normal,,0,05790.csv,5790,53,3492.907,3.5595604968238,1.846021007590992,4.19690260801443,-1.9468340181835688,-1.9927272592846583,0.0006146261200233,31.805988160181123,23.9467139821556,39.454159451189874,15.507445469034273,187,ok
B0007,24,24,1.8701995151941373,1.8806626717011388,first_n_median,99.44364522865034,normal,,0,05794.csv,5794,57,3511.594,3.552385161941813,1.7370300333706354,4.1966416719103465,-1.936419689671865,-1.9934659604006035,-0.0002739360521714,31.737001978644926,23.7951049382806,39.64174827400944,15.846643335728839,188,ok
B0007,25,24,1.8706715362800983,1.8806626717011388,first_n_median,99.4687438863237,normal,,0,05798.csv,5798,61,3431.9370000000054,3.5707670304281067,2.0506492642329937,4.1971302559922,-1.9675984733558025,-1.993000639305042,-0.0003786300348992,31.51707667966367,23.71845701771557,38.86906912217273,15.150612104457164,184,ok
B0007,26,24,1.8596124644020169,1.8806626717011388,first_n_median,98.88070265785193,normal,,0,05802.csv,5802,65,3431.125,3.5657224847439295,1.8254369744762284,4.19652461108806,-1.9680130544442065,-1.9947910338783703,-0.0014954156580665,31.442860781038384,23.64183560576637,39.11839966443177,15.4765640586654,184,ok
B0007,27,24,1.860033909718346,1.8806626717011388,first_n_median,98.903112062934,normal,,0,05806.csv,5806,69,3412.406,3.5712835067487103,2.134879000684994,4.196790308710931,-1.9675572757550353,-1.9956093835681803,0.0005398984445576,31.32326275303232,23.51989277533736,38.68010761281634,15.160214837478982,183,ok
B0007,28,24,1.8591653109160768,1.8806626717011388,first_n_median,98.85692627877722,normal,,0,05810.csv,5810,73,3410.688,3.5679716274891398,1.970455493406623,4.196693048697735,-1.967618505240168,-1.9936520198661491,-8.502750867487407e-05,31.28571570579735,23.467259682273063,38.863045678198645,15.395785995925582,183,ok
B0007,29,24,1.8481398178778288,1.8806626717011388,first_n_median,98.2706705294527,normal,,0,05814.csv,5814,77,3410.718,3.5646314038791784,1.813269430976001,4.197078923354,-1.9678214300979182,-1.9944764248874856,-0.0021454320098209,31.331850868998007,23.492198340361576,39.14531169811219,15.653113357750613,183,ok
B0007,30,24,1.849201702126164,1.8806626717011388,first_n_median,98.32713383168726,normal,,0,05818.csv,5818,81,3392.719,3.568983888921194,2.048365732409564,4.196062203382386,-1.9675056354779956,-1.9940826161567085,-0.0025121744881896,31.32285733932258,23.51112503683739,38.8380564174779,15.32693138064051,182,ok
B0007,31,24,1.8834677437950849,1.8806626717011388,first_n_median,100.1491533881198,normal,,0,05822.csv,5822,85,3470.672,3.564620688944316,2.181560983985832,4.206531081984383,-1.9683447778186902,-1.994081294125572,-0.0020329549327671,31.608436452122476,23.527236127318183,38.95965174080089,15.43241561348271,371,ok
B0007,32,24,1.8628211117905844,1.8806626717011388,first_n_median,99.05131525291476,normal,,0,05826.csv,5826,89,3414.109,3.5694388142217837,2.1177799354077496,4.203187727641822,-1.9788067754387157,-2.003329552797809,0.0016192589541852,31.782101501165204,23.9542942093336,39.05387577229197,15.099581562958367,365,ok
B0007,33,24,1.852085039652352,1.8806626717011388,first_n_median,98.4804488078164,normal,,0,05830.csv,5830,93,3395.219,3.568742147335628,2.1637448793153697,4.202997027311235,-1.9785908218423578,-1.9938003511879971,-0.001677256736689,31.51504198920288,23.73407143959736,38.699551697978606,14.965480258381245,363,ok
B0007,34,24,1.8469504648208708,1.8806626717011388,first_n_median,98.20742936053632,normal,,0,05834.csv,5834,97,3386.0,3.5642424070467817,2.045656147205805,4.2027504558714135,-1.9784335668087778,-1.994233953094661,-0.0024901255072808,31.13866351339678,23.309807963383705,38.6052414906155,15.295433527231793,362,ok
B0007,35,24,1.836828431169018,1.8806626717011388,first_n_median,97.66921302838053,normal,,0,05838.csv,5838,101,3368.187,3.5653038098527605,2.1356202266992863,4.202665067816707,-1.9781601679702336,-1.9932621441916,0.0002120880463095,31.068710515588776,23.305948209951065,38.42604747702835,15.120099267077283,360,ok
B0007,36,24,1.837161961967228,1.8806626717011388,first_n_median,97.68694777705336,normal,,0,05842.csv,5842,105,3368.266,3.565432167703823,2.042987153745025,4.20243913428064,-1.9783765899690637,-1.9932668899112056,0.0016978688568831,31.618244836823447,23.739006255698545,39.0468968949422,15.307890639243656,360,ok
B0007,37,24,1.8316722583718847,1.8806626717011388,first_n_median,97.39504515794214,normal,,0,05846.csv,5846,109,3358.719,3.5622303163451425,1.978616239411895,4.202794567899269,-1.9780771457931066,-1.9945447573637072,0.0006200071499489,31.331528063668397,23.487622777066665,38.83676495861389,15.349142181547226,359,ok
B0007,38,24,1.8211470951317783,1.8806626717011388,first_n_median,96.83539331827508,normal,,0,05850.csv,5850,113,3339.5,3.564481026852489,2.15845357648832,4.203135326288817,-1.9780971417908424,-1.9937887547057835,0.0003106338402807,31.132569191182142,23.2595984254445,38.49981470604549,15.24021628060099,357,ok
B0007,39,24,1.816506091511515,1.8806626717011388,first_n_median,96.5886184080215,normal,,0,05854.csv,5854,117,3331.265,3.561614556780574,2.092603698932653,4.202837061508687,-1.977978349880126,-1.992201283338572,1.0269396682341148e-05,30.972969676157927,23.021675511770265,38.582340147970775,15.56066463620051,356,ok
B0007,40,24,1.811381560150456,1.8806626717011388,first_n_median,96.31613299965085,normal,,0,05858.csv,5858,121,3321.188,3.5630587459190144,2.152888643167804,4.202745735932991,-1.9784334957218424,-1.9945004268443045,0.0006306807076325,31.1990648511682,23.18977956751028,38.787499833494046,15.597720265983767,355,ok
B0007,41,24,1.8116056333939583,1.8806626717011388,first_n_median,96.32804758948528,normal,,0,05862.csv,5862,125,3321.844,3.5629534367704405,2.0537418826405966,4.203198796599359,-1.9782873833989176,-1.9931746766502971,0.0005017093700327,31.722267598269813,23.74662782512349,39.31221126031847,15.56558343519498,355,ok
B0007,42,24,1.8060548955557405,1.8806626717011388,first_n_median,96.03289961203345,normal,,0,05866.csv,5866,129,3311.828,3.5634460120762426,2.079330058633996,4.202901668731174,-1.9781961432676651,-1.9946160382197375,0.0014954532137275,31.900827580605675,23.98219553879158,39.40567993360536,15.423484394813784,354,ok
B0007,43,24,1.8132041826994056,1.8806626717011388,first_n_median,96.41304684690137,normal,,0,05870.csv,5870,133,3327.391,3.563998342345823,2.075979330452076,4.196154302326916,-1.9670969462670498,-1.9952878943511756,0.0009071057750656,31.5372402498617,23.71372956170196,39.32802757827611,15.614298016574146,179,ok
B0007,44,24,1.8062641938283528,1.8806626717011388,first_n_median,96.04402857608224,normal,,0,05872.csv,5872,135,3312.078,3.5604902283110547,2.0674349483094465,4.204477224486428,-1.9781214643703728,-1.9951041266249487,-0.0007153493376797,31.24662583059252,23.52099861667097,38.6112528181758,15.09025420150483,354,ok
B0007,45,24,1.7958310249900458,1.8806626717011388,first_n_median,95.4892683314462,normal,,0,05876.csv,5876,139,3293.172,3.5567002097886946,2.037264031192436,4.20211656315423,-1.9780364457328714,-1.9939079880095487,-0.0012469857773277,30.939399361884792,23.07246859020669,38.56972695128688,15.497258361080192,352,ok
B0007,46,24,1.7858852600390451,1.8806626717011388,first_n_median,94.96042469028411,normal,,0,05880.csv,5880,143,3275.328,3.558412726344602,2.1632674190148338,4.202901194454151,-1.977935781469453,-1.9931708315999248,0.0005268652442651,30.884857004354572,22.983640218520343,38.34572083526661,15.362080616746269,350,ok
B0007,47,24,1.780326860450275,1.8806626717011388,first_n_median,94.66486931651036,normal,,0,05884.csv,5884,147,3265.016,3.556136820956993,2.106631526845483,4.201790697233378,-1.9780170042003,-1.9937766833094568,-0.0024226440673283,30.920682316695828,22.969922978716895,38.48254063494672,15.512617656229828,349,ok
B0007,48,24,1.8150756899575573,1.8806626717011388,first_n_median,96.51256002841514,normal,,0,05886.csv,5886,149,3328.937,3.568999942180493,2.1809272860788376,4.191916354433964,-1.9779140108313502,-1.993416647067197,-0.0001758019097429,33.880577817079796,26.46604285791351,41.0499421893331,14.583899331419591,356,ok
B0007,49,24,1.815702515484584,1.8806626717011388,first_n_median,96.54589006343195,normal,,0,05890.csv,5890,153,3329.266,3.571059290544873,2.1773498094527195,4.20342192245769,-1.978162017642311,-1.994657617315832,-0.0012601283929447,33.038339318294426,25.38232315092876,40.361944885615415,14.979621734686656,356,ok
B0007,50,24,1.800243217805667,1.8806626717011388,first_n_median,95.7238767427266,normal,,0,05894.csv,5894,157,3301.579,3.5666921284622095,2.180136101967249,4.202807443974011,-1.9779553399945098,-1.9927642557550824,-0.0007693308142824,32.27329169539202,24.501910100578037,39.6676965288026,15.165786428224564,353,ok
B0007,51,24,1.7904476205609308,1.8806626717011388,first_n_median,95.20301793098255,normal,,0,05898.csv,5898,161,3283.563,3.563327431073248,2.128629519907685,4.203276539809248,-1.9779914337720734,-1.9950332824030972,-0.0006536943792753,31.937919783481355,24.043121291612863,39.481181404811096,15.438060113198233,351,ok
B0007,52,24,1.780343032300132,1.8806626717011388,first_n_median,94.66572921818756,normal,,0,05902.csv,5902,165,3275.125,3.5590146214829015,2.155901281560187,4.202580870413733,-1.9721889844228178,-1.994232501388858,0.0007008105306003,31.688686599521045,23.72477221974692,39.4190511430692,15.694278923322276,350,ok
B0007,53,24,1.775328769596812,1.8806626717011388,first_n_median,94.39910709723144,normal,,0,05906.csv,5906,169,3265.656,3.5566945836342914,2.067103728219671,4.203244171517053,-1.9723254573804139,-1.9927179646840103,0.0001504085743458,31.779120691032947,23.738337987235628,39.72196117128354,15.98362318404791,349,ok
B0007,54,24,1.770262973473285,1.8806626717011388,first_n_median,94.12974480277248,normal,,0,05910.csv,5910,173,3266.093,3.555013984911923,2.061983186454309,4.202697222668131,-1.9668382736785281,-1.99371542403896,-0.0009153700172719,32.133873372089305,24.06931067212055,40.041366724781085,15.972056052660534,349,ok
B0007,55,24,1.760081061854204,1.8806626717011388,first_n_median,93.58834459462824,normal,,0,05914.csv,5914,177,3257.594,3.5526373754067415,2.143037413381466,4.202581421564202,-1.960929600351624,-1.99255052774098,0.0001465971906707,31.889431533099835,23.85737755230868,39.66314441864834,15.805766866339663,348,ok
B0007,56,24,1.749647593537689,1.8806626717011388,first_n_median,93.03356842591334,normal,,0,05918.csv,5918,181,3248.593,3.547186025484395,1.992905798820928,4.201275185814673,-1.9607588424014128,-1.994265959280498,-0.0009119903753978,31.817363280281278,23.739137412822192,39.84751541049116,16.10837799766897,347,ok
B0007,57,24,1.749650075059311,1.8806626717011388,first_n_median,93.03370037523416,normal,,0,05922.csv,5922,185,3238.766,3.546814755244375,2.0335961968180234,4.202508747096239,-1.9607439129501683,-1.9932021181710204,0.0010974883571477,31.72316205746117,23.58399487368775,39.74335777163101,16.15936289794326,346,ok
B0007,58,24,1.745028739214683,1.8806626717011388,first_n_median,92.78797125463392,normal,,0,05926.csv,5926,189,3240.14,3.544785017297267,2.0213017345171265,4.202333230196108,-1.9550964299704847,-1.9932663431900044,0.001774869767192,31.957150654392294,23.70822834446801,40.07246786936068,16.364239524892668,346,ok
B0007,59,24,1.739645745528673,1.8806626717011388,first_n_median,92.50174269450936,normal,,0,05930.csv,5930,193,3230.109,3.5465215420964156,2.0789964919635966,4.202490707154508,-1.955058998571939,-1.9938941800121164,0.0005136007463939,32.29917704213345,24.21598770999788,40.24771611400392,16.031728404006042,345,ok
B0007,60,24,1.7285642277717963,1.8806626717011388,first_n_median,91.91250795700842,normal,,0,05934.csv,5934,197,3229.7810000000027,3.540832547654255,1.9925354808829656,4.202290557382721,-1.9491545130405277,-1.9929599237339224,-0.0018160550004962,32.128842946565555,24.018596493562136,40.27220819224188,16.25361169867974,345,ok
B0007,61,24,1.723900324588418,1.8806626717011388,first_n_median,91.6645154140842,normal,,0,05938.csv,5938,201,3212.469,3.5429925113583938,2.14041602578448,4.20313824854604,-1.9485230174751031,-2.002837999763986,0.0002657157345997,32.021134355757404,23.868157730931408,39.89848456781458,16.03032683688317,343,ok
B0007,62,24,1.7139788776485192,1.8806626717011388,first_n_median,91.13696482836832,normal,,0,05942.csv,5942,205,3213.219,3.5360811169860216,2.006753861515003,4.202703239422359,-1.9431227050969846,-1.994963835157279,0.0003221994780719,31.859048861486652,23.679272417109907,40.0571305311587,16.37785811404879,343,ok
B0007,63,24,1.7139701997004613,1.8806626717011388,first_n_median,91.13650339803378,normal,,0,05946.csv,5946,209,3203.578,3.5392436935272635,2.121868132176415,4.202907102508285,-1.9430080085541772,-2.0016459444206927,0.0004335128310188,32.16100333536097,23.840345275714288,40.240711749549135,16.400366473834847,342,ok
B0007,64,24,1.7036521173638766,1.8806626717011388,first_n_median,90.5878626188104,normal,,0,05950.csv,5950,213,3195.125,3.5348237062932575,2.011964875882845,4.201457080806326,-1.9425165961920092,-1.9940444299252396,0.0008557352401421,32.10276048728767,24.23912269518512,40.12941739090177,15.890294695716651,341,ok
B0007,65,24,1.7040137474382486,1.8806626717011388,first_n_median,90.60709148317898,normal,,0,05952.csv,5952,215,3195.312999999994,3.5366477402090606,2.0744390946376323,4.204304103661928,-1.9370190075205085,-1.99394242124594,0.0009344669590898,32.33880662180898,24.100749099673767,40.3959693732437,16.295220273569935,341,ok
B0007,66,24,1.6935716157343033,1.8806626717011388,first_n_median,90.05185465835807,normal,,0,05956.csv,5956,219,3186.297,3.5352062840980913,2.188793384556236,4.20220228055958,-1.9310192096578356,-1.994068391906693,0.0022188981259913,32.21373014824893,23.89454515016851,40.18751058333668,16.29296543316817,340,ok
B0007,67,24,1.6876577363877656,1.8806626717011388,first_n_median,89.73739744944307,normal,,0,05960.csv,5960,223,3176.438,3.5329852237553396,2.1739523632140685,4.202001482736379,-1.9304738354803441,-1.9931157642861432,-0.0005031657572301,32.09949526722965,23.747372758256024,40.14605167557969,16.398678917323668,339,ok
B0007,68,24,1.6830744356583152,1.8806626717011388,first_n_median,89.49369076039049,normal,,0,05964.csv,5964,227,3167.593,3.532158560934324,2.1783847786257136,4.202600613133091,-1.9305510314753316,-1.9932876007572091,0.002667224750398,32.11305439113157,23.732576134274755,40.18846095484838,16.455884820573626,338,ok
B0007,69,24,1.6779270142025482,1.8806626717011388,first_n_median,89.21998822281044,normal,,0,05968.csv,5968,231,3167.719,3.5308376380023527,2.191481814157953,4.202328519159183,-1.9247195409983122,-1.9932567265208057,0.000550345930346,32.20371989479744,23.784085634385107,40.2789498830108,16.494864248625696,338,ok
B0007,70,24,1.6732060275966172,1.8806626717011388,first_n_median,88.96896039751412,normal,,0,05972.csv,5972,235,3159.077999999994,3.5296958440720005,2.1753473356526807,4.202855889678493,-1.9245739020356052,-1.993361006627344,0.0026001975071493,32.23340825772458,23.83125634938924,40.310727434969614,16.479471085580375,337,ok
B0007,71,24,1.6674367208253988,1.8806626717011388,first_n_median,88.6621905095363,normal,,0,05976.csv,5976,239,3148.829,3.528181937212609,2.1832922624558813,4.202212609390717,-1.9243785304854075,-1.9942955362628867,5.813877826634093e-05,32.212169716369466,23.78037304316956,40.31733812871393,16.536965085544367,336,ok
B0007,72,24,1.6622662630667526,1.8806626717011388,first_n_median,88.38726306845675,normal,,0,05980.csv,5980,243,3149.094,3.5265730179666974,2.192864020990023,4.202335745153063,-1.918402879916178,-1.9951017113211476,-0.0006209850775538,32.21746401954225,23.770282871894263,40.332563430145015,16.56228055825075,336,ok
B0007,73,24,1.6574243065763063,1.8806626717011388,first_n_median,88.12980294212444,normal,,0,05984.csv,5984,247,3140.547,3.5245022548553444,2.156097212664392,4.201997273379946,-1.9181664471622712,-1.9939693898192543,-0.0008196546730972,32.23410177209761,23.76194654931583,40.431258866851486,16.669312317535656,335,ok
B0007,74,24,1.652538684928734,1.8806626717011388,first_n_median,87.87002101944965,normal,,0,05988.csv,5988,251,3131.625,3.5228548406546385,2.138540138129487,4.201599523927098,-1.9180994998619483,-1.9959097500887344,-0.0005785652845972,32.228343983674435,23.75126365079373,40.46247985933005,16.71121620853632,334,ok
B0007,75,24,1.6472174627573322,1.8806626717011388,first_n_median,87.5870770204289,normal,,0,05992.csv,5992,255,3121.907,3.5222829121237855,2.1646493163558524,4.20196227209543,-1.9179522150901993,-1.9950531920364836,0.0007067950076479,32.1833106060944,23.692389087728422,40.40103455658551,16.708645468857085,333,ok
B0007,76,24,1.6364136810898071,1.8806626717011388,first_n_median,87.0126102736756,normal,,0,05996.csv,5996,259,3122.125,3.5189923820688493,2.1187211383693167,4.202045571197949,-1.9116539768893375,-1.993252278498655,0.0025842973651256,32.17200142078129,23.642375027314003,40.4426971996319,16.800322172317898,333,ok
B0007,77,24,1.6362554312048496,1.8806626717011388,first_n_median,87.00419569261656,normal,,0,06000.csv,6000,263,3121.672,3.5177844279570794,2.1377868706438155,4.204697039833386,-1.9115865510736891,-1.9934424013813437,0.0016296703790506,32.03316223587618,23.617774403005388,40.26214977673693,16.644375373731545,333,ok
B0007,78,24,1.641119179218384,1.8806626717011388,first_n_median,87.26281453408772,normal,,0,06002.csv,6002,265,3120.86,3.5212226057273495,2.103155697792567,4.203964293328523,-1.9176487188202131,-1.993721164618022,-0.0003124695442695,32.506671891788216,24.167910537487234,40.64566836195685,16.477757824469617,333,ok
B0007,79,24,1.6315700789656966,1.8806626717011388,first_n_median,86.7550626444812,normal,,0,06006.csv,6006,269,3103.828,3.5172227884430147,2.186737546753024,4.201985395805308,-1.9111337702474194,-1.995080127131668,0.0010705188392996,31.961039485620926,23.55302449077993,39.95209030011925,16.399065809339323,331,ok
B0007,80,24,1.621213282987236,1.8806626717011388,first_n_median,86.20436335458183,normal,,0,06010.csv,6010,273,3095.094,3.5125010864221813,2.100774791159369,4.20178017149305,-1.9108556098369367,-1.9937540476262583,0.0012645403116355,31.798082670491866,23.15836420422582,40.16503458324407,17.006670379018253,330,ok
B0007,81,24,1.6164273214762122,1.8806626717011388,first_n_median,85.94988063511067,normal,,0,06014.csv,6014,277,3095.781,3.5129614635074673,2.1417010068719846,4.202220537976551,-1.9049762303506044,-1.9934634318284483,0.0007746435520126,31.95802833708937,23.26175935743409,40.36674175781141,17.10498240037732,330,ok
B0007,82,24,1.615823510161921,1.8806626717011388,first_n_median,85.9177743289997,normal,,0,06018.csv,6018,281,3094.328,3.5125204100391962,2.0912297625621297,4.2013887453306085,-1.9051068520548522,-1.9955237523449136,0.0004752084007865,32.418131697462755,23.705879583857502,40.88269125311642,17.176811669258917,330,ok
B0007,83,24,1.61672418029789,1.8806626717011388,first_n_median,85.96566543406186,normal,,0,06022.csv,6022,285,3086.531,3.5151454557578807,2.166300950520593,4.201620573144587,-1.9049079394753692,-1.9937747556066168,0.0014730247330521,32.64044972789331,24.063147568932987,40.85633220225456,16.793184633321577,329,ok
B0007,84,24,1.6108655863730026,1.8806626717011388,first_n_median,85.65414790287227,normal,,0,06026.csv,6026,289,3085.625,3.5134431794731813,2.1843637809529235,4.201668680267049,-1.898761620917719,-1.993529946094214,0.0007479343585839,32.56399373078006,23.95500402082536,40.7780246115985,16.823020590773137,329,ok
B0007,85,24,1.6006603374309376,1.8806626717011388,first_n_median,85.11150678516273,normal,,0,06030.csv,6030,293,3067.203,3.5097089402574535,2.113995772639173,4.202567159315787,-1.90433828068926,-1.9937950394148771,0.002791130516547,32.28305350922276,23.712966469853814,40.5829305350897,16.869964065235887,327,ok
B0007,86,24,1.5959174487005665,1.8806626717011388,first_n_median,84.85931436374987,normal,,0,06034.csv,6034,297,3058.157,3.5042771471756997,2.0287779476202195,4.201472345711643,-1.904192698545851,-1.994813747444024,0.0015411386303345,32.06065237439007,23.380469376342717,40.6345689985191,17.254099622176383,326,ok
B0007,87,24,1.5962179519462243,1.8806626717011388,first_n_median,84.87529294673445,normal,,0,06038.csv,6038,301,3058.812,3.509207943122176,2.1948906641943635,4.201332830124454,-1.8982712229514884,-1.994905249607193,-7.384784317216585e-05,32.365261126964526,23.582488319458516,40.75070125010339,17.168212930644874,326,ok
B0007,88,24,1.5958065114633972,1.8806626717011388,first_n_median,84.85341552613063,normal,,0,06042.csv,6042,305,3058.578,3.5095064920492853,2.1621122251410005,4.201522880341636,-1.8977934870545978,-1.9940601969636649,0.0018530612527821,32.68851871366292,23.98206918597125,41.0672419235651,17.08517273759385,326,ok
B0007,89,24,1.5906507821480704,1.8806626717011388,first_n_median,84.57927123683801,normal,,0,06046.csv,6046,309,3049.328,3.505203266169396,2.0092802451741245,4.201386492450036,-1.9036436467205253,-1.9937194932286224,0.0040410194427514,32.747733642524246,24.051439279589804,41.40590880756584,17.354469527976033,325,ok
B0007,90,24,1.6888211161855506,1.8806626717011388,first_n_median,89.79925754882669,normal,,0,06049.csv,6049,312,3177.219,3.5281182345919744,2.144268362237989,4.233325435700087,-1.9369923426487148,-1.9937139334305616,0.0010773421833417,32.50500516961017,23.850620264439623,41.01558674901627,17.16496648457665,339,ok
B0007,91,24,1.6259938279733204,1.8806626717011388,first_n_median,86.458558062544,normal,,0,06052.csv,6052,315,3082.937,3.519590928396835,2.0962813773920197,4.203917718634026,-1.9233409193548265,-1.9940123642001173,0.0001619323178991,32.91993878980997,24.43569034018692,41.31851435911838,16.882824018931462,329,ok
B0007,92,24,1.6157433862812898,1.8806626717011388,first_n_median,85.91351392218476,normal,,0,06056.csv,6056,319,3074.266,3.5146260368096875,2.037656085248936,4.202046403451837,-1.916884219356136,-1.9933319825535087,0.0025807635004239,32.948305858317944,24.481210786362457,41.4002950560853,16.91908426972284,328,ok
B0007,93,24,1.6056626764846538,1.8806626717011388,first_n_median,85.37749489291794,normal,,0,06060.csv,6060,323,3066.0,3.5115494818370454,2.050265845971926,4.201592874087554,-1.910472150518363,-1.9934516762680057,0.0003022515281129,32.76906651915661,24.22844716982348,41.2508092329952,17.022362063171723,327,ok
B0007,94,24,1.5949746921524348,1.8806626717011388,first_n_median,84.80918540855139,normal,,0,06064.csv,6064,327,3056.437,3.510769869032659,2.1421639870693685,4.201214370586727,-1.904277326283454,-1.994203337533412,-0.0006093698061376,32.59734424608833,24.003142454503458,40.95362783962595,16.950485385122494,326,ok
B0007,95,24,1.5904102438871943,1.8806626717011388,first_n_median,84.56648115680422,normal,,0,06068.csv,6068,331,3048.219,3.50804494279531,2.093098662464846,4.201660608337926,-1.904002494100001,-1.9942540792901025,0.000577433970476,32.52349894408369,23.879196296054904,40.989022190981714,17.10982589492681,325,ok
B0007,96,24,1.5853517062988178,1.8806626717011388,first_n_median,84.29750481859675,normal,,0,06072.csv,6072,335,3039.218,3.507748080950393,2.109503853325003,4.201750207865124,-1.9036546380501311,-1.999980148540772,0.001450116371467,32.578228834731775,23.935993772910926,41.02622774121347,17.09023396830254,324,ok
B0007,97,24,1.5799737147242376,1.8806626717011388,first_n_median,84.01154223447656,normal,,0,06076.csv,6076,339,3039.047,3.5066673521067266,2.1295447836320704,4.201226117420626,-1.8977146678452774,-1.995744295058308,0.0003095311788683,32.62728298499839,23.980765847990668,41.01371342582121,17.03294757783054,324,ok
B0007,98,24,1.5752185465278068,1.8806626717011388,first_n_median,83.75869688012445,normal,,0,06080.csv,6080,343,3030.375,3.5061843921745397,2.138556110583413,4.201796973837129,-1.8973347377958825,-1.995283636272928,0.0007088973292597,32.652115712561326,23.999220368885872,41.04923314430273,17.05001277541686,323,ok
B0007,99,24,1.569798484648868,1.8806626717011388,first_n_median,83.47049730236412,normal,,0,06084.csv,6084,347,3021.0,3.5051004339266254,2.143779366990932,4.201200470517945,-1.8970045774163773,-1.9943198333456515,0.0016972268277341,32.64767456395258,23.973654052530293,41.05277512550887,17.07912107297858,322,ok
B0007,100,24,1.5702565375950357,1.8806626717011388,first_n_median,83.49485323567743,normal,,0,06088.csv,6088,351,3021.75,3.5054479186890566,2.199196544880164,4.201289094579205,-1.8909127399289274,-1.9968908750212224,0.0050718814465873,32.69938792310311,24.01135599553165,41.02092182377061,17.00956582823896,322,ok
B0007,101,24,1.565249873909438,1.8806626717011388,first_n_median,83.22863517536632,normal,,0,06092.csv,6092,355,3012.265,3.500074246846,2.0252901014990434,4.201033482375415,-1.8968789299198896,-1.9939195524210047,-9.090347803085198e-05,32.724576765133094,24.011740056772418,41.34840278359994,17.33666272682752,321,ok
B0007,102,24,1.559633933561147,1.8806626717011388,first_n_median,82.93002020135766,normal,,0,06096.csv,6096,359,3002.641,3.5011647157526498,2.0874226328484515,4.201482697501314,-1.8964710309338209,-1.9941986616958332,0.0010516290130581,32.70434030242972,23.99347983811607,41.23753665797544,17.24405681985937,320,ok
B0007,103,24,1.5649820533392105,1.8806626717011388,first_n_median,83.21439442000612,normal,,0,06100.csv,6100,363,3012.0,3.500407285435189,2.0863200514042264,4.196165946742788,-1.8967768141795405,-1.9932029763532653,0.0024946169574364,32.74051962267582,24.069019867711653,41.21700308433066,17.14798321661901,321,ok
B0007,104,24,1.57497949984227,1.8806626717011388,first_n_median,83.74598611124846,normal,,0,06103.csv,6103,366,3020.11,3.507816455272743,2.0588247910323827,4.205246397279064,-1.9031485600103595,-1.99697276936168,0.0002870995994081,33.38712825139849,24.773284683784794,41.89753189273277,17.124247208947978,322,ok
B0007,105,24,1.5652811168780458,1.8806626717011388,first_n_median,83.23029644982441,normal,,0,06107.csv,6107,370,3002.172000000006,3.5025243992110107,2.007722684403967,4.201509838937999,-1.9028574663381215,-2.0040394709724123,0.0011258644840676,33.270627344923426,24.60432088403771,41.90270996402953,17.298389079991825,320,ok
B0007,106,24,1.559755497470126,1.8806626717011388,first_n_median,82.93648408830603,normal,,0,06111.csv,6111,374,2992.703,3.505155823274424,2.190682586389996,4.201909525379603,-1.8963219640753084,-2.0003771874564404,0.0012275375949171,33.115074143665915,24.423639542020226,41.48233804274523,17.058698500725008,319,ok
B0007,107,24,1.549897685670499,1.8806626717011388,first_n_median,82.41231715778945,normal,,0,06115.csv,6115,378,2964.468,3.4983646475135717,2.008435320437976,4.199865517000471,-1.908430732943726,-2.005293715624197,0.0010402847333103,32.90572814040102,24.19968791502018,41.6411622659972,17.44147435097702,316,ok
B0007,108,24,1.543877153134502,1.8806626717011388,first_n_median,82.09218890583924,normal,,0,06119.csv,6119,382,2983.375,3.500140843862166,2.164636064139996,4.200859733656452,-1.889754408573026,-1.9945472659822976,0.0003412651456227,32.953112654161664,24.11639369687997,41.433877603827945,17.317483906947974,318,ok
B0007,109,24,1.5450187488690073,1.8806626717011388,first_n_median,82.15289068674248,normal,,0,06123.csv,6123,386,2975.297,3.49909547013937,2.064742753691984,4.20162098338246,-1.8959167588975123,-1.9938553434941435,-0.0006483552972097,33.2282109237263,24.459092848668902,41.8543569979417,17.395264149272798,317,ok
B0007,110,24,1.5445940154102908,1.8806626717011388,first_n_median,82.1303064420979,normal,,0,06127.csv,6127,390,2974.9850000000006,3.5010357611640606,2.170172617792397,4.201149059944848,-1.889387844169526,-1.994538814315664,0.0027223591581976,33.361342590516294,24.609806274773607,41.78271326384125,17.172906989067645,317,ok
B0007,111,24,1.5343086721758876,1.8806626717011388,first_n_median,81.58340649086423,normal,,0,06131.csv,6131,394,2966.25,3.497212315865497,2.120750718982474,4.200810741834928,-1.8889185963670394,-2.0003871362753527,0.0017320639758289,33.12431679486816,24.334930769941984,41.62744766181303,17.292516891871045,316,ok
B0007,112,24,1.5287603942958483,1.8806626717011388,first_n_median,81.28838931614567,normal,,0,06135.csv,6135,398,2956.359,3.496089957852059,2.13627215665258,4.200373974181371,-1.8885071150010757,-1.996471333028226,0.0004949274212671,32.991553593266204,24.140776797393677,41.552128441464966,17.41135164407129,315,ok
B0007,113,24,1.5289260249179843,1.8806626717011388,first_n_median,81.29719635127368,normal,,0,06139.csv,6139,402,2956.344,3.495877119417779,2.093857236476905,4.201791474587699,-1.8888180820733198,-1.9936433250812409,0.0010239776284218,33.2318318845246,24.39166057089849,41.839167194182565,17.447506623284074,315,ok
B0007,114,24,1.529091650133123,1.8806626717011388,first_n_median,81.3060030988968,normal,,0,06143.csv,6143,406,2956.406,3.493116071455022,1.9959465760122976,4.20067023466464,-1.8887930414931369,-1.9952567240378405,0.0018837863099458,33.509812392094496,24.67206702561961,42.23998716092915,17.567920135309535,315,ok
B0007,115,24,1.5239059324661248,1.8806626717011388,first_n_median,81.03026424657472,normal,,0,06147.csv,6147,410,2947.266,3.492655946458748,2.0305769860653866,4.20021831736756,-1.888168080257056,-2.001090966399853,-0.0001323108239163,33.382402850667845,24.56852628281145,42.04090238497712,17.472376102165672,314,ok
B0007,116,24,1.5186675419100617,1.8806626717011388,first_n_median,80.75172463206083,normal,,0,06151.csv,6151,414,2937.984,3.49208824531703,2.0758803797636745,4.200674971032527,-1.887904907597145,-1.9951199234830208,0.0011947086906479,33.17829959346276,24.34305560390618,41.803429062834496,17.460373458928316,313,ok
B0007,117,24,1.5136482266426952,1.8806626717011388,first_n_median,80.48483385239611,normal,,0,06155.csv,6155,418,2929.125,3.490216477408044,2.079354904824249,4.200371214024706,-1.88773036624322,-1.995116853206629,0.0010653130649685,33.01591345323486,24.0993140682898,41.6886924602386,17.5893783919488,312,ok
B0007,118,24,1.5136050185229033,1.8806626717011388,first_n_median,80.48253635798406,normal,,0,06159.csv,6159,422,2928.454,3.4905931958620466,2.0585109366080414,4.200965645223048,-1.8878077163294118,-1.9949523118907797,0.0004787085189064,33.271000362987586,24.36377918362768,41.98817160118213,17.62439241755445,312,ok
B0007,119,24,1.5139470614867965,1.8806626717011388,first_n_median,80.50072372188721,normal,,0,06163.csv,6163,426,2929.375,3.4911419366203664,2.0253107306977376,4.201492773602507,-1.887674933393443,-1.994323430810411,0.0014011551714919,33.61966967517867,24.74466282559706,42.33252236723314,17.587859541636078,312,ok
B0007,120,24,1.5339599193158786,1.8806626717011388,first_n_median,81.56486234335406,normal,,0,06167.csv,6167,430,2946.031,3.49283645226053,2.0069579017420067,4.192768207316796,-1.901022727285377,-1.9935581248677676,0.0001912373509952,33.29697162630193,24.95875411585554,41.63553796804361,16.676783852188066,314,ok
B0007,121,24,1.5391372798653098,1.8806626717011388,first_n_median,81.84015682478002,normal,,0,06169.csv,6169,432,2955.438,3.5025157522808223,2.19792648712031,4.204602036514753,-1.8951144121477894,-2.002748484975491,0.0030058963802608,33.393130865360554,24.95211336056763,41.470498076928735,16.518384716361105,315,ok
B0007,122,24,1.5236247972838737,1.8806626717011388,first_n_median,81.01531551672106,normal,,0,06173.csv,6173,436,2937.625,3.4929535655988118,2.0299415196572554,4.200995491738166,-1.8941478117057606,-1.9944619397860408,0.0013222402114302,33.138207103628474,24.59206034022774,41.54038193238441,16.948321592156674,313,ok
B0007,123,24,1.5135813035589147,1.8806626717011388,first_n_median,80.48127536820925,normal,,0,06177.csv,6177,440,2929.078,3.491746263651725,2.117150391576778,4.201036137691208,-1.8875042014728927,-1.993640903324712,0.0019620386177833,32.84069778843796,24.21295183077047,41.13947017697289,16.92651834620242,312,ok
B0007,124,24,1.5077850749847914,1.8806626717011388,first_n_median,80.173073974023,normal,,0,06181.csv,6181,444,2918.375,3.490432264232957,2.130989905274772,4.200762329918291,-1.8871434043422721,-1.994011319738722,0.0007664599576748,32.75739655594484,24.08347032776052,41.09041922644824,17.00694889868772,311,ok
B0007,125,24,1.5031960676037333,1.8806626717011388,first_n_median,79.9290638466296,normal,,1,06185.csv,6185,448,2919.812,3.488861416967918,2.129431831748565,4.201013677167557,-1.8807630082774924,-1.9944414808648836,0.00122567742659,32.77234087259374,24.06336388722212,41.10034021580957,17.036976328587446,311,ok
B0007,126,24,1.497822059699588,1.8806626717011388,first_n_median,79.64331308520866,normal,,1,06189.csv,6189,452,2900.422,3.4891932104785104,2.164511453629433,4.200439147859412,-1.886419275237733,-1.992734445097276,0.0028159136812845,32.720417557744895,24.014672446811392,41.03075447325996,17.01608202644857,309,ok
B0007,127,24,1.492848534633516,1.8806626717011388,first_n_median,79.37885709632188,normal,,1,06193.csv,6193,456,2901.375,3.4878785713375917,2.1743012710834013,4.200264786461796,-1.8800039366336023,-1.994256304880574,0.0022981628295229,32.710022803073514,23.987947203431663,40.99688397371006,17.0089367702784,309,ok
B0007,128,24,1.492414389867026,1.8806626717011388,first_n_median,79.35577242659228,normal,,1,06197.csv,6197,460,2901.187,3.486430546073901,2.1928976284966537,4.200151660684939,-1.8733366537372407,-1.993300105892976,0.0016961980319279,32.62076759783716,23.86413247301575,40.88481342461614,17.02068095160039,309,ok
B0007,129,24,1.487482776538081,1.8806626717011388,first_n_median,79.09354499989038,normal,,1,06201.csv,6201,464,2891.64,3.4812572775226682,2.029849589914729,4.200453152662228,-1.879702248133121,-1.994355063355133,0.0003609582922841,32.57651826255201,23.796556329674623,41.09400879501426,17.29745246533964,308,ok
B0007,130,24,1.482535148640411,1.8806626717011388,first_n_median,78.83046603458106,normal,,1,06205.csv,6205,468,2882.906,3.4823550791204023,2.095949224783681,4.200291122451955,-1.8790751470067306,-1.9927610429233324,0.0001961097375452,32.58396494906228,23.788802856443372,41.01377835587309,17.22497549942972,307,ok
B0007,131,24,1.4827874322228984,1.8806626717011388,first_n_median,78.84388064562661,normal,,1,06209.csv,6209,472,2883.265,3.483507428628053,2.177723491219515,4.199877643371451,-1.8728728303565043,-1.9944391195904976,0.0015180809940599,32.623742674615976,23.82871891762843,40.90635248178393,17.077633564155498,307,ok
B0007,132,24,1.476971179775059,1.8806626717011388,first_n_median,78.53461452707393,normal,,1,06213.csv,6213,476,2882.969,3.478976541530706,2.056251340337525,4.200436806124781,-1.8726786421400126,-1.994379463643991,0.0005279711713773,32.58599202496769,23.743478109305848,41.06596192416311,17.322483814857264,307,ok
B0007,133,24,1.4819015554137276,1.8806626717011388,first_n_median,78.79677614238418,normal,,1,06217.csv,6217,480,2891.656,3.483501191305966,2.1512510632923165,4.193077426787744,-1.872734820116884,-1.992644974954703,0.0024042447038229,32.864544723781215,24.457169523678328,40.84520330629611,16.388033782617786,308,ok
B0007,134,24,1.4981366198874824,1.8806626717011388,first_n_median,79.66003911442314,normal,,1,06219.csv,6219,482,2901.25,3.4899701994096612,2.1693699073642034,4.203372086437543,-1.8800362373714223,-1.9933389783603288,0.000828308861303,33.079651096902374,24.575871874910508,41.12807910254104,16.55220722763053,309,ok
B0007,135,24,1.4820775214392872,1.8806626717011388,first_n_median,78.80613273930118,normal,,1,06221.csv,6221,484,2891.703,3.484801138956006,2.116759239247948,4.202065190134895,-1.8730214281226414,-1.9933817364068824,0.0030675311032014,32.932141650182686,24.32851203519328,41.094988453128494,16.766476417935213,308,ok
B0007,136,24,1.4771155312812152,1.8806626717011388,first_n_median,78.54229009315647,normal,,1,06225.csv,6225,488,2883.016,3.47835437960934,2.009424225590032,4.200086642861885,-1.8725486136074456,-1.9932411647857315,0.0030467354150696,32.755748003791545,24.08043303814577,41.11877573165318,17.03834269350741,307,ok
B0007,137,24,1.4720772783056488,1.8806626717011388,first_n_median,78.27439234352926,normal,,1,06229.csv,6229,492,2873.453,3.475694933923807,2.0034792344341588,4.199758658258613,-1.8724613181992062,-1.995591810750265,0.0021959636917793,32.52965474617847,23.77234297368613,40.98003499062696,17.207692016940833,306,ok
B0007,138,24,1.472248013656454,1.8806626717011388,first_n_median,78.2834708111021,normal,,1,06233.csv,6233,496,2874.031,3.481431873453954,2.172988732474185,4.199843161074874,-1.8659419458758726,-1.9935321227601952,0.0019190547671286,32.848065199041,24.13000363319517,41.017509953482886,16.887506320287716,306,ok
B0007,139,24,1.4670106672274663,1.8806626717011388,first_n_median,78.00498671569278,normal,,1,06237.csv,6237,500,2874.234,3.4796060336232353,2.087464676179042,4.200352076636086,-1.865786095147701,-1.9930538887372675,0.0021311239778481,33.072327061961936,24.398489581288885,41.299420742573055,16.90093116128417,306,ok
B0007,140,24,1.461767249533538,1.8806626717011388,first_n_median,77.72617979445022,normal,,1,06241.csv,6241,504,2864.984,3.47822589673296,2.110564313669325,4.200169604165679,-1.8654605849037513,-1.996737767854495,0.0025488236883237,32.85096451719535,24.15787591865575,41.105738037939375,16.947862119283624,305,ok
B0007,141,24,1.4566952670489708,1.8806626717011388,first_n_median,77.45648855418226,normal,,1,06245.csv,6245,508,2855.093,3.4743233868367187,2.0724687293779813,4.199911577879335,-1.865134613881632,-1.9940890874950363,0.0015365248744252,32.57230232995455,23.833084099928943,40.87704013237699,17.043956032448047,304,ok
B0007,142,24,1.451354972758956,1.8806626717011388,first_n_median,77.17253043822815,normal,,1,06249.csv,6249,512,2855.625,3.4737305453330443,2.1253826973270518,4.199564012073342,-1.858515986418667,-1.9932272893446616,0.0011522148915565,32.45068444176091,23.613836363374315,40.73021986226824,17.116383498893928,304,ok
B0007,143,24,1.451615926257375,1.8806626717011388,first_n_median,77.18640605251802,normal,,1,06253.csv,6253,516,2855.594,3.474812723214051,2.1147331324879475,4.199951033620322,-1.8588972649148483,-1.9966895581151056,0.0030918125678027,32.7394359440147,23.88537512458738,41.03226257370644,17.14688744911906,304,ok
B0007,144,24,1.4468161332173683,1.8806626717011388,first_n_median,76.93118787265885,normal,,1,06257.csv,6257,520,2847.437,3.476096426841386,2.1738445330859366,4.19995987158867,-1.8581969672334215,-1.9930274022141448,0.0029628405126883,32.775898242252914,24.02342893757079,40.89527781087817,16.87184887330738,303,ok
B0007,145,24,1.4467570607768785,1.8806626717011388,first_n_median,76.92804682873967,normal,,1,06261.csv,6261,524,2847.36,3.4686822529487804,1.9947266977360072,4.200414702164272,-1.8581200056254086,-1.9935942445664656,0.0006568763083351,32.5817324044051,23.75894434400727,41.02491521192672,17.26597086791945,303,ok
B0007,146,24,1.4413797481446793,1.8806626717011388,first_n_median,76.64212034585077,normal,,1,06265.csv,6265,528,2837.328,3.4661964701943586,2.0033802121225017,4.199552965128597,-1.8577209868352302,-1.994370314261552,0.0026276137551773,32.35021153014993,23.458006651239486,40.81596834579472,17.357961694555236,302,ok
B0007,147,24,1.4362456252208178,1.8806626717011388,first_n_median,76.36912492774013,normal,,1,06269.csv,6269,532,2837.281,3.468183423895935,2.116470909151213,4.199706970400125,-1.8512458354075154,-1.9938361784378091,0.0021315502195588,32.28754240914786,23.312450683066256,40.65138669632271,17.338936013256454,302,ok
B0007,148,24,1.4368154153924828,1.8806626717011388,first_n_median,76.39942223624945,normal,,1,06273.csv,6273,536,2838.515,3.4678606629897453,2.051877342511651,4.199300346769649,-1.8514531972432,-1.9942060517882436,0.0003083819002708,32.603239183227075,23.67192071435474,40.965385542419945,17.293464828065204,302,ok
B0007,149,24,1.4362945145860049,1.8806626717011388,first_n_median,76.37172450957492,normal,,1,06277.csv,6277,540,2828.328,3.4662499547181245,2.003221375307111,4.200086391757318,-1.8574211435317929,-1.993515247147098,0.0028170347777114,32.61208344144242,23.703251528067923,41.11319128215138,17.409939754083453,301,ok
B0007,150,24,1.4418575315878015,1.8806626717011388,first_n_median,76.66752540388227,normal,,1,06281.csv,6281,544,2838.265,3.462469269360201,1.9865974995249176,4.189989265375979,-1.857823928669184,-1.99378580594933,0.0021921104214289,32.26742656599958,23.32719332912165,40.78738321989129,17.46018989076964,302,ok
B0007,151,24,1.4672063484781797,1.8806626717011388,first_n_median,78.01539162528438,normal,,1,06284.csv,6284,547,2864.547,3.480518309485383,2.1908121182442706,4.202670619155847,-1.8658259561850365,-1.996213250941652,0.0023628760398125,32.637733704417855,23.97791363088396,40.73001188190229,16.75209825101833,305,ok
B0007,152,24,1.4518640367848883,1.8806626717011388,first_n_median,77.19959877076818,normal,,1,06288.csv,6288,551,2846.39,3.4723137993738336,2.033261415031626,4.199186500777735,-1.8647784241320746,-1.993458887321793,0.0012510749735953,32.665258715232376,23.91927093515108,40.990354594470126,17.071083659319047,303,ok
B0007,153,24,1.44713797527485,1.8806626717011388,first_n_median,76.94830109888089,normal,,1,06292.csv,6292,555,2837.969,3.474362108592906,2.19135439601875,4.199638763972608,-1.8578958465335809,-1.9936626344417876,0.0026139024713906,32.502652632323915,23.750323116940574,40.62521315513875,16.874890038198178,302,ok
B0007,154,24,1.441790586562399,1.8806626717011388,first_n_median,76.6639657529991,normal,,1,06296.csv,6296,559,2838.156,3.4722823212388754,2.1840705012733683,4.200028390360542,-1.851194762921303,-1.9935668796843675,0.0027107013781295,32.446842086875606,23.628172831563692,40.58944296824891,16.96127013668522,302,ok
B0007,155,24,1.431630947911111,1.8806626717011388,first_n_median,76.1237498597311,normal,,1,06300.csv,6300,563,2829.843,3.4701761898320465,2.1664368343684446,4.199347098159206,-1.8509042611451945,-1.9934697961408,0.0007252787010097,32.39361892904713,23.53981212995311,40.584393586876246,17.044581456923137,301,ok
B0007,156,24,1.4318084249673686,1.8806626717011388,first_n_median,76.13318680230078,normal,,1,06304.csv,6304,567,2829.625,3.4635011119445216,1.987193667465448,4.199148920577739,-1.8508582746706244,-1.9934414275491172,-0.000179521434056,32.417221778010834,23.49802323358846,40.884444140401214,17.386420906812756,301,ok
B0007,157,24,1.4262562585106868,1.8806626717011388,first_n_median,75.83796286128111,normal,,1,06308.csv,6308,571,2819.437,3.467453100453348,2.1314172797434523,4.199648027535327,-1.8504182940365097,-1.9940355259074865,0.001281010018485,32.40094040453025,23.52742809133315,40.65159637790841,17.124168286575262,300,ok
B0007,158,24,1.4260877528924911,1.8806626717011388,first_n_median,75.82900295471566,normal,,1,06312.csv,6312,575,2819.579,3.4675864728547836,2.188995882590831,4.199193175738452,-1.843689287692697,-1.993771785891296,0.0005356664506589,32.36314241861483,23.458033825865048,40.53138082339522,17.07334699753017,300,ok
B0007,159,24,1.4212633510031694,1.8806626717011388,first_n_median,75.57247625474358,normal,,1,06316.csv,6316,579,2810.672,3.462182535852444,2.032246494641712,4.199053572226856,-1.8498733070449755,-1.9938797141417293,0.0026041426376996,32.382600705235255,23.438813900162128,40.821433488540606,17.38261958837848,299,ok
B0007,160,24,1.4163272748795108,1.8806626717011388,first_n_median,75.31001152898851,normal,,1,06320.csv,6320,583,2811.485,3.465962999117946,2.1695130053947387,4.199879744716988,-1.843287720729204,-1.9940053249383376,0.0009364024885806,32.4323818014572,23.504429518319206,40.643362943412974,17.138933425093768,299,ok
B0007,161,24,1.4165781829175994,1.8806626717011388,first_n_median,75.32335299856005,normal,,1,06324.csv,6324,587,2802.422,3.4601727514874407,1.9917978280585305,4.198680179439704,-1.8494580225090995,-1.9936134940183787,0.0012154494508675,32.4886182994049,23.538505739106157,40.97063567014205,17.432129931035895,298,ok
B0007,162,24,1.4108401729425175,1.8806626717011388,first_n_median,75.01824724719788,normal,,1,06328.csv,6328,591,2801.625,3.464226115253961,2.1534486462617077,4.199235005181635,-1.8426221358637018,-1.9932783787552537,0.0024889122249394,32.524062377970175,23.59680665310433,40.74888323397497,17.15207658087064,298,ok
B0007,163,24,1.4109949628347804,1.8806626717011388,first_n_median,75.02647785094155,normal,,1,06332.csv,6332,595,2802.031,3.458799193390812,2.0101572712330453,4.198950996279868,-1.8427098003104345,-1.9936687629475545,0.0026875024090308,32.482615965621896,23.507102422227057,40.93461596721165,17.427513544984592,298,ok
B0007,164,24,1.40617142903988,1.8806626717011388,first_n_median,74.7699973099343,normal,,1,06336.csv,6336,599,2793.39,3.4620805499710854,2.132718741006573,4.199393701075195,-1.842239518040086,-1.9932378340066104,0.000994707873273,32.46389583182878,23.49103023425758,40.74175890345818,17.250728669200598,297,ok
B0007,165,24,1.4063358479692922,1.8806626717011388,first_n_median,74.77873991603194,normal,,1,06340.csv,6340,603,2793.39,3.4578782949034514,2.0114763339798887,4.198994975977764,-1.842252843487983,-1.9929534332525367,0.002778008422878,32.55681404542561,23.555518771498985,41.00964443691023,17.454125665411244,297,ok
B0007,166,24,1.4004552399066514,1.8806626717011388,first_n_median,74.46605183267026,normal,,1,06344.csv,6344,607,2792.485,3.461590937144894,2.1610456063312298,4.198421699164089,-1.8356063485512328,-1.997554904717948,0.0017032344350931,32.576296430484255,23.595817643467868,40.80558697887537,17.2097693354075,297,ok
B0007,167,24,1.4217865046055154,1.8806626717011388,first_n_median,75.60029376876234,normal,,1,06348.csv,6348,611,2802.016,3.462906230864041,2.0143553387267827,4.188887274283021,-1.8561013515700384,-1.9933150584565904,0.0005141412894631,32.81804879809979,24.482611948371623,40.92586026351328,16.443248315141656,298,ok
B0007,168,24,1.4324552720625434,1.8806626717011388,first_n_median,76.16758143909068,normal,,1,06350.csv,6350,613,2820.39,3.4753580425264796,2.1732119934933296,4.2050716026539625,-1.8574370794605966,-2.00603752072988,0.0016833616341213,32.92941193334214,24.737923198971707,40.57390100608222,15.83597780711051,300,ok
B0018,1,24,1.8550045207910817,1.8396018424355425,first_n_median,100.83728326424956,normal,,0,06355.csv,6355,2,3434.891,3.527546226327255,2.472160843460044,4.188195942647034,-1.9541761960216968,-2.012995081928318,0.0014590806056812,31.773285281389256,23.8195202516044,38.10180309676608,14.282282845161685,366,ok
B0018,2,24,1.8431955317089987,1.8396018424355425,first_n_median,100.19535147174555,normal,,0,06359.csv,6359,6,3425.485,3.534835576186522,2.4114381994148304,4.186703558364525,-1.9474374301153292,-2.012643873951446,0.0031077708566253,31.92489159472864,24.314787074430125,38.14987995994155,13.835092885511425,362,ok
B0018,3,24,1.8396018424355425,1.8396018424355425,first_n_median,100.0,normal,,0,06363.csv,6363,10,3410.375,3.538246596159443,2.394395968141027,4.188811210133346,-1.9520511323479741,-2.0118244627327857,0.002173103354404,31.31691283374216,23.74169210144422,37.5266914843442,13.78499938289998,358,ok
B0018,4,24,1.8306736044962053,1.8396018424355425,first_n_median,99.51466465550412,normal,,0,06367.csv,6367,14,3404.719,3.537697945111872,2.3999481734774424,4.188875360300162,-1.9460914562122762,-2.0135271229076634,0.0019898436251189,30.821190751176527,23.227856809949373,37.06279237079503,13.834935560845658,355,ok
B0018,5,24,1.8327002069419656,1.8396018424355425,first_n_median,99.62482993143564,normal,,0,06370.csv,6370,17,3417.641,3.542667604586918,2.3851461229395867,4.189908817357781,-1.9412796601390512,-2.014479287336525,0.0017914962991381,31.95346971511436,24.41464171159345,38.2110354381278,13.796393726534351,354,ok
B0018,6,24,1.8285288846046388,1.8396018424355425,first_n_median,99.39807856376989,normal,,0,06372.csv,6372,19,3411.766,3.5451037330477333,2.371677070838912,4.190509582057232,-1.9400338819083036,-2.01246830059768,0.0026630542241708,32.02311236185272,24.695286535085184,38.17496505957075,13.479678524485568,351,ok
B0018,7,24,1.8212011895697924,1.8396018424355425,first_n_median,98.99974807367072,normal,,0,06374.csv,6374,21,3399.516,3.5475142438631493,2.4964491577040797,4.1903241054041,-1.9335667184847714,-2.0129654127777004,0.0024302706501015,31.634533158077698,24.31366014142129,37.64038685475582,13.326726713334526,348,ok
B0018,8,24,1.815170010643328,1.8396018424355425,first_n_median,98.67189566629985,normal,,0,06376.csv,6376,23,3388.75,3.544812433691423,2.4374506721131883,4.190302498850287,-1.9332161326561408,-2.0253396376938984,0.0073151778476343,31.28819492159572,23.917267950078497,37.37602884738843,13.458760897309936,345,ok
B0018,9,24,1.8042980520967649,1.8396018424355425,first_n_median,98.0809004685472,normal,,0,06379.csv,6379,26,3380.406,3.5434780274164095,2.4152206992194847,4.188517549229078,-1.9325959489970461,-2.0164107237206794,0.0013308719123062,31.11122470608501,23.65464110227768,37.28928029078695,13.634639188509269,342,ok
B0018,10,24,1.8231002302844224,1.8396018424355425,first_n_median,99.10297914633132,normal,,0,06382.csv,6382,29,3404.141,3.543133206790044,2.377432309524995,4.191794143442699,-1.9387520938161948,-2.0137948590788683,0.0019160597964111,31.13166983979621,23.598003231352457,37.52377766578506,13.925774434432604,343,ok
B0018,11,24,1.8121253520255487,1.8396018424355425,first_n_median,98.5063892753219,normal,,0,06384.csv,6384,31,3396.141,3.545155146280937,2.3887487262583647,4.190699409462101,-1.9319248326301843,-2.0130992718348324,0.0028767662739353,31.51305775907457,24.126322531318674,37.72420412562674,13.597881594308067,340,ok
B0018,12,24,1.8046916382117768,1.8396018424355425,first_n_median,98.10229564797858,normal,,0,06386.csv,6386,33,3384.094,3.545032366549762,2.432289857016922,4.190263311275428,-1.9249594896453863,-2.012646457499825,0.0026282018790305,31.31102568785445,24.009919830527505,37.41366095304306,13.403741122515559,337,ok
B0018,13,24,1.790844349786295,1.8396018424355425,first_n_median,97.34956274099537,normal,,0,06388.csv,6388,35,3370.656,3.5440892170496827,2.497495633221204,4.18970538556629,-1.9179528942264987,-2.011939908405691,0.0032049896807159,30.893964711700164,23.551364638150325,36.94724908852665,13.395884450376322,334,ok
B0018,14,24,1.783470722841926,1.8396018424355425,first_n_median,96.94873541117454,normal,,0,06391.csv,6391,38,3357.797,3.541317108618481,2.478768686108376,4.188354430914051,-1.917373033348097,-2.013704827395307,0.0038464738146169,30.540598970902945,23.09050168217513,36.70709131205994,13.616589629884807,331,ok
B0018,15,24,1.7809386125310702,1.8396018424355425,first_n_median,96.81109093548172,normal,,0,06394.csv,6394,41,3363.015,3.541197979542517,2.385849407868021,4.193543208571066,-1.9180652422275588,-2.0130040542547274,0.0019820132803126,30.82566018736547,23.303464882146475,37.13061214416645,13.827147262019974,330,ok
B0018,16,24,1.771209039672698,1.8396018424355425,first_n_median,96.28219535416991,normal,,0,06396.csv,6396,43,3357.734,3.541255460524435,2.372854084449551,4.190238041929225,-1.9106033469326071,-2.014784153266325,0.0020341106534608,31.451400678644543,24.000119916961825,37.686600065941576,13.68648014897975,327,ok
B0018,17,24,1.7686303996707076,1.8396018424355425,first_n_median,96.1420215435927,normal,,0,06398.csv,6398,45,3344.187,3.5427478949705886,2.4086912736769084,4.19075698083662,-1.909404549449075,-2.0129355983090056,0.0030576354902658,31.518847747922937,24.22294874000798,37.633580732302406,13.410631992294427,325,ok
B0018,18,24,1.7536304801917124,1.8396018424355425,first_n_median,95.326632086321,normal,,0,06400.csv,6400,47,3339.969,3.541251093602656,2.496331992137246,4.189715378549557,-1.8960567702455418,-2.0117266911103093,0.0057259807892281,31.11237289077096,23.79566158754756,37.15252578645951,13.356864198911953,323,ok
B0018,19,24,1.7462197416415093,1.8396018424355425,first_n_median,94.9237873848615,normal,,0,06403.csv,6403,50,3327.641,3.5350260562177453,2.4199896352919668,4.187635645163932,-1.8948411660605735,-2.012077515518729,0.0035410701860686,30.586452588663985,23.127324953354822,36.78829001793698,13.660965064582157,320,ok
B0018,20,24,1.7376647337053737,1.8396018424355425,first_n_median,94.4587406699262,normal,,0,06406.csv,6406,53,3312.844,3.5326627624319777,2.3587321881999297,4.191004692440202,-1.90021436299665,-2.011349710066744,0.0036253848491611,30.242913021104116,22.780967262070934,36.541146197392216,13.760178935321282,317,ok
B0018,21,24,1.7315166735475835,1.8396018424355425,first_n_median,94.1245346468636,normal,,0,06408.csv,6408,55,3302.031,3.5333109441755526,2.4458096660548825,4.1906972904216495,-1.8936767267608487,-2.0122749284189503,0.0031433432763886,30.10270376338569,22.57870761159904,36.372087786130464,13.793380174531425,315,ok
B0018,22,24,1.7085949894470602,1.8396018424355425,first_n_median,92.87852132094868,normal,,0,06410.csv,6410,57,3305.547,3.52738705832889,2.3808537751929744,4.185877977731026,-1.8739718829459886,-2.012448687975656,0.0026688208535405,30.251184852221932,22.714077867822585,36.52608510498833,13.812007237165748,314,ok
B0018,23,24,1.711469957068211,1.8396018424355425,first_n_median,93.03480337910015,normal,,0,06412.csv,6412,59,3289.562,3.5296025965720452,2.436955746154759,4.188109147549676,-1.8791764961687347,-2.012334644346066,0.0029159205825874,30.212407704391104,22.65890518865621,36.476252762052624,13.817347573396415,311,ok
B0018,24,24,1.7075021373272627,1.8396018424355425,first_n_median,92.81911432892532,normal,,0,06415.csv,6415,62,3283.797,3.5289707694229833,2.4671365731790718,4.188302415854336,-1.8780560689384003,-2.0122688936966697,0.0037528750707342,30.125011009636175,22.50816742543085,36.37720890237669,13.869041476945835,309,ok
B0018,25,24,1.7492382064360228,1.8396018424355425,first_n_median,95.08786989037353,normal,,0,06418.csv,6418,65,3325.235,3.5322741848919814,2.4129371999368505,4.18962510592865,-1.8993718818269214,-2.012513173999148,0.0019453368756264,30.22428629982563,22.614491386507936,36.64000948247426,14.025518095966326,312,ok
B0018,26,24,1.7327697147429957,1.8396018424355425,first_n_median,94.19264945119284,normal,,0,06420.csv,6420,67,3317.547,3.532438322521663,2.3497771039810256,4.190150750158746,-1.8926958551018207,-2.0129844574191207,0.0029083838216241,30.976376254737342,23.427272668893146,37.38165499248184,13.954382323588696,310,ok
B0018,27,24,1.7222313328292376,1.8396018424355425,first_n_median,93.61978734208527,normal,,0,06422.csv,6422,69,3311.766,3.5363211310943603,2.4904700018477026,4.189151018945234,-1.8783667048362822,-2.013596799411644,0.00379619845149,31.415702913300986,23.95851287847354,37.59824760372582,13.639734725252275,308,ok
B0018,28,24,1.711846298984729,1.8396018424355425,first_n_median,93.05526117098952,normal,,0,06424.csv,6424,71,3305.218,3.53353527421993,2.4650908929255406,4.189631312089484,-1.8708343396819402,-2.0157162812456435,0.0037891536387384,31.383299841535273,23.961434154126863,37.56055515516341,13.599121001036544,306,ok
B0018,29,24,1.699267835126687,1.8396018424355425,first_n_median,92.37150104595132,normal,,0,06427.csv,6427,74,3295.453,3.527012841842043,2.363133281953362,4.187690359657657,-1.8696567234639716,-2.0125462740568847,0.0035498928055129,31.167937826253638,23.619671716582488,37.52114200586718,13.901470289284696,304,ok
B0018,30,24,1.6940366439243106,1.8396018424355425,first_n_median,92.08713564243278,normal,,0,06430.csv,6430,77,3287.0,3.52925730014011,2.4790616361836206,4.190215357888677,-1.8623726014599724,-2.012800439982786,0.0016492704051233,30.994690437264207,23.47871848419422,37.21887096740918,13.74015248321496,302,ok
B0018,31,24,1.6819027078768087,1.8396018424355425,first_n_median,91.42753986645567,normal,,0,06432.csv,6432,79,3276.922,3.527821497534469,2.491905723274248,4.189776104976122,-1.8547843408980225,-2.0132684044986244,0.0021901473038837,31.055317978554886,23.470322857025764,37.33441415744885,13.864091300423084,300,ok
B0018,32,24,1.6769770618433686,1.8396018424355425,first_n_median,91.15978377272842,normal,,0,06434.csv,6434,81,3268.687,3.525692957415014,2.4337177596826547,4.189846430994002,-1.8538766950740675,-2.013231862286827,0.0024224604448448,31.373945543706103,23.769516048374253,37.7331798444306,13.963663796056348,298,ok
B0018,33,24,1.6655229306478936,1.8396018424355425,first_n_median,90.53714190907873,normal,,0,06436.csv,6436,83,3260.594,3.524396248234728,2.4424506461535755,4.188109551881256,-1.845735037450336,-2.0132145295965795,0.0022152306400403,31.56128410753226,24.001463155521236,37.84649344841882,13.845030292897583,296,ok
B0018,34,24,1.6571924575832084,1.8396018424355425,first_n_median,90.08430081746206,normal,,0,06439.csv,6439,86,3258.812,3.520797576383474,2.4383419399858552,4.186368648390758,-1.8382538558498933,-2.014122293372892,0.0039935721600975,31.318474723902874,23.69718990044221,37.6701649416618,13.972975041219591,295,ok
B0018,35,24,1.6482241555294048,1.8396018424355425,first_n_median,89.59678760417184,normal,,0,06442.csv,6442,89,3243.422,3.519457281260753,2.4157245398944123,4.1901657245031085,-1.8435676915974055,-2.0127023314619743,0.0030781141382558,31.104012325043954,23.49043258255704,37.53185198546868,14.041419402911636,292,ok
B0018,36,24,1.6387701497987262,1.8396018424355425,first_n_median,89.0828717386516,normal,,0,06444.csv,6444,91,3236.515,3.513165600287965,2.323395712524894,4.189966178473989,-1.83704467002657,-2.013140654116361,0.0023451184424322,30.989730398009076,23.31675245518661,37.593333753421376,14.276581298234767,281,ok
B0018,37,24,1.6276486907262062,1.8396018424355425,first_n_median,88.47831379486331,normal,,0,06446.csv,6446,93,3230.734,3.517217159454334,2.4985039496028567,4.188259618341401,-1.8211904293154166,-2.014033000339436,0.0041509497980638,30.967851972472324,23.252438684811104,37.36141011067826,14.108971425867153,289,ok
B0018,38,24,1.62215370227252,1.8396018424355425,first_n_median,88.17960848119549,normal,,0,06448.csv,6448,95,3222.093,3.5120091114107965,2.350237238739749,4.18974005757658,-1.8270453339799269,-2.012673084048405,0.0030923276022194,31.285342046153826,23.493229087742925,37.89980324671546,14.406574158972532,287,ok
B0018,39,24,1.6140066510467586,1.8396018424355425,first_n_median,87.73673812534852,normal,,0,06451.csv,6451,98,3220.344,3.50911052654104,2.3337740352348813,4.1862359225351335,-1.819052179250902,-2.012635202899368,0.0061969698057655,31.41096207271253,23.64731684697707,38.03149707759718,14.38418023062011,286,ok
B0018,40,24,1.6760516154424625,1.8396018424355425,first_n_median,91.1094768867731,normal,,0,06454.csv,6454,101,3250.75,3.516106699716392,2.317647291087635,4.189625262426538,-1.8693745969498121,-2.01318368468478,0.002701103444968,30.755137125871208,23.01653902765608,37.42220155418978,14.405662526533703,288,ok
B0018,41,24,1.649300642552199,1.8396018424355425,first_n_median,89.65530499624886,normal,,0,06456.csv,6456,103,3239.344,3.519010068254593,2.492394514304757,4.186586244011676,-1.839770443871628,-2.012193154001789,0.0036285932240811,30.977446633931525,23.38270318088717,37.32511174435206,13.942408563464888,286,ok
B0018,42,24,1.63238299185809,1.8396018424355425,first_n_median,88.7356684583929,normal,,0,06458.csv,6458,105,3222.25,3.5124212742229295,2.372828310153791,4.189366482043888,-1.837963396328485,-2.012774153678253,0.0076414091098653,30.800512192698992,23.141477779700992,37.31088262198154,14.16940484228055,283,ok
B0018,43,24,1.6164159719025777,1.8396018424355425,first_n_median,87.86770781673725,normal,,0,06460.csv,6460,107,3206.157,3.50815215295169,2.3560703177076867,4.188553804618968,-1.8296109578903785,-2.012946778665685,0.0076760090804765,30.616192795676138,22.876954081867613,37.23234655688736,14.355392475019745,281,ok
B0018,44,24,1.6109028378249377,1.8396018424355425,first_n_median,87.56801611440991,normal,,0,06463.csv,6463,110,3197.969,3.508648568515266,2.4644431530094417,4.188764708195774,-1.8210831511954937,-2.0135827897679706,0.0028721856858407,30.399839302766903,22.56634750757244,36.94850857727268,14.382161069700242,279,ok
B0018,45,24,1.5954638693695655,1.8396018424355425,first_n_median,86.72876013525023,normal,,0,06466.csv,6466,113,3181.625,3.5051993439595477,2.4195167274486726,4.188636968174337,-1.8199201144788144,-2.013020303951627,0.002949186928343,30.38386825126278,22.54982312188728,37.002663545357386,14.452840423470107,277,ok
B0018,46,24,1.726707440085764,1.8396018424355425,first_n_median,93.86310669267912,normal,,0,06469.csv,6469,116,3302.36,3.523165280193865,2.3422406504312434,4.188466199744378,-1.8951156248467713,-2.023314533825632,0.0073633480208382,30.576239500422755,23.125008977470344,36.71025442949399,13.58524545202365,301,ok
B0018,47,24,1.7165673917429751,1.8396018424355425,first_n_median,93.31189783275734,normal,,0,06471.csv,6471,118,3285.812,3.527269876472835,2.3755467142668496,4.189570916346704,-1.8867694858233446,-2.012680983917414,0.0032934948283157,30.705906284556665,23.408964388688208,36.72807623650589,13.319111847817684,298,ok
B0018,48,24,1.6958235570934848,1.8396018424355425,first_n_median,92.1842715078116,normal,,0,06473.csv,6473,120,3260.016,3.526762654741574,2.414629137532592,4.189584987657955,-1.8786631828974334,-2.0115911942512583,0.0042866807827426,30.62583594950684,23.270929426489836,36.72959308355185,13.458663657062012,295,ok
B0018,49,24,1.6777783190792557,1.8396018424355425,first_n_median,91.20333978672036,normal,,0,06475.csv,6475,122,3240.031,3.523020179476104,2.3844645496129964,4.189371286385834,-1.870474802329599,-2.01260531537844,0.0041838989344953,30.597357068657974,23.203934391629986,36.787462351640364,13.583527960010379,292,ok
B0018,50,24,1.6606586897774192,1.8396018424355425,first_n_median,90.27272377477011,normal,,0,06477.csv,6477,124,3232.265,3.5197923457982654,2.398646371281655,4.187606340824144,-1.8562833971202242,-2.0134407767806635,0.0023580257907636,30.528493896066262,23.12071549691479,36.75689163314213,13.636176136227341,290,ok
B0018,51,24,1.6664109274827466,1.8396018424355425,first_n_median,90.58541305201676,normal,,0,06480.csv,6480,127,3232.031,3.5251014582287223,2.4557130111721626,4.188829347125095,-1.8625354754370638,-2.0130995106645164,0.00267333792564,31.203754246103966,23.773481587876255,37.35015763097096,13.576676043094707,289,ok
B0018,52,24,1.6468336174407805,1.8396018424355425,first_n_median,89.52119852524466,normal,,0,06482.csv,6482,129,3209.5149999999994,3.518519199837846,2.323665882820083,4.189202115880737,-1.8606833274060013,-2.0125662318740924,0.0039143523414103,31.172639449335037,23.734039908264887,37.48126030855565,13.747220400290761,286,ok
B0018,53,24,1.6257639928779952,1.8396018424355425,first_n_median,88.37586239452574,normal,,0,06484.csv,6484,131,3196.125,3.5190801794284594,2.488054079510012,4.186778882107656,-1.8383636766891702,-2.026718552407948,0.0109793009845511,30.96825922704022,23.549534792728995,37.12544389762631,13.575909104897317,284,ok
B0018,54,24,1.6121577411874597,1.8396018424355425,first_n_median,87.63623214537783,normal,,0,06486.csv,6486,133,3172.562,3.5114167272902406,2.3306937114568003,4.187888599491238,-1.8436958588115402,-2.013261835361458,0.0143059566058354,30.821704306343126,23.30725669183149,37.19112571388883,13.88386902205734,281,ok
B0018,55,24,1.6057366823755344,1.8396018424355425,first_n_median,87.28718602769054,normal,,0,06488.csv,6488,135,3172.735,3.5108038681605738,2.389399831578687,4.18915752014188,-1.8362729789790888,-2.0186878439171223,0.0025621455991493,30.765219721637393,23.14397688753905,37.17642722353301,14.03245033599396,280,ok
B0018,56,24,1.673645314879889,1.8396018424355425,first_n_median,90.97867137728372,normal,,0,06493.csv,6493,140,3238.109,3.5143261179075496,2.4864200723178747,4.191289655270872,-1.8646902787950443,-2.012371641203182,0.0041319662841082,30.809988428281613,23.07707229087829,37.11936678632194,14.042294495443649,279,ok
B0018,57,24,1.6404348572349936,1.8396018424355425,first_n_median,89.17336455062137,normal,,0,06495.csv,6495,142,3191.063,3.5196664048265602,2.4673631110639858,4.190628233635541,-1.8572649157581866,-2.013097827670719,0.0029691316095712,31.03903359070028,23.56722203053731,37.2702464066457,13.703024376108388,279,ok
B0018,58,24,1.6132653317422077,1.8396018424355425,first_n_median,87.69644031266698,normal,,0,06497.csv,6497,144,3165.828,3.512403849382274,2.375173080957567,4.189158279329032,-1.8483454421357695,-2.0125787987088013,0.003942489066878,31.04176453157222,23.53336339767724,37.39550861947664,13.862145221799398,276,ok
B0018,59,24,1.5920964324686278,1.8396018424355425,first_n_median,86.5457076494754,normal,,0,06499.csv,6499,146,3140.407,3.5077862234460104,2.371626022111289,4.185868202467219,-1.839168422289249,-2.015019692764474,0.0034682912763662,30.959784195511766,23.381334724831305,37.378956702246384,13.99762197741508,273,ok
B0018,60,24,1.5866011820698824,1.8396018424355425,first_n_median,86.24698809658183,normal,,0,06502.csv,6502,149,3131.922,3.5076596102713244,2.463955873060647,4.186906972044146,-1.830332610270234,-2.020734675534358,0.0048036839728926,30.843513277103145,23.16774870033671,37.245718322158105,14.077969621821396,271,ok
B0018,61,24,1.580076649033625,1.8396018424355425,first_n_median,85.89231716259216,normal,,0,06505.csv,6505,152,3121.109,3.5074833565874615,2.475545296633258,4.189576283423886,-1.829290599843924,-2.012930230685489,0.0015615748555885,30.797157400797865,23.12031050968657,37.21755583353321,14.097245323846643,269,ok
B0018,62,24,1.5641732953289167,1.8396018424355425,first_n_median,85.02781739216069,normal,,0,06507.csv,6507,154,3105.265,3.5023865933440717,2.3791563087604626,4.189808713646982,-1.8278449003095165,-2.0135210876274656,0.0030432402930327,30.984434580754094,23.27342231930282,37.56150979821064,14.288087478907823,267,ok
B0018,63,24,1.555618272193922,1.8396018424355425,first_n_median,84.56276985102167,normal,,0,06509.csv,6509,156,3091.25,3.503693493885047,2.4776158338943337,4.188889298039903,-1.8188198987741453,-2.013049747683001,0.0038725843255058,30.967899275139946,23.278670276560845,37.4174791317661,14.138808855205255,265,ok
B0018,64,24,1.5402045278637395,1.8396018424355425,first_n_median,83.72488504493909,normal,,0,06511.csv,6511,158,3076.703,3.4989948462048113,2.4205549690097223,4.188220838257245,-1.817194042260449,-2.01215000710487,0.0037249670985359,30.976616345195186,23.22385871065304,37.55101533655474,14.3271566259017,263,ok
B0018,65,24,1.5321613015959863,1.8396018424355425,first_n_median,83.28765857113298,normal,,0,06514.csv,6514,161,3062.328,3.495405576723954,2.415388497112405,4.186454063976498,-1.8157980815469457,-2.0124985987201267,0.0037645779343444,30.89768961926806,23.02720747705709,37.59895044072871,14.571742963671618,261,ok
B0018,66,24,1.5316232403693415,1.8396018424355425,first_n_median,83.25840978401867,normal,,0,06517.csv,6517,164,3050.563,3.494528300232307,2.3974205597873093,4.1895672733133145,-1.822108117298183,-2.013303363874512,0.0032327560058023,30.815688222379325,23.026059458250696,37.48923978216981,14.463180323919115,259,ok
B0018,67,24,1.5222595950771978,1.8396018424355425,first_n_median,82.74940587479522,normal,,0,06519.csv,6519,166,3034.672,3.4962554827793926,2.497752653580319,4.189297764105604,-1.8129628028687816,-2.0127782408337165,0.0041669753720565,30.726188079151118,22.903021044448277,37.37911114363861,14.476090099190333,257,ok
B0018,68,24,1.5065267126851285,1.8396018424355425,first_n_median,81.89417285484782,normal,,0,06521.csv,6521,168,3031.25,3.48769646191346,2.3726090777895896,4.186793087812023,-1.8044876731207795,-2.011894643612056,0.0040697572728226,30.76818712651005,22.833484092130533,37.559604168615785,14.726120076485252,256,ok
B0018,69,24,1.5014219556532926,1.8396018424355425,first_n_median,81.61668036087003,normal,,0,06523.csv,6523,170,3011.343,3.486547580844067,2.36844257542991,4.188594535127793,-1.809986175960184,-2.0125266173463885,0.0038292070941918,30.775415173787835,22.85810521586403,37.61805450748922,14.75994929162519,253,ok
B0018,70,24,1.4963534117486457,1.8396018424355425,first_n_median,81.34115639760108,normal,,0,06526.csv,6526,173,3003.0,3.482298183882304,2.331968556073514,4.186295492358637,-1.8090400456598725,-2.0121939690963395,0.0033564516364867,30.761821976538275,22.7394182895468,37.71101994346608,14.971601653919276,252,ok
B0018,71,24,1.5334262000312422,1.8396018424355425,first_n_median,83.35641793014629,normal,,0,06529.csv,6529,176,3045.187,3.491819481711868,2.4057755306304176,4.187384370589753,-1.8273691233501441,-2.0205100517708847,0.0109524865829472,30.913721930762733,23.009880638439665,37.767989299214086,14.758108660774422,255,ok
B0018,72,24,1.523845267514426,1.8396018424355425,first_n_median,82.83560237670396,normal,,0,06531.csv,6531,178,3028.469,3.493995853241935,2.4720838848798987,4.188929264481706,-1.8180385592622932,-2.0131819742858483,0.0022373072205481,31.228215653165606,23.372100245576046,37.91919394450186,14.547093698925817,253,ok
B0018,73,24,1.501192099426124,1.8396018424355425,first_n_median,81.60418547084186,normal,,0,06533.csv,6533,180,3012.937,3.484377015629623,2.342731326096539,4.185269759332432,-1.8085351614741645,-2.013496073486494,0.004404973809935,31.261679783387308,23.43219431814089,37.99328509003338,14.561090771892491,251,ok
B0018,74,24,1.492417671450291,1.8396018424355425,first_n_median,81.1272111727396,normal,,0,06535.csv,6535,182,2998.875,3.4859116793558376,2.4198650452188226,4.18799771486628,-1.8068041184926535,-2.0122733205325782,0.0017801770008862,31.18408593575448,23.29259934340576,37.984838024989045,14.692238681583284,249,ok
B0018,75,24,1.483323851940123,1.8396018424355425,first_n_median,80.63287488211445,normal,,0,06537.csv,6537,184,2983.547,3.484278753976679,2.438879997223475,4.187899339921793,-1.8050190987020625,-2.013027320256293,0.0031984883317318,31.001432353085377,23.09939775777157,37.8288851383529,14.729487380581332,247,ok
B0018,76,24,1.4807376792294196,1.8396018424355425,first_n_median,80.49229159658786,normal,,0,06540.csv,6540,187,2966.86,3.4829886521206714,2.430465824271706,4.1882916128809375,-1.8118563821702207,-2.012954260463709,0.0033492168235809,30.981374033120872,23.03846743756316,37.844837975501,14.806370537937841,245,ok
B0018,77,24,1.4735077809902477,1.8396018424355425,first_n_median,80.09927730010293,normal,,0,06542.csv,6542,189,2954.797,3.483799876979844,2.4907267597860656,4.187409532380725,-1.8021525551783737,-2.012741175686338,0.003924536033092,31.088687926688607,23.11094770365509,37.8984610468502,14.787513343195112,243,ok
B0018,78,24,1.46801928526661,1.8396018424355425,first_n_median,79.80092492857175,normal,,1,06544.csv,6544,191,2945.735,3.4787540756450497,2.367832802864477,4.188656943531829,-1.8092953592546854,-2.013377348559974,0.0023277056862263,31.336420133762665,23.4240998983518,38.27784043980244,14.853740541450641,242,ok
B0018,79,24,1.458092355711902,1.8396018424355425,first_n_median,79.26130111836915,normal,,1,06546.csv,6546,193,2941.375,3.475219435178451,2.3532703553328904,4.188198669984733,-1.8000309691416814,-2.013211476410487,0.0035939400914024,31.225999871035654,23.21101499325785,38.24434303919528,15.033328045937427,241,ok
B0018,80,24,1.44786609888914,1.8396018424355425,first_n_median,78.7054060009114,normal,,1,06549.csv,6549,196,2923.953,3.470739535801023,2.362897904778893,4.184528192003684,-1.7981302589297095,-2.014293661039269,0.0048263432801782,31.037323488688802,22.93446707088835,38.06956259266949,15.135095521781142,239,ok
B0018,81,24,1.4527808777541982,1.8396018424355425,first_n_median,78.97257135983227,normal,,1,06552.csv,6552,199,2921.031,3.474600910003521,2.420200016704328,4.1927676322495895,-1.8058248446047425,-2.013245286480298,0.0030147593152949,30.811349225731828,22.715597927537367,37.81744565252647,15.101847724989106,238,ok
B0018,82,24,1.4425356364492432,1.8396018424355425,first_n_median,78.41564425372594,normal,,1,06554.csv,6554,201,2902.75,3.4740521567700093,2.472605886588914,4.187873640279204,-1.795955865281378,-2.0138967840468363,0.0018891165203542,30.932223179746046,22.816866662883296,37.90256777035479,15.085701107471497,236,ok
B0018,83,24,1.4392712877203313,1.8396018424355425,first_n_median,78.23819559860881,normal,,1,06556.csv,6556,203,2897.875,3.475075728648004,2.483165462226557,4.1880559282136725,-1.7951057003644757,-2.0132739002306224,0.001403219773102,31.215527070380897,23.144424017860068,38.16628336469349,15.021859346833423,235,ok
B0018,84,24,1.4286475681888218,1.8396018424355425,first_n_median,77.66069457167767,normal,,1,06558.csv,6558,205,2892.094,3.472424307596416,2.434198683008624,4.188063095530185,-1.7940097981352856,-2.0131642650090824,0.0030231667836495,31.400797084337558,23.36546101646915,38.36789486715962,15.002433850690469,234,ok
B0018,85,24,1.4249026750004896,1.8396018424355425,first_n_median,77.45712371727072,normal,,1,06561.csv,6561,208,2886.921,3.471751102262539,2.497859027600416,4.185913481526783,-1.7841592631620102,-2.012453716602352,0.0024527231990189,31.259213269721236,23.10859423301546,38.19823604401131,15.08964181099585,233,ok
B0018,86,24,1.4698115324524124,1.8396018424355425,first_n_median,79.89835074890195,normal,,1,06564.csv,6564,211,2942.531,3.4745407296058963,2.374740845794832,4.187259539606346,-1.8136320536623207,-2.013506755621097,0.0031177160092426,31.134701292957466,23.10528361267006,38.09998280757164,14.994699194901582,237,ok
B0018,87,24,1.4525819651050202,1.8396018424355425,first_n_median,78.96175854998455,normal,,1,06566.csv,6566,213,2912.469,3.471720060423485,2.3589340839760866,4.187670932765983,-1.810960446087532,-2.014872086495032,0.0025045836690967,31.246879695988095,23.26167836334653,38.21452378284136,14.952845419494832,234,ok
B0018,88,24,1.442834198908794,1.8396018424355425,first_n_median,78.43187398630523,normal,,1,06568.csv,6568,215,2895.594,3.4713984098288235,2.4413266342198545,4.187836103953847,-1.800802328247715,-2.012630004080512,0.0016023425232613,31.027558674438325,23.027044613835702,37.93969653616424,14.91265192232854,232,ok
B0018,89,24,1.428376058807949,1.8396018424355425,first_n_median,77.64593543333537,normal,,1,06570.csv,6570,217,2884.406,3.4626491088970703,2.311419659807122,4.18719517574786,-1.798647877727257,-2.012054810012164,0.0024115620742285,30.931917385258963,22.78902352526249,38.06666733482501,15.277643809562523,230,ok
B0018,90,24,1.4154547844370715,1.8396018424355425,first_n_median,76.94354026972918,normal,,1,06572.csv,6572,219,2873.766,3.466072725920186,2.495315923820125,4.183339938829854,-1.7804067367547436,-2.011816454093025,0.0039222395137717,30.667082236656018,22.47935333131366,37.63260475617888,15.153251424865218,229,ok
B0018,91,24,1.454576670077708,1.8396018424355425,first_n_median,79.07018989239106,normal,,1,06575.csv,6575,222,2893.375,3.4730670533412877,2.4398479869382084,4.192209704853633,-1.8167125180994765,-2.0147251295387147,0.0032022373391061,31.226789107710772,23.14563143539215,38.18223603956323,15.036604604171078,230,ok
B0018,92,24,1.4283179548274056,1.8396018424355425,first_n_median,77.64277692483623,normal,,1,06577.csv,6577,224,2884.9839999999967,3.4668548162926327,2.376538319699514,4.186622455926472,-1.7981268087177564,-2.01362953818943,0.0022908479361973,31.387733116648285,23.299987417730907,38.3907466519188,15.090759234187896,229,ok
B0018,93,24,1.4197026883204058,1.8396018424355425,first_n_median,77.17445457875762,normal,,1,06579.csv,6579,226,2870.234,3.46527367520258,2.3722299202290382,4.186945959000922,-1.7964439222994821,-2.0143431411678145,0.0027427735050577,31.505666838292886,23.43938495660897,38.51622654624205,15.076841589633084,227,ok
B0018,94,24,1.4155606630306516,1.8396018424355425,first_n_median,76.94929578655557,normal,,1,06581.csv,6581,228,2864.11,3.4638878223448684,2.361475505115684,4.18744003081614,-1.795371462470329,-2.013805013275104,0.0024947638057852,31.5462258449116,23.52414825084503,38.56612180540248,15.041973554557451,226,ok
B0018,95,24,1.405680035419228,1.8396018424355425,first_n_median,76.41218893095784,normal,,1,06584.csv,6584,231,2846.64,3.457807923440064,2.317937855025735,4.1845980039811215,-1.7937175263130196,-2.0140103653857677,0.0036577323801656,31.389977882297476,23.166973356692417,38.5606541602861,15.393680803593682,224,ok
B0018,96,24,1.4084461071166137,1.8396018424355425,first_n_median,76.56255145145431,normal,,1,06587.csv,6587,234,2839.532,3.459813554486507,2.3372859753156225,4.186742025132256,-1.8014517734888207,-2.01313706710909,0.0021603358076119,31.385433749863733,23.27596280218644,38.53842073636507,15.262457934178627,223,ok
B0018,97,24,1.3968547782872414,1.8396018424355425,first_n_median,75.93245158082003,normal,,1,06589.csv,6589,236,2832.703,3.458027727779737,2.35288102649522,4.1871520936423146,-1.7915215753378781,-2.0146560328783325,0.0039719594997676,31.423707199142058,23.24250038456045,38.548873480234754,15.306373095674303,222,ok
B0018,98,24,1.3935670371440676,1.8396018424355425,first_n_median,75.75373132367889,normal,,1,06591.csv,6591,238,2827.077999999994,3.4613996718507845,2.4646122144537173,4.187096292904282,-1.7816941240706174,-2.013905602750019,0.0035004779826549,31.435368910968148,23.25643130784119,38.45838357496903,15.201952267127837,221,ok
B0018,99,24,1.3893644292809475,1.8396018424355425,first_n_median,75.52527928769072,normal,,1,06593.csv,6593,240,2821.531,3.4611285476693214,2.4684655225527004,4.187367312766795,-1.779737998541223,-2.0129862192992305,0.0019150019110163,31.542375291159843,23.40948042071164,38.54382874673793,15.134348326026291,219,ok
B0018,100,24,1.378565141566671,1.8396018424355425,first_n_median,74.93823444651036,normal,,1,06596.csv,6596,243,2805.156,3.455556822823358,2.409292353940073,4.18534593452204,-1.7856528650965158,-2.0130373888261315,0.0035633455174765,31.52669677306915,23.25216185853628,38.650883957434026,15.398722098897746,216,ok
B0018,101,24,1.384901110085747,1.8396018424355425,first_n_median,75.2826550908541,normal,,1,06599.csv,6599,246,2814.906,3.459598362944341,2.477625480372779,4.186646524222555,-1.7784070647657095,-2.012440412153309,0.0025270257598763,31.435921914290375,23.267794615238977,38.45654834997334,15.188753734734362,218,ok
B0018,102,24,1.3703251814242443,1.8396018424355425,first_n_median,74.49031360014301,normal,,1,06601.csv,6601,248,2801.156,3.4506569891269216,2.335608852853518,4.184730834033599,-1.7778412667349817,-2.014185743260078,0.0023090961991655,31.475238112886494,23.18183250077672,38.6564130442344,15.474580543457677,217,ok
B0018,103,24,1.3733464385229082,1.8396018424355425,first_n_median,74.65454789416088,normal,,1,06603.csv,6603,250,2794.187,3.455515243082573,2.441999086782534,4.187175976285891,-1.7764462760420034,-2.014463667770562,0.0027455024461359,31.5817445550721,23.347201662807525,38.655587491253975,15.30838582844645,216,ok
B0018,104,24,1.3679487285504814,1.8396018424355425,first_n_median,74.36113059874873,normal,,1,06605.csv,6605,252,2785.391,3.455840338587253,2.465168783147216,4.186108406696249,-1.7752748972563315,-2.013348921415113,0.0035376525560346,31.647958536134297,23.433341482891272,38.6997087046862,15.26636722179493,215,ok
B0018,105,24,1.3567141087089647,1.8396018424355425,first_n_median,73.75042128207167,normal,,1,06608.csv,6608,255,2779.5,3.448678293668265,2.370892032033162,4.183460397462309,-1.774201326872465,-2.013428528654807,0.0077713611972704,31.662032275252905,23.298067848672567,38.87481687744787,15.576749028775303,214,ok
B0018,106,24,1.4604310209194575,1.8396018424355425,first_n_median,79.38842999776074,normal,,1,06611.csv,6611,258,2899.234,3.4745031786447553,2.461879783248223,4.187091541628412,-1.8196650877007408,-2.01277944734302,0.0026017060660145,30.434500875864142,22.45542569835154,37.36397452607736,14.908548827725816,223,ok
B0018,107,24,1.4500998937104097,1.8396018424355425,first_n_median,78.82683416921068,normal,,1,06613.csv,6613,260,2894.922,3.474031881945217,2.424706636890725,4.18736921126964,-1.8096836854216038,-2.0200047420918392,0.0091134131538031,31.017997058077018,23.061560846748243,37.88258787662229,14.821027029874045,222,ok
B0018,108,24,1.4381406901824496,1.8396018424355425,first_n_median,78.17673678117336,normal,,1,06615.csv,6615,262,2888.25,3.474404210386772,2.444722297403138,4.187597633155394,-1.7993287687468957,-2.0133646895300226,0.0037645837135773,31.39483761465523,23.475330204930167,38.15898073660424,14.683650531674076,221,ok
B0018,109,24,1.4283681980964316,1.8396018424355425,first_n_median,77.64550812828837,normal,,1,06617.csv,6617,264,2873.906,3.471767043833224,2.443569395327192,4.187608979498198,-1.7959419603883284,-2.014594160102108,0.0043292079445975,31.24511885640641,23.342810660410983,38.05243159675446,14.709620936343477,208,ok
B0018,110,24,1.4147874517552432,1.8396018424355425,first_n_median,76.90726433944718,normal,,1,06619.csv,6619,266,2847.406,3.4685305272975935,2.4666000274194886,4.186194120124063,-1.7956017209600372,-2.012470648259109,0.0041484754975605,31.05306925187263,23.05129068270268,37.89096376444466,14.839673081741985,217,ok
B0018,111,24,1.413889163393182,1.8396018424355425,first_n_median,76.85843375332036,normal,,1,06622.csv,6622,269,2849.281,3.4651213646662598,2.4272514813701016,4.186991375693876,-1.7929541659933774,-2.0131822133527364,0.0047242265159618,30.88589263299332,22.88189492356489,37.81203585126145,14.93014092769656,205,ok
B0018,112,24,1.3989331662177225,1.8396018424355425,first_n_median,76.04543189441492,normal,,1,06624.csv,6624,271,2833.688,3.465287985947589,2.4762628371779,4.185443351643291,-1.784474211719448,-2.0130225462243683,0.0013113732243447,31.053992379018933,22.92564951928596,37.9591954678784,15.03354594859244,215,ok
B0018,113,24,1.3953322584033976,1.8396018424355425,first_n_median,75.84968802575487,normal,,1,06626.csv,6626,273,2826.453,3.461799526154992,2.3607989727330003,4.186308413669027,-1.793581043096934,-2.0189079388265974,0.0025506726829285,31.492840068071885,23.43880589131317,38.52104349883516,15.082237607521993,214,ok
B0018,114,24,1.390046129540245,1.8396018424355425,first_n_median,75.56233623357825,normal,,1,06628.csv,6628,275,2818.312,3.463260140320492,2.377011586588198,4.187179397572641,-1.7920645354970144,-2.012765928007659,0.0078113986722275,31.93832684630049,23.89396136161553,38.87868799770175,14.984726636086222,213,ok
B0018,115,24,1.3860271454209647,1.8396018424355425,first_n_median,75.34386590882801,normal,,1,06631.csv,6631,278,2812.7189999999973,3.462839429201602,2.456756319667845,4.1854460754417,-1.7809541104468565,-2.013042493892728,0.0028245095443,31.74562722135923,23.63803692335084,38.65118899876309,15.01315207541225,212,ok
B0018,116,24,1.388215260193751,1.8396018424355425,first_n_median,75.4628109284682,normal,,1,06634.csv,6634,281,2803.5,3.4569152237960306,2.3277314025979847,4.193052368415502,-1.7989851707207014,-2.012206599766764,0.0024228717534561,31.31018499405759,23.13184070770573,38.434235278537344,15.302394570831613,211,ok
B0018,117,24,1.3761826562394497,1.8396018424355425,first_n_median,74.80872352342567,normal,,1,06636.csv,6636,283,2783.25,3.4574690175816127,2.4537913827403948,4.186241953638429,-1.7873231599598716,-2.012141821898546,0.0031921291370735,31.127360345471814,23.032251614508017,38.10387572433,15.071624109821986,209,ok
B0018,118,24,1.3647168898640163,1.8396018424355425,first_n_median,74.18544917617598,normal,,1,06638.csv,6638,285,2776.391,3.4502191781217797,2.3475608877759067,4.186011006323472,-1.7861666392556754,-2.01231372073967,0.0039249640645347,30.985550813719595,22.829010081336715,38.12742842632319,15.298418344986477,208,ok
B0018,119,24,1.3589854739373584,1.8396018424355425,first_n_median,73.87389176225918,normal,,1,06640.csv,6640,287,2766.516,3.4486728051793962,2.3558347560196564,4.18675624032869,-1.7849995504167617,-2.0131811880616888,0.0021019743314778,30.899653280757406,22.67782621456358,38.03962943213698,15.361803217573396,207,ok
B0018,120,24,1.34623087640088,1.8396018424355425,first_n_median,73.18055708285965,normal,,1,06643.csv,6643,290,2751.516,3.444632719716698,2.379110236294476,4.1831553230638425,-1.7783310205058362,-2.013273464922821,0.002880850510536,30.706123644966482,22.35025648802666,37.85657903247749,15.506322544450832,201,ok
B0018,121,24,1.4268427818454643,1.8396018424355425,first_n_median,77.5625871278969,normal,,1,06646.csv,6646,293,2848.859,3.467272639213176,2.444740635238248,4.191989955143364,-1.809775952165901,-2.013950042532596,0.0031832258024873,30.47122187456595,22.367517988223096,37.43017193410286,15.062653945879763,212,ok
B0018,122,24,1.4064481483279665,1.8396018424355425,first_n_median,76.45394323294971,normal,,1,06648.csv,6648,295,2840.016,3.464490491162134,2.431867772331712,4.185628679672912,-1.7896694300229212,-2.012375320433943,0.0020467170443975,30.939221783021114,22.904023394656047,37.8264149292754,14.922391534619354,211,ok
B0018,123,24,1.3934907492075153,1.8396018424355425,first_n_median,75.74958434280549,normal,,1,06650.csv,6650,297,2817.375,3.459667012281024,2.344037291947413,4.186834478731371,-1.79700972481249,-2.0124205467796688,0.0033289159470451,31.111640631561894,23.11186259982214,38.08307173716899,14.971209137346854,209,ok
B0018,124,24,1.3882493512249316,1.8396018424355425,first_n_median,75.46466410291032,normal,,1,06652.csv,6652,299,2809.234,3.462241956955771,2.456436863057259,4.186613091061155,-1.7861513769566686,-2.0131578787415245,0.0032533047122303,31.037910219908994,23.04417103672731,37.88279649093536,14.838625454208053,208,ok
B0018,125,24,1.3701878338420928,1.8396018424355425,first_n_median,74.48284744203296,normal,,1,06654.csv,6654,301,2791.187,3.4555661695067355,2.395547668334432,4.183907160253637,-1.784162084841115,-2.0123169807019234,0.0040235096530836,30.967950840538833,22.83426471365,37.96027066990377,15.12600595625377,206,ok
B0018,126,24,1.379695166560862,1.8396018424355425,first_n_median,74.99966214070614,normal,,1,06657.csv,6657,304,2794.016,3.458696199585801,2.453674917297921,4.18533882899107,-1.7845257009241222,-2.0152254170182307,0.0030324690133305,30.93996203578424,22.83589303178486,37.880513353762176,15.044620321977316,206,ok
B0018,127,24,1.3686586323935683,1.8396018424355425,first_n_median,74.39972067985818,normal,,1,06659.csv,6659,306,2774.719,3.4525282614097663,2.3062728144586413,4.185280284017658,-1.7920667435100546,-2.01421415925087,0.0116298934258857,31.295019295352862,23.179921311075763,38.43416278222213,15.254241471146369,204,ok
B0018,128,24,1.3627371779096438,1.8396018424355425,first_n_median,74.07783284808231,normal,,1,06661.csv,6661,308,2777.844,3.4552290080443044,2.3471092023857154,4.186281579801858,-1.7827798732717042,-2.0128415184323125,0.0017904051864931,31.81846533166901,23.715085051859607,38.847489737859576,15.132404685999969,204,ok
B0018,129,24,1.3634051133928071,1.8396018424355425,first_n_median,74.11414154639712,normal,,1,06663.csv,6663,310,2781.125,3.4619744219744675,2.4884289104730986,4.185356132672309,-1.7725212915953121,-2.014392678620289,0.0047826556291143,32.00067162597675,24.038521624132176,38.80283421497622,14.764312590844046,204,ok
B0018,130,24,1.3518646035305233,1.8396018424355425,first_n_median,73.486804173925,normal,,1,06666.csv,6666,313,2760.906,3.452221905520614,2.3992178234155577,4.181406543107895,-1.769870119236631,-2.012835608795986,0.004238943215349,31.73992229230571,23.56288829160871,38.72699121838442,15.164102926775708,202,ok
B0018,131,24,1.3547969729652622,1.8396018424355425,first_n_median,73.64620657106853,normal,,1,06669.csv,6669,316,2753.25,3.4476500494421916,2.278633888650029,4.185252405343103,-1.7884847819526568,-2.011864019911752,0.0034197270851084,31.52613649688221,23.40147705036877,38.67191958148309,15.27044253111432,201,ok
B0018,132,24,1.341051440640485,1.8396018424355425,first_n_median,72.89900508389351,normal,,1,06671.csv,6671,318,2742.843,3.447928507599004,2.365584676338373,4.185763363191996,-1.77774044867741,-2.0128686821286053,0.0030824584177925,31.27624493654335,23.12358293794388,38.371813640118894,15.248230702175015,200,ok
B0025,1,24,1.847011162956716,1.847111177186175,first_n_median,99.9945853703505,normal,,0,04003.csv,4003,3,6515.422000000006,3.400080836543819,1.9182683747066007,4.196965327364252,-1.0680263652396946,-4.027931217882849,0.0036224513860078,33.13281956573637,26.503791065076168,41.81748104839704,15.313689983320874,641,ok
B0025,2,24,1.8485654344528384,1.847111177186175,first_n_median,100.07873144208236,normal,,0,04005.csv,4005,5,6516.219,3.4067357604110753,1.8939610306669548,4.202556431495687,-1.0683949803553137,-4.0283470601196845,0.0038947878766607,32.848310333012144,26.21789049788759,41.50441060959557,15.286520111707976,637,ok
B0025,3,24,1.847111177186175,1.847111177186175,first_n_median,100.0,normal,,0,04007.csv,4007,7,6489.5,3.407792325190085,1.82462740970999,4.202713117217314,-1.071886802134967,-4.028306841028089,0.003763709856671,33.07297579198606,26.41967592691752,41.67077619357013,15.251100266652607,631,ok
B0025,4,24,1.8489837601535537,1.847111177186175,first_n_median,100.10137900687882,normal,,0,04009.csv,4009,9,6471.25,3.425685226676254,1.9612044915457985,4.203084581094102,-1.069881568315977,-4.028897912512196,0.0054093415651858,33.12836651135456,26.557301540486087,41.58349706133725,15.02619552085116,625,ok
B0025,5,24,1.837012071856044,1.847111177186175,first_n_median,99.45324864822076,normal,,0,04011.csv,4011,11,6466.672,3.4102415310941074,1.7869386268841287,4.200058863569411,-1.0696478002906964,-4.029600870864891,0.0032108902176176,33.20066590827124,26.61720163533676,41.82908827830225,15.211886642965492,621,ok
B0025,6,24,1.817549211247137,1.847111177186175,first_n_median,98.3995567617066,normal,,0,04015.csv,4015,15,6410.672,3.3956511580583038,1.9399607811955053,4.178122904439056,-1.0609975004031984,-4.02823190197934,0.0031691595779807,32.8030291471027,26.38695918330851,41.15307253815554,14.766113354847032,611,ok
B0025,7,24,1.839863822522073,1.847111177186175,first_n_median,99.60763841648436,normal,,0,04019.csv,4019,19,6474.156,3.3987545550856617,1.7632585904014149,4.198227921922519,-1.070055639766417,-4.0284426372332245,0.0119423208121402,32.70663040910488,26.182583925840603,41.167510218490015,14.984926292649412,613,ok
B0025,8,24,1.8430595619731431,1.847111177186175,first_n_median,99.7806512535318,normal,,0,04022.csv,4022,22,6460.75,3.4107861698937034,1.7411634552856723,4.201052747751877,-1.0673189298080559,-4.028591260100669,0.0042511214256072,32.88774741633189,26.57839299781365,41.40744159178738,14.82904859397373,607,ok
B0025,9,24,1.8401871729536057,1.847111177186175,first_n_median,99.62514415385016,normal,,0,04024.csv,4024,24,6448.907,3.4362212866947472,1.990361763373611,4.2014816169511375,-1.0619524466901569,-4.028787836120025,0.0049952267545269,32.85054388832057,26.5161784839492,41.089112912518665,14.572934428569464,603,ok
B0025,10,24,1.8281265632888253,1.847111177186175,first_n_median,98.97219971749236,normal,,0,04026.csv,4026,26,6447.125,3.429899192703782,1.8524105657072527,4.201461223125712,-1.0617949104462785,-4.029715142311533,0.0092311991273628,33.21344988692114,26.77614510176613,41.56081694228564,14.784671840519511,599,ok
B0025,11,24,1.8253563336445804,1.847111177186175,first_n_median,98.82222338263716,normal,,0,04030.csv,4030,30,6431.219,3.406197718925981,1.7970500760271888,4.190430872833885,-1.0616392954595641,-4.027391825734414,0.0044833668306618,32.54793058844526,26.14548341054868,41.027186904575295,14.881703494026613,595,ok
B0025,12,24,1.821418055262616,1.847111177186175,first_n_median,98.6090105327228,normal,,0,04034.csv,4034,34,6442.203,3.431364532702854,1.9099130781506344,4.197641122625931,-1.0590758191027096,-4.027595208325832,0.0048903897606496,32.95568065114475,26.576468758844456,41.20659187421087,14.630123115366416,593,ok
B0025,13,24,1.830315627968932,1.847111177186175,first_n_median,99.0907125989661,normal,,0,04036.csv,4036,36,6427.079,3.437199999112006,1.934448897147264,4.200877212432817,-1.0596169539874956,-4.028474225036271,0.0080922103240985,33.31259035127085,26.983382387627444,41.45812420664237,14.474741819014923,589,ok
B0025,14,24,1.8175491643824844,1.847111177186175,first_n_median,98.39955422452024,normal,,0,04038.csv,4038,38,6417.156,3.4349851634526334,1.8425883947903756,4.20189282071032,-1.0597552847363263,-4.029721928809883,0.0304612723211415,33.27639301328207,26.96989321715805,41.50830652935,14.538413312191953,585,ok
B0025,15,24,1.810901200296979,1.847111177186175,first_n_median,98.039642803507,normal,,0,04040.csv,4040,40,6398.907,3.4358715577304486,1.828585254411004,4.200832471783116,-1.059854592361014,-4.028724169575779,0.0088630393451819,33.13052620279671,26.840841260921778,41.36968179986157,14.52884053893979,581,ok
B0025,16,24,1.808303260308424,1.847111177186175,first_n_median,97.89899398817616,normal,,0,04042.csv,4042,42,6384.75,3.437200278486185,1.8355395996102943,4.200683407820828,-1.0604451363745762,-4.030782136338009,0.0171702044621169,33.262538649813465,26.879810126294203,41.46226760798129,14.582457481687086,577,ok
B0025,17,24,1.7928016149381063,1.847111177186175,first_n_median,97.05975672071878,normal,,0,04046.csv,4046,46,6284.063,3.388736246577245,1.949278391612896,4.176908127442872,-1.061164896269225,-4.027991609867125,0.0044503214594592,33.4559068625216,27.38742094844262,41.32045149274522,13.9330305443026,565,ok
B0025,18,24,1.812563150045885,1.847111177186175,first_n_median,98.12961842432682,normal,,0,04050.csv,4050,50,6370.937000000005,3.3997812429989795,1.7363301713780446,4.198430576015103,-1.0644657893096274,-4.027755663691591,0.0048095625873944,33.359161719231366,27.27823574015828,41.29100352861782,14.012767788459541,559,ok
B0025,19,24,1.807772607491239,1.847111177186175,first_n_median,97.8702651913534,normal,,0,04052.csv,4052,52,6359.812,3.4092528162288933,1.7105280581137303,4.201378297006623,-1.0636693462251967,-4.028543330165215,0.004504843262715,33.19907517017467,27.155818753476677,41.08913600776219,13.933317254285516,567,ok
B0025,20,24,1.8048055175003967,1.847111177186175,first_n_median,97.70963111434229,normal,,0,04054.csv,4054,54,6346.156,3.413290161572333,1.6755342791432477,4.201267329262803,-1.063944284256531,-4.027516600690674,0.0054448483161886,33.10915637159371,27.025078005866863,41.02067280816404,13.99559480229718,563,ok
B0025,21,24,1.800538555899242,1.847111177186175,first_n_median,97.47862381744233,normal,,0,04056.csv,4056,56,6328.172,3.418321145613461,1.6704419000715314,4.201007650907643,-1.0644931821377202,-4.02700237666114,0.0050476896371027,32.8730319628199,26.87253908617082,40.73588950026045,13.863350414089627,559,ok
B0025,22,24,1.7942356098033032,1.847111177186175,first_n_median,97.13739118489768,normal,,0,04058.csv,4058,58,6326.062,3.422800244593675,1.7016507714607274,4.200640308563649,-1.0611486398597036,-4.027487021545032,0.0054492434854883,32.8903015920882,26.819965319318538,40.76227622359968,13.94231090428114,557,ok
B0025,23,24,1.807409052434889,1.847111177186175,first_n_median,97.85058283217327,normal,,0,04065.csv,4065,65,6352.843,3.4103062616510487,1.8891035060983297,4.199028873312285,-1.057828326267502,-4.029754792125187,0.0054349868742647,32.07013291213046,26.151023423681288,39.71112605386658,13.560102630185291,555,ok
B0025,24,24,1.7902504816962077,1.847111177186175,first_n_median,96.9216419567886,normal,,0,04067.csv,4067,67,6309.172000000006,3.4104689136383888,1.756482386846181,4.200691577023061,-1.0619681305424282,-4.028900600933191,0.0059730062396821,32.18349666127279,26.242111136505635,39.797043058510575,13.55493192200494,549,ok
B0025,25,24,1.7961223845359495,1.847111177186175,first_n_median,97.23953851397836,normal,,0,04069.csv,4069,69,6284.297,3.4208452515825636,1.8323981556137667,4.199965507353377,-1.0623591353414312,-4.028134432056257,0.0071363997758972,32.133961271398654,26.235453942984385,39.64019141128942,13.404737468305036,545,ok
B0025,26,24,1.7912236690350776,1.847111177186175,first_n_median,96.97432894991007,normal,,0,04071.csv,4071,71,6265.969,3.426965494192803,1.89712686584404,4.200628533399999,-1.0638074812423732,-4.028496319452566,0.0055737636242089,32.19734869129393,26.19622065765121,39.75344188854835,13.557221230897142,541,ok
B0025,27,24,1.7854822365303245,1.847111177186175,first_n_median,96.66349587306738,normal,,0,04073.csv,4073,73,6266.641,3.4343195510923628,1.9934958310371556,4.200021709929957,-1.0603658561835867,-4.030782393095651,0.0046179636191567,32.128660226085096,26.17053084681828,39.57317189988566,13.402641053067377,539,ok
B0025,28,24,1.7677890780323615,1.847111177186175,first_n_median,95.7056131686318,normal,,0,04077.csv,4077,77,6198.75,3.379891621690332,1.9679550948765452,4.179880908916163,-1.0606190479243294,-4.027217905704875,0.0069794067272671,32.16680073898097,26.2919969296862,39.45687787991913,13.164880950232934,531,ok
B0026,1,24,1.8132504303869896,1.81429130140682,first_n_median,99.94262933306116,normal,,0,04083.csv,4083,3,6515.422000000006,3.404890220315493,1.98069037313681,4.185453870728775,-1.0495360191773455,-4.027935564812271,0.0025381346004649,32.764485625071856,26.41603138908335,40.711455499237935,14.295424110154585,641,ok
B0026,2,24,1.8149760087078304,1.81429130140682,first_n_median,100.03773965627678,normal,,0,04085.csv,4085,5,6516.219,3.418631404129339,1.9296821070764223,4.191986600147927,-1.0501897262481417,-4.029362314258353,0.0026753842679465,32.560591865941106,26.345453817866563,40.56984371986605,14.224389901999487,637,ok
B0026,3,24,1.8135354175561995,1.81429130140682,first_n_median,99.95833723889685,normal,,0,04087.csv,4087,7,6489.5,3.4453022579697716,2.169258771295841,4.19141376026019,-1.0474152615120336,-4.027846247982629,0.0022300953649009,32.70948277164228,26.842146069678503,40.42073541309615,13.57858934341765,631,ok
B0026,4,24,1.815149273310334,1.81429130140682,first_n_median,100.04728964432827,normal,,0,04089.csv,4089,9,6471.25,3.4281919482774947,1.898741105703338,4.188502919522219,-1.0511342688931857,-4.028749226179444,0.0031754521995803,32.89402601565415,26.73411994275517,40.839359753382105,14.105239810626934,625,ok
B0026,5,24,1.81429130140682,1.81429130140682,first_n_median,100.0,normal,,0,04091.csv,4091,11,6466.672,3.433945869545595,1.9095478812878095,4.191429313781171,-1.051239794627214,-4.028704122042971,0.002372958802629,32.88851048708752,26.66618164782183,40.762597974826,14.096416327004171,621,ok
B0026,6,24,1.3863373424430123,1.81429130140682,first_n_median,76.41205915323698,normal,,1,04095.csv,4095,15,6410.672,3.2986715430208906,2.044256084427152,3.986547462246525,-0.8176606997984733,-4.028710959917574,0.0042669843413738,31.60887613480477,26.28928363042606,39.78739652537364,13.498112894947578,611,ok
B0026,7,24,1.8165277958816064,1.81429130140682,first_n_median,100.12327096938913,normal,,0,04099.csv,4099,19,6474.156,3.395711592779412,1.8584184081271529,4.1842030048921135,-1.051071206615797,-4.028058491701451,0.007320773684125,32.4909596779559,26.458131735942853,40.12859054534907,13.670458809406217,613,ok
B0026,8,24,1.8085638576011065,1.81429130140682,first_n_median,99.6843150931015,normal,,0,04102.csv,4102,22,6460.75,3.4209107644287986,1.9288388497995343,4.189253474215399,-1.048981367462035,-4.028495234172356,0.0024839459442753,32.63416073863936,26.47590651334998,40.39287009990307,13.916963586553091,607,ok
B0026,9,24,1.804936077644182,1.81429130140682,first_n_median,99.48435933328987,normal,,0,04104.csv,4104,24,6448.907,3.4290052342029878,1.935441772448038,4.190404777859946,-1.0490946281054965,-4.027850787866815,0.0033537086172802,32.646683898798194,26.420629809971157,40.37811271633581,13.95748290636465,603,ok
B0026,10,24,1.8049315924982108,1.81429130140682,first_n_median,99.4841121212811,normal,,0,04106.csv,4106,26,6447.125,3.4422746572295977,2.084244057146889,4.188068725985081,-1.0429437842976168,-4.03024351282461,0.0049785783479378,32.95341147758712,26.668129241717903,40.6345527951007,13.9664235533828,599,ok
B0026,11,24,1.717679232699393,1.81429130140682,first_n_median,94.67494174543454,normal,,0,04110.csv,4110,30,6431.219,3.391747147883427,1.896444377630184,4.137907749692748,-1.002108129626011,-4.0277523093513175,0.0035022633535197,32.14122281811957,26.253373650244296,40.0980220096873,13.844648359443003,595,ok
B0026,12,24,1.809804813280106,1.81429130140682,first_n_median,99.75271401437932,normal,,0,04114.csv,4114,34,6442.203,3.433128893119263,2.039907733440496,4.186123854255208,-1.046478428570111,-4.028862296598938,0.0024654215761141,32.73498021932445,26.46703845524767,40.34748376711444,13.880445311866769,593,ok
B0026,13,24,1.806556213274488,1.81429130140682,first_n_median,99.57365787256246,normal,,0,04116.csv,4116,36,6427.079,3.4445618404708633,2.1312634408664395,4.1900980869893365,-1.0467914868488972,-4.027646271570473,0.0071798509964851,33.077725434853896,26.866927200418345,40.65512551876581,13.788198318347462,589,ok
B0026,14,24,1.7938155707698509,1.81429130140682,first_n_median,98.87141989706436,normal,,0,04118.csv,4118,38,6417.156,3.435084142217923,1.8782785619868927,4.18806162606315,-1.0469850347811238,-4.029328017656563,0.0061861294480158,33.067457381369145,26.846354528059383,40.78648924035223,13.94013471229285,585,ok
B0026,15,24,1.799304949381792,1.81429130140682,first_n_median,99.17398314077748,normal,,0,04120.csv,4120,40,6398.907,3.4457210478614795,1.9640553148703688,4.1883484559434,-1.0475275600281526,-4.029272047274109,0.0057412529901298,32.902717226956746,26.721977656250186,40.64545029611132,13.923472639861135,581,ok
B0026,16,24,1.7842197448470132,1.81429130140682,first_n_median,98.34251773480428,normal,,0,04122.csv,4122,42,6384.75,3.4449342432242034,1.9028600928182504,4.18723267594963,-1.0476470565655591,-4.028750889542927,0.0039839523366369,33.04143942038261,26.76115770717377,40.753548433947245,13.992390726773476,577,ok
B0026,17,24,1.6818819918515189,1.81429130140682,first_n_median,92.70187155432924,normal,,0,04126.csv,4126,46,6284.063,3.348388974288582,2.066791178782658,4.116319031433004,-0.99787222854682,-4.027668196882973,0.0052491922432533,33.28920270851618,27.27201811362596,40.90407080657346,13.632052692947497,565,ok
B0026,18,24,1.8007519383961936,1.81429130140682,first_n_median,99.25373819517694,normal,,0,04130.csv,4130,50,6370.937000000005,3.4115903895548496,2.1735697218309302,4.182977160580856,-1.05175253436239,-4.027827958238032,0.0037481053878815,33.31828122927918,27.17816526533157,40.76016987388447,13.5820046085529,559,ok
B0026,19,24,1.795972684272296,1.81429130140682,first_n_median,98.99031555074316,normal,,0,04132.csv,4132,52,6359.812,3.4077180188358045,1.869998135001252,4.188680037627242,-1.0581306387784024,-4.02962982115965,0.0051528939231688,33.24546150252619,27.037146422025582,40.86760057065783,13.830454148632246,567,ok
B0026,20,24,1.7931026940553298,1.81429130140682,first_n_median,98.83212760072982,normal,,0,04134.csv,4134,54,6346.156,3.416993809879986,1.834360851438286,4.189566172290167,-1.0584303641401285,-4.028266984927104,0.0025270811599359,33.19381621015531,26.912811421770908,40.8457724786952,13.932961056924295,563,ok
B0026,21,24,1.8010267542068712,1.81429130140682,first_n_median,99.26888547667822,normal,,0,04136.csv,4136,56,6328.172,3.4279308915459796,1.8588013920189888,4.191202777072821,-1.058835499937123,-4.029480151507068,0.0037213046467527,32.950371591621256,26.79458788311544,40.61328442378913,13.818696540673692,559,ok
B0026,22,24,1.7824572301269948,1.81429130140682,first_n_median,98.24537155333653,normal,,0,04138.csv,4138,58,6326.062,3.4504230620169447,2.1656553710973343,4.18738502716279,-1.048570222149277,-4.028789778263289,0.0035330190275669,32.98142836772341,26.68911300750602,40.55411444614823,13.865001438642214,557,ok
B0026,23,24,1.7959303030608789,1.81429130140682,first_n_median,98.98797958565396,normal,,0,04145.csv,4145,65,6352.843,3.4243550860962872,2.161441726851442,4.187376898822461,-1.0522245912177104,-4.028805091889541,0.0059127690455949,32.285643510120714,26.055865754438425,39.89740047610024,13.841534721661812,555,ok
B0026,24,24,1.7783142127341005,1.81429130140682,first_n_median,98.01701696718588,normal,,0,04147.csv,4147,67,6309.172000000006,3.419928142613709,1.8357784756785411,4.187719914558781,-1.0562946339613315,-4.028118554798276,0.0047367140198739,32.40988062398286,26.129925036104066,40.148009555945954,14.018084519841889,549,ok
B0026,25,24,1.771719092984802,1.81429130140682,first_n_median,97.65350754925588,normal,,0,04149.csv,4149,69,6284.297,3.4304184604928114,1.7730752055194368,4.187714468300498,-1.0562794361681302,-4.032124737768037,0.005421915601619,32.395070835603484,26.125417290944853,40.16428171644192,14.038864425497067,545,ok
B0026,26,24,1.7790749489536772,1.81429130140682,first_n_median,98.05894718087244,normal,,0,04151.csv,4151,71,6265.969,3.4416415585585702,1.803496921850417,4.188634886565279,-1.0570022650761444,-4.029296562552747,0.0040769285739112,32.48055490141574,26.079677017636747,40.34822918896084,14.268552171324096,541,ok
B0026,27,24,1.7733229782464677,1.81429130140682,first_n_median,97.74191040167666,normal,,0,04153.csv,4153,73,6266.641,3.448941537538792,1.8019162984387032,4.188731148597371,-1.0532958143214939,-4.029143714811075,0.0048421977648902,32.39831599080119,26.06579910051455,40.155136061235744,14.089336960721194,539,ok
B0026,28,24,1.768754111010884,1.81429130140682,first_n_median,97.49008384923488,normal,,0,04157.csv,4157,77,6198.75,3.3679598202717265,2.094755756018166,4.16813557610843,-1.061746365944055,-4.028758416480095,0.0038136829486532,32.5316653403438,26.214960316138946,40.01460073648428,13.799640420345337,531,ok
B0027,1,24,1.8233077742149364,1.814238465116796,first_n_median,100.49989619735884,normal,,0,03162.csv,3162,3,6515.422000000006,3.415635388206693,2.4407952016086623,4.201942981365258,-1.048298128077691,-3.9783143078898098,0.0033235094318512,33.531461449042084,26.281751283369985,42.07194057268294,15.790189289312956,641,ok
B0027,2,24,1.814238465116796,1.814238465116796,first_n_median,100.0,normal,,0,03164.csv,3164,5,6516.219,3.405140913759623,2.4193060956450503,4.206957767652323,-1.049212058679183,-3.976892542613384,0.0033952109005791,33.768115475386416,25.96471800834349,42.526459613766654,16.561741605423165,637,ok
B0027,3,24,1.812859679313087,1.814238465116796,first_n_median,99.92400195287335,normal,,0,03166.csv,3166,7,6489.5,3.425659661801085,2.4982363525248754,4.206087528624208,-1.0465273412198817,-3.97684768172696,0.0040588257307502,34.0575363030056,26.165819522764878,42.65704114936764,16.491221626602766,631,ok
B0027,4,24,1.814424244673997,1.814238465116796,first_n_median,100.01024008479442,normal,,0,03168.csv,3168,9,6471.25,3.4201699208239194,2.47983581845354,4.206597549468143,-1.050325186760964,-3.977001193359909,0.003214423968181,34.34311925332076,26.28854598953176,43.07456793109374,16.78602194156198,625,ok
B0027,5,24,1.812800333853042,1.814238465116796,first_n_median,99.92073085807596,normal,,0,03170.csv,3170,11,6466.672,3.4180604683404985,2.4669313816061296,4.206708529635488,-1.0497801003401392,-3.975861081535826,0.0026358337984817,34.3900563067441,26.342034597511443,43.12836631992577,16.786331722414324,621,ok
B0027,6,24,1.7946038703195293,1.814238465116796,first_n_median,98.9177500546488,normal,,0,03174.csv,3174,15,6410.672,3.3978401981445576,2.492471012096456,4.182675464297748,-1.0476986183510903,-3.976047513456661,0.0045396292043965,34.16207101391941,26.163341707715524,42.9279467397339,16.764605032018373,611,ok
B0027,7,24,1.816519171293833,1.814238465116796,first_n_median,100.12571148836768,normal,,0,03178.csv,3178,19,6474.156,3.3984422668226393,2.4232193266263646,4.202445131277022,-1.057277544603645,-3.976869439992001,0.0038870252283919,33.65117316898919,25.91326636815152,42.34490965860999,16.431643290458474,613,ok
B0027,8,24,1.819833556519024,1.814238465116796,first_n_median,100.30839889627563,normal,,0,03181.csv,3181,22,6460.75,3.411384397730043,2.4791120561344835,4.207150334625055,-1.0548269593999815,-3.9771945719805046,0.0032034727049239,33.993154419553875,26.32052844790478,42.50145921854708,16.180930770642302,607,ok
B0027,9,24,1.816980986440728,1.814238465116796,first_n_median,100.15116652946476,normal,,0,03183.csv,3183,24,6448.907,3.40775629545449,2.428102703648056,4.206634870908589,-1.0553776405080413,-3.9769324995805095,0.0036449132673063,34.121102900157744,26.250108125500603,42.75456095698592,16.504452831485317,603,ok
B0027,10,24,1.8047602710768988,1.814238465116796,first_n_median,99.4775662504054,normal,,0,03185.csv,3185,26,6447.125,3.4031041806987625,2.4202095510772232,4.206620391551443,-1.0554671306178591,-3.9758459422284784,0.003066801674998,34.521504581092735,26.532556061939943,43.20868549225104,16.6761294303111,599,ok
B0027,11,24,1.802177888140868,1.814238465116796,first_n_median,99.33522647613188,normal,,0,03189.csv,3189,30,6431.219,3.38665218439762,2.3998890148152445,4.194991220811618,-1.0556702942579712,-3.9761066659419098,0.0038525093950555,33.91883669839733,25.910238372733108,42.59572185384836,16.685483481115252,595,ok
B0027,12,24,1.810054375611175,1.814238465116796,first_n_median,99.769374887256,normal,,0,03193.csv,3193,34,6442.203,3.414036913012559,2.483742346997907,4.2023598960429815,-1.0529574586448567,-3.97580379555999,0.0041516587874309,34.20379110985749,26.318007051932856,42.63365730314649,16.315650251213636,593,ok
B0027,13,24,1.8191618703574552,1.814238465116796,first_n_median,100.2713758601928,normal,,0,03195.csv,3195,36,6427.079,3.3945090590148355,2.382935984422233,4.206738745019596,-1.0601013419063348,-3.976485689239373,0.0089330454467039,34.48622307207775,26.721485029988013,42.89197473994752,16.170489709959508,589,ok
B0027,14,24,1.806344581230731,1.814238465116796,first_n_median,99.5648927063424,normal,,0,03197.csv,3197,38,6417.156,3.4204049256076163,2.4903839742860163,4.205268152663341,-1.0537206430621189,-3.976936142536244,0.0139192800257347,34.40141739485764,26.679725292854272,42.73670303920533,16.05697774635106,585,ok
B0027,15,24,1.8120006378747944,1.814238465116796,first_n_median,99.87665197905186,normal,,0,03199.csv,3199,40,6398.907,3.401908039296132,2.39789040439265,4.205946910651655,-1.0609023642037643,-3.978429203873616,0.0056573780602169,34.3150259504104,26.557001937562,42.71819238433457,16.161190446772572,581,ok
B0027,16,24,1.809238569578753,1.814238465116796,first_n_median,99.72440802936448,normal,,0,03201.csv,3201,42,6384.75,3.407597938928066,2.41937557251393,4.205053312485709,-1.061328199408463,-3.9781812521692537,0.0086874909364606,34.450526992415796,26.60786055056083,42.87852551010068,16.27066495953985,577,ok
B0027,17,24,1.7820717716005336,1.814238465116796,first_n_median,98.2269864665122,normal,,0,03205.csv,3205,46,6284.063,3.3774091842080276,2.444119634453687,4.181855642136106,-1.061988907424718,-3.976050497666082,0.0048115513778526,34.74150404461673,27.166084479360038,42.99196482622249,15.825880346862455,565,ok
B0027,18,24,1.8145504562341048,1.814238465116796,first_n_median,100.01719680865044,normal,,0,03209.csv,3209,50,6370.937000000005,3.3771878224396685,2.395925863485738,4.20282058770571,-1.0662806393885873,-3.975790795970914,0.0060228973007865,34.663008920131865,27.035503711204463,42.920147884014575,15.884644172810113,559,ok
B0027,19,24,1.809153485164282,1.814238465116796,first_n_median,99.71971821509216,normal,,0,03211.csv,3211,52,6359.812,3.390746744780089,2.408349641748691,4.206436642050531,-1.0653782286766844,-3.978211822678376,0.0034942230992274,34.47643463041281,26.890332641639585,42.77821015998406,15.887877518344478,567,ok
B0027,20,24,1.806555150809371,1.814238465116796,first_n_median,99.57649920585658,normal,,0,03213.csv,3213,54,6346.156,3.3939882666698242,2.399239705167686,4.20638281753962,-1.0657949875596555,-3.975995723123535,0.0031924913167354,34.45771838499012,26.74997853742709,42.71393681070588,15.963958273278791,563,ok
B0027,21,24,1.802401655959492,1.814238465116796,first_n_median,99.34756045663808,normal,,0,03215.csv,3215,56,6328.172,3.3952705696224297,2.378335964879865,4.205465867894676,-1.0664883306260853,-3.9770352078730906,0.0045400747971425,34.276431502022604,26.635565264459924,42.66066961608101,16.025104351621085,559,ok
B0027,22,24,1.7964331683322998,1.814238465116796,first_n_median,99.01858013007404,normal,,0,03217.csv,3217,58,6326.062,3.4104656511949063,2.437999478526856,4.206584936190674,-1.0632318841030186,-3.9760554400518497,0.0062928096652375,34.35292925698558,26.541772227520703,42.64239690775237,16.100624680231668,557,ok
B0027,23,24,1.8088036930508289,1.814238465116796,first_n_median,99.700437832707,normal,,0,03224.csv,3224,65,6352.843,3.4006414041604756,2.484818012933219,4.202786069304105,-1.0590432103446814,-3.9743844585266417,0.0040057363410788,33.64812848797218,25.912130164990632,41.86831727976231,15.956187114771677,555,ok
B0027,24,24,1.7915527748749651,1.814238465116796,first_n_median,98.74957505983812,normal,,0,03226.csv,3226,67,6309.172000000006,3.403879368199544,2.456168013420922,4.206301818692852,-1.0635509942186294,-3.975516779186955,0.00615075317577,33.75077258934032,25.98951235766809,41.97207960495628,15.982567247288188,549,ok
B0027,25,24,1.7853375192239571,1.814238465116796,first_n_median,98.40699299190648,normal,,0,03228.csv,3228,69,6284.297,3.4141854712687336,2.4697995830050976,4.205750597989692,-1.0638261484808667,-3.9768226550322394,0.0064352014899424,33.72038549007088,25.977709355582487,41.92250461031742,15.944795254734931,545,ok
B0027,26,24,1.793209210325309,1.814238465116796,first_n_median,98.84087702935275,normal,,0,03230.csv,3230,71,6265.969,3.4230599701504794,2.491582666091738,4.20589200120434,-1.0651012851496238,-3.9771390967306823,0.0049998578208822,33.812030459081335,25.926157732808463,42.14300769699952,16.216849964191056,541,ok
B0027,27,24,1.7873097711102113,1.814238465116796,first_n_median,98.51570261989508,normal,,0,03232.csv,3232,73,6266.641,3.4023930606429906,2.394485973926669,4.205560793070628,-1.0684596107286113,-3.9746886011207567,0.0089708563171314,33.79680193008211,25.907382263131502,42.43039551713637,16.523013254004866,539,ok
B0027,28,24,1.7700926253324452,1.814238465116796,first_n_median,97.5667013662667,normal,,0,03236.csv,3236,77,6198.75,3.3633791712406205,2.4249816079125552,4.186200185347402,-1.0694140697591354,-3.973177131970501,0.0059153411133984,33.92036482801563,26.050915731101185,42.033372446715575,15.98245671561439,531,ok
B0028,1,24,1.8046847720100736,1.797618668222458,first_n_median,100.39308135326624,normal,,0,01453.csv,1453,3,6515.422000000006,3.676492835528995,2.6151397684307285,4.181907184700754,-0.9970402880141495,-2.003545780105601,0.0039530735989389,30.261078788805897,26.429257363552026,31.679728237853865,5.25047087430184,641,ok
B0028,2,24,1.804783321452588,1.797618668222458,first_n_median,100.39856357506648,normal,,0,01455.csv,1455,5,6516.219,3.677932362103996,2.578716047628789,4.186798367560072,-0.9969604106618353,-2.0005429484896995,0.0076792458059845,30.023214006195516,26.12187016145863,31.42728999177483,5.3054198303162,637,ok
B0028,3,24,1.797618668222458,1.797618668222458,first_n_median,100.0,normal,,0,01457.csv,1457,7,6489.5,3.681544140844236,2.679890873914289,4.186905629206883,-0.9970702802711341,-2.001716318999832,0.0026433737140248,30.21665562692593,26.30148047924344,31.694210133469813,5.392729654226372,631,ok
B0028,4,24,1.7929913687761174,1.797618668222458,first_n_median,99.74258726123956,normal,,0,01459.csv,1459,9,6471.25,3.6819955552100256,2.674600586599544,4.1855363847405656,-0.9973030888189302,-2.0013061408259385,0.0029380177679172,30.363564779968748,26.46361777886453,31.849947051821637,5.386329272957106,625,ok
B0028,5,24,1.7919180081592216,1.797618668222458,first_n_median,99.6828771216048,normal,,0,01461.csv,1461,11,6466.672,3.6822366580622092,2.655983638577288,4.186483098548598,-0.9974129863341045,-2.003132431573937,0.0044134342131219,30.383708693138953,26.511110764722837,31.89197660091397,5.380865836191134,621,ok
B0028,6,24,1.775026135903797,1.797618668222458,first_n_median,98.7431966123827,normal,,0,01465.csv,1465,15,6410.672,3.6730621916612125,2.5587601304544574,4.167593667891115,-0.9966248234259864,-2.000382265647373,0.0052789420299725,30.151543075778466,26.339716125642624,31.647839531181656,5.308123405539032,611,ok
B0028,7,24,1.7920487852223417,1.797618668222458,first_n_median,99.69015213857207,normal,,0,01469.csv,1469,19,6474.156,3.6821638997402064,2.684075980505414,4.183182085400848,-0.9963089849547179,-2.0009566453567627,0.0044554505381894,29.942877366572425,26.081978657015885,31.66717160096336,5.585192943947476,613,ok
B0028,8,24,1.790475801581265,1.797618668222458,first_n_median,99.6026483943752,normal,,0,01472.csv,1472,22,6460.75,3.6829104616020185,2.692955180725203,4.1836584764239335,-0.9974947737184627,-2.0032399141635837,0.0029396928561688,30.159672019699293,26.4946424474431,31.543075306784417,5.048432859341318,607,ok
B0028,9,24,1.7868365091987264,1.797618668222458,first_n_median,99.40019764957196,normal,,0,01474.csv,1474,24,6448.907,3.6830910997567576,2.664091579679959,4.186132992895621,-0.9972667051793968,-2.0048267623571854,0.002281299292246,30.18503729745987,26.42252679550981,31.63889282611546,5.2163660306056485,603,ok
B0028,10,24,1.7871529619962183,1.797618668222458,first_n_median,99.41780164996904,normal,,0,01476.csv,1476,26,6447.125,3.6823376400116725,2.599501054239839,4.18607245667024,-0.9977254189629399,-2.0036009637765297,0.0025771990386505,30.557366977302667,26.72654908743644,32.06283964981591,5.3362905623794745,599,ok
B0028,11,24,1.7816340617009505,1.797618668222458,first_n_median,99.11078991311804,normal,,0,01480.csv,1480,30,6431.219,3.6779403019036363,2.5987712023407274,4.177617061522188,-0.9970949960183577,-2.004912384137109,0.0052626479083668,29.87809290999813,26.073901766341304,31.17821904490572,5.104317278564416,595,ok
B0028,12,24,1.7850235136604733,1.797618668222458,first_n_median,99.29934224734995,normal,,0,01484.csv,1484,34,6442.203,3.6809827017477756,2.568337342317612,4.183570268917493,-0.9972732896654729,-2.007057616844831,0.0042315295392157,30.329541918405045,26.51359515192976,31.830430244172504,5.316835092242744,593,ok
B0028,13,24,1.7803865429693038,1.797618668222458,first_n_median,99.04139150545238,normal,,0,01486.csv,1486,36,6427.079,3.6821031308211283,2.571655326217227,4.186886063009724,-0.9970037592871084,-2.002345592887727,0.0056377270822839,30.67805955282036,26.88710614624046,32.176676996947776,5.289570850707317,589,ok
B0028,14,24,1.7789060856417256,1.797618668222458,first_n_median,98.95903492150336,normal,,0,01488.csv,1488,38,6417.156,3.68119828344271,2.5464403411304843,4.186431294608572,-0.9977226887954374,-2.0042056776412545,0.0039866009095767,30.61748146501738,26.881618625470296,32.101579055970326,5.219960430500031,585,ok
B0028,15,24,1.7738387518973049,1.797618668222458,first_n_median,98.67714344841184,normal,,0,01490.csv,1490,40,6398.907,3.6808780113914024,2.5488905698718844,4.186605296553263,-0.9976984888319611,-2.005381985851277,0.0039134463483929,30.47693232752601,26.75738535571653,31.92722580084625,5.169840445129722,581,ok
B0028,16,24,1.769682881523146,1.797618668222458,first_n_median,98.4459559086057,normal,,0,01492.csv,1492,42,6384.75,3.6816453877057884,2.592227961453642,4.186411251128915,-0.997566184368524,-2.008651720668571,0.0051400405121361,30.59851621920085,26.79475837289712,32.17577171129977,5.381013338402646,577,ok
B0028,17,24,1.7408787283206992,1.797618668222458,first_n_median,96.84360532604698,normal,,0,01496.csv,1496,46,6284.063,3.6751321799254955,2.598546956085325,4.1643364768914175,-0.9970360820430222,-2.003317125586951,0.0045328861980498,31.100240402928506,27.34376856854934,32.50607956309833,5.162310994548992,565,ok
B0028,18,24,1.7648189744011906,1.797618668222458,first_n_median,98.1753808857748,normal,,0,01500.csv,1500,50,6370.937000000005,3.6846266213857497,2.6924907199800523,4.183279934429277,-0.9969371531723805,-2.0076002242955377,0.0033873420104242,30.938169249041685,27.2242309376204,32.36361154404582,5.139380606425416,559,ok
B0028,19,24,1.7617857390844025,1.797618668222458,first_n_median,98.00664458088389,normal,,0,01502.csv,1502,52,6359.812,3.6832544826548084,2.6173421756941537,4.185224082214954,-0.9969974742534108,-2.0035478824784314,0.003129703051341,30.779624907003203,27.07546829589154,32.23987480909281,5.164406513201271,567,ok
B0028,20,24,1.75770610357021,1.797618668222458,first_n_median,97.77969792160008,normal,,0,01504.csv,1504,54,6346.156,3.6830019424524427,2.6240203066915697,4.185772001736481,-0.9968197698794886,-2.0037779278104373,0.0031119203240232,30.70960684046627,26.952556111660147,32.1209393902127,5.16838327855255,563,ok
B0028,21,24,1.7519375960601256,1.797618668222458,first_n_median,97.45880074735187,normal,,0,01506.csv,1506,56,6328.172,3.682514927726665,2.63525875804135,4.185968902546653,-0.9963445930927353,-2.0020973714849557,0.0051084767717809,30.47705959403915,26.85238485179539,31.876773372691297,5.024388520895908,559,ok
B0028,22,24,1.7521244035832175,1.797618668222458,first_n_median,97.46919269122708,normal,,0,01508.csv,1508,58,6326.062,3.6802726203570852,2.540126038881981,4.185740020171981,-0.9967865142227076,-2.008192950178892,0.0031152716245573,30.54925924889458,26.70985682862992,32.13891568195097,5.429058853321049,557,ok
B0028,23,24,1.759771413398964,1.797618668222458,first_n_median,97.89458935354078,normal,,0,01515.csv,1515,65,6352.843,3.67908706723787,2.578459071114453,4.1838351172655095,-0.996914300528855,-2.0032214377942505,0.0048208982354946,29.858081061792472,26.0835103832972,31.30995086456362,5.2264404812664225,555,ok
B0028,24,24,1.7483011320324189,1.797618668222458,first_n_median,97.25650734152612,normal,,0,01517.csv,1517,67,6309.172000000006,3.680942088612725,2.6156681128542663,4.185613308228973,-0.9972513551873874,-2.004916509907621,0.0044677281397456,29.927497513672723,26.163475060687134,31.44390039724308,5.280425336555947,549,ok
B0028,25,24,1.7411482627836237,1.797618668222458,first_n_median,96.85859929933449,normal,,0,01519.csv,1519,69,6284.297,3.681439648314102,2.6736673087239398,4.186072517005326,-0.9970973800951103,-2.005217576993348,0.0078825810848727,29.887309173794996,26.15231542588846,31.383820135357173,5.231504709468712,545,ok
B0028,26,24,1.7363833316311177,1.797618668222458,first_n_median,96.59353022563502,normal,,0,01521.csv,1521,71,6265.969,3.680615489022298,2.6531966228276134,4.186079245979765,-0.9972667201815385,-2.0045790903634986,0.0040562803105015,29.974612767860144,26.1081814095458,31.360116664622662,5.251935255076862,541,ok
B0028,27,24,1.736559066269527,1.797618668222458,first_n_median,96.60330619433827,normal,,0,01523.csv,1523,73,6266.641,3.6776600467841285,2.5306280538039845,4.185739001637966,-0.997266880260863,-2.010698718226501,0.0028456839768755,29.928807475767645,26.09981871901358,31.44534438395542,5.345525664941839,539,ok
B0028,28,24,1.7172335652295243,1.797618668222458,first_n_median,95.5282449824344,normal,,0,01527.csv,1527,77,6198.75,3.67453404625628,2.651385292787423,4.167590440976821,-0.9969394063653589,-2.0051316277429905,0.0051030876956673,30.029795182593666,26.236488265406727,31.550251048213177,5.3137627828064495,531,ok
B0029,1,43,1.697507332205763,1.815750429913437,first_n_median,93.48792126056053,normal,,0,01354.csv,1354,1,1572.359,3.3651860477851834,1.999936473158621,4.122758586822445,-3.9753962170197243,-4.025628898561539,-0.0003206602131699,51.631545591665024,43.40626577176862,58.72626885895911,15.320003087190486,169,ok
B0029,2,43,1.844701206961174,1.815750429913437,first_n_median,101.59442490392895,normal,,0,01356.csv,1356,3,1723.281,3.3905928994464873,1.852059092593436,4.20134576801382,-3.9342485526057955,-4.025958335657771,0.00125616284071,52.84944288631656,44.6512950787826,59.76796387174703,15.116668792964425,184,ok
B0029,3,43,1.8254376674722927,1.815750429913437,first_n_median,100.53351151123326,normal,,0,01358.csv,1358,5,1705.906,3.3944582472061784,1.8857258246963948,4.20075138362936,-3.9332952670181975,-4.026389228000425,0.0023685910867064,52.905865867265994,44.70379300888335,59.844347317645614,15.140554308762262,181,ok
B0029,4,43,1.815750429913437,1.815750429913437,first_n_median,100.0,normal,,0,01360.csv,1360,7,1697.688,3.394696317253661,1.8534777499421091,4.20121939681188,-3.932113456162452,-4.026146941716451,0.0011560987226028,52.90438507577814,44.70284265888931,59.9199472840752,15.21710462518589,179,ok
B0029,5,43,1.8132993337127028,1.815750429913437,first_n_median,99.86500919067105,normal,,0,01362.csv,1362,9,1686.094,3.398579443319999,1.913443763136564,4.20151734595852,-3.931581069158435,-4.025666629939814,0.0040245548503968,52.87534956891003,44.69471969782321,59.89475354681757,15.200033848994359,177,ok
B0029,6,43,1.8151647619660576,1.815750429913437,first_n_median,99.96774512963177,normal,,0,01366.csv,1366,13,1678.563,3.3970260675114696,1.9392366668780088,4.190431936024234,-3.976472905870513,-4.025842153897144,0.001601147171859,52.762650424805656,44.65632079442231,59.58813236464061,14.9318115702183,175,ok
B0029,7,43,1.8143317955190057,1.815750429913437,first_n_median,99.9218706287461,normal,,0,01368.csv,1368,15,1677.469,3.4017447799349796,1.926680416628282,4.20151685379873,-3.953172457226365,-4.02540869735572,0.0009277908051389,52.78843384352056,44.68760486959879,59.81336613073259,15.125761261133796,174,ok
B0029,8,43,1.801343601809866,1.815750429913437,first_n_median,99.20656342048848,normal,,0,01370.csv,1370,17,1666.093,3.400790257856999,1.89070792341858,4.201511694320507,-3.952037378872224,-4.0262930686050655,0.0030934226291678,52.7841972696045,44.675584452215,59.75433532594285,15.078750873727849,172,ok
B0029,9,43,1.7881558802945825,1.815750429913437,first_n_median,98.48026748807268,normal,,0,01372.csv,1372,19,1654.328,3.4030834056443755,1.93249158993614,4.201805179645606,-3.951642628329456,-4.0260391640732776,6.222737166087955e-05,52.75173838351513,44.65379509474975,59.7737242563152,15.119929161565445,170,ok
B0029,10,43,1.7760714604539518,1.815750429913437,first_n_median,97.81473440370452,normal,,0,01374.csv,1374,21,1643.812,3.4052467951556413,1.9713665258317916,4.201438773335668,-3.9514812160488924,-4.026327827070244,0.0023072676102569,52.7506031720156,44.691080314771256,59.80010734859943,15.109027033828177,168,ok
B0029,11,43,1.7852807447597443,1.815750429913437,first_n_median,98.3219232857268,normal,,0,01378.csv,1378,25,1652.266,3.3969592538295337,1.852379628685352,4.19368630303113,-3.974136073511709,-4.026273510345562,0.0016645890423313,52.76187024768883,44.6911020162878,59.92418745751934,15.233085441231538,168,ok
B0029,12,43,1.7698116401111978,1.815750429913437,first_n_median,97.4699832617179,normal,,0,01380.csv,1380,27,1648.672,3.3978270130572263,1.8385968486453488,4.20025041732416,-3.94933484428352,-4.027610977919839,0.0020667822164484,52.810328108304326,44.69747135892303,60.120904895462246,15.423433536539214,167,ok
B0029,13,43,1.7565231680521758,1.815750429913437,first_n_median,96.73813862932226,normal,,0,01382.csv,1382,29,1636.969,3.3976547229925322,1.8332269197665616,4.200366031445772,-3.948773942479504,-4.026372824644528,0.0001782889977949,52.803620504971605,44.71815315905492,60.15908336784943,15.440930208794512,165,ok
B0029,14,43,1.7543413277348154,1.815750429913437,first_n_median,96.61797672373127,normal,,0,01384.csv,1384,31,1625.187,3.400358560849027,1.8809955356138472,4.199929373943819,-3.9481894541359304,-4.026624128013423,0.0012821212895343,52.774286568476356,44.676030389528265,60.0330623550184,15.357031965490137,163,ok
B0029,15,43,1.7392875506998715,1.815750429913437,first_n_median,95.78891030651108,normal,,0,01386.csv,1386,33,1622.016,3.3951054015762527,1.800038174333754,4.199792574461424,-3.946655613412357,-4.027030400371651,0.0007913011353634,52.80429201579515,44.72237198935258,60.155675284547456,15.433303295194875,162,ok
B0029,16,43,1.7797845109331345,1.815750429913437,first_n_median,98.019225638734,normal,,0,01390.csv,1390,37,1638.422,3.3952154633066995,1.9415928705254093,4.186389353535962,-3.97371791832226,-4.026417322328161,-0.0018463528521794,52.721179096315566,44.64341438511472,59.70826330240836,15.064848917293645,163,ok
B0029,17,43,1.7657088508465202,1.815750429913437,first_n_median,97.2440276900112,normal,,0,01392.csv,1392,39,1646.438,3.400939370892573,1.972461938837724,4.200779737725044,-3.924297634283963,-4.026696437352965,1.6646507974658135e-05,52.76566676387698,44.65986995283652,59.826072535975634,15.16620258313911,163,ok
B0029,18,43,1.7523941408724169,1.815750429913437,first_n_median,96.51073803991662,normal,,0,01394.csv,1394,41,1634.765,3.3990966930758852,1.9166086737918733,4.20106410059631,-3.922569043688066,-4.026796677718367,0.0006598008082064,52.80160858510679,44.68666896928979,59.97193555147316,15.285266582183368,161,ok
B0029,19,43,1.7380191225603103,1.815750429913437,first_n_median,95.71905334166256,normal,,0,01396.csv,1396,43,1622.016,3.4005060708668395,1.941628602033569,4.20039236023258,-3.9219324486852223,-4.026614754186135,0.0015914283878794,52.76338281760698,44.675835276593766,59.90509096707212,15.229255690478354,159,ok
B0029,20,43,1.7312214443143976,1.815750429913437,first_n_median,95.3446804028531,normal,,0,01398.csv,1398,45,1616.25,3.397536794846482,1.8754484122099284,4.200576454073823,-3.920549166756126,-4.027889167613304,0.0009650393837989,52.793663259837146,44.68982543817814,60.003884509148,15.314059070969861,158,ok
B0029,21,43,1.7379128985265808,1.815750429913437,first_n_median,95.71320319662176,normal,,0,01402.csv,1402,49,1622.218,3.391570729569499,1.8380927294124036,4.194709553890768,-3.9453058787745463,-4.028085314718813,0.0003372827104996,52.75741582344694,44.63042883051784,60.25771781052726,15.627288980009418,158,ok
B0029,22,43,1.7224270683625882,1.815750429913437,first_n_median,94.86034203746284,normal,,0,01404.csv,1404,51,1619.656,3.4006008999743154,1.999771637867575,4.200658594506185,-3.895864092268878,-4.029581554780258,0.0006424778434889,52.866554147425745,44.71415991617437,59.90492726798961,15.190767351815246,157,ok
B0029,23,43,1.7184213765608034,1.815750429913437,first_n_median,94.63973397724745,normal,,0,01406.csv,1406,53,1605.484,3.3937647508109445,1.8317514112942035,4.200792247486221,-3.9179079273158917,-4.027766402722573,0.0007644836711493,52.88238533970063,44.73530608637871,60.33243416075105,15.597128074372336,155,ok
B0029,24,43,1.7010220930648232,1.815750429913437,first_n_median,93.68149196285287,normal,,0,01408.csv,1408,55,1600.75,3.3990916405291434,1.9739559216587697,4.200103293228043,-3.89292863950299,-4.026628807325158,0.0045504864908434,52.89174684629843,44.73801386071172,59.98669670538192,15.2486828446702,154,ok
B0029,25,43,1.693698739563104,1.815750429913437,first_n_median,93.27816817005234,normal,,0,01410.csv,1410,57,1595.0,3.396460061958035,1.9069490533352145,4.200392899920808,-3.891007378210508,-4.028075633238784,0.0007852751427292,52.86276331800625,44.72080656471346,59.99528714045464,15.27448057574118,153,ok
B0029,26,43,1.713072721286705,1.815750429913437,first_n_median,94.34516401950532,normal,,0,01414.csv,1414,61,1612.422,3.3953349055125526,1.9996278665665836,4.193452277045169,-3.8931180785218142,-4.028992071533853,0.0017380580129921,52.85514927949408,44.684139567457066,59.98821696841703,15.304077400959962,154,ok
B0029,27,43,1.6976972688567131,1.815750429913437,first_n_median,93.4983817648138,normal,,0,01416.csv,1416,63,1598.969,3.397203474478597,1.9297361391600047,4.200426069460966,-3.8906661202538677,-4.027443008545737,0.000843394460898,52.84555100149494,44.69955125789035,60.01985635641876,15.320305098528408,152,ok
B0029,28,43,1.6899314034061208,1.815750429913437,first_n_median,93.07068722471324,normal,,0,01418.csv,1418,65,1592.187,3.389787970407681,1.811689567857529,4.200350636061038,-3.8880091290817527,-4.02657515612885,0.0011155218413833,52.82153486606997,44.67589276572789,60.26410091872941,15.588208153001524,151,ok
B0029,29,43,1.685023551367069,1.815750429913437,first_n_median,92.80039390916734,normal,,0,01420.csv,1420,67,1577.484,3.3967598380460484,1.9610731754377528,4.200274898374017,-3.8880141667450476,-4.026308111025025,0.0021054304856953,52.81580315824478,44.65820525613957,59.92046248220958,15.262257226070012,149,ok
B0029,30,43,1.678389965463405,1.815750429913437,first_n_median,92.43505813425138,normal,,0,01422.csv,1422,69,1571.547,3.3957223246260377,1.9482718394124845,4.200350219079989,-3.886820317431477,-4.027821145847748,0.0006492320626428,52.80521928839473,44.66940974573534,59.887692512983016,15.218282767247679,148,ok
B0029,31,43,1.6737947494868326,1.815750429913437,first_n_median,92.18198282715692,normal,,0,01426.csv,1426,73,1578.484,3.3892258428534876,1.867494399191276,4.195839706712194,-3.88571106427998,-4.027453382422719,0.001719445173467,52.80312343851032,44.60923646358358,60.158935395611046,15.549698932027468,148,ok
B0029,32,43,1.6687898927884717,1.815750429913437,first_n_median,91.90634711115165,normal,,0,01428.csv,1428,75,1574.469,3.3940321153796114,1.926783206032701,4.20011947590298,-3.85843433412322,-4.027257877744434,0.0012161364231368,52.85759471288148,44.657908969411466,60.04748235788095,15.389573388469486,147,ok
B0029,33,43,1.6492566306631429,1.815750429913437,first_n_median,90.83057910892347,normal,,0,01430.csv,1430,77,1568.281,3.390692269396659,1.869562035017659,4.20020354565233,-3.8565643666104146,-4.028220020010547,0.0009569528423221,52.85638451770691,44.650393271280834,60.167863371476415,15.517470100195581,146,ok
B0029,34,43,1.6409676757039668,1.815750429913437,first_n_median,90.37407612136418,normal,,0,01432.csv,1432,79,1561.422,3.3912179554575785,1.8881277069953315,4.200021865512612,-3.85547414018331,-4.026463660977024,0.0019491662051522,52.882092513244274,44.66166028239045,60.09738415148209,15.435723869091639,145,ok
B0029,35,43,1.6456360229757092,1.815750429913437,first_n_median,90.63117903566528,normal,,0,01434.csv,1434,81,1554.234,3.3923453388185667,1.9264548202409049,4.200544725415334,-3.8555734475773074,-4.02785957922289,9.386519420112688e-05,52.87120880021078,44.67197301409441,60.02940147619038,15.357428462095967,144,ok
B0029,36,43,1.654547743574037,1.815750429913437,first_n_median,91.12197999881046,normal,,0,01438.csv,1438,85,1573.734,3.3840832974347714,1.8497742851139864,4.193996290293578,-3.854823111014098,-4.0268345490967095,0.0010776613612116,52.8949932373189,44.60925310792597,60.33090148423857,15.721648376312594,145,ok
B0029,37,43,1.6461201520877546,1.815750429913437,first_n_median,90.65784179195984,normal,,0,01440.csv,1440,87,1566.578,3.3935243600466607,1.988399313722457,4.199807562252484,-3.8279463752523526,-4.028134400513877,0.0012055515072253,52.90577737967025,44.651733083497575,59.88870262903497,15.236969545537391,144,ok
B0029,38,43,1.6275119188151763,1.815750429913437,first_n_median,89.63301850314117,normal,,0,01442.csv,1442,89,1550.047,3.388551594762018,1.8822716064606957,4.199665175987453,-3.851886221713202,-4.0269371723961935,0.000795989977969,52.85049305569667,44.624308005806974,60.13011665786984,15.505808652062868,142,ok
B0029,39,43,1.6200530533464497,1.815750429913437,first_n_median,89.22223157197232,normal,,0,01444.csv,1444,91,1543.64,3.3876827466759964,1.8693019781355495,4.200099273216301,-3.8509488961783584,-4.02674927094555,0.0012414717003364,52.93318563948955,44.684149828783205,60.20528139553767,15.521131566754462,141,ok
B0029,40,43,1.612079811711934,1.815750429913437,first_n_median,88.78311606891852,normal,,0,01446.csv,1446,93,1536.781,3.3850191492367943,1.8433554303146655,4.2000806322388815,-3.849366331322892,-4.027330387109479,-0.0002555217159396,52.91920185424772,44.66301381472874,60.24494659507955,15.581932780350805,140,ok
B0030,1,43,1.6560706096175404,1.751755031874225,first_n_median,94.53779663733516,normal,,0,02900.csv,2900,1,1572.359,3.3464479682177357,2.1274170450668684,4.121228264511843,-3.881093691840246,-4.02642257980551,0.0017593005385624,52.450611378612734,43.15149833518289,61.11438949471705,17.96289115953416,169,ok
B0030,2,43,1.7815548749509116,1.751755031874225,first_n_median,101.70114214227792,normal,,0,02902.csv,2902,3,1723.281,3.3780751936361146,2.1401060472348874,4.191571549203586,-3.7838858314888455,-4.027659504109606,-0.0007868077489712,54.113241117794225,44.54353972746864,61.9990871891876,17.455547461718957,184,ok
B0030,3,43,1.761969227822918,1.751755031874225,first_n_median,100.58308357977226,normal,,0,02904.csv,2904,5,1705.906,3.3818672028482375,2.1657237815883463,4.191314909952094,-3.78000742647211,-4.0263997172904,0.0005981133953777,54.157828260748424,44.60400022940282,61.89071493502735,17.286714705624526,181,ok
B0030,4,43,1.751755031874225,1.751755031874225,first_n_median,100.0,normal,,0,02906.csv,2906,7,1697.688,3.3803545588103723,2.095376108282347,4.191510310362352,-3.7771963627067855,-4.027127991303563,-0.0015948607575995,54.212018750385205,44.61072161333403,62.214205409958005,17.603483796623976,179,ok
B0030,5,43,1.7381688070362076,1.751755031874225,first_n_median,99.2244221029306,normal,,0,02908.csv,2908,9,1686.094,3.383237725223628,2.12524665517798,4.191406236830394,-3.774391482257296,-4.027089196239373,0.0002093641137128,54.19837692352459,44.6020225990607,62.31179793095802,17.70977533189732,177,ok
B0030,6,43,1.750674529346134,1.751755031874225,first_n_median,99.9383188568932,normal,,0,02912.csv,2912,13,1678.563,3.374148303155992,2.0759632130565406,4.1809364775885,-3.8401506129683893,-4.026801519572001,-0.0001969279686096,54.14161744851121,44.58601287629512,62.29994268441351,17.713929808118387,175,ok
B0030,7,43,1.7491047649061158,1.751755031874225,first_n_median,99.84870790036928,normal,,0,02914.csv,2914,15,1677.469,3.38062959842195,2.0440070679316857,4.191416983179895,-3.8162308411426897,-4.026685043731495,-0.0003961802022008,54.21167948917778,44.61884221532576,62.48134926186261,17.862507046536848,174,ok
B0030,8,43,1.7252544028765475,1.751755031874225,first_n_median,98.48719549734508,normal,,0,02916.csv,2916,17,1666.093,3.387081847293872,2.173948548947525,4.19167898729129,-3.790540920260821,-4.027008162529609,0.0012292703677715,54.18634900836399,44.59936994632644,62.158212651524295,17.558842705197854,172,ok
B0030,9,43,1.7112621367644252,1.751755031874225,first_n_median,97.68843848751636,normal,,0,02918.csv,2918,19,1654.328,3.3879461849049983,2.1712631392036204,4.191660740391253,-3.7878863152954003,-4.026835815972069,-0.0007190799526456,54.15360140656882,44.59290494580976,62.11029841216025,17.51739346635049,170,ok
B0030,10,43,1.6990418392711273,1.751755031874225,first_n_median,96.99083538257636,normal,,0,02920.csv,2920,21,1643.812,3.3883925705991067,2.1722790601698723,4.190518218566902,-3.78521295034333,-4.027530832099604,6.463182257801e-05,54.168189231806274,44.62895122356867,62.21537292970592,17.58642170613725,168,ok
B0030,11,43,1.7185770039532977,1.751755031874225,first_n_median,98.10601212399943,normal,,0,02924.csv,2924,25,1652.266,3.3829900242224884,2.1399140868464497,4.18494757447594,-3.8087556215689466,-4.026804684381526,0.0002587364015666,54.22057063412252,44.61876601472716,62.42078136779365,17.802015353066494,168,ok
B0030,12,43,1.70324722921867,1.751755031874225,first_n_median,97.23090262206036,normal,,0,02926.csv,2926,27,1648.672,3.3872270612733906,2.112329336316492,4.19138696373963,-3.7838496795424073,-4.028658336876764,-5.438671168831912e-05,54.24400266886001,44.6290146536895,62.42541404009337,17.79639938640387,167,ok
B0030,13,43,1.689458044662304,1.751755031874225,first_n_median,96.44373864619251,normal,,0,02928.csv,2928,29,1636.969,3.387969833955272,2.1141726056716275,4.1916098999207785,-3.7810084173912366,-4.027635336965244,-3.662130729819738e-05,54.24150010859244,44.632688209599,62.43136471336018,17.79867650376118,165,ok
B0030,14,43,1.6756136292719177,1.751755031874225,first_n_median,95.65342178461776,normal,,0,02930.csv,2930,31,1625.187,3.3908449439184096,2.1697054636702,4.191138031319589,-3.7778398595622393,-4.028103263729137,0.0007633648614528,54.183697227073836,44.60212525746821,62.27459158639179,17.672466328923583,163,ok
B0030,15,43,1.6718407140871654,1.751755031874225,first_n_median,95.4380426296502,normal,,0,02932.csv,2932,33,1622.016,3.3859058007878593,2.0502203248956845,4.191251588829171,-3.7765035959555266,-4.0291043008663845,-0.0002033602822177,54.22886640157327,44.624665823870856,62.57843700986901,17.953771185998157,162,ok
B0030,16,43,1.7233056681204446,1.751755031874225,first_n_median,98.37595079014318,normal,,0,02936.csv,2936,37,1638.422,3.375492904033759,2.056845844411806,4.17866916142942,-3.8520176715688708,-4.027517719449719,0.000149670812963,54.15865206479903,44.56326262853694,62.47198799326229,17.90872536472535,163,ok
B0030,17,43,1.709207290507283,1.751755031874225,first_n_median,97.57113634082616,normal,,0,02938.csv,2938,39,1646.438,3.381550645715128,2.002654873353824,4.19028213835832,-3.8026336945838524,-4.028208252016326,0.0008772235570089,54.242750421230845,44.60490806087971,62.67828739920007,18.073379338320365,163,ok
B0030,18,43,1.684001734344571,1.751755031874225,first_n_median,96.13226185757468,normal,,0,02940.csv,2940,41,1634.765,3.3864480900407194,2.098247338071892,4.18930659174196,-3.7747932414905923,-4.028530108942317,0.0003336214553142,54.26601179807604,44.6218039286095,62.48426799373123,17.862464065121728,161,ok
B0030,19,43,1.66898698813004,1.751755031874225,first_n_median,95.27513595005176,normal,,0,02942.csv,2942,43,1622.016,3.387180494037813,2.095250035916422,4.189336480826855,-3.7717048923113476,-4.028059956110559,0.0012011416906636,54.24164371768822,44.610355218782736,62.520660259063135,17.9103050402804,159,ok
B0030,20,43,1.6620689362837142,1.751755031874225,first_n_median,94.8802147584212,normal,,0,02944.csv,2944,45,1616.25,3.3813445010797873,1.965222517702767,4.187961671001895,-3.7701783748857105,-4.029736567587315,0.0005223927726711,54.32282816477177,44.633104163960176,62.83792318174592,18.204819017785745,158,ok
B0030,21,43,1.6687049625248174,1.751755031874225,first_n_median,95.25903634707696,normal,,0,02948.csv,2948,49,1622.218,3.385606758982866,2.1649300939348857,4.183473493335224,-3.770286001350055,-4.02892193533513,0.0007621949361175,54.27566161448939,44.56443077123853,62.47596510401283,17.911534332774302,158,ok
B0030,22,43,1.652762183550463,1.751755031874225,first_n_median,94.34893312577796,normal,,0,02950.csv,2950,51,1619.656,3.3887947335699495,2.1107101939003567,4.189021310957518,-3.74290317214084,-4.028238890396407,0.0010776037840459,54.34652062246305,44.6334910874532,62.54340291733675,17.909911829883548,157,ok
B0030,23,43,1.648481366235244,1.751755031874225,first_n_median,94.10456006919604,normal,,0,02952.csv,2952,53,1605.484,3.390949417762555,2.154272422860638,4.188208290959306,-3.7394250053816305,-4.029657303351485,0.0007478351109079,54.369563893787316,44.680330122145484,62.54253781933885,17.862207697193362,155,ok
B0030,24,43,1.6307406443132095,1.751755031874225,first_n_median,93.091820182669,normal,,0,02954.csv,2954,55,1600.75,3.3873404080498895,2.056878607135279,4.188944596283129,-3.737622424800312,-4.028147301835234,0.0003574563452803,54.38101073340462,44.64880695403803,62.63316972633199,17.984362772293963,154,ok
B0030,25,43,1.62323023017929,1.751755031874225,first_n_median,92.66308363005388,normal,,0,02956.csv,2956,57,1595.0,3.3880651957973615,2.0619330487714467,4.189721988537926,-3.7356557463501385,-4.027460243343909,0.0004601258896319,54.366222070376075,44.6494752691612,62.63885708285674,17.989381813695537,153,ok
B0030,26,43,1.654190654039439,1.751755031874225,first_n_median,94.43047823128556,normal,,0,02960.csv,2960,61,1612.422,3.3873336724752856,2.182829076635093,4.182121595717829,-3.737388532394875,-4.028374864371009,0.0004862633145462,54.36082826974155,44.6192244164673,62.50972828784737,17.890503871380076,154,ok
B0030,27,43,1.638514396616985,1.751755031874225,first_n_median,93.53558955466038,normal,,0,02962.csv,2962,63,1598.969,3.391596603751742,2.152270345667462,4.18953881832451,-3.733773399938973,-4.0280399278365575,0.0001501244356611,54.329082038301124,44.62244303647462,62.41430430344205,17.79186126696743,152,ok
B0030,28,43,1.618847673357618,1.751755031874225,first_n_median,92.41290271195012,normal,,0,02964.csv,2964,65,1592.187,3.3844695827460796,1.98536642488698,4.18877344296717,-3.7318248243234815,-4.028759921717576,0.0020082664928365,54.350797312061744,44.61775964712291,62.71706660837061,18.0993069612477,151,ok
B0030,29,43,1.6134212267751404,1.751755031874225,first_n_median,92.1031307127984,normal,,0,02966.csv,2966,67,1577.484,3.3883015570002266,2.085108474542319,4.187364248433742,-3.72789586160175,-4.028912968695677,0.0014800577774969,54.30570319180818,44.57938812599237,62.554566036297686,17.97517791030532,149,ok
B0030,30,43,1.6066443601761986,1.751755031874225,first_n_median,91.71626916676982,normal,,0,02968.csv,2968,69,1571.547,3.389973588057286,2.1156809695843,4.188843927084549,-3.7258803546166885,-4.028240237923387,0.0002020457967086,54.311769035681074,44.63882940473298,62.48691429447336,17.848084889740377,148,ok
B0030,31,43,1.6138387876938998,1.751755031874225,first_n_median,92.12696743146977,normal,,0,02972.csv,2972,73,1578.484,3.386403894086122,2.08588060415804,4.184536605382707,-3.7258300678775145,-4.0292228155278815,0.0005341350957084,54.31694947968931,44.52996519417786,62.59235284434121,18.062387650163345,148,ok
B0030,32,43,1.596329501327274,1.751755031874225,first_n_median,91.1274391841958,normal,,0,02974.csv,2974,75,1574.469,3.382990062267617,1.9452863886536,4.188530465383751,-3.7235246959842048,-4.028629666143592,0.0008757216237683,54.37602664745592,44.584489397198766,62.84622214879507,18.261732751596305,147,ok
B0030,33,43,1.589078586740699,1.751755031874225,first_n_median,90.71351632085928,normal,,0,02976.csv,2976,77,1568.281,3.3809665909442286,1.916660490161616,4.188200529397757,-3.7209177432015643,-4.028807042725253,0.0017244489688656,54.40922760509474,44.60072493720745,63.0242156686281,18.42349073142065,146,ok
B0030,34,43,1.5805481432309574,1.751755031874225,first_n_median,90.22655077176567,normal,,0,02978.csv,2978,79,1561.422,3.3813241868366974,1.927250989755404,4.187743893425592,-3.7188832576508455,-4.027678632162258,0.0001936086679272,54.43118438830086,44.60010411620031,63.00027240816272,18.40016829196241,145,ok
B0030,35,43,1.584613105427081,1.751755031874225,first_n_median,90.45860160776496,normal,,0,02980.csv,2980,81,1554.234,3.3870672693934285,2.051939170845275,4.1898269490660445,-3.7178481811964144,-4.028626046511251,-0.0004863640898333,54.42543761419732,44.62647326379676,62.80130766887856,18.174834405081796,144,ok
B0030,36,43,1.5936651221220737,1.751755031874225,first_n_median,90.97534147893904,normal,,0,02984.csv,2984,85,1573.734,3.382718302752806,2.0447593292567268,4.183231697201542,-3.719718780129346,-4.030594809378983,0.0005358834776928,54.40878572720797,44.54512422560238,62.737405296482684,18.192281070880306,145,ok
B0030,37,43,1.5849874126960888,1.751755031874225,first_n_median,90.47996916556824,normal,,0,02986.csv,2986,87,1566.578,3.3896129797375174,2.1123670299751245,4.187178870202528,-3.6895994891111914,-4.029376137378532,0.0011516362003643,54.42284720424547,44.5802402421656,62.57852749153667,17.998287249371067,144,ok
B0030,38,43,1.5787064969416462,1.751755031874225,first_n_median,90.12141927473547,normal,,0,02988.csv,2988,89,1550.047,3.38569510149779,2.029028311417829,4.188109008087897,-3.7133420593367292,-4.02789957320431,0.0021820403337215,54.38754363122996,44.5770883956101,62.84908045214772,18.27199205653762,142,ok
B0030,39,43,1.570705516096967,1.751755031874225,first_n_median,89.66467842346935,normal,,0,02990.csv,2990,91,1543.64,3.387023398111767,2.0574175231777425,4.188695408653485,-3.711313300597217,-4.027280488641001,0.0014808367056352,54.45246463683033,44.64554626607071,62.7284644620379,18.08291819596719,141,ok
B0030,40,43,1.562780404428482,1.751755031874225,first_n_median,89.2122686102088,normal,,0,02992.csv,2992,93,1536.781,3.3870565445350174,2.068863283525511,4.18874384592953,-3.709186360280257,-4.027633935183195,0.0001720266679014,54.41109814733754,44.59631266869645,62.69299470731855,18.0966820386221,140,ok
B0031,1,43,1.6666751942525773,1.8044387333514835,first_n_median,92.36529694510432,normal,,0,04161.csv,4161,1,1572.359,3.3729664490249562,2.4944372580491163,4.116561748956975,-3.8333672232532003,-3.976879354793832,0.0027767129236892,52.655011353024406,42.830036312976034,60.84632469517393,18.016288382197892,169,ok
B0031,2,43,1.8328583629543167,1.8044387333514835,first_n_median,101.5749844579122,normal,,0,04163.csv,4163,3,1723.281,3.410655663961355,2.470379105199965,4.206499027366964,-3.8451016770532584,-3.977675278876834,0.0013441287397587,53.97231092767106,44.29462858436861,61.81769411336386,17.523065528995254,184,ok
B0031,3,43,1.8139835002945133,1.8044387333514835,first_n_median,100.52896043332557,normal,,0,04165.csv,4165,5,1705.906,3.411724207737072,2.432998201540817,4.206542652746716,-3.8650342644443447,-3.977818121218368,0.001388631365358,53.99108510894419,44.34086545841149,61.82805706187581,17.487191603464318,181,ok
B0031,4,43,1.8044387333514835,1.8044387333514835,first_n_median,100.0,normal,,0,04167.csv,4167,7,1697.688,3.414079984476593,2.455290559392926,4.206636701109276,-3.863745544431601,-3.977299190367607,0.0012237431001445,53.996608338848425,44.358531698383615,61.95644236061217,17.597910662228557,179,ok
B0031,5,43,1.802147684291295,1.8044387333514835,first_n_median,99.8730325935792,normal,,0,04169.csv,4169,9,1686.094,3.412679097550016,2.379788594335936,4.206755471453542,-3.8849374979545646,-3.978022092833197,0.0019526644022268,53.954262670522155,44.36904249712909,62.099570509363424,17.730528012234338,177,ok
B0031,6,43,1.7715647509798835,1.8044387333514835,first_n_median,98.1781602354245,normal,,0,04173.csv,4173,13,1678.563,3.3963237722822415,2.3704531055353044,4.172458299789621,-3.8380587255136756,-3.9767159781784978,0.0007310241436229,53.973288387308486,44.30711469547115,62.03750729435005,17.7303925988789,175,ok
B0031,7,43,1.8139928165779544,1.8044387333514835,first_n_median,100.52947673145572,normal,,0,04175.csv,4175,15,1677.469,3.4200798093339357,2.479852487101495,4.2067410088524975,-3.906047424985772,-3.977184383768344,-0.0002847082358759,53.88993125496473,44.35989201809373,61.84294867967338,17.483056661579646,174,ok
B0031,8,43,1.8013261041198854,1.8044387333514835,first_n_median,99.82750152864335,normal,,0,04177.csv,4177,17,1666.093,3.4200087266691894,2.4765516954388933,4.2068100656143335,-3.905358988025778,-3.977097467401381,0.003495003188556,53.87262295937195,44.34916844771062,61.8379476525885,17.48877920487788,172,ok
B0031,9,43,1.7883722583933568,1.8044387333514835,first_n_median,99.10961371748624,normal,,0,04179.csv,4179,19,1654.328,3.417702003194436,2.359674470455269,4.206952621072369,-3.9279761474648427,-3.976862231789001,-0.0005880407744395,53.81893583109196,44.33299798913963,61.84646585876763,17.513467869628002,170,ok
B0031,10,43,1.776540165737316,1.8044387333514835,first_n_median,98.45389222152475,normal,,0,04181.csv,4181,21,1643.812,3.420480701190782,2.4195090802038206,4.206832562039922,-3.9274541286439484,-3.97911043245712,-0.0006256190501035,53.82033376097016,44.3479986805051,61.76013798618494,17.412139305679837,168,ok
B0031,11,43,1.7856209131823229,1.8044387333514835,first_n_median,98.95713720719075,normal,,0,04185.csv,4185,25,1652.266,3.4123332615490005,2.3489668209281325,4.193946956737359,-3.927239655425038,-3.978347529374349,-0.0010874786116113,53.821133604090825,44.31576932699988,61.91960614794014,17.60383682094026,168,ok
B0031,12,43,1.781363403668594,1.8044387333514835,first_n_median,98.72119073613376,normal,,0,04187.csv,4187,27,1648.672,3.420910074120947,2.399709439291441,4.206655556995042,-3.9268971976071376,-3.9771521389968303,-0.0005179713142655,53.81794815350033,44.353705438737805,61.86471031425517,17.511004875517365,167,ok
B0031,13,43,1.768489838397124,1.8044387333514835,first_n_median,98.00775197905504,normal,,0,04189.csv,4189,29,1636.969,3.4216539858581876,2.4168059304515817,4.207198543313955,-3.926457770086078,-3.977691809263504,-0.0003110879109806,53.80194299620242,44.33947487486351,61.77393480386064,17.43445992899713,165,ok
B0031,14,43,1.766505238291406,1.8044387333514835,first_n_median,97.89776763494643,normal,,0,04191.csv,4191,31,1625.187,3.423749066677016,2.471072287476068,4.206978754188053,-3.925817080441477,-3.977537552103438,-0.0018731696658739,53.75880729814269,44.32818975028374,61.64539051089847,17.317200760614732,163,ok
B0031,15,43,1.751740527921767,1.8044387333514835,first_n_median,97.07952370697356,normal,,0,04193.csv,4193,33,1622.016,3.4209893105313918,2.404447263605832,4.20675228195214,-3.9255513820662964,-3.978111649265431,-0.0019110207790176,53.78850848662172,44.354445173178064,61.88870329111738,17.534258117939316,162,ok
B0031,16,43,1.7352349314055016,1.8044387333514835,first_n_median,96.16480179310682,normal,,0,04197.csv,4197,37,1638.422,3.40095456627701,2.405938768821008,4.168980783747018,-3.852591436358121,-3.977751186219502,-0.0003817713773748,53.8368863785077,44.287842733511,61.98674236534618,17.698899631835182,163,ok
B0031,17,43,1.7782778274549178,1.8044387333514835,first_n_median,98.55019151312632,normal,,0,04199.csv,4199,39,1646.438,3.421591713831319,2.386904670931757,4.207227268504839,-3.925749357747081,-3.97681234987642,0.0004080663527147,53.773379186088945,44.32034939655615,61.73655452780071,17.41620513124456,163,ok
B0031,18,43,1.7649894859707391,1.8044387333514835,first_n_median,97.81376631682733,normal,,0,04201.csv,4201,41,1634.765,3.420573981542695,2.365034266156857,4.207303258469689,-3.9249912249362797,-3.976912066880602,-0.0010155926122537,53.77386924606414,44.32225352667264,61.82230520583519,17.500051679162553,161,ok
B0031,19,43,1.762591283533551,1.8044387333514835,first_n_median,97.68086058869912,normal,,0,04203.csv,4203,43,1622.016,3.422624599533156,2.4186775515647607,4.207353806036226,-3.9244475102493666,-3.978688647773789,0.0009277629617384,53.754659591825344,44.3225456238234,61.70265737807168,17.380111754248276,159,ok
B0031,20,43,1.744314576121582,1.8044387333514835,first_n_median,96.66798566675467,normal,,0,04205.csv,4205,45,1616.25,3.4201177255120836,2.360775838409723,4.206667054740019,-3.9241185399534726,-3.97903376287443,0.0002704688389542,53.766677549195336,44.31558221016735,61.83339482415222,17.517812613984873,158,ok
B0031,21,43,1.7628373753518478,1.8044387333514835,first_n_median,97.69449872524255,normal,,0,04209.csv,4209,49,1622.218,3.4199667649637617,2.4505597087782616,4.198651200144167,-3.924417903030087,-3.9780140451348855,-0.000262728474344,53.731744909320135,44.27500624240207,61.71886225058171,17.443856008179637,158,ok
B0031,22,43,1.747857930947971,1.8044387333514835,first_n_median,96.86435447445632,normal,,0,04211.csv,4211,51,1619.656,3.4203305433739613,2.3428829070219703,4.207348617133544,-3.9240126202473213,-3.9779736389102816,-6.675195362322442e-06,53.77927288646249,44.33808814197312,61.9456150656118,17.60752692363868,157,ok
B0031,23,43,1.7441167338864991,1.8044387333514835,first_n_median,96.65702146877857,normal,,0,04213.csv,4213,53,1605.484,3.422863512888695,2.411955819284382,4.2072481474909695,-3.9232971090768873,-3.9784996176795904,0.0001640849591204,53.77940592279519,44.36308273819081,61.68681561807962,17.32373287988881,155,ok
B0031,24,43,1.7268422932817389,1.8044387333514835,first_n_median,95.69969106539736,normal,,0,04215.csv,4215,55,1600.75,3.4198002859215846,2.3413222526109294,4.207149488755062,-3.92291737914847,-3.978808047093823,0.0012927632001319,53.7498055148608,44.350792998541806,61.72142337926525,17.37063038072344,154,ok
B0031,25,43,1.7203093493042263,1.8044387333514835,first_n_median,95.33764253159214,normal,,0,04217.csv,4217,57,1595.0,3.4194705619732524,2.328244465576847,4.2072173595407625,-3.9226738819129343,-3.9775428897202,0.0014726058579139,53.75572683773813,44.33360202803315,61.922368397426354,17.588766369393205,153,ok
B0031,26,43,1.7394245516699778,1.8044387333514835,first_n_median,96.39698591701412,normal,,0,04221.csv,4221,61,1612.422,3.4145994489347067,2.318164845471509,4.196145238330935,-3.9229572377699213,-3.9805743604314334,-0.0003374430251046,53.754287656200816,44.3081761242502,61.87504931919781,17.566873194947604,154,ok
B0031,27,43,1.7367384416372014,1.8044387333514835,first_n_median,96.2481246681876,normal,,0,04223.csv,4223,63,1598.969,3.4248774653161553,2.4548236850102603,4.2069462617112805,-3.922700094183036,-3.979162923764102,-0.0001040198486247,53.711431807207,44.31984957720723,61.49120341342234,17.17135383621511,152,ok
B0031,28,43,1.716963468448543,1.8044387333514835,first_n_median,95.15221751306191,normal,,0,04225.csv,4225,65,1592.187,3.420974185160828,2.3584309858697914,4.207372373768093,-3.9220779649294735,-3.978306860506898,-0.0012343201163544,53.69342764953342,44.31789791986238,61.70751319442212,17.389615274559738,151,ok
B0031,29,43,1.7127773558366357,1.8044387333514835,first_n_median,94.92022777938269,normal,,0,04227.csv,4227,67,1577.484,3.4245085053170605,2.4660401403368404,4.206841499612997,-3.9213702793706045,-3.977319747335911,0.0023885964497716,53.61958378565316,44.28877858426322,61.49432037699378,17.205541792730557,149,ok
B0031,30,43,1.7061083466554066,1.8044387333514835,first_n_median,94.55063866239212,normal,,0,04229.csv,4229,69,1571.547,3.423217374797564,2.442554361335084,4.207073830058116,-3.9210732675731483,-3.978351078081253,-0.0007856884123706,53.633628437869824,44.302021606946646,61.505904797603456,17.20388319065681,148,ok
B0031,31,43,1.713732696207521,1.8044387333514835,first_n_median,94.97317168671673,normal,,0,04233.csv,4233,73,1578.484,3.4217612690112014,2.455972935605985,4.202288246181564,-3.9208447863377685,-3.977915936469046,0.0006476350430282,53.64298219337473,44.25632742061698,61.58650298757853,17.33017556696155,148,ok
B0031,32,43,1.7093475797926974,1.8044387333514835,first_n_median,94.73015338225598,normal,,0,04235.csv,4235,75,1574.469,3.420095731247544,2.3451886335989784,4.2068098855652165,-3.9207501433470915,-3.979004823352766,-0.0005359838169886,53.640194623026446,44.29229687154297,61.66803036509911,17.37573349355614,147,ok
B0031,33,43,1.690100045411559,1.8044387333514835,first_n_median,93.66347630281928,normal,,0,04237.csv,4237,77,1568.281,3.418207639268387,2.3048157078228537,4.207132897125494,-3.9202672088226542,-3.978994022429637,-0.0027859392911923,53.65373339276206,44.27297575844494,61.83745125268187,17.56447549423693,146,ok
B0031,34,43,1.6946883343387664,1.8044387333514835,first_n_median,93.91775420333217,normal,,0,04239.csv,4239,79,1561.422,3.4190055604969225,2.327904771892418,4.207018144824621,-3.919741625648533,-3.977360849056161,-0.0008037827314061,53.65355338521763,44.29374100507224,61.7791359328034,17.485394927731157,145,ok
B0031,35,43,1.687010991299212,1.8044387333514835,first_n_median,93.49228433851192,normal,,0,04241.csv,4241,81,1554.234,3.4200180230564365,2.3672431402232186,4.206967994384534,-3.9196997597664827,-3.98157731389867,-0.0021179755950894,53.647830742878845,44.29685687451413,61.63755727730526,17.340700402791136,144,ok
B0031,36,43,1.6957069027070075,1.8044387333514835,first_n_median,93.97420213638829,normal,,0,04245.csv,4245,85,1573.734,3.41552953622903,2.32931910043758,4.198742074510769,-3.919678832661814,-3.978371819312698,-0.0001383187875609,53.654715008055895,44.240407412762536,61.76541153453152,17.525004121768987,145,ok
B0031,37,43,1.687696889615565,1.8044387333514835,first_n_median,93.53029606502142,normal,,0,04247.csv,4247,87,1566.578,3.4189014427486333,2.313616978242905,4.206906802432806,-3.9194105864839486,-3.979278165023497,0.0004421767681534,53.66098543950281,44.277682069015725,61.71412204720752,17.436439978191792,144,ok
B0031,38,43,1.6819617127259294,1.8044387333514835,first_n_median,93.21245890138532,normal,,0,04249.csv,4249,89,1550.047,3.423353784322714,2.464103908062826,4.20664698001037,-3.9186527397651205,-3.979799695817293,0.0004194401026205,53.59867010741405,44.26325414571517,61.46370523914892,17.20045109343375,142,ok
B0031,39,43,1.6750033888978846,1.8044387333514835,first_n_median,92.82683628647275,normal,,0,04251.csv,4251,91,1543.64,3.4227287920309317,2.450218643464606,4.206935457661614,-3.9185184747583235,-3.978467204430153,0.0012189071027832,53.628910349751585,44.29498234288963,61.45868723262231,17.163704889732678,141,ok
B0031,40,43,1.6672987794846676,1.8044387333514835,first_n_median,92.39985534936405,normal,,0,04253.csv,4253,93,1536.781,3.422760457985402,2.4650879684691613,4.207096999865798,-3.918145386509849,-3.9775318525247543,0.0010226274780877,53.61379694880726,44.27909841111377,61.44540062417477,17.166302213061,140,ok
B0032,1,43,1.704864107351214,1.8654947184112376,first_n_median,91.3893826943222,normal,,0,01013.csv,1013,1,1572.359,3.31356881404843,2.62709691854036,4.087016142066692,-3.895034492956119,-3.994111633376854,-0.0002350790973674,52.14812251926887,43.25683175903665,59.47600707924567,16.21917532020902,169,ok
B0032,2,43,1.8940319526948568,1.8654947184112376,first_n_median,101.52974082434942,normal,,0,01015.csv,1015,3,1723.281,3.360932103985418,2.6672646952717707,4.187844886919987,-3.9466385151298375,-3.993584927278223,0.0015127124644952,53.49862731805315,44.37911850231533,60.121290886265,15.742172383949672,184,ok
B0032,3,43,1.8747686491853093,1.8654947184112376,first_n_median,100.4971298327754,normal,,0,01017.csv,1017,5,1705.906,3.362818742242725,2.653980741191812,4.187701456265651,-3.9459503925460986,-3.994420868734206,0.0012837813797894,53.56355547229223,44.42491231836779,60.28987126771494,15.864958949347155,181,ok
B0032,4,43,1.8654947184112376,1.8654947184112376,first_n_median,100.0,normal,,0,01019.csv,1019,7,1697.688,3.3620666570592657,2.614778884516638,4.187956631748198,-3.945374357087773,-3.992737735565066,0.001716180465612,53.636497641934646,44.42345633074317,60.57061862772471,16.14716229698154,179,ok
B0032,5,43,1.8527398169018068,1.8654947184112376,first_n_median,99.3162724405731,normal,,0,01021.csv,1021,9,1686.094,3.362352506750974,2.611753951946988,4.187837270519941,-3.9451013111259323,-3.99486611628056,0.0004071782362678,53.66821955000141,44.41711926456754,60.44487262242978,16.027753357862238,177,ok
B0032,6,43,1.844174397003866,1.8654947184112376,first_n_median,98.85712239241668,normal,,0,01025.csv,1025,13,1678.563,3.3539141264171213,2.6899647104301128,4.176580463554566,-3.9441329415172497,-3.994312241610504,0.001708441430192,53.78514931831166,44.37941292443623,60.80514996345169,16.42573703901546,175,ok
B0032,7,43,1.843023847751276,1.8654947184112376,first_n_median,98.79544710375276,normal,,0,01027.csv,1027,15,1677.469,3.359881578137895,2.6352220172441965,4.187717629562103,-3.944073053011351,-3.994189778619774,0.0009693359917359,53.80370465565283,44.42226254081613,60.79131486140098,16.36905232058485,174,ok
B0032,8,43,1.8302818174911863,1.8654947184112376,first_n_median,98.11240950872052,normal,,0,01029.csv,1029,17,1666.093,3.358862190732693,2.616116680441599,4.18755828453692,-3.943421894744355,-3.992661318532081,0.0012858070277202,53.860865202701575,44.39808687756001,60.82453443905106,16.426447561491045,172,ok
B0032,9,43,1.8173838456081808,1.8654947184112376,first_n_median,97.42101264998324,normal,,0,01031.csv,1031,19,1654.328,3.3601097902247443,2.637757551280405,4.1878149871796655,-3.9431707154426756,-3.9925014219671766,-0.0031257014604457,53.86937461780675,44.39713214852311,60.93844327722512,16.541311128702006,170,ok
B0032,10,43,1.805799298110468,1.8654947184112376,first_n_median,96.80002201498542,normal,,0,01033.csv,1033,21,1643.812,3.3601434422461938,2.6425811435343314,4.187881479812432,-3.9427909793014866,-3.994253875500499,0.0013400939842073,53.919241142689074,44.42440180577051,61.056928797496845,16.632526991726337,168,ok
B0032,11,43,1.8149829605049184,1.8654947184112376,first_n_median,97.292313003741,normal,,0,01037.csv,1037,25,1652.266,3.355149818972587,2.6868552360676885,4.180429711622443,-3.942681377393959,-3.993279981032099,-0.0014889906843565,54.04736439027928,44.4037484753862,61.26264235870029,16.85889388331409,168,ok
B0032,12,43,1.7995150369321795,1.8654947184112376,first_n_median,96.4631536702902,normal,,0,01039.csv,1039,27,1648.672,3.3593418283288132,2.6740516269543457,4.187435297570574,-3.9184845032163937,-3.9928213513263473,0.0016267295925668,54.07432799473692,44.39805639027924,61.30909593373104,16.9110395434518,167,ok
B0032,13,43,1.7866516942518147,1.8654947184112376,first_n_median,95.77361311284922,normal,,0,01041.csv,1041,29,1636.969,3.3586297517355432,2.6712280977184064,4.187467933100937,-3.9177419538846427,-3.993630744300512,0.0038627008274447,54.13198237630402,44.42342339410816,61.35860964032413,16.93518624621597,165,ok
B0032,14,43,1.7735550719416031,1.8654947184112376,first_n_median,95.07156758139013,normal,,0,01043.csv,1043,31,1625.187,3.3590704748251823,2.6834486699239664,4.187491241001438,-3.916992039332035,-3.993304107752517,0.0030013386583011,54.1706485784692,44.405296432368274,61.48218876912336,17.076892336755087,163,ok
B0032,15,43,1.769995333364443,1.8654947184112376,first_n_median,94.88074749800806,normal,,0,01045.csv,1045,33,1622.016,3.3579238322389635,2.670098200587867,4.1874322769983605,-3.9165301686540293,-3.994079719933211,0.001424030288451,54.230275057026425,44.433840746655626,61.55806089309812,17.124220146442497,162,ok
B0032,16,43,1.799526080374287,1.8654947184112376,first_n_median,96.46374565492562,normal,,0,01049.csv,1049,37,1638.422,3.346388148340216,2.6512994484308834,4.174276691190384,-3.941133829882486,-3.993967806204527,0.002117883806017,54.344649105313806,44.39020318316664,61.75555924618304,17.3653560630164,163,ok
B0032,17,43,1.7968530684449833,1.8654947184112376,first_n_median,96.32045862747265,normal,,0,01051.csv,1051,39,1646.438,3.3534652549262995,2.625703438629486,4.186860433427951,-3.9168961856121998,-3.994597299462833,0.0017108672264762,54.34024033975075,44.38622768250236,61.788148736083365,17.401921053581006,163,ok
B0032,18,43,1.7838265504081745,1.8654947184112376,first_n_median,95.6221710414374,normal,,0,01053.csv,1053,41,1634.765,3.3539379658636705,2.6363985091733704,4.187242083144707,-3.9161279657117896,-3.99403993642454,0.0001165466879612,54.383818324015124,44.4051269140013,62.026796878552666,17.621669964551366,161,ok
B0032,19,43,1.7696444491040102,1.8654947184112376,first_n_median,94.8619383179568,normal,,0,01055.csv,1055,43,1622.016,3.352033498067153,2.6091385279000474,4.187348698823322,-3.9150746408037618,-3.996695123471853,0.0018785106032199,54.44223460892958,44.42169542184864,62.05922080379437,17.63752538194573,159,ok
B0032,20,43,1.7512940457049684,1.8654947184112376,first_n_median,93.87826341296056,normal,,0,01057.csv,1057,45,1616.25,3.356088193037498,2.6928273258727597,4.187458308694366,-3.8893700702054987,-3.996085886074777,0.0009533628343327,54.47793957059441,44.41490041187964,61.81678431928173,17.401883907402087,158,ok
B0032,21,43,1.7697554297961993,1.8654947184112376,first_n_median,94.86788744721962,normal,,0,01061.csv,1061,49,1622.218,3.3485978246821815,2.6580053475407666,4.18032452902128,-3.914545791564824,-3.9941183811183705,0.0026408049180856,54.52288431969187,44.37973715309972,62.13034562682843,17.75060847372871,158,ok
B0032,22,43,1.7547726933914918,1.8654947184112376,first_n_median,94.06473661238545,normal,,0,01063.csv,1063,51,1619.656,3.350888760453381,2.622656733898926,4.187278944270903,-3.888729603382459,-3.99420296582248,0.0002794086737932,54.63737439274004,44.43505105702808,62.20855323363066,17.773502176602577,157,ok
B0032,23,43,1.7389166355812984,1.8654947184112376,first_n_median,93.2147713107577,normal,,0,01065.csv,1065,53,1605.484,3.351949039148667,2.6579673401898325,4.186871482774904,-3.887437874711392,-3.994207676123932,-0.0006333733548199,54.626766126568995,44.45074387838419,62.27936068413306,17.828616805748872,155,ok
B0032,24,43,1.7337200518764075,1.8654947184112376,first_n_median,92.93620800775804,normal,,0,01067.csv,1067,55,1600.75,3.349297591300232,2.62449780009349,4.187368946542894,-3.8867994146602536,-3.993823239825288,-0.0020744273359697,54.64310926864166,44.4475889304923,62.40536913200032,17.957780201508015,154,ok
B0032,25,43,1.7150972597500092,1.8654947184112376,first_n_median,91.93793168230916,normal,,0,01069.csv,1069,57,1595.0,3.351231111091802,2.6693549937573904,4.187171328295389,-3.8600791350059627,-3.994754622163221,0.0012452126846412,54.70581681215588,44.4423253200928,62.21600779378832,17.773682473695523,153,ok
B0032,26,43,1.7462926148815636,1.8654947184112376,first_n_median,93.6101612964526,normal,,0,01073.csv,1073,61,1612.422,3.3435018088780115,2.6245992054256915,4.179483481777926,-3.8867131837578937,-3.993552154297252,0.0008661686052773,54.73634803491553,44.41306950471116,62.6157960112704,18.202726506559237,154,ok
B0032,27,43,1.719149261914565,1.8654947184112376,first_n_median,92.15513959635818,normal,,0,01075.csv,1075,63,1598.969,3.3521161040604457,2.682984874071112,4.187057003834118,-3.859329219112499,-3.995086500261385,0.0017493587339206,54.729006905014316,44.42726286487183,62.26360588854172,17.83634302366989,152,ok
B0032,28,43,1.711582246191498,1.8654947184112376,first_n_median,91.74950908728276,normal,,0,01077.csv,1077,65,1592.187,3.3500497479561155,2.6671246169170018,4.186996418231206,-3.858428126429743,-3.9949368262887295,0.0029029926987244,54.73589338579687,44.42740030389657,62.42580063958537,17.9984003356888,151,ok
B0032,29,43,1.69510511952259,1.8654947184112376,first_n_median,90.86625133767406,normal,,0,01079.csv,1079,67,1577.484,3.346822633241171,2.6334454972272856,4.187162136817356,-3.8566873181204584,-3.9949029619473433,0.0030505218567754,54.73540508711326,44.40480279768343,62.5594040849182,18.15460128723477,149,ok
B0032,30,43,1.7005124371100973,1.8654947184112376,first_n_median,91.1561110480308,normal,,0,01081.csv,1081,69,1571.547,3.3445668126766406,2.6133538721871226,4.187124475593186,-3.8827695760741974,-3.99441842582716,-0.0006443459607082,54.74865999209295,44.39853762644303,62.582629376324434,18.184091749881404,148,ok
B0032,31,43,1.7080989351250158,1.8654947184112376,first_n_median,91.56278590698616,normal,,0,01085.csv,1085,73,1578.484,3.3426166901503263,2.647938106735209,4.181856074494181,-3.882600911283088,-3.9933943376990633,0.0024583516966073,54.78747299373422,44.35319619672111,62.57090441669303,18.217708219971925,148,ok
B0032,32,43,1.691435430587127,1.8654947184112376,first_n_median,90.66953735616312,normal,,0,01087.csv,1087,75,1574.469,3.34732439121854,2.6715941703662405,4.18690867607217,-3.854937565206465,-3.994505933062156,0.0009777946664947,54.781382520592445,44.39241607753322,62.42898686923908,18.036570791705863,147,ok
B0032,33,43,1.6844494328889932,1.8654947184112376,first_n_median,90.29505236678274,normal,,0,01089.csv,1089,77,1568.281,3.3453547357724522,2.646261496806368,4.186886051758731,-3.854046236326502,-3.9949900066471686,0.000858641753728,54.78435229628446,44.38940961934091,62.43152363917722,18.042114019836312,146,ok
B0032,34,43,1.664037581688075,1.8654947184112376,first_n_median,89.20087338040094,normal,,0,01091.csv,1091,79,1561.422,3.346646262078225,2.6718636231921065,4.186961283097403,-3.825515955469031,-3.9944555852207273,0.0008078766421049,54.845012944023324,44.40456977005993,62.5729328576623,18.168363087602373,145,ok
B0032,35,43,1.6686372014231974,1.8654947184112376,first_n_median,89.44743638000244,normal,,0,01093.csv,1093,81,1554.234,3.3430379418002483,2.6372752376377897,4.186797536056034,-3.852185223644289,-3.994950149647624,0.0003270290264657,54.84412055277582,44.41077624094624,62.57967644827836,18.168900207332122,144,ok
B0032,36,43,1.6899344075625968,1.8654947184112376,first_n_median,90.58907489171784,normal,,0,01097.csv,1097,85,1573.734,3.3373798184076695,2.6027515790201994,4.180871809929545,-3.8529024760904163,-3.9939090960595336,-0.0004538951829893,54.916794359881244,44.34599596279828,62.96996562520999,18.62396966241171,145,ok
B0032,37,43,1.669431712846442,1.8654947184112376,first_n_median,89.49002623112361,normal,,0,01099.csv,1099,87,1566.578,3.343534769020288,2.634449644633184,4.186876840985748,-3.824369401335111,-3.9956769444125584,0.0031454037894103,54.90429470994109,44.40208052480985,62.75574288944966,18.35366236463981,144,ok
B0032,38,43,1.6634226761839213,1.8654947184112376,first_n_median,89.16791131955536,normal,,0,01101.csv,1101,89,1550.047,3.3406975425250534,2.612265282912701,4.186631058593124,-3.850082677405248,-3.995326411032614,-0.0010781432331686,54.85304065526831,44.38078135255614,62.70443033939053,18.323648986834385,142,ok
B0032,39,43,1.643615219594737,1.8654947184112376,first_n_median,88.10613095675414,normal,,0,01103.csv,1103,91,1543.64,3.3456376475453258,2.6874948249577777,4.1868719484291095,-3.820950546148158,-3.993341726049872,0.0005040802090653,54.870101858468004,44.42484682444376,62.46020747529598,18.03536065085222,141,ok
B0032,40,43,1.6358000873538243,1.8654947184112376,first_n_median,87.68720014104171,normal,,0,01105.csv,1105,93,1536.781,3.33983349960651,2.6076358711453813,4.186758471539941,-3.8197049752589796,-3.992853792791997,0.0011578976243076,54.91521152058179,44.41205349181541,62.78975435716677,18.377700865351358,140,ok
B0033,1,24,0.0684257224060181,1.1610848192311252,first_n_median,5.893257863049995,normal,,1,02413.csv,2413,0,1819.406,3.3726641134399764,1.9848598462488805,3.6772190710694974,-0.4032887109837347,-4.027448488189357,0.003180472315653,29.26541655615828,23.709046954662966,34.973341925251844,11.264294970588878,190,ok
B0033,2,24,0.6895699007862814,1.1610848192311252,first_n_median,59.39014009699285,normal,,1,02417.csv,2417,4,3260.531,3.7179953044661613,1.9816234331870684,4.191105953862248,-0.8109495942196224,-4.027610772655682,0.0012239145172062,32.82332257180906,25.173023588997943,47.876225604831575,22.703202015833632,338,ok
B0033,3,24,1.1610848192311252,1.1610848192311252,first_n_median,100.0,normal,,0,02419.csv,2419,6,3265.75,3.5247388250090337,1.287217552704193,4.19762922160552,-1.3467063374074053,-4.028150816942063,0.0013754928034409,35.79329539654299,24.982438023452065,53.521374145800095,28.53893612234803,337,ok
B0033,4,24,1.2529393053824995,1.1610848192311252,first_n_median,107.91109181947628,normal,,0,02421.csv,2421,8,3264.109,3.489168398195939,1.92499373482904,4.199816411135521,-1.4664895935962652,-4.027874138842302,0.005999157112787,36.38266836733648,24.55968114896303,53.59969491765948,29.040013768696447,335,ok
B0033,5,24,1.302918002447558,1.1610848192311252,first_n_median,112.21557468216278,normal,,0,02423.csv,2423,10,3253.531,3.4703882503796533,1.948018740022197,4.2005663942344365,-1.5284631729967968,-4.033138447887385,0.0031735223078242,36.45901475182769,24.34686554324056,53.81770081109488,29.47083526785432,332,ok
B0033,6,24,1.3218773211472523,1.1610848192311252,first_n_median,113.8484716407372,normal,,0,02425.csv,2425,12,3242.578,3.453967625388434,1.891347070952385,4.200743805234223,-1.5665630077013475,-4.028549406404835,0.001190717661264,36.279780573622936,23.833054464449923,53.57104302015468,29.73798855570476,329,ok
B0033,7,24,1.2884694418301417,1.1610848192311252,first_n_median,110.97117286257958,normal,,0,02429.csv,2429,16,3234.625,3.4578247593455274,1.1932458808760276,4.197576934147749,-1.5273103379999617,-4.029060240993913,0.0012234808875597,36.16552578493363,23.849523839998607,54.60856796915766,30.759044129159054,326,ok
B0033,111,24,1.382633397996189,1.1610848192311252,first_n_median,119.08117090978538,normal,,0,02683.csv,2683,270,3031.953,3.3625185980231946,1.977912246538546,4.19415713586591,-1.8064502971208865,-4.030551182286183,0.0011641828137736,38.23202468655914,23.983037377275263,54.42859597766174,30.44555860038648,221,ok
B0033,112,24,1.3699403583067564,1.1610848192311252,first_n_median,117.98796570382656,normal,,0,02685.csv,2685,272,3023.5,3.352730063565273,1.8406238091435183,4.194421518890087,-1.8133450646172389,-4.030891041828917,-0.0004235104166668,38.186119358463095,23.55228485024448,54.60293074972065,31.05064589947617,220,ok
B0033,113,24,1.3786129327882322,1.1610848192311252,first_n_median,118.73490290753736,normal,,0,02689.csv,2689,276,3042.703,3.348905668243179,1.793591568720353,4.193864909249693,-1.8127387092209186,-4.030314032706555,-0.0009980734385136,38.7565059715467,23.625584537108093,55.29175004355109,31.666165506442997,220,ok
B0033,118,24,1.384968608315797,1.1610848192311252,first_n_median,119.28229405608184,normal,,0,02701.csv,2701,288,3028.562,3.358003989298615,1.7746653306163975,4.200536096823805,-1.8108049336910572,-4.031183913719146,-0.0002153001521686,38.5100324254832,24.0439834251731,54.77734925210607,30.73336582693297,218,ok
B0033,119,24,1.3715114742475478,1.1610848192311252,first_n_median,118.12328018858848,normal,,0,02703.csv,2703,290,3020.984,3.36155800725267,1.8460476497404992,4.193861125565952,-1.8013083911049832,-4.031896597974894,-0.0005973093675214,38.40063671961678,24.128299966080764,54.64702813763124,30.518728171550475,217,ok
B0033,120,24,1.3616865084879255,1.1610848192311252,first_n_median,117.2770917278584,normal,,0,02707.csv,2707,294,3017.391,3.3646263159375533,1.95995016678396,4.1912968364535725,-1.7919918693222388,-4.032512009214244,-0.0002376177659824,38.39044541549165,24.005545419243067,54.505104228610136,30.49955880936707,216,ok
B0033,121,24,1.3796301360966086,1.1610848192311252,first_n_median,118.82251091786772,normal,,0,02709.csv,2709,296,3022.14,3.360892538206702,1.9111619475065968,4.193746611615085,-1.7916249952930718,-4.031454503778134,0.0002261326849259,38.413629652125955,24.06291912766938,54.4213321925581,30.358413064888715,216,ok
B0033,122,24,1.364231776003204,1.1610848192311252,first_n_median,117.49630633415772,normal,,0,02711.csv,2711,298,3009.016,3.3571675251434945,1.7914848144741025,4.1937859295628215,-1.798733884420521,-4.031553638984478,-0.0006022008614266,38.44024987650422,23.993771659591523,54.599932749715,30.60616109012348,215,ok
B0033,123,24,1.3418414512081456,1.1610848192311252,first_n_median,115.56790933643576,normal,,0,02713.csv,2713,300,3014.672,3.3650892446963074,1.8461845656811997,4.200650322742635,-1.7887872050368798,-4.030568780479417,-0.0003657700944157,38.18714693456589,23.84649793943182,54.621715057959925,30.775217118528104,214,ok
B0033,124,24,1.355221569579225,1.1610848192311252,first_n_median,116.72029012287472,normal,,0,02715.csv,2715,302,3010.703,3.363027417163423,1.8424801617142232,4.2006243085499655,-1.7888403713952685,-4.031930484527798,-0.0005802290015531,38.18649962226669,23.796715031824885,54.55731341596549,30.760598384140604,214,ok
B0033,125,24,1.3403860264029774,1.1610848192311252,first_n_median,115.44255890715944,normal,,0,02719.csv,2719,306,3011.75,3.3583632498611675,1.8293764049247,4.193697387023266,-1.7886164084551721,-4.031179334434039,-0.0007041902435054,38.536213089297746,23.946035304437792,55.041315475822266,31.095280171384474,214,ok
B0033,126,24,1.3594078914195438,1.1610848192311252,first_n_median,117.08084275184554,normal,,0,02721.csv,2721,308,3005.734,3.3574236498195953,1.7818288008009142,4.200544185864463,-1.7964130441048565,-4.032120605609321,-0.0003126973427453,38.552272664006516,23.99283114623448,54.87421915377841,30.881388007543933,213,ok
B0033,127,24,1.3457100861355502,1.1610848192311252,first_n_median,115.90110075047616,normal,,0,02723.csv,2723,310,2993.75,3.360766302094452,1.8799745135000576,4.193351413646578,-1.787019212781781,-4.030698456939857,-0.000511311915111,38.455511167512036,24.041323148061142,54.605029117345865,30.563705969284722,212,ok
B0033,128,24,1.3477611420854358,1.1610848192311252,first_n_median,116.07775071746512,normal,,0,02725.csv,2725,312,2998.125,3.3594711162840047,1.8632410129416257,4.200351692306739,-1.78684609892111,-4.031396914149324,0.0001748701902038,38.45383838785278,23.85866232164556,54.77196645266215,30.913304131016588,212,ok
B0033,129,24,1.335482103134067,1.1610848192311252,first_n_median,115.02020188485696,normal,,0,02727.csv,2727,314,2990.859,3.352476127724087,1.7604885282268967,4.20027821207153,-1.7942781727538535,-4.031628150086961,0.0013670482188568,38.59571101696619,23.80241741126216,55.081324460303485,31.278907049041326,211,ok
B0033,130,24,1.353154941842234,1.1610848192311252,first_n_median,116.54229901466616,normal,,0,02731.csv,2731,318,3024.453,3.3599659156305464,1.8980864731881968,4.192818631069228,-1.7787288593777348,-4.031721300872744,-0.0007881046866446,39.84838963202565,25.018212536384507,56.28817834549751,31.269965809113007,213,ok
B0033,131,24,1.3709677706044292,1.1610848192311252,first_n_median,118.076452977164,normal,,0,02733.csv,2733,320,3030.765,3.3529340862280046,1.765463647928582,4.193616398463828,-1.7963772790558135,-4.032692621747669,0.0044462090035715,40.8588418858713,26.569649055205225,57.27354368026744,30.703894625062212,213,ok
B0033,132,24,1.357426672491866,1.1610848192311252,first_n_median,116.91020759282334,normal,,0,02735.csv,2735,322,3020.813,3.343287590707508,1.7789329307031558,4.2001549210390445,-1.805219032161489,-4.031807157333931,7.383941816730437e-05,40.645674557350794,25.824609859809243,57.2291922074886,31.40458234767936,212,ok
B0033,133,24,1.3443678821106904,1.1610848192311252,first_n_median,115.7855016139937,normal,,0,02737.csv,2737,324,2998.156,3.3304566806630636,1.9751406850610131,4.199721786449104,-1.8050690579203057,-4.030914484032776,0.0009182756131508,40.22816795562337,24.628591970930444,57.19704022437858,32.56844825344814,210,ok
B0033,134,24,1.33005823859453,1.1610848192311252,first_n_median,114.5530642175909,normal,,0,02739.csv,2739,326,2986.766,3.320924665615561,1.7718580087129037,4.198848421060828,-1.8114911161465173,-4.032022945808555,-0.0009245669377489,40.06014962782639,24.087009042742764,57.01987269382395,32.932863651081185,209,ok
B0033,136,24,1.3865570950229378,1.1610848192311252,first_n_median,119.41910462158324,normal,,0,02747.csv,2747,334,3047.703,3.365998712772332,1.9395710043147305,4.191445596329994,-1.7876356209052575,-4.03143308473883,0.0096792319806442,40.262388264621016,25.837379779917946,56.299084505467846,30.4617047255499,212,ok
B0033,137,24,1.3704138176872631,1.1610848192311252,first_n_median,118.0287430331538,normal,,0,02749.csv,2749,336,3034.968,3.3457011047959266,1.9213252989145688,4.193389880737777,-1.7957587291291346,-4.0333360487412335,-0.0005724598831902,39.997401224885536,25.207733349727235,56.50951504855041,31.301781698823177,211,ok
B0033,138,24,1.325319393635713,1.1610848192311252,first_n_median,114.14492478795344,normal,,0,02751.csv,2751,338,3011.7339999999967,3.346323103330572,1.99784512954192,4.200380611368274,-1.7944892722865402,-4.031093353153527,0.0003201141218114,39.574089613864224,24.472552841440898,56.69165778744567,32.21910494600478,209,ok
B0033,139,24,0.8439684993200656,1.1610848192311252,first_n_median,72.68792816350357,normal,,1,02753.csv,2753,340,3002.922,3.5025083166259967,1.4425192802033469,4.200602056573652,-1.3524928232333502,-4.031452965753613,0.0005934151940269,35.98333032061264,24.19994758367089,55.51714083426434,31.317193250593448,208,ok
B0033,140,24,0.298661803715835,1.1610848192311252,first_n_median,25.72265167618073,normal,,1,02755.csv,2755,342,2986.718,3.8878704029237765,1.5585045696383768,4.193070577827655,-0.4098076101048112,-4.030231487651757,-0.0016955070928297,30.119688488829738,24.213134568912988,45.807200259053744,21.594065690140756,206,ok
B0033,141,24,0.2344867974702557,1.1610848192311252,first_n_median,20.19549248999171,normal,,1,02759.csv,2759,346,3006.203,3.9545425965879493,1.203791745361808,4.189611396704824,-0.3263585049640118,-4.029552223712936,-0.0015144925866869,30.940513967139797,25.680048766514137,46.03459549176176,20.354546725247626,207,ok
B0033,142,24,0.2025633038072582,1.1610848192311252,first_n_median,17.44603843338477,normal,,1,02761.csv,2761,348,3011.609,3.987610232479158,1.5484910888494308,4.191309904018761,-0.2716005858874483,-4.030756009707639,0.0005611212781108,31.002948619577534,26.35050371923943,44.981619190674095,18.631115471434665,207,ok
B0033,143,24,0.2353199565407024,1.1610848192311252,first_n_median,20.267249441477684,normal,,1,02763.csv,2763,350,2985.953,3.9673029925231815,1.9233358352697387,4.191105087223256,-0.3170614258991049,-4.029588332092749,0.0020427643674527,30.353188245577265,25.446671381322208,44.437719613927904,18.991048232605696,205,ok
B0033,144,24,0.2355042783748287,1.1610848192311252,first_n_median,20.283124408669863,normal,,1,02765.csv,2765,352,2976.312999999994,3.949305726224602,1.477441018016571,4.190985119306768,-0.33378469731868937,-4.029344942221334,-0.0005830301018698,29.92194766382464,24.51173233364825,46.16094346830902,21.64921113466077,204,ok
B0033,145,24,0.4304242256752923,1.1610848192311252,first_n_median,37.07086842805514,normal,,1,02767.csv,2767,354,2964.75,3.7530265184592335,1.7051348869638063,4.19146431605178,-0.6350119541631206,-4.029460110530672,-0.0010580291493481,32.39035931572692,24.153388669349656,51.875290776017344,27.721902106667688,203,ok
B0033,146,24,0.4643633320269643,1.1610848192311252,first_n_median,39.99391985285515,normal,,1,02771.csv,2771,358,2969.953,3.7437278161410794,0.9861339962587278,4.189169176120785,-0.647927020958107,-4.031115621681116,0.000553296758495,32.954165794905116,24.63065669719868,51.767777887259,27.13712119006032,203,ok
B0033,147,24,0.3994839380247729,1.1610848192311252,first_n_median,34.40609431870039,normal,,1,02773.csv,2773,360,2988.453,3.8025429033127525,1.3263821081867295,4.191809961918757,-0.5493227175747413,-4.0305675228368925,0.0017587890442776,32.988995755051256,25.741077212582653,51.02675215928651,25.285674946703857,204,ok
B0033,150,24,1.383632373873956,1.1610848192311252,first_n_median,119.1672090580086,normal,,0,02779.csv,2779,366,2950.39,3.3407978157952662,1.8841219743920603,4.199581881706975,-1.844518264194251,-4.032404761480388,-0.0007412415796344,39.68399574640648,24.5159742884133,55.51777727453801,31.001802986124712,201,ok
B0033,151,24,1.3705402893609833,1.1610848192311252,first_n_median,118.03963557705976,normal,,0,02783.csv,2783,370,2941.719,3.345126055228355,1.8129527074235323,4.192675713672651,-1.8328005456847734,-4.031245891627729,0.0015990955678218,39.047236578784684,24.017907115256936,54.98845662264607,30.970549507389133,200,ok
B0033,152,24,1.3557042566115398,1.1610848192311252,first_n_median,116.761862196191,normal,,0,02785.csv,2785,372,2946.969,3.3571373711093697,1.964418985321,4.200041578787561,-1.814347722959519,-4.031735458078508,-0.0004582488352327,38.66855198329813,23.8551106236372,54.53862414235327,30.683513518716072,200,ok
B0033,153,24,1.3578385793919765,1.1610848192311252,first_n_median,116.9456836315492,normal,,0,02787.csv,2787,374,2936.171,3.351453240465127,1.854641378834996,4.199761584906472,-1.8221926476157024,-4.030243674381958,0.0005551964738675,38.84148471879362,23.92708958292775,54.72686731387149,30.799777730943738,199,ok
B0033,154,24,1.3609083979571397,1.1610848192311252,first_n_median,117.21007590628378,normal,,0,02789.csv,2789,376,2927.281,3.346026215342865,1.7877573640818558,4.19986267410377,-1.8306905769975232,-4.031560389126078,-0.0012232327913802,39.052551352201455,24.01832845026745,55.0046224518596,30.986294001592153,198,ok
B0033,155,24,1.3495626547684758,1.1610848192311252,first_n_median,116.23290843318075,normal,,0,02791.csv,2791,378,2924.422,3.350979420027859,1.9183209167927544,4.199784078520709,-1.8209388850738168,-4.03102892027672,0.0011206417424785,38.79448240276511,23.850352762005816,54.71731449617404,30.866961734168225,197,ok
B0033,156,24,1.1888877132486642,1.1610848192311252,first_n_median,102.39456184053375,normal,,0,02795.csv,2795,382,3023.859,3.342644131880222,1.8528656809384136,4.044618024605659,-1.568210357203081,-4.03134750995214,0.0003890142355222,38.509868638012954,25.526490000718884,54.428778601713,28.902288600994115,203,ok
B0033,166,24,1.3911104661211642,1.1610848192311252,first_n_median,119.81126986419156,normal,,0,02819.csv,2819,406,2979.219,3.3674136761881366,1.9520601805312336,4.200092034422385,-1.8211918432229095,-4.031388046198441,0.0006523352062814,38.13961733869117,23.78429567641032,53.4828168564585,29.69852118004818,197,ok
B0033,170,24,1.3831900026575588,1.1610848192311252,first_n_median,119.12910923885065,normal,,0,02829.csv,2829,416,2967.2810000000027,3.364268931307196,1.828763483963188,4.200616069155656,-1.817964724512839,-4.031048376700338,-0.0012978112516847,38.3251245457817,24.130808242407685,53.79228026466776,29.661472022260075,195,ok
B0033,171,24,1.3646098107432565,1.1610848192311252,first_n_median,117.52886508729884,normal,,0,02831.csv,2831,418,2962.609,3.3720392126554684,1.9584399411299585,4.200037449743801,-1.798635457145711,-4.030741393214865,-0.0005732784106833,37.878182669376734,23.740864219492018,53.22509160340434,29.48422738391232,195,ok
B0033,172,24,1.369751365782437,1.1610848192311252,first_n_median,117.97168846712609,normal,,0,02835.csv,2835,422,2957.016,3.362230190450641,1.8220675972367208,4.192500996043775,-1.8064428802106411,-4.030600936103562,0.0002255297062823,37.905840036253096,23.48039193903757,53.57857958784029,30.098187648802718,194,ok
B0033,173,24,1.3867946911071662,1.1610848192311252,first_n_median,119.43956790559945,normal,,0,02837.csv,2837,424,2973.281,3.3636193969648573,1.7715995765672343,4.200097022210454,-1.8173405882716633,-4.031272201329734,0.0083654068397032,39.1223902532353,24.86504545389773,54.49825501084428,29.633209556946554,195,ok
B0033,174,24,1.3918615875742792,1.1610848192311252,first_n_median,119.87596121495888,normal,,0,02839.csv,2839,426,2968.016,3.3703866336965356,1.8584436263684132,4.191446103300025,-1.8068979814568502,-4.030774601922593,0.0005373748288989,39.39196447810482,25.5545254991362,54.46813289210952,28.913607392973322,194,ok
B0033,175,24,1.377162352180965,1.1610848192311252,first_n_median,118.6099696913553,normal,,0,02841.csv,2841,428,2959.281,3.3756959922995033,1.9792800716788903,4.19205219049645,-1.7968101494502102,-4.030353569731922,0.0001681622204381,38.80564596554866,25.242779182073114,53.89419947351141,28.651420291438292,193,ok
B0033,176,24,1.3599525359390852,1.1610848192311252,first_n_median,117.1277509975241,normal,,0,02843.csv,2843,430,2942.797000000006,3.366639210990064,1.846857607499265,4.20026251718639,-1.8043699219153886,-4.031215449055759,-0.0011308075920017,38.29516028833109,24.10239460000605,53.782251370205934,29.679856770199883,192,ok
B0033,177,24,1.379779043170725,1.1610848192311252,first_n_median,118.83533574096852,normal,,0,02847.csv,2847,434,2978.89,3.370719403191649,1.9297681149166703,4.170526417555859,-1.786679633285191,-4.030724924949867,0.0059471473770918,39.48206657960875,25.70359254230357,54.80009542618075,29.096502883877175,194,ok
B0033,178,24,1.3631373661966442,1.1610848192311252,first_n_median,117.40204880977764,normal,,0,02851.csv,2851,438,2948.891,3.368376555569585,1.9404476337602208,4.193298745157419,-1.805526191357153,-4.0312040045445245,0.0017369426103794,38.22420789035359,24.052398101979275,53.59426450012642,29.541866398147146,192,ok
B0033,179,24,1.3652295228794809,1.1610848192311252,first_n_median,117.58223863296575,normal,,0,02853.csv,2853,440,2938.547,3.3605555096355064,1.8078076221500168,4.200151767615752,-1.813761282828491,-4.030896618235125,-0.0014926299834234,38.212225319933545,23.78506073974515,53.860038336831,30.074977597085855,191,ok
B0033,180,24,1.3498620694059131,1.1610848192311252,first_n_median,116.25869592367911,normal,,0,02855.csv,2855,442,2925.484,3.3664344500865964,1.901348395168944,4.199734233391325,-1.802941147720235,-4.030353141551276,0.0002959832067212,38.03726842877258,23.67834740256779,53.50394440240513,29.82559699983734,190,ok
B0033,181,24,1.3529504172332432,1.1610848192311252,first_n_median,116.52468405617188,normal,,0,02857.csv,2857,444,2917.297,3.360999914466085,1.820065501803385,4.199873842512875,-1.8116624900760223,-4.032772105959685,0.0008175114926099,38.08745383569629,23.6498234722306,53.71091736477066,30.061093892540057,189,ok
B0033,182,24,1.3535740542605128,1.1610848192311252,first_n_median,116.5783956383871,normal,,0,02859.csv,2859,446,2918.938,3.3597145615560104,1.781542687267246,4.199220802674783,-1.8111731864316711,-4.031639319345703,-0.0009464831036835,38.371162533264,23.942846230052385,53.96609282803159,30.023246597979206,189,ok
B0033,183,24,1.3432225183905024,1.1610848192311252,first_n_median,115.68685561490584,normal,,0,02863.csv,2863,450,2918.25,3.360790017915931,1.8027051007685868,4.189411926667855,-1.799607080950245,-4.03064555997338,-0.001439179831805,38.21500087152169,23.85562795987445,53.89601837110568,30.040390411231233,188,ok
B0033,184,24,1.3412081769053426,1.1610848192311252,first_n_median,115.51336773083432,normal,,0,02865.csv,2865,452,2915.4839999999967,3.364551990412796,1.845120981293168,4.199234827601777,-1.8000478038107868,-4.030235349806215,-0.0007750004247492,38.068361542357145,23.75538627826279,53.58335886886063,29.827972590597838,188,ok
B0033,185,24,1.3277389969987805,1.1610848192311252,first_n_median,114.35331639922865,normal,,0,02867.csv,2867,454,2906.015,3.370459024271422,1.9386542857041755,4.199099264533491,-1.7893303733112242,-4.032323959410741,-0.0004467797038924,37.98761504071771,23.71942332452391,53.35830232724686,29.638879002722952,187,ok
B0033,186,24,1.329778900445409,1.1610848192311252,first_n_median,114.52900584179488,normal,,0,02869.csv,2869,456,2894.14,3.3647395351261364,1.8652024206914877,4.197710813920559,-1.7980109473876715,-4.030963918482138,0.0012834319927848,38.3556643629041,23.89969121406837,53.56872781314004,29.669036599071674,186,ok
B0033,187,24,1.3356045028702497,1.1610848192311252,first_n_median,115.03074372763672,normal,,0,02871.csv,2871,458,2892.031,3.3724762289358954,1.9741597310368288,4.194824465751656,-1.7871202282133007,-4.030066693660676,-0.0004319042368397,38.587739723836165,24.94839998818312,54.028944257752215,29.080544269569096,185,ok
B0033,188,24,1.3177489685711123,1.1610848192311252,first_n_median,113.49291169302607,normal,,0,02875.csv,2875,462,2888.719,3.3682526298407938,1.9140482800494216,4.190646284256201,-1.786405828905418,-4.03209652047346,-0.0006678881139584,37.84946765760722,23.564699278771386,53.32084823607714,29.756148957305754,185,ok
B0033,189,24,1.317605472474197,1.1610848192311252,first_n_median,113.48055289765313,normal,,0,02877.csv,2877,464,2875.641,3.368834125820871,1.9249905185886904,4.199787523647983,-1.7962891627935822,-4.030614948818057,0.0005610406942699,37.81892879614016,23.4486198816295,53.15804525272694,29.709425371097442,184,ok
B0033,190,24,1.3185279522072382,1.1610848192311252,first_n_median,113.56000271197864,normal,,0,02879.csv,2879,466,2860.7810000000027,3.3643721242108837,1.848326319700026,4.198644370031491,-1.8053146501565176,-4.030716672310753,-0.0004753781028849,37.98975162560657,23.65570667131447,53.44440984728841,29.788703175973943,183,ok
B0033,191,24,1.3215397269813982,1.1610848192311252,first_n_median,113.81939588673004,normal,,0,02881.csv,2881,468,2852.844,3.3599563575039135,1.7964863123561203,4.199051265280784,-1.8145360631140475,-4.029789852416358,-0.0008123367176012,38.110497566784815,23.552314519961094,53.71116793928585,30.158853419324757,182,ok
B0033,192,24,1.3046615372928705,1.1610848192311252,first_n_median,112.36573897821025,normal,,0,02883.csv,2883,470,2854.64,3.369660207276821,1.9550178000855185,4.198244533751371,-1.794060809034671,-4.030772474345855,0.0040223851748331,38.158711514227996,23.691188217801727,53.18757385880901,29.496385641007283,182,ok
B0033,193,24,1.3280324770208678,1.1610848192311252,first_n_median,114.3785927629556,normal,,0,02887.csv,2887,474,2897.844,3.3817276755972934,1.9991954704388997,4.159889361487179,-1.7532558725802958,-4.031537357097997,-0.0002722731045703,41.901714617344744,29.44423285279969,56.49572691828426,27.051494065484572,184,ok
B0033,194,24,1.3634549770713926,1.1610848192311252,first_n_median,117.42940347581823,normal,,0,02889.csv,2889,476,2896.063,3.379780519797374,1.982805388419431,4.195184914935837,-1.7969595693199287,-4.031834027940411,2.69533080444104e-05,40.72593783748325,27.528539695613013,55.32081069602003,27.79227100040702,184,ok
B0033,195,24,1.3291316747402466,1.1610848192311252,first_n_median,114.47326265280108,normal,,0,02891.csv,2891,478,2866.234,3.3656667993678133,1.80889512605386,4.199591464734624,-1.8148752451997945,-4.031562224810096,2.6371647019102723e-05,39.388005009279006,25.33196551218096,54.57622829352292,29.244262781341956,182,ok
B0033,196,24,1.3124201086917682,1.1610848192311252,first_n_median,113.03395643057826,normal,,0,02893.csv,2893,480,2836.609,3.3648038854052915,1.865543717364217,4.199771526762111,-1.813083056493043,-4.031762836798674,0.0001884313420921,38.64570917130626,24.268653896290385,54.008789265404765,29.74013536911438,180,ok
B0033,197,24,1.3152825503676355,1.1610848192311252,first_n_median,113.28048809032065,normal,,0,02895.csv,2895,482,2829.516,3.371817482414552,1.994367058308584,4.199637020490028,-1.8021170413093346,-4.030287733516317,0.0001226456193768,38.3036813037848,24.071663702754314,53.47500454222108,29.403340839466765,179,ok
B0034,1,24,0.7459302957645664,1.620729289277574,first_n_median,46.02436080470035,normal,,1,01805.csv,1805,0,1819.406,3.1178767585161347,2.170439265213917,3.854275360971105,-1.9933511025949644,-4.030785980473215,0.0003959882089035,38.9583698209689,23.6205145336092,51.86748080848415,28.246966274874953,190,ok
B0034,2,24,1.6623217152845853,1.620729289277574,first_n_median,102.56627842059612,normal,,0,01809.csv,1809,4,3260.531,3.3022762078952894,2.184438966859873,4.185182030297302,-1.9787478556297067,-4.033471908641544,0.0015052198075994,39.10734156415766,25.26783115804377,53.72590623785784,28.458075079814073,338,ok
B0034,3,24,1.645087369694532,1.620729289277574,first_n_median,101.5029086336692,normal,,0,01811.csv,1811,6,3265.75,3.3294991412960915,2.1716683590197,4.191235610410253,-1.9609699675983692,-4.031968315632961,-1.378445534852952e-05,39.20920805238827,25.492621628413,54.1404555915866,28.6478339631736,337,ok
B0034,4,24,1.620729289277574,1.620729289277574,first_n_median,100.0,normal,,0,01813.csv,1813,8,3264.109,3.3493830070987887,2.182463026326082,4.190305001839791,-1.9366251479989427,-4.0317411764982,0.0018710407859448,38.936075977838854,24.888926300510743,54.22868210799842,29.339755807487673,335,ok
B0034,5,24,1.5967402025126003,1.620729289277574,first_n_median,98.51985850297883,normal,,0,01815.csv,1815,10,3253.531,3.3541317530780055,2.0979416663773915,4.190367874669205,-1.9296993194196932,-4.029531376848962,0.000792482969363,38.60445981652459,24.5997983727117,54.17641516112459,29.57661678841289,332,ok
B0034,6,24,1.4856500618812698,1.620729289277574,first_n_median,91.6655280872653,normal,,0,01817.csv,1817,12,3242.578,3.369692035482086,2.177479814637099,4.18989933406868,-1.8861346839189572,-4.029542744670671,0.0001712865865251,37.79484872719341,23.786968470621996,54.09745559724325,30.31048712662125,329,ok
B0034,7,24,1.4866702197497013,1.620729289277574,first_n_median,91.72847245898616,normal,,0,01821.csv,1821,16,3234.625,3.3729072074215107,2.164719422934807,4.18599771136978,-1.878796746756769,-4.030634355507908,0.0012084341927066,37.65277428767197,23.81681118289736,54.03810589370243,30.22129471080507,326,ok
B0034,8,24,1.4701330958405268,1.620729289277574,first_n_median,90.70812168118624,normal,,0,01823.csv,1823,18,3235.36,3.376976361461993,2.1685179095920546,4.191866541196004,-1.8723916722187988,-4.030934330051056,0.000440619538828,37.91666092404816,23.763955948780502,54.56296443841966,30.79900848963916,325,ok
B0034,9,24,1.4565041801019636,1.620729289277574,first_n_median,89.8672091470123,normal,,0,01825.csv,1825,20,3236.125,3.3791099564139215,2.159913301643853,4.18853091556387,-1.8590598981345452,-4.029299173045088,0.0002018807102951,37.78228277348195,23.78945560140913,54.47381276284677,30.68435716143764,323,ok
B0034,10,24,1.4418961035576472,1.620729289277574,first_n_median,88.96588178525235,normal,,0,01827.csv,1827,22,3230.25,3.3845619896694177,2.188985459937614,4.188375692870302,-1.8455810936527006,-4.029734922442523,-0.0003743597023386,37.58309361555109,23.755059389108524,54.157190141377896,30.402130752269372,321,ok
B0034,11,24,1.4370949588970292,1.620729289277574,first_n_median,88.66964818890895,normal,,0,01829.csv,1829,24,3226.078,3.383128626739751,2.161327607707136,4.187976084521654,-1.8444812955511094,-4.0302542475084016,0.0004122029549612,37.550522561172464,23.69410330723514,54.45256615419595,30.75846284696081,319,ok
B0034,12,24,1.4458703624967404,1.620729289277574,first_n_median,89.21109602092923,normal,,0,01833.csv,1833,28,3224.5,3.386094893398142,2.140456418044363,4.185168395505227,-1.8435378224723704,-4.029309919201132,0.0006588552845539,37.681954258546924,23.891402870199254,54.20147817586685,30.3100753056676,317,ok
B0034,13,24,1.432104054561837,1.620729289277574,first_n_median,88.36170630322755,normal,,0,01835.csv,1835,30,3222.188,3.3916477322319585,2.170940246075281,4.187927929507927,-1.8296929439731453,-4.029842368131789,0.0002191747533731,37.440274736517715,23.91126508504341,53.81393710497776,29.90267201993435,315,ok
B0034,14,24,1.426720633302465,1.620729289277574,first_n_median,88.02954588044825,normal,,0,01837.csv,1837,32,3216.546000000002,3.3914152987340267,2.153155635587653,4.187886599518975,-1.8286913393639905,-4.029434761163406,-0.0002467649729571,37.402773880575964,23.856389614186234,53.84994246144553,29.993552847259295,313,ok
B0034,15,24,1.4230846885129826,1.620729289277574,first_n_median,87.80520583713954,normal,,0,01839.csv,1839,34,3211.859,3.3964131813944722,2.182519668385055,4.186569652343309,-1.8146752424570791,-4.029975280063268,0.0011705556453515,37.26498054251946,23.88579300006029,53.61278420241196,29.72699120235167,311,ok
B0034,16,24,1.4409479522418909,1.620729289277574,first_n_median,88.90738026238675,normal,,0,01841.csv,1841,36,3215.859,3.403051791482094,2.188496149834977,4.186557905906351,-1.8075203268976408,-4.030231906926906,-0.0002959061409268,37.570569601089254,24.17278887392313,53.35590902048553,29.1831201465624,310,ok
B0034,17,24,1.486901544051865,1.620729289277574,first_n_median,91.74274531156516,normal,,0,01845.csv,1845,40,3225.125,3.4002648970649156,2.100542699118501,4.184379902708746,-1.8262934110095792,-4.030240820244685,-0.0007798708776301,38.400250729227935,25.20244376336696,53.83102716771526,28.6285834043483,309,ok
B0034,18,24,1.5245313226850703,1.620729289277574,first_n_median,94.06452593724748,normal,,0,01847.csv,1847,42,3234.343,3.402154252869035,2.112961645498256,4.187835929449723,-1.8395285698527164,-4.029885277518154,0.0005093032998163,39.102942991019354,26.07537736702933,53.994059646351175,27.918682279321846,309,ok
B0034,19,24,1.4629049605190707,1.620729289277574,first_n_median,90.26214125933072,normal,,0,01849.csv,1849,44,3218.25,3.407206655670774,2.1659225933828385,4.187676357576053,-1.8047483945772262,-4.030097149456043,-0.000847804665056,37.80351021576893,24.96278744254723,53.39429065914855,28.43150321660132,306,ok
B0034,20,24,1.423079450854989,1.620729289277574,first_n_median,87.80488267040046,normal,,0,01851.csv,1851,46,3203.5,3.404574250610661,2.148786443036186,4.186173516948595,-1.7959916493195849,-4.02996569432633,0.0009245072505436,37.356060000664904,24.26600284958175,53.38470633939791,29.11870348981616,303,ok
B0034,21,24,1.4051040863603437,1.620729289277574,first_n_median,86.69579155854316,normal,,0,01853.csv,1853,48,3194.39,3.4067467727915552,2.176304604588501,4.183451670510337,-1.781271140675487,-4.0298811337146,-0.000794744491181,37.06076524279572,23.967397296313447,53.12872869294344,29.161331396629993,301,ok
B0034,22,24,1.6329463925070862,1.620729289277574,first_n_median,100.75380282878444,normal,,0,01857.csv,1857,52,3225.219,3.327594909243545,2.11932965334224,4.171109136894672,-1.9422323790824172,-4.030453302813839,0.0002069060341666,39.94613025797719,25.94194242418557,55.80847324293826,29.866530818752693,301,ok
B0034,23,24,1.5687138208259117,1.620729289277574,first_n_median,96.79061341114851,normal,,0,01861.csv,1861,56,3252.985,3.387012528508769,2.1509974200024624,4.183529138373987,-1.8688152377047642,-4.030924782950583,0.0077518991191248,38.718351533776065,24.878675048008976,55.579127556921776,30.7004525089128,302,ok
B0034,24,24,1.5149520966053402,1.620729289277574,first_n_median,93.47348176083231,normal,,0,01863.csv,1863,58,3245.25,3.3938481398345894,2.1142806141482584,4.188330656095053,-1.8406021933680257,-4.030804599251528,0.0016138509377502,38.131331549186825,24.035500904263305,55.5590605953301,31.523559691066797,300,ok
B0034,25,24,1.4855182940634626,1.620729289277574,first_n_median,91.6573979313732,normal,,0,01865.csv,1865,60,3235.031,3.4020764335853744,2.1801548663736754,4.186643866753638,-1.8125906145533157,-4.029122762673436,0.0092071637848371,37.90482918212311,23.87898230327721,55.43438713431678,31.55540483103957,298,ok
B0034,26,24,1.480771929049074,1.620729289277574,first_n_median,91.36454427309788,normal,,0,01867.csv,1867,62,3228.141,3.400466282848084,2.109657199964041,4.187573632919629,-1.8110391962814834,-4.031180461653834,0.0018007448672871,38.06681078125698,23.895338331970752,55.91432751133226,32.01898917936151,296,ok
B0034,27,24,1.484026357317059,1.620729289277574,first_n_median,91.56534451096093,normal,,0,01869.csv,1869,64,3217.875,3.4030809584663944,2.1306422513355594,4.187294591248425,-1.8097841749979178,-4.029200659426091,0.0013966005260102,38.24251669378549,24.088396057852904,55.78439633575717,31.696000277904268,294,ok
B0034,28,24,1.4922153055506522,1.620729289277574,first_n_median,92.07060768401332,normal,,0,01873.csv,1873,68,3220.219,3.4070525055582563,2.1787867991793117,4.183701675158018,-1.8021093934434649,-4.029558842148895,0.0015349291811905,38.56098530062726,24.59952870388799,55.819046085150106,31.219517381262115,293,ok
B0034,29,24,1.473312924099279,1.620729289277574,first_n_median,90.90431905231968,normal,,0,01875.csv,1875,70,3210.234,3.4060276994838254,2.1208148015326507,4.187348905123759,-1.800815649461131,-4.030202721256365,0.0012019585661013,38.38922286871294,24.44665229230036,55.81813101636483,31.37147872406447,291,ok
B0034,30,24,1.441593178980006,1.620729289277574,first_n_median,88.94719115137258,normal,,0,01877.csv,1877,72,3210.546,3.408174888188947,2.1326343880232206,4.186484904879302,-1.7788779160462762,-4.029145604132163,0.0021805105234386,37.90831705954933,23.9305444060256,55.50852980614408,31.577985400118482,290,ok
B0034,31,24,1.4225873198015788,1.620729289277574,first_n_median,87.77451787989126,normal,,0,01879.csv,1879,74,3200.969,3.405126191511401,2.080806437045425,4.1865382627627215,-1.7776506180150589,-4.029781810783222,0.0026354607172676,37.78900459955153,23.58710381562971,55.810474269938815,32.223370454309105,288,ok
B0034,32,24,1.4266489379486664,1.620729289277574,first_n_median,88.02512223275627,normal,,0,01881.csv,1881,76,3188.625,3.409764436063523,2.153621018125857,4.187164525329423,-1.7757913058945813,-4.02948709506646,0.0032105483742513,37.868460669545925,23.74742029854323,55.5580463265768,31.81062602803357,286,ok
B0034,33,24,1.4596775560238575,1.620729289277574,first_n_median,90.0630084049691,normal,,0,01885.csv,1885,80,3191.735,3.410480218060336,2.16386574936286,4.185560165483177,-1.781934305037178,-4.029440202415485,0.0035777890364691,38.32719437027863,24.23819721668537,55.7456104997617,31.507413283076332,285,ok
B0034,34,24,1.4396159938545154,1.620729289277574,first_n_median,88.82519760571562,normal,,0,01887.csv,1887,82,3190.313,3.4102489283524573,2.110862355108561,4.187111715287616,-1.7740392922449235,-4.029706632370836,0.003273882745326,38.222749634083,24.181214445850472,55.88273287086187,31.7015184250114,284,ok
B0034,35,24,1.4195512657848512,1.620729289277574,first_n_median,87.58719146845331,normal,,0,01889.csv,1889,84,3182.156,3.414435733868323,2.188936134619456,4.187953553733828,-1.758159329896538,-4.028819839160079,0.0022661854147259,37.708662488006475,23.726559353782505,55.52091947034592,31.794360116563418,282,ok
B0034,36,24,1.4118101714470452,1.620729289277574,first_n_median,87.1095611578876,normal,,0,01891.csv,1891,86,3180.156,3.408669177651725,2.076995222056859,4.186573417418747,-1.764462484778239,-4.030420227631053,0.0023926972642869,37.8703638417689,23.648177442106743,56.03798112972515,32.38980368761841,281,ok
B0034,37,24,1.4044196701845313,1.620729289277574,first_n_median,86.65356265700234,normal,,0,01893.csv,1893,88,3171.953,3.4118322352896917,2.138330613016186,4.187350410759027,-1.7624729823299456,-4.0299718848239205,0.002772341179092,37.83489284744581,23.69135775675516,55.7872631992585,32.09590544250334,279,ok
B0034,38,24,1.4735059098606866,1.620729289277574,first_n_median,90.91622639321147,normal,,0,01897.csv,1897,92,3192.172,3.412313772481234,2.163289759388807,4.18502843595743,-1.7852228610575493,-4.029529486082554,0.0014464038221226,39.269306296372,25.32908222546193,56.29505678813318,30.96597456267125,280,ok
B0034,39,24,1.492658600645149,1.620729289277574,first_n_median,92.09795926563952,normal,,0,01899.csv,1899,94,3194.735,3.4055246588869954,2.011759892668098,4.186257969039418,-1.806117173524204,-4.029713711390202,0.0007416018320286,40.1506450904851,26.070815185624948,57.203641711448896,31.132826525823948,279,ok
B0034,40,24,1.4820260149945934,1.620729289277574,first_n_median,91.44192215192172,normal,,0,01901.csv,1901,96,3178.75,3.412772999015033,2.162343975515107,4.186398813067427,-1.7898966673086716,-4.029290691786796,0.0043151690787858,39.44313364004617,25.981415328866547,56.48442346523092,30.50300813636437,277,ok
B0034,41,24,1.423575357658995,1.620729289277574,first_n_median,87.8354804270577,normal,,0,01903.csv,1903,98,3165.359,3.4159307513752806,2.1921995805381784,4.185933256660042,-1.7588595515353411,-4.029022667107852,0.0025134328913695,38.29706396735563,24.453681426245662,55.71155596776208,31.25787454151642,275,ok
B0034,42,24,1.403825219724535,1.620729289277574,first_n_median,86.61688469579505,normal,,0,01905.csv,1905,100,3155.25,3.414462463305671,2.16034888083278,4.187334986366342,-1.7569483309674612,-4.028805365009421,0.0019647285616452,38.00009263186772,23.948796481551096,55.725184853786985,31.77638837223589,273,ok
B0034,43,24,1.5363173478836123,1.620729289277574,first_n_median,94.79173098478478,normal,,0,01909.csv,1909,104,3173.766,3.3922002422487143,2.165521364045302,4.176473851854755,-1.8535542744661238,-4.029740881630216,0.0014215255618606,39.66453202372922,25.30964655368589,56.68734909187956,31.37770253819367,274,ok
B0034,44,24,1.5440367168176732,1.620729289277574,first_n_median,95.26802082449647,normal,,0,01913.csv,1913,108,3199.485,3.3972119520639095,2.0714906018792005,4.186547012412841,-1.8469058434531274,-4.029196217915029,0.0069278895267026,40.503647950320534,26.320500253494163,57.523569542125074,31.20306928863091,275,ok
B0034,45,24,1.507892155360249,1.620729289277574,first_n_median,93.0378790175612,normal,,0,01915.csv,1915,110,3196.015,3.4077342186972084,2.160000438530016,4.186836439169428,-1.809719941535708,-4.029145491224896,0.0013066539770738,39.602225792574906,25.813463506700813,56.64647124225468,30.833007735553863,274,ok
B0034,46,24,1.8203060058691087,1.620729289277574,first_n_median,112.31400690490972,normal,,0,01917.csv,1917,112,3595.281,3.305027554247319,2.07023691471502,4.267804722238553,-1.951674467634044,-4.031177810117895,-0.0007573629710346,43.00893271743553,27.492078726346985,61.22071154968515,33.72863282333816,308,ok
B0034,47,24,1.5936575758226643,1.620729289277574,first_n_median,98.32965852878634,normal,,0,01921.csv,1921,116,3198.0,3.3502911943233946,2.051324967440629,4.183147061073988,-1.920877053556143,-4.031361471284143,-0.0006195680264069,40.64495633031262,25.863505806925243,58.28488787096781,32.42138206404256,273,ok
B0034,48,24,1.533070464968097,1.620729289277574,first_n_median,94.59139629983795,normal,,0,01923.csv,1923,118,3183.516,3.378826251452736,2.126099692893142,4.186094144264648,-1.8756315967870998,-4.030853452091916,0.0002504953623738,39.63966215341089,24.86563259253257,57.592019665372526,32.726387072839955,271,ok
B0034,49,24,1.4862143093107285,1.620729289277574,first_n_median,91.7003425027998,normal,,0,01925.csv,1925,120,3183.797,3.3905180732853615,2.1895562891910765,4.1869069503681295,-1.837523884399117,-4.030490983913811,0.0017152482598011,39.16680148065847,24.50767925297907,57.28443182001311,32.77675256703404,270,ok
B0034,50,24,1.5029318848267783,1.620729289277574,first_n_median,92.73182725640116,normal,,0,01927.csv,1927,122,3191.516,3.387526907959532,2.074340759266504,4.185562043793452,-1.8376918380374707,-4.031249179709422,0.0018221767622858,39.82254974386062,24.90487757765792,57.87208806126728,32.96721048360936,270,ok
B0034,51,24,1.5202185406928062,1.620729289277574,first_n_median,93.79842461972352,normal,,0,01929.csv,1929,124,3189.985,3.3911818711119515,2.1265733975652816,4.186540363518264,-1.8447319494358396,-4.030674776051926,0.0026883098926745,40.67552783597674,26.165502867251245,58.01475740778219,31.849254540530946,269,ok
B0034,52,24,1.5118194735004464,1.620729289277574,first_n_median,93.28019697690088,normal,,0,01933.csv,1933,128,3189.734,3.390835631837091,2.062739747604538,4.182887718757515,-1.8363552560101446,-4.032090463706321,0.002423109346653,40.582538417129676,26.434837838562657,58.312052179468594,31.877214340905937,268,ok
B0034,53,24,1.464601301820905,1.620729289277574,first_n_median,90.3668065672916,normal,,0,01935.csv,1935,130,3176.016,3.396934021472626,2.1030377322448675,4.183577669537621,-1.804847667473282,-4.031760335593384,0.001233836454666,39.684346755235566,25.237731252945544,57.74556007237976,32.507828819434216,266,ok
B0034,54,24,1.4546140961511749,1.620729289277574,first_n_median,89.75058979772966,normal,,0,01937.csv,1937,132,3171.36,3.3994906529891593,2.1244761059896846,4.186336344550888,-1.7965264889900276,-4.030702202371792,0.0015573133323275,39.47995207463314,25.00928434925411,57.59063118746153,32.58134683820742,265,ok
B0034,55,24,1.4333400490204142,1.620729289277574,first_n_median,88.43796792611263,normal,,0,01939.csv,1939,134,3170.843,3.3981483429417363,2.0601307559265187,4.184762302875813,-1.7880255809187031,-4.030830787176179,0.0001083350557118,39.48992781243277,24.86229074949996,57.76023731619168,32.897946566691715,264,ok
B0034,56,24,1.449326234639616,1.620729289277574,first_n_median,89.42432547051955,normal,,0,01941.csv,1941,136,3164.672,3.3988819411159534,2.066307670696809,4.185022396532557,-1.7944904482925368,-4.030375180809054,0.0011304715634254,39.852310270589804,25.247118919096376,57.84385498440773,32.59673606531135,263,ok
B0034,57,24,1.495199821798908,1.620729289277574,first_n_median,92.25475418324676,normal,,0,01945.csv,1945,140,3177.453,3.3979295593430394,2.063118102136468,4.183906394520297,-1.8100461507144519,-4.031301873680901,-0.0009828799985898,40.873690307547484,26.38591994823214,58.50818415025991,32.122264202027765,263,ok
B0034,58,24,1.4720590241846008,1.620729289277574,first_n_median,90.82695265171388,normal,,0,01947.csv,1947,142,3172.375,3.3987236708202504,2.015578277968309,4.18478065365082,-1.8015738065563547,-4.030996805872695,0.0002298309157088,40.55984735939729,26.519533331724425,58.39804679399696,31.878513462272537,262,ok
B0034,59,24,1.4097383014648728,1.620729289277574,first_n_median,86.98172549798564,normal,,0,01949.csv,1949,144,3158.406,3.4080267118315732,2.1825208655708157,4.184572904357356,-1.7534517505866212,-4.0309191249132565,0.0006099706214633,38.988662122088876,24.70011610941673,57.19671566450291,32.49659955508618,260,ok
B0034,60,24,1.3861944181384176,1.620729289277574,first_n_median,85.52905332859763,normal,,0,01951.csv,1951,146,3141.578,3.407631378055527,2.177635067318021,4.186221928288161,-1.7513221260920175,-4.030301776910108,0.0009541085502518,38.71511147644418,24.28294354559445,57.09358220904711,32.810638663452664,258,ok
B0034,61,24,1.3624125407550536,1.620729289277574,first_n_median,84.06169677863582,normal,,0,01953.csv,1953,148,3138.187,3.407885887358127,2.167549772117144,4.185645972879193,-1.7425277851045473,-4.032926354694966,-0.0001367770439569,38.511498511820214,24.03220467889417,57.056434523826645,33.02422984493248,257,ok
B0034,62,24,1.4471377445077278,1.620729289277574,first_n_median,89.28929427521958,normal,,0,01957.csv,1957,152,3157.969,3.4003875411941866,2.0235981843621835,4.184966155089575,-1.7826705089192836,-4.030419099923807,0.0007842316136241,40.112479285456395,25.38960807118112,57.99096942950453,32.601361358323416,258,ok
B0034,63,24,1.4554483390450048,1.620729289277574,first_n_median,89.8020631004798,normal,,0,01959.csv,1959,154,3159.281,3.4076622967245975,2.184010507272112,4.181330176160959,-1.7740815054978625,-4.031508370151624,0.0013241893499252,40.84012758949483,26.542766505120174,58.16328313862759,31.620516633507417,257,ok
B0034,64,24,1.4423952167302958,1.620729289277574,first_n_median,88.99667737683885,normal,,0,01961.csv,1961,156,3150.375,3.4032529056881784,2.0392577121107047,4.186951481965634,-1.7809841749397886,-4.030927087953748,-0.0003952233410601,40.348969230016365,26.31336016927672,58.29542391419101,31.982063744914292,256,ok
B0034,65,24,1.377541945989605,1.620729289277574,first_n_median,84.99519044316355,normal,,0,01963.csv,1963,158,3134.078,3.406174357529073,2.0999808615526177,4.1857251578423,-1.747182095051256,-4.030689142794633,0.0004669539506793,38.95729074496056,24.522516405936003,57.375182540416354,32.85266613448035,254,ok
B0034,66,24,1.3539935892900532,1.620729289277574,first_n_median,83.54224226388752,normal,,0,01965.csv,1965,160,3129.797,3.4049736944362246,2.063136946201327,4.18361645238679,-1.73814436809975,-4.030890080533704,0.000404425070258,38.73711200799833,24.159247368089208,57.42041259082052,33.26116522273131,253,ok
B0034,67,24,1.5509038861664448,1.620729289277574,first_n_median,95.69172942248404,normal,,0,01969.csv,1969,164,3161.89,3.3580774287935817,2.120762756881349,4.17325067272426,-1.8824146171130414,-4.031115880527916,0.0012788914489122,40.231060876384255,24.8612656938652,57.71520595046742,32.85394025660222,255,ok
B0034,68,24,1.5562932697752867,1.620729289277574,first_n_median,96.02425772591492,normal,,0,01973.csv,1973,168,3196.859,3.38250056099739,2.19170788700899,4.184028931910909,-1.8524024614367005,-4.031336520715659,-0.0001740371244319,40.929553501935686,26.211618143788463,58.17136403259683,31.959745888808364,257,ok
B0034,69,24,1.5067526605064707,1.620729289277574,first_n_median,92.96757148000285,normal,,0,01975.csv,1975,170,3171.906,3.390086865994553,2.1203887966971293,4.185455613390746,-1.826530681368946,-4.031483697642067,0.0006646404810077,39.993709319022244,25.616990124167888,57.753084428922655,32.136094304754764,254,ok
B0034,70,24,1.444138733302766,1.620729289277574,first_n_median,89.10425342818839,normal,,0,01977.csv,1977,172,3160.842999999993,3.392978809154906,2.0630039985317543,4.183582231077479,-1.7929643530908497,-4.030940436431335,0.0018050189062082,39.1022619385273,24.43317412120245,57.5103657978898,33.07719167668735,252,ok
B0034,71,24,1.4144103811292437,1.620729289277574,first_n_median,87.26999570419962,normal,,0,01979.csv,1979,174,3147.141,3.400527096110287,2.1811524820912926,4.1831604654402685,-1.7679531131415924,-4.0314913055403885,0.0019812169597072,38.637036104045876,24.01694812582096,56.86348453612092,32.84653641029996,251,ok
B0034,72,24,1.3897574212362729,1.620729289277574,first_n_median,85.74889282439915,normal,,0,01981.csv,1981,176,3141.203,3.4009920061492966,2.155432405052415,4.184589576893444,-1.758494914822024,-4.03046907957885,0.0146311694909085,38.457946337552535,23.76449388619055,56.97607576818629,33.21158188199574,250,ok
B0034,73,24,1.449968311475299,1.620729289277574,first_n_median,89.46394200857627,normal,,0,01985.csv,1985,180,3151.047,3.395963139634734,2.0671609840346776,4.1839152437949645,-1.791362432884086,-4.030848804967881,-0.0002489305736548,39.988534225003114,25.126150529911,57.956995411354825,32.830844881443824,250,ok
B0034,74,24,1.4678653068012166,1.620729289277574,first_n_median,90.5681976942309,normal,,0,01987.csv,1987,182,3159.172,3.399629787670528,2.1233368877812127,4.184717109573573,-1.7913224989214864,-4.032550539055774,0.0017035076717763,40.84025138634754,26.33782978068625,58.3663921180059,32.02856233731965,250,ok
B0034,75,24,1.4290644310445066,1.620729289277574,first_n_median,88.17415965139371,normal,,0,01989.csv,1989,184,3141.047,3.3983167205445777,2.032509026773449,4.184251380689682,-1.7734088198098006,-4.03311369700898,7.260499407977222e-05,39.64173378499159,25.148680870013376,57.883249801186295,32.734568931172916,248,ok
B0034,76,24,1.376744834668327,1.620729289277574,first_n_median,84.9460081814156,normal,,0,01991.csv,1991,186,3135.0310000000027,3.398539512076107,2.010095847748964,4.182749347441237,-1.7476951824023108,-4.031189054300734,0.0018931841045314,38.82196729294636,24.01574907362869,57.62604602919208,33.61029695556339,247,ok
B0034,77,24,1.3515813262521057,1.620729289277574,first_n_median,83.39340414182071,normal,,0,01993.csv,1993,188,3117.984,3.4065465230061798,2.1845053475658918,4.182152014334447,-1.7290779932589337,-4.031129358826585,0.0010066000987554,38.27601981086532,23.678020825543207,56.803768142247485,33.12574731670428,245,ok
B0034,78,24,1.353993472828928,1.620729289277574,first_n_median,83.54223507816403,normal,,0,01997.csv,1997,192,3125.328,3.4067781130872956,2.1991319506434475,4.183323525954108,-1.72909022193074,-4.031338830626604,0.0011354193755573,38.30615482092432,23.472541130716568,56.88027382398077,33.40773269326421,245,ok
B0034,79,24,1.3577165116893766,1.620729289277574,first_n_median,83.77194887954218,normal,,0,01999.csv,1999,194,3120.172,3.4044214192090116,2.1256164107912863,4.18535045289718,-1.7360856942372698,-4.03103413513416,0.001154777599894,38.50347850214561,23.74537741226268,57.11228470728586,33.36690729502318,244,ok
B0034,80,24,1.334169315351027,1.620729289277574,first_n_median,82.31907229527032,normal,,0,02001.csv,2001,196,3116.641,3.4020136665550305,2.059592858883293,4.182766239696235,-1.7266849618679287,-4.030805323363095,0.0013806992719649,38.25735173096823,23.344185929602297,57.23777746505438,33.89359153545208,243,ok
B0034,81,24,1.3372147888783987,1.620729289277574,first_n_median,82.5069798963435,normal,,0,02003.csv,2003,198,3110.844,3.408929572366065,2.196715966153447,4.181823483700895,-1.7171675465127403,-4.03117795823907,0.0013891789726567,38.29433048905591,23.58283501183717,56.79550408983589,33.21266907799872,242,ok
B0034,82,24,1.339045224276927,1.620729289277574,first_n_median,82.61991889304319,normal,,0,02005.csv,2005,200,3101.406,3.407512024075691,2.179169443366329,4.1857303262234575,-1.7243425380133646,-4.031972732432733,0.0011128765557092,38.19006452807094,23.456477601865824,56.74357378980126,33.28709618793543,241,ok
B0034,83,24,1.3439244604756322,1.620729289277574,first_n_median,82.92097078560694,normal,,0,02009.csv,2009,204,3099.563,3.4012246723873063,2.0729178734316847,4.180937577273335,-1.7314023398283604,-4.031005726868246,0.0009343179831969,38.32673773585545,23.39396422716183,57.1850535860252,33.79108935886337,240,ok
B0034,84,24,1.3454786192090245,1.620729289277574,first_n_median,83.01686334111726,normal,,0,02011.csv,2011,206,3104.64,3.4019343263921806,2.058553622170445,4.185670680684665,-1.7315370302816349,-4.031139103540076,0.0011101596079035,38.326112920062165,23.39996123171042,57.13163600499266,33.731674773282236,240,ok
B0034,85,24,1.3482263029682544,1.620729289277574,first_n_median,83.186397129234,normal,,0,02013.csv,2013,208,3099.875,3.4080993396118826,2.1859283824053053,4.184780807786567,-1.7217927604432464,-4.030804616834862,0.0062758414715402,38.2504483640825,23.6086778568682,56.68621589748299,33.07753804061478,239,ok
B0034,86,24,1.3373192299576058,1.620729289277574,first_n_median,82.51342397555511,normal,,0,02015.csv,2015,210,3093.25,3.4012585484878985,2.047929270109934,4.184776951807234,-1.728989688622418,-4.031692434428726,0.0010934428723549,38.25522153140731,23.276456947851614,57.14457415944487,33.86811721159326,238,ok
B0034,87,24,1.3402523341553034,1.620729289277574,first_n_median,82.69439831945712,normal,,0,02017.csv,2017,212,3086.688,3.400118948427692,2.0282334120244614,4.184920385211051,-1.7363791085179334,-4.031825763441962,-0.0002687342222298,38.4827926779255,23.49685572481665,57.28985408720813,33.79299836239147,237,ok
B0034,88,24,1.329096568237912,1.620729289277574,first_n_median,82.00608065954957,normal,,0,02021.csv,2021,216,3094.281,3.4044380735101045,2.128944717359417,4.181326694340018,-1.7191649059489624,-4.0305186641831545,0.0034678236592646,38.208311929566015,23.29711680803585,56.90074118043176,33.60362437239591,237,ok
B0034,89,24,1.3323485655766352,1.620729289277574,first_n_median,82.20673090757296,normal,,0,02023.csv,2023,218,3088.328,3.4027761465827293,2.080780257241255,4.184466822637345,-1.7265467227383982,-4.031628581091327,0.0016669359763762,38.37963443029051,23.401728136234176,57.126183132620525,33.72445499638635,236,ok
B0034,90,24,1.3501541310555516,1.620729289277574,first_n_median,83.30534531509399,normal,,0,02025.csv,2025,220,3095.687,3.407661438923026,2.18178697368346,4.185698992912854,-1.726628901233422,-4.0312424408295175,0.0026485048966212,38.847888287026734,23.983632918812404,57.09006956503022,33.106436646217816,236,ok
B0034,91,24,1.381523441054128,1.620729289277574,first_n_median,85.24085115225691,normal,,0,02027.csv,2027,222,3102.062,3.406219322901771,2.1600430451609207,4.188177492671976,-1.7439767424511525,-4.031736173757563,0.0013378449788513,39.55793696996327,24.79113634686574,57.56129571557157,32.770159368705826,236,ok
B0034,92,24,1.3835971952817807,1.620729289277574,first_n_median,85.3688030712709,normal,,0,02029.csv,2029,224,3107.141,3.403483836522725,2.0578741386350488,4.181899265811891,-1.7438949547598264,-4.03159610294282,0.0010649532583859,39.995989656775905,25.6128390117907,58.12885115554352,32.51601214375282,236,ok
B0034,93,24,1.33011618620809,1.620729289277574,first_n_median,82.06899171921411,normal,,0,02033.csv,2033,228,3090.719,3.401643655881062,2.0545776989805837,4.180083219210065,-1.7239330841004026,-4.031093567396651,0.0059369355182463,38.637111363644244,23.785855051860043,57.35750604508094,33.5716509932209,234,ok
B0034,94,24,1.3176982121703231,1.620729289277574,first_n_median,81.30279503726841,normal,,0,02035.csv,2035,230,3069.812,3.401100143150002,2.0610721424538947,4.1821779958572005,-1.7215733668196036,-4.031192505233378,0.0003390728794783,38.17458507378806,23.1569815322644,57.07647448385972,33.919492951595316,232,ok
B0034,95,24,1.3063657719651272,1.620729289277574,first_n_median,80.60357646448337,normal,,0,02037.csv,2037,232,3064.437,3.406245698013471,2.1769630360366774,4.1841115419161925,-1.7115169207570662,-4.030588508612238,0.0011136677193194,37.84309122903104,22.908599756234555,56.56265009891403,33.65405034267947,231,ok
B0034,96,24,1.3381567383793782,1.620729289277574,first_n_median,82.5650987633999,normal,,0,02039.csv,2039,234,3083.25,3.404609654515602,2.123117073996824,4.182953933920961,-1.7218255733894667,-4.031702600821983,0.0012646505805006,38.7849806497393,23.68472050512781,57.16856231635899,33.48384181123117,232,ok
B0034,97,24,1.3563258092165067,1.620729289277574,first_n_median,83.68614167644722,normal,,0,02041.csv,2041,236,3076.484,3.3978374456616303,1.992728560786441,4.185231964742196,-1.7464028089407726,-4.031682841427148,0.0015946623938485,39.47058624854092,24.22073602275369,57.902838661735686,33.682102638981995,231,ok
B0034,98,24,1.3648997529550058,1.620729289277574,first_n_median,84.21515931037428,normal,,0,02045.csv,2045,240,3081.297,3.3958647763622594,1.9677573642714887,4.183603781291225,-1.7536342273893653,-4.03092026898644,0.000102227635361,39.61654428235802,24.762876860329897,58.11517890209301,33.35230204176311,230,ok
B0034,99,24,1.3337639975535058,1.620729289277574,first_n_median,82.29406393636654,normal,,0,02047.csv,2047,242,3065.953,3.4029256137765205,2.12435243753564,4.1847480185320505,-1.726531730710585,-4.031386898885472,1.4190786375877196e-05,38.42381623938057,23.61904245521269,56.98035659049231,33.36131413527963,229,ok
B0034,100,24,1.3060123668658763,1.620729289277574,first_n_median,80.58177115118465,normal,,0,02049.csv,2049,244,3055.828,3.4052852363977686,2.1817137827751827,4.18481289618272,-1.7162971244779048,-4.031919192937977,0.0042214131704376,38.11461669687029,23.139606352661183,56.67208442551173,33.532478072850544,228,ok
B0034,101,24,1.3101868361375808,1.620729289277574,first_n_median,80.83933848826692,normal,,0,02051.csv,2051,246,3051.468,3.4007629589889867,2.087539695609617,4.182816385597531,-1.7241037426046357,-4.031463869357844,-0.0002054587509037,38.33391837467718,23.227905756844947,57.04472631715234,33.81682056030739,227,ok
B0034,102,24,1.3567668941696105,1.620729289277574,first_n_median,83.71335689098194,normal,,0,02053.csv,2053,248,3069.0,3.4011297944340977,2.068960188840925,4.182086976575588,-1.734239204579505,-4.031164018221237,0.0024620812789465,39.42514383600653,24.36549586778333,57.64730160708694,33.28180573930361,228,ok
B0034,103,24,1.3916857433587717,1.620729289277574,first_n_median,85.86787149253676,normal,,0,02057.csv,2057,252,3079.235,3.3993314164333626,2.059628573127648,4.181559459677035,-1.7519633999941742,-4.031125638208525,0.0005944525944014,40.315066740163225,25.426031784942506,58.29336025761747,32.86732847267497,228,ok
B0034,104,24,1.3629935079344777,1.620729289277574,first_n_median,84.09754281308881,normal,,0,02059.csv,2059,254,3070.344,3.3981521617785853,1.9953872570984856,4.182529313505233,-1.741661014368029,-4.03058191664693,0.0006963918211712,39.53448316157278,24.759695537233807,57.95445943311949,33.194763895885686,227,ok
B0034,105,24,1.3211711973900628,1.620729289277574,first_n_median,81.51708037429023,normal,,0,02061.csv,2061,256,3051.4839999999967,3.4035091903916523,2.1529421051579973,4.184076900714323,-1.7213520368201807,-4.030694821958155,0.0007119561611779,38.37203224972586,23.5538506722797,56.91514213395795,33.36129146167825,225,ok
B0034,106,24,1.3074869015593356,1.620729289277574,first_n_median,80.67275085416247,normal,,0,02063.csv,2063,258,3054.812,3.3990218794534157,2.0405401202035574,4.184435637134828,-1.7213249052728743,-4.031009817979993,0.0020566252105106,38.3101923015924,23.15733332811672,57.19634917626827,34.03901584815155,225,ok
B0034,107,24,1.3105881895483489,1.620729289277574,first_n_median,80.864102242055,normal,,0,02065.csv,2065,260,3046.532,3.4057934055092884,2.197033181830859,4.182198079486951,-1.7112135934528914,-4.031095809579006,0.0012203049914854,38.27774779605142,23.32029692884593,56.74944920850043,33.4291522796545,224,ok
B0034,108,24,1.376312668196664,1.620729289277574,first_n_median,84.91934324270424,normal,,0,02069.csv,2069,264,3071.782,3.3956244120578263,1.9756647286286777,4.18257252176705,-1.7569109821992535,-4.03243604396475,0.0003728726761709,40.334191485925615,25.493869536085327,58.60834889757344,33.114479361488115,225,ok
B0034,109,24,1.391764929132287,1.620729289277574,first_n_median,85.87275730376011,normal,,0,02071.csv,2071,266,3074.532,3.400151892919731,2.083403258487322,4.184144535847567,-1.7574723585820047,-4.0311681176814105,-0.0008283772149644,40.79229920392578,26.140582124289093,58.69313490028398,32.55255277599488,225,ok
B0034,110,24,1.3649746353453525,1.620729289277574,first_n_median,84.21977960019332,normal,,0,02073.csv,2073,268,3053.656,3.395401002342427,1.9776004444482065,4.183745596310435,-1.754566898095876,-4.032104651105574,0.0013465670361033,39.99900717802978,25.236639467278017,58.287617732907975,33.05097826562996,223,ok
B0034,111,24,1.3219093937291897,1.620729289277574,first_n_median,81.56262754518488,normal,,0,02075.csv,2075,270,3031.953,3.3978188140801495,2.064842829300876,4.182564922322223,-1.7345909430155575,-4.031108958105936,0.0025558473834459,38.793911542282345,23.815588368305107,57.38456939785952,33.568981029554415,221,ok
B0034,112,24,1.3090033888073913,1.620729289277574,first_n_median,80.7663190557177,normal,,0,02077.csv,2077,272,3023.5,3.392562018908607,1.966575784508242,4.184886457411625,-1.7419815147499944,-4.031562836873329,-0.0007536815005631,38.67005005769116,23.39868713351051,57.58115209169171,34.1824649581812,220,ok
B0034,113,24,1.3327005721973733,1.620729289277574,first_n_median,82.2284499338821,normal,,0,02081.csv,2081,276,3042.703,3.4017204105726306,2.1711822809863026,4.182256888930097,-1.7240295509078702,-4.03093916292613,0.0008522774553233,38.826649526191886,23.541409033500173,57.13289738293001,33.59148834942984,220,ok
B0034,114,24,1.7423975189669398,1.620729289277574,first_n_median,107.5070050559522,normal,,0,02083.csv,2083,278,4424.203,3.483606791060758,2.069253006874651,4.444767752853825,-1.5139109254949328,-4.031271454898872,0.0001730030754003,40.05350414099234,27.19642353763937,61.43732341776916,34.24089988012979,320,ok
B0034,115,24,1.37734756281946,1.620729289277574,first_n_median,84.98319688128798,normal,,0,02087.csv,2087,282,3066.766,3.4027541068274787,2.1429326564674485,4.182008963324631,-1.7448643036753848,-4.031083297465372,-0.0001183641265615,39.89751111071057,25.38698510964008,57.73883179659806,32.351846686957984,222,ok
B0034,116,24,1.34875988767775,1.620729289277574,first_n_median,83.21931963597376,normal,,0,02089.csv,2089,284,3046.125,3.399518032588874,2.066165629002469,4.183084128990252,-1.7422768724138988,-4.030963240325162,0.0014922973901564,39.197243061406944,24.44989369954168,57.386080612263264,32.93618691272158,220,ok
B0034,117,24,1.3501504559881146,1.620729289277574,first_n_median,83.30511856115912,normal,,0,02091.csv,2091,286,3033.625,3.4048948132853294,2.1996082620797504,4.183718969246597,-1.731761904660173,-4.031380713903483,0.0004034421702229,38.90698912730004,24.22534035257945,56.89633685865634,32.67099650607689,219,ok
B0034,118,24,1.3387814875085953,1.620729289277574,first_n_median,82.60364617124588,normal,,0,02093.csv,2093,288,3028.562,3.3989458032986057,2.0698222657269465,4.184086373500983,-1.7394457190997812,-4.0308516181486045,0.0025707885124276,38.91493347992841,24.023029688289228,57.238769179765264,33.215739491476036,218,ok
B0034,119,24,1.3253371210402685,1.620729289277574,first_n_median,81.77412044123827,normal,,0,02095.csv,2095,290,3020.984,3.402552549263599,2.1637591808058576,4.180084668986179,-1.7291852801439969,-4.030838932270787,-0.0008015260124667,38.753372299612906,23.95603789933229,56.92287178370967,32.96683388437738,217,ok
B0034,120,24,1.3308160596334049,1.620729289277574,first_n_median,82.11217434261367,normal,,0,02099.csv,2099,294,3017.391,3.3917372089469744,1.96657603413028,4.182272685375916,-1.7552053099717762,-4.030667531854442,-0.0001784030931222,39.091854428154555,23.932184060717763,57.63060311370659,33.698419052988825,216,ok
B0034,121,24,1.333083376618503,1.620729289277574,first_n_median,82.25206920353205,normal,,0,02101.csv,2101,296,3022.14,3.399163910018903,2.0993400599564533,4.183571382297645,-1.737147942355728,-4.031261774539943,0.0001480784536688,38.79791433490267,23.91270646251569,57.01462861282404,33.101922150308354,216,ok
B0034,122,24,1.3333226534895923,1.620729289277574,first_n_median,82.26683273453455,normal,,0,02103.csv,2103,298,3009.016,3.396151910618556,2.051523215347617,4.183893272585923,-1.7450526641182944,-4.031883079901577,-5.40381873575575e-05,38.873425446921566,23.85270122718953,57.17373710163345,33.32103587444392,215,ok
B0034,123,24,1.3264281097516477,1.620729289277574,first_n_median,81.84143511979669,normal,,0,02105.csv,2105,300,3014.672,3.3999185413871995,2.127535513157563,4.184006388641318,-1.7341883809096077,-4.0317878151340585,0.0009352255589694,38.72429474171124,23.83759353886068,56.96912010183172,33.13152656297104,214,ok
B0034,124,24,1.323971040986857,1.620729289277574,first_n_median,81.6898324566594,normal,,0,02107.csv,2107,302,3010.703,3.397850235603045,2.0823277676119383,4.181910454160974,-1.734400276547127,-4.031344486974082,0.0017111395988959,38.693927613601694,23.7486501338944,57.10359458618797,33.354944452293566,214,ok
B0034,125,24,1.3249364225071156,1.620729289277574,first_n_median,81.74939709380426,normal,,0,02111.csv,2111,306,3011.75,3.399278705498605,2.1365617064803337,4.181304092373182,-1.7344615887918813,-4.031165844112306,0.0004752250330031,38.83689474258564,23.862096030039652,57.068326741336485,33.20623071129683,214,ok
B0034,126,24,1.3283067675570923,1.620729289277574,first_n_median,81.9573494688415,normal,,0,02113.csv,2113,308,3005.734,3.393991029909915,1.9941210557405096,4.181467747221002,-1.7422565015843707,-4.031283330684273,0.0013017595633574,38.98262569198278,23.93772227630433,57.42601185667435,33.48828958037002,213,ok
B0034,127,24,1.314584348909226,1.620729289277574,first_n_median,81.11066774730718,normal,,0,02115.csv,2115,310,2993.75,3.3920728040875394,1.9772527709370784,4.184933925854431,-1.7506020276231054,-4.031390232489055,0.0005343769692278,39.051031869034375,23.891588699661355,57.61101162387096,33.7194229242096,212,ok
B0034,128,24,1.3166841798543305,1.620729289277574,first_n_median,81.24022861592334,normal,,0,02117.csv,2117,312,2998.125,3.3991110461098466,2.126873333723975,4.183605741258281,-1.7318011089547243,-4.030190775657842,-5.6992644977724535e-05,38.79001119015603,23.825855363413623,57.13778358983724,33.31192822642362,212,ok
B0034,129,24,1.3041727649654071,1.620729289277574,first_n_median,80.46826657564328,normal,,0,02119.csv,2119,314,2990.859,3.395190942431077,2.039511489521072,4.18498220766507,-1.739970121407176,-4.030832991804198,0.0011172089435373,38.89401391225135,23.78659177259518,57.23603082155364,33.44943904895846,211,ok
B0034,130,24,1.3534450073572306,1.620729289277574,first_n_median,83.50839441918872,normal,,0,02123.csv,2123,318,3024.453,3.3964846031258618,2.0358214749013905,4.181710702444723,-1.7427011000827153,-4.031156962815287,-0.0016396833932214,40.171574663158054,24.95061784926869,58.39093066235441,33.44031281308572,213,ok
B0034,131,24,1.371294082513786,1.620729289277574,first_n_median,84.60969340074236,normal,,0,02125.csv,2125,320,3030.765,3.394474869519725,1.973042506261499,4.184181072689387,-1.7609977485305528,-4.031505060697891,0.0129900052809774,41.03606365974405,26.378354883462126,58.90073826779548,32.52238338433335,213,ok
B0034,132,24,1.357699321922511,1.620729289277574,first_n_median,83.77088826029015,normal,,0,02127.csv,2127,322,3020.813,3.396433031795198,2.0280193684749017,4.18330455406694,-1.7510064310910844,-4.0310979373493865,0.0006744131176185,40.43961489235273,25.80947699877746,58.27129279916865,32.46181580039119,212,ok
B0034,133,24,1.3286903090919502,1.620729289277574,first_n_median,81.98101421886454,normal,,0,02129.csv,2129,324,2998.156,3.391155270712207,1.9435482703621487,4.183090426902681,-1.7476615383639926,-4.0324414576282885,0.001149387990926,39.651877682602084,24.614714162928127,58.03064804249352,33.41593387956539,210,ok
B0034,134,24,1.3143943268181724,1.620729289277574,first_n_median,81.09894326671002,normal,,0,02131.csv,2131,326,2986.766,3.395487164367482,2.0636905936063763,4.184001846460157,-1.737132841849628,-4.030608268179589,-0.0001919878967601,39.179107326892364,24.072109280815287,57.376456720947886,33.3043474401326,209,ok
B0034,135,24,1.3866783030110723,1.620729289277574,first_n_median,85.55890932465175,normal,,0,02135.csv,2135,330,3032.328,3.3795305779550775,1.9437968709766944,4.173319870139646,-1.7833514969895126,-4.030934744594092,-0.0015555056759469,40.11810121003218,24.68063964955075,58.48728985101988,33.80665020146913,199,ok
B0034,136,24,1.3868330458429208,1.620729289277574,first_n_median,85.56845705312635,normal,,0,02139.csv,2139,334,3047.703,3.392303218262864,2.071041778175654,4.181768359109135,-1.7701661084313476,-4.031180224182523,0.0052667295000626,40.80596825835928,25.7688641707561,58.63748276638773,32.86861859563163,212,ok
B0034,137,24,1.3548037379291014,1.620729289277574,first_n_median,83.59222893620893,normal,,0,02141.csv,2141,336,3034.968,3.4001334063326003,2.185338383273266,4.182301042571854,-1.7401783923806775,-4.031782992778244,-0.0009786783734257,39.68459882372222,25.05089715718802,57.63608525053667,32.58518809334865,211,ok
B0034,138,24,1.3255787669951669,1.620729289277574,first_n_median,81.78903014617772,normal,,0,02143.csv,2143,338,3011.7339999999967,3.393642423268678,2.0310061849780774,4.178121720093713,-1.7373219803903293,-4.030909285227107,0.0024516130735203,39.35391690299883,24.408294212642996,57.60594379182819,33.197649579185196,209,ok
B0034,139,24,1.3119728676377551,1.620729289277574,first_n_median,80.94953773696257,normal,,0,02145.csv,2145,340,3002.922,3.4010015677885197,2.1906611266270994,4.181856458554027,-1.726421739308256,-4.031391102007752,-0.0010278873533065,38.774974385595264,24.14656059452256,56.80159282025973,32.65503222573717,208,ok
B0034,140,24,1.3064487948795198,1.620729289277574,first_n_median,80.60869902967312,normal,,0,02147.csv,2147,342,2986.718,3.400303147037451,2.142279706628003,4.183618050676316,-1.7241986137944987,-4.032301237199556,0.0012119641403227,38.265844006523615,24.028629657676618,56.21047251769452,32.1818428600179,206,ok
B0034,141,24,1.3418431880549024,1.620729289277574,first_n_median,82.7925549894281,normal,,0,02151.csv,2151,346,3006.203,3.4014259376568985,2.160163197204225,4.180694864027114,-1.7352631240732406,-4.032232493006905,-0.0017035894811182,39.68448087231524,25.64171815965767,57.153953136576106,31.512234976918435,207,ok
B0034,142,24,1.3609210170759327,1.620729289277574,first_n_median,83.96966884473048,normal,,0,02153.csv,2153,348,3011.609,3.3937688197583187,1.955449063066795,4.184699791551839,-1.7542912065406973,-4.032459345523554,-0.0013554576262431,40.52184920089412,26.334809949726797,58.22840707938393,31.89359712965713,207,ok
B0034,143,24,1.329960367739497,1.620729289277574,first_n_median,82.05937762328682,normal,,0,02155.csv,2155,350,2985.953,3.40281516420186,2.186393196562525,4.184264442346774,-1.7326282784227318,-4.031899555003315,0.0005444198934238,39.34384441360489,25.473281057610205,56.896536733279625,31.42325567566942,205,ok
B0034,144,24,1.299069387625936,1.620729289277574,first_n_median,80.15338503600346,normal,,0,02157.csv,2157,352,2976.312999999994,3.402086089777065,2.1725626411969494,4.1832269410899645,-1.7211553304454028,-4.031537675655013,-0.000550080205776,38.612144786286876,24.52168448405072,56.43024249534344,31.908558011292723,204,ok
B0034,145,24,1.2984544371955695,1.620729289277574,first_n_median,80.11544221393964,normal,,0,02159.csv,2159,354,2964.75,3.3974407926386454,2.107521375414201,4.18242247093296,-1.7293251908726686,-4.031552007887981,-0.0007401702915018,38.61589548680076,24.138492108667336,56.60428484008346,32.46579273141612,203,ok
B0034,146,24,1.317648609161009,1.620729289277574,first_n_median,81.29973450090108,normal,,0,02163.csv,2163,358,2969.953,3.3900153291758635,1.972495650379372,4.181677931125044,-1.748688834226016,-4.031822718744165,-0.0001737419832885,39.405725006770766,24.571172921635785,57.47493245382511,32.903759532189326,203,ok
B0034,147,24,1.3360648564106594,1.620729289277574,first_n_median,82.4360283515453,normal,,0,02165.csv,2165,360,2988.453,3.4000590460263824,2.15288424756184,4.184377456853175,-1.7409400126466616,-4.038795954400871,-0.0010567842076357,39.93466601122023,25.764316512925877,57.43585109945852,31.67153458653264,204,ok
B0034,148,24,1.3635797361860138,1.620729289277574,first_n_median,84.13371345894647,normal,,0,02167.csv,2167,362,3001.235,3.3987353103697178,2.175170885643991,4.182088306746119,-1.7514562329904435,-4.033056340172318,0.0013857851637352,41.55493252456659,26.671290557787994,59.12207312090748,32.45078256311949,205,ok
B0034,149,24,1.3333112541544827,1.620729289277574,first_n_median,82.26612938850477,normal,,0,02169.csv,2169,364,2976.234,3.3928187346829195,2.0442124222047857,4.181101635503988,-1.7489863545731503,-4.031676887900432,0.0010305303744507,40.30936955838523,25.513516910165443,58.23289082409849,32.71937391393305,203,ok
B0034,150,24,1.3023273463118925,1.620729289277574,first_n_median,80.35440310283981,normal,,0,02171.csv,2171,366,2950.39,3.3901374196096965,2.030057772957424,4.179766813903975,-1.7463412570660508,-4.031008497658909,0.0001529455766672,39.63376472877464,24.513132583140116,57.69877961341635,33.18564703027623,201,ok
B0034,151,24,1.2888728444455877,1.620729289277574,first_n_median,79.52425201250553,normal,,1,02175.csv,2175,370,2941.719,3.3844914074498393,1.960005305735824,4.180263086800403,-1.7543675539321288,-4.031145578011882,0.0003317240571986,39.39726410153058,23.991098161620744,57.777112656377554,33.78601449475681,200,ok
B0034,152,24,1.2902746194203034,1.620729289277574,first_n_median,79.61074239581566,normal,,1,02177.csv,2177,372,2946.969,3.3921220546792745,2.097517979952191,4.1809918219864,-1.7346999432389851,-4.0312307343283,0.0014412797914432,39.0556543100656,23.823475184494256,57.23966158430743,33.41618639981317,200,ok
B0034,153,24,1.292407565676824,1.620729289277574,first_n_median,79.7423464996368,normal,,1,02179.csv,2179,374,2936.171,3.389816955641987,2.063176636612858,4.181979956691477,-1.7433417157972704,-4.0307864323142,0.0007410934488356,39.19214857830457,23.894911918833603,57.39229514777536,33.49738322894176,199,ok
B0034,154,24,1.295409150510234,1.620729289277574,first_n_median,79.92754614113574,normal,,1,02181.csv,2181,376,2927.281,3.3881964986011384,2.050195394002453,4.1832960690677,-1.7522140323058732,-4.031891788952559,0.0017829159370712,39.3246784315448,24.00219310383197,57.49397345620112,33.49178035236915,198,ok
B0034,155,24,1.283229881592695,1.620729289277574,first_n_median,79.17607771281061,normal,,1,02183.csv,2183,378,2924.422,3.392372693620385,2.142448068324373,4.182349252301679,-1.7406561651353165,-4.030519452398561,0.0003275571455353,39.02095895366564,23.83249797750721,57.117778050999135,33.285280073491926,197,ok
B0034,156,24,1.4557454024367815,1.620729289277574,first_n_median,89.82039209556504,normal,,0,02187.csv,2187,382,3023.859,3.3581270184036267,2.132265781269793,4.166622490761778,-1.8482512574133536,-4.031364436387261,-0.0001609721600351,41.16886509114223,25.459930209970125,59.0081622348613,33.54823202489118,203,ok
B0034,157,24,1.454676342673242,1.620729289277574,first_n_median,89.75443044665722,normal,,0,02191.csv,2191,386,3056.172,3.3640532409111272,1.984934774787036,4.183046790056729,-1.8493953640798928,-4.031501683106394,0.0036147752466289,41.53076127734769,26.41787688613133,59.53806687629183,33.1201899901605,205,ok
B0034,158,24,1.423427718198495,1.620729289277574,first_n_median,87.82637098099063,normal,,0,02193.csv,2193,388,3045.078,3.38037517618057,2.13940846198312,4.180727864826346,-1.799535657719212,-4.030744595022684,0.0001542425834273,40.35674808373947,25.361558074214376,58.40787633507069,33.04631826085631,204,ok
B0034,159,24,1.392551210363313,1.620729289277574,first_n_median,85.9212713422382,normal,,0,02195.csv,2195,390,3034.25,3.379746726032651,2.04587233974925,4.182665046607197,-1.7883422605091341,-4.031671799370217,0.000975305696298,39.90529016402678,24.65660109918399,58.34388806897325,33.687286969789255,203,ok
B0034,160,24,1.3765732493746907,1.620729289277574,first_n_median,84.93542126262716,normal,,0,02197.csv,2197,392,3022.609,3.383744830197482,2.0970875648564333,4.183546703480425,-1.7775400800465013,-4.030922111155082,-0.0009271395457984,39.6263343523975,24.371185974131794,58.00881689774913,33.63763092361734,202,ok
B0034,161,24,1.3810190828982352,1.620729289277574,first_n_median,85.20973194195882,normal,,0,02199.csv,2199,394,3028.828,3.382914022586479,2.0432611124631137,4.184556412259601,-1.7773805764791353,-4.0316407463870965,0.002021422137762,40.251117050644716,24.759439309467485,58.52325787492752,33.76381856546004,202,ok
B0034,162,24,1.4007568321672863,1.620729289277574,first_n_median,86.42756328490006,normal,,0,02203.csv,2203,398,3037.875,3.378266732241365,1.961939116178396,4.183306721542989,-1.7969239114736186,-4.031325299834524,0.0031371441291032,41.28365494023095,26.00755386497896,59.50837827191452,33.500824406935564,202,ok
B0034,163,24,1.374645303479972,1.620729289277574,first_n_median,84.81646580797637,normal,,0,02205.csv,2205,400,3023.187,3.386601516930242,2.0966495970812926,4.186122527731293,-1.7752050021088217,-4.034378256939229,0.0001191795836789,40.27720417425089,25.389868561154977,58.58184665309335,33.191978091938374,200,ok
B0034,164,24,1.3345924114397838,1.620729289277574,first_n_median,82.34517758574394,normal,,0,02207.csv,2207,402,2996.922,3.3873478555743035,2.126944667717326,4.187372242173173,-1.763847205060641,-4.031792301917485,0.0014550892592896,39.458737885900284,24.14009992070368,57.97580640887124,33.83570648816756,199,ok
B0034,165,24,1.336396621564738,1.620729289277574,first_n_median,82.45649846683682,normal,,0,02209.csv,2209,404,2986.469,3.3839254722198504,2.0654092965524384,4.194441292072135,-1.7725760652080313,-4.031054086064945,0.002013019928346,39.29135666075848,23.636769576161004,58.05700140061033,34.42023182444933,198,ok
B0034,166,24,1.3069152971756248,1.620729289277574,first_n_median,80.63748250999838,normal,,0,02211.csv,2211,406,2979.219,3.389334235413473,2.148229610932935,4.178978876708447,-1.7406273194455324,-4.030876471673389,-1.7827195123559607e-05,39.19247737595363,23.69154549197298,57.78193242469556,34.09038693272258,197,ok
B0034,167,24,1.341539456674081,1.620729289277574,first_n_median,82.77381457529287,normal,,0,02215.csv,2215,410,2995.047,3.3898762516669514,2.1586251956084066,4.180760079138194,-1.7523330419103598,-4.03123362422716,0.0020439084875339,39.892115077092285,24.53360766699073,58.20713739139197,33.673529724401234,198,ok
B0034,168,24,1.346388970161922,1.620729289277574,first_n_median,83.0730325582049,normal,,0,02217.csv,2217,412,2989.828,3.387534636174606,2.095346963555327,4.1815749331430805,-1.7613727505178338,-4.0317407805438,0.0098719521293504,40.35117578100876,25.024094844009905,58.6134064492062,33.5893116051963,197,ok
B0034,169,24,1.344989807277774,1.620729289277574,first_n_median,82.98670334249907,normal,,0,02219.csv,2219,414,2989.391,3.3867620663269333,2.062626550286472,4.182056202732491,-1.7612926148605925,-4.031049977481575,0.0009511836818361,40.23284401135697,25.2038212754756,58.64476637032693,33.44094509485133,197,ok
B0034,170,24,1.3158760805047784,1.620729289277574,first_n_median,81.19036838603188,normal,,0,02221.csv,2221,416,2967.2810000000027,3.3856540718379167,2.076505393409293,4.185552990507065,-1.7587841210720874,-4.031503094164638,-0.0004212297346912,39.47675997912519,24.090800554767387,58.05107392892897,33.96027337416159,195,ok
B0034,171,24,1.2972766889740088,1.620729289277574,first_n_median,80.04277441991924,normal,,0,02223.csv,2223,418,2962.609,3.380989577809656,1.9787021969242389,4.185152280694706,-1.7582529402290834,-4.030548710192742,0.0003042600688147,39.32483875925542,23.686728239155272,58.291445432401005,34.60471719324573,195,ok
B0034,172,24,1.2851255211005648,1.620729289277574,first_n_median,79.29303984340274,normal,,1,02227.csv,2227,422,2957.016,3.381603206447632,2.0077745341235347,4.178887193827684,-1.7466107935226565,-4.030657074815704,0.0018527847988831,39.06556270503843,23.36039105497894,58.02893221948005,34.66854116450111,194,ok
B0034,173,24,1.3190209156530253,1.620729289277574,first_n_median,81.38440666059459,normal,,0,02229.csv,2229,424,2973.281,3.3826507314858842,1.984631695912844,4.18021178705338,-1.758399711843396,-4.032180179891317,-0.0006307259244115,40.25366972386004,24.721890051754144,58.80693345869639,34.08504340694225,195,ok
B0034,174,24,1.3410097849290994,1.620729289277574,first_n_median,82.74113350088483,normal,,0,02231.csv,2231,426,2968.016,3.3872757037197703,2.120505374633019,4.185160711724249,-1.76779626471083,-4.030907491504972,0.0008213886992541,40.60644361981523,25.33473748420509,58.770145898372334,33.43540841416724,194,ok
B0034,175,24,1.326126983882746,1.620729289277574,first_n_median,81.82285546735912,normal,,0,02233.csv,2233,428,2959.281,3.386339157278954,2.082697161198142,4.179746730828125,-1.7560445058115577,-4.031263715522782,4.448411826823029e-06,40.11087407785343,24.986634278526385,58.49257429310864,33.50594001458225,193,ok
B0034,176,24,1.3091442679990724,1.620729289277574,first_n_median,80.77501138901563,normal,,0,02235.csv,2235,430,2942.797000000006,3.3808981042387045,1.9993127386412168,4.185599509953072,-1.7648997839310985,-4.031557050834733,0.0002461556123676,39.61213844688629,24.07455734981176,58.33204656703581,34.25748921722405,192,ok
B0034,177,24,1.363001289617145,1.620729289277574,first_n_median,84.09802294772442,normal,,0,02239.csv,2239,434,2978.89,3.3749959210790252,2.016671623451248,4.169799130983922,-1.7884175858149567,-4.031997801811629,-0.0016669420690973,40.95422192099372,25.549931315958624,59.3603280691461,33.810396753187476,194,ok
B0034,178,24,1.329285701687194,1.620729289277574,first_n_median,82.01775031039955,normal,,0,02243.csv,2243,438,2948.891,3.385047602248052,2.1864172793825265,4.180217693900072,-1.7651175661948963,-4.031055760751357,-0.0015896817703753,39.368332915328914,23.91355659365435,57.712318998766975,33.798762405112626,192,ok
B0034,179,24,1.2969085930621855,1.620729289277574,first_n_median,80.02006267439464,normal,,0,02245.csv,2245,440,2938.547,3.3857894711790375,2.166880233541012,4.179741845595007,-1.7533361843271522,-4.031015029033163,-0.0017403656231145,39.15337098937444,23.65071423499487,57.633102922228126,33.982388687233254,191,ok
B0034,180,24,1.2986285924941396,1.620729289277574,first_n_median,80.12618770362273,normal,,0,02247.csv,2247,442,2925.484,3.380809465968222,2.073777619248528,4.181172769902619,-1.7623544327636462,-4.031067192634773,-0.0003398965407408,39.243985033148604,23.552587136457177,57.87686984231968,34.3242827058625,190,ok
B0034,181,24,1.2840657611821942,1.620729289277574,first_n_median,79.22765200069625,normal,,1,02249.csv,2249,444,2917.297,3.385818012946154,2.1762844479074928,4.179417995861986,-1.7501681024171156,-4.03051089021253,0.0013676027285972,39.03574242025546,23.5135610948924,57.47417762924851,33.960616534356106,189,ok
B0034,182,24,1.3021015914136362,1.620729289277574,first_n_median,80.34047388592803,normal,,0,02251.csv,2251,446,2918.938,3.3852891991053005,2.178495224886361,4.192681708507562,-1.7716218211716077,-4.031529673129687,0.0010157279401352,39.362600417809674,23.712232797870413,57.69186868894567,33.979635891075255,189,ok
B0034,183,24,1.3089076351731337,1.620729289277574,first_n_median,80.76041099723494,normal,,0,02255.csv,2255,450,2918.25,3.375861800258899,2.003802772888259,4.1874346087886645,-1.7808467524862919,-4.031358409625566,-0.0007594908005194,39.45158799429391,23.502096175144807,58.2351265327566,34.733030357611796,188,ok
B0034,184,24,1.2722519696513912,1.620729289277574,first_n_median,78.4987337532776,normal,,1,02257.csv,2257,452,2915.4839999999967,3.3766457982542852,1.978757159009704,4.179967885403278,-1.7593469071219419,-4.030358918119561,-6.493150394815281e-05,39.280231448753895,23.488992556072905,58.159040648414255,34.67004809234135,188,ok
B0034,185,24,1.276011534360331,1.620729289277574,first_n_median,78.7307012221086,normal,,1,02259.csv,2259,454,2906.015,3.383954937211064,2.137223761530643,4.180528142405268,-1.7475031987682161,-4.031297723634209,0.0007250912623261,39.093994194844335,23.45701039792058,57.66508009332591,34.20806969540533,187,ok
B0034,186,24,1.2605053003103004,1.620729289277574,first_n_median,77.7739569864971,normal,,1,02261.csv,2261,456,2894.14,3.3780729656424993,2.026812719380422,4.179166028461803,-1.7569231795305056,-4.030974316014234,0.0007221596857929,39.19231540051726,23.391621160517428,57.950977227160536,34.559356066643105,186,ok
B0034,187,24,1.2660681251347117,1.620729289277574,first_n_median,78.11718672024806,normal,,1,02263.csv,2263,458,2892.031,3.386411304876093,2.1955750105431733,4.18010360467577,-1.744613516148423,-4.031011123253645,0.0010262867658515,39.05035096355298,23.54834819824031,57.50629199129354,33.95794379305323,185,ok
B0034,188,24,1.265829016865281,1.620729289277574,first_n_median,78.1024335920722,normal,,1,02267.csv,2267,462,2888.719,3.3853753800263027,2.198015566541252,4.177719373483749,-1.7445998152904736,-4.0313116805798215,0.0009427282285409,38.99238106302636,23.343690136372405,57.45114086897508,34.10745073260267,185,ok
B0034,189,24,1.2655873898206993,1.620729289277574,first_n_median,78.087525053911,normal,,1,02269.csv,2269,464,2875.641,3.3831949117830207,2.1741564738787478,4.180691683259775,-1.7538809660262522,-4.030793702940819,1.677159198194939e-05,39.013996139611024,23.29290349706347,57.51486337636169,34.22195987929822,184,ok
B0034,190,24,1.2663598323027554,1.620729289277574,first_n_median,78.13518523301471,normal,,1,02271.csv,2271,466,2860.7810000000027,3.370377688846256,1.959703796663527,4.184107730812699,-1.7847975615409868,-4.030759976825486,0.00122794919761,39.39352264576831,23.33829372111869,58.24937682662199,34.9110831055033,183,ok
B0034,191,24,1.2868479432728903,1.620729289277574,first_n_median,79.39931435721086,normal,,1,02273.csv,2273,468,2852.844,3.37385872825505,2.0588486889378887,4.19339113872627,-1.7952150007705359,-4.030879107970756,0.0009202299184524,39.40321172109691,23.283013385861324,57.97580626211991,34.692792876258586,182,ok
B0034,192,24,1.270026164613209,1.620729289277574,first_n_median,78.3614002051701,normal,,1,02275.csv,2275,470,2854.64,3.3788676910292508,2.147269943612274,4.184650326377129,-1.7732811378527673,-4.030910228339476,0.0013121603439115,39.209002406361016,23.33153677192807,57.6936935982226,34.36215682629453,182,ok
B0034,193,24,1.34598253292492,1.620729289277574,first_n_median,83.04795512919249,normal,,0,02279.csv,2279,474,2897.844,3.3775187954558987,2.046243465893371,4.179142866728917,-1.7981891817251408,-4.031161376886709,-0.0014355308035773,41.7029996329405,26.511755128565657,59.714275603056464,33.20252047449081,184,ok
B0034,194,24,1.3286875315413778,1.620729289277574,first_n_median,81.98084284227556,normal,,0,02281.csv,2281,476,2896.063,3.3764102425962137,2.0152140329169157,4.183823497630528,-1.7979821246857843,-4.031304782841973,9.23736436573037e-06,41.54042703429465,26.12189208281959,59.59622829096066,33.47433620814107,184,ok
B0034,195,24,1.31203071983408,1.620729289277574,first_n_median,80.95310725327278,normal,,0,02283.csv,2283,478,2866.234,3.374457339617825,2.022057967188541,4.183386852109095,-1.795586068723611,-4.031456327316925,-0.0015289764213798,40.70765268927143,25.075827558308596,58.94389183765572,33.868064279347124,182,ok
B0034,196,24,1.295125492961198,1.620729289277574,first_n_median,79.91004429484265,normal,,1,02285.csv,2285,480,2836.609,3.369493571122545,1.9943823501630709,4.193391153250369,-1.815444212082474,-4.031480010018408,-0.0019108158552334,40.21142863220933,24.09832956344647,58.684673836382025,34.586344272935555,180,ok
B0034,197,24,1.2802601605963335,1.620729289277574,first_n_median,78.99284408977383,normal,,1,02287.csv,2287,482,2829.516,3.3671763894263442,1.961659201159055,4.182734512107648,-1.8021484216322963,-4.030531863908069,0.0012449192634425,40.0046687891377,23.936615230134,58.63989407541342,34.70327884527943,179,ok
B0036,1,24,1.001982588175331,1.8011007566288924,first_n_median,55.63167882127454,normal,,1,03514.csv,3514,0,1819.406,3.3100621558905616,2.692363558999662,3.848136609578083,-1.9773749348609408,-2.0038601695058262,-0.0021557335495844,24.89207373300309,23.91297719702689,25.25510878948548,1.342131592458589,190,ok
B0036,2,24,1.8011007566288924,1.8011007566288924,first_n_median,100.0,normal,,0,03518.csv,3518,4,3260.531,3.4631992414146664,2.685636595881031,4.176656530010924,-1.9856445663953957,-2.00280826348544,-0.0014904376706625,25.959062630105592,24.871232330891456,26.547068220384585,1.6758358894931291,338,ok
B0036,3,24,1.8044229856020628,1.8011007566288924,first_n_median,100.18445547596065,normal,,0,03520.csv,3520,6,3265.75,3.4699576163352273,2.662489466857697,4.183288040976774,-1.9861546605764795,-2.004317840985689,0.0048115658921882,25.802571879383937,24.538499428336,26.495839445842005,1.9573400175060058,337,ok
B0036,4,24,1.804388833772829,1.8011007566288924,first_n_median,100.18255931167845,normal,,0,03522.csv,3522,8,3264.109,3.4705857000702847,2.6573808763123017,4.184161485400415,-1.987051011427963,-2.006820885715504,0.0010493128090912,25.60229945293067,24.215023797122345,26.383869073507284,2.168845276384939,335,ok
B0036,5,24,1.7989248871784247,1.8011007566288924,first_n_median,99.87919224160784,normal,,0,03524.csv,3524,10,3253.531,3.4698672359538234,2.663543957344219,4.18413822475754,-1.9874522127800511,-2.009500231963076,0.001041145580557,25.340807182068417,24.005347474868884,26.038513721787695,2.0331662469188103,332,ok
B0036,6,24,1.792996521672392,1.8011007566288924,first_n_median,99.55003988940248,normal,,0,03526.csv,3526,12,3242.578,3.463667726287472,2.6678994227263173,4.184490871998835,-1.9875372326723815,-2.010118970470753,-0.0017522780694575,25.066700521969093,23.75001010674364,25.52893924273116,1.778929135987518,329,ok
B0036,7,24,1.7885507985621891,1.8011007566288924,first_n_median,99.3032062187241,normal,,0,03530.csv,3530,16,3234.625,3.4626756481952135,2.6568692251182435,4.18002707662199,-1.987391854073237,-2.010514808331086,-0.0039807052186177,24.87901399238054,23.784786109809392,25.434898613415253,1.650112503605861,326,ok
B0036,8,24,1.7890856930727703,1.8011007566288924,first_n_median,99.33290441903924,normal,,0,03532.csv,3532,18,3235.36,3.466538555244564,2.682881821919537,4.184814968147981,-1.9874986659392755,-2.0087014787729163,-0.0036168914571835,24.962178834594535,23.78662493765738,25.49992828339642,1.7133033457390425,325,ok
B0036,9,24,1.7893137312833287,1.8011007566288924,first_n_median,99.34556546588624,normal,,0,03534.csv,3534,20,3236.125,3.465990459572376,2.643495320901669,4.184936056128164,-1.9873121102019284,-2.0083926934667744,-0.0065078565398521,24.97176766201835,23.849601747210198,25.538807420659257,1.6892056734490595,323,ok
B0036,10,24,1.7860759459480868,1.8011007566288924,first_n_median,99.16579843601156,normal,,0,03536.csv,3536,22,3230.25,3.466849428071611,2.6529146015025358,4.185159966585472,-1.9871920484366135,-2.0080365229044976,-0.0044622590452139,24.904899107239256,23.786532133081383,25.42021899627584,1.6336868631944554,321,ok
B0036,11,24,1.7836324249650817,1.8011007566288924,first_n_median,99.03013023566176,normal,,0,03538.csv,3538,24,3226.078,3.467879751690846,2.664007043795248,4.185259470361049,-1.986994298783672,-2.01068659468518,-0.0036112981424873,24.82894570331574,23.69216396775264,25.3761734466722,1.6840094789195597,319,ok
B0036,12,24,1.782972873807272,1.8011007566288924,first_n_median,98.99351089854903,normal,,0,03542.csv,3542,28,3224.5,3.4680189335962623,2.652869862545629,4.180678430986266,-1.9872186588415872,-2.008652299030336,-0.0016420511811444,25.10525347823647,23.99601046516096,25.609167303887254,1.6131568387262938,317,ok
B0036,13,24,1.7813775963259668,1.8011007566288924,first_n_median,98.90493853659576,normal,,0,03544.csv,3544,30,3222.188,3.470195201959518,2.668361985066912,4.185452668161143,-1.986822691116423,-2.0085875375423945,-0.0047199890552655,24.951154809529978,23.89737560676488,25.488141454729305,1.5907658479644269,315,ok
B0036,14,24,1.7785359545932946,1.8011007566288924,first_n_median,98.74716603429604,normal,,0,03546.csv,3546,32,3216.546000000002,3.471307979909313,2.6856316852084854,4.185644073979811,-1.9870379004309504,-2.007649933368399,-0.0047794471827175,24.904434158959226,23.79897282368755,25.39250622395775,1.5935334002702,313,ok
B0036,15,24,1.7759043090943398,1.8011007566288924,first_n_median,98.6010528593796,normal,,0,03548.csv,3548,34,3211.859,3.4716713367418284,2.683085255855837,4.1855690457286165,-1.9869312681166182,-2.008607853673341,-0.005399955268143,24.887170444449442,23.80605296345269,25.45190297763985,1.645850014187161,311,ok
B0036,16,24,1.7780426649905914,1.8011007566288924,first_n_median,98.71977780513188,normal,,0,03550.csv,3550,36,3215.859,3.474226898019182,2.682117615527785,4.185513751822039,-1.986804032971213,-2.0086196509255365,-0.001618876386249,25.527212929862493,24.386810794306925,26.00580839279124,1.6189975984843166,310,ok
B0036,17,24,1.7830029333591657,1.8011007566288924,first_n_median,98.99517985303608,normal,,0,03554.csv,3554,40,3225.125,3.4759464645675298,2.659668132739057,4.18175155698921,-1.9866252110882103,-2.0076953086780285,-0.0041009719323332,26.409994049975936,25.365330747425137,26.845307972510515,1.4799772250853778,309,ok
B0036,18,24,1.7883000424613875,1.8011007566288924,first_n_median,99.28928383820882,normal,,0,03556.csv,3556,42,3234.343,3.4817927176696424,2.6726649868851067,4.18601707914653,-1.9868092429179043,-2.008081368217133,-0.0035166108245872,27.24956363748299,26.03181712440799,27.81505202908745,1.7832349046794604,309,ok
B0036,19,24,1.779294712578026,1.8011007566288924,first_n_median,98.78929349340342,normal,,0,03558.csv,3558,44,3218.25,3.4752876993515778,2.650694350880205,4.185429868468947,-1.9866026335678093,-2.008162082198497,-0.0058559600044479,25.79213906476866,24.900330198963143,26.20275128566912,1.3024210867059764,306,ok
B0036,20,24,1.7709235500451854,1.8011007566288924,first_n_median,98.32451313605634,normal,,0,03560.csv,3560,46,3203.5,3.47360641557491,2.6668651734647586,4.183946382168659,-1.9863244377080878,-2.0075377155882173,-0.0060972582175709,25.237865068781456,24.317997749356834,25.704404765618435,1.3864070162616002,303,ok
B0036,21,24,1.7659050180801104,1.8011007566288924,first_n_median,98.0458761999158,normal,,0,03562.csv,3562,48,3194.39,3.474225056890293,2.699376305602087,4.184483195811819,-1.9862809909576005,-2.0083438501355797,-0.005047995363321,24.99097283085835,23.95825314852513,25.46083879423276,1.5025856457076294,301,ok
B0036,22,24,1.7826929241469245,1.8011007566288924,first_n_median,98.9779676448295,normal,,0,03566.csv,3566,52,3225.219,3.476093760887936,2.627373237504619,4.166505229896513,-1.9858147027956174,-2.0057770721024144,-0.0056781123344003,32.80125252337081,25.98116570641668,37.62543555779899,11.644269851382308,301,ok
B0036,23,24,1.7964662072920203,1.8011007566288924,first_n_median,99.74268239465144,normal,,0,03570.csv,3570,56,3252.985,3.478693083596387,2.6486517814110364,4.181691190398081,-1.9840774818957672,-2.004156260870839,-0.0067396375453893,31.56958368042232,24.91553718736853,36.14360152332376,11.228064335955231,302,ok
B0036,24,24,1.7909083533422898,1.8011007566288924,first_n_median,99.4341014377408,normal,,0,03572.csv,3572,58,3245.25,3.4750535971066037,2.6240374089622858,4.184954917937507,-1.9825278870850223,-2.0004115908491005,-0.000910117273234,30.90999308530252,24.10403521801464,35.625609247013934,11.521574028999293,300,ok
B0036,25,24,1.78518002808874,1.8011007566288924,first_n_median,99.11605564088757,normal,,0,03574.csv,3574,60,3235.031,3.473958373265381,2.626618792448541,4.186460975475055,-1.982424743717115,-2.0072075263014764,-0.0008404572387634,30.76520980990786,23.899334199769086,35.57170100720283,11.672366807433747,298,ok
B0036,26,24,1.7811343176546524,1.8011007566288924,first_n_median,98.89143131494704,normal,,0,03576.csv,3576,62,3228.141,3.473907031933396,2.6336670386490053,4.186163586614144,-1.9820980837755804,-2.0011835530290827,-0.0027244276470207,30.827871356237775,23.939509531112268,35.70160875626844,11.762099225156174,296,ok
B0036,27,24,1.7755577789223569,1.8011007566288924,first_n_median,98.58181294896885,normal,,0,03578.csv,3578,64,3217.875,3.4760652075601257,2.663548100827095,4.186271381082588,-1.9821566894712763,-1.9997810779112133,0.000197081420739,31.04477819361822,24.135279436191613,35.94641088579465,11.811131449603035,294,ok
B0036,28,24,1.776885870616115,1.8011007566288924,first_n_median,98.65555072787264,normal,,0,03582.csv,3582,68,3220.219,3.4762696586688855,2.645759955186599,4.182325498451744,-1.9821407736423282,-2.001353888897329,-0.0018657644893758,31.495558048290054,24.66851129856288,36.334410213773005,11.665898915210125,293,ok
B0036,29,24,1.7713083410378214,1.8011007566288924,first_n_median,98.34587734853694,normal,,0,03584.csv,3584,70,3210.234,3.4773296157781552,2.682232775431839,4.185344353963488,-1.9819851541329787,-2.002938928489475,0.0003035352857562,31.22858520243483,24.48086368805618,35.97981353599547,11.49894984793929,291,ok
B0036,30,24,1.7713348840874137,1.8011007566288924,first_n_median,98.34735106118154,normal,,0,03586.csv,3586,72,3210.546,3.4741834201518116,2.636976729427503,4.186613141003604,-1.981820086973132,-2.0014781325623847,-0.0010680230127308,30.77808307184711,23.990132464537517,35.59540889841283,11.60527643387531,290,ok
B0036,31,24,1.766084286640505,1.8011007566288924,first_n_median,98.0558294776397,normal,,0,03588.csv,3588,74,3200.969,3.4723504122251145,2.625473231549502,4.185053437368516,-1.9817861525113654,-2.0000787195640046,-0.0043481610713857,30.558421734854203,23.68833522844092,35.45428075393079,11.765945525489869,288,ok
B0036,32,24,1.7592793663412327,1.8011007566288924,first_n_median,97.678009398767,normal,,0,03590.csv,3590,76,3188.625,3.4751627339527484,2.6876812013759497,4.184793481944206,-1.9817252941957082,-1.9998831268277344,-0.0020521382665166,30.72558468538039,23.84698767974936,35.64366066127881,11.796672981529447,286,ok
B0036,33,24,1.7610368813762425,1.8011007566288924,first_n_median,97.77558944966314,normal,,0,03594.csv,3594,80,3191.735,3.476326267904414,2.68500337747393,4.182513698980909,-1.9817660120442022,-2.000169457336012,-0.0014919923607548,31.23295964013785,24.35424355585658,36.101132129359335,11.746888573502755,285,ok
B0036,34,24,1.760242767365706,1.8011007566288924,first_n_median,97.73149896735038,normal,,0,03596.csv,3596,82,3190.313,3.475057563311369,2.6519664988321767,4.185287638546102,-1.9816902385826145,-2.00085802240166,-0.0007792749665022,31.072817634800376,24.284029986491724,35.918627450147724,11.634597463656,284,ok
B0036,35,24,1.7555899416034395,1.8011007566288924,first_n_median,97.47316662557871,normal,,0,03598.csv,3598,84,3182.156,3.472743253213143,2.6336440877825646,4.1849685069062055,-1.981485223109768,-2.001185036651928,-0.0024844181487435,30.6408857593701,23.8251596372819,35.53291026153138,11.707750624249478,282,ok
B0036,36,24,1.7545602176655593,1.8011007566288924,first_n_median,97.41599470257052,normal,,0,03600.csv,3600,86,3180.156,3.4724597721649664,2.627746605322606,4.186322425483099,-1.98155009393224,-2.0031177298192384,0.0008784309957855,30.615000516436165,23.735102484763036,35.58661163053266,11.851509145769622,281,ok
B0036,37,24,1.7499108336094895,1.8011007566288924,first_n_median,97.15785344984172,normal,,0,03602.csv,3602,88,3171.953,3.4727100432360887,2.635679662070204,4.184832493551693,-1.9813008900975513,-2.00104997373674,-0.0026708746645632,30.62198587167864,23.74110080497865,35.60387176093939,11.862770955960741,279,ok
B0036,38,24,1.7610225525303758,1.8011007566288924,first_n_median,97.77479388918084,normal,,0,03606.csv,3606,92,3192.172,3.4792060334218475,2.6450931525551966,4.182846104868844,-1.9813367014782532,-1.9993340625649576,-0.0002240802861137,32.233363947568954,25.41189377127626,37.150900989394586,11.739007218118324,280,ok
B0036,39,24,1.7624094574337117,1.8011007566288924,first_n_median,97.85179707171967,normal,,0,03608.csv,3608,94,3194.735,3.483370799287766,2.6704116794436663,4.185109686462477,-1.9812253431229576,-2.000008736535748,-0.0029864506743152,32.95844838713035,26.16261893951937,37.80882382148786,11.646204881968494,279,ok
B0036,40,24,1.7536170397120676,1.8011007566288924,first_n_median,97.36362795129244,normal,,0,03610.csv,3610,96,3178.75,3.481411230676488,2.6837393111584085,4.184971879756314,-1.9811725960467894,-1.999145364864924,-0.0002557494380831,32.33796562819801,25.993641606583484,36.91705917872692,10.923417572143439,277,ok
B0036,41,24,1.746204477519168,1.8011007566288924,first_n_median,96.95207062083117,normal,,0,03612.csv,3612,98,3165.359,3.4750001030504976,2.654784886935533,4.184935582810448,-1.981126497626356,-2.0009460733693505,-0.0005059656371537,31.201004004004968,24.46990910977973,36.08766208839117,11.617752978611438,275,ok
B0036,42,24,1.7406176172769725,1.8011007566288924,first_n_median,96.64187918808464,normal,,0,03614.csv,3614,100,3155.25,3.4729861560107773,2.650821200008131,4.184405459993748,-1.981010008821274,-2.000441618004775,0.001119287087026,30.844212128034435,24.017669040862195,35.833124475553674,11.81545543469148,273,ok
B0036,43,24,1.750690404425682,1.8011007566288924,first_n_median,97.2011364707012,normal,,0,03618.csv,3618,104,3173.766,3.4793522768122993,2.676194561155316,4.173893175797129,-1.9808915610510243,-1.9997650450659448,-0.0001276888620584,32.19294879984907,25.408095419535535,37.01706025174733,11.608964832211797,274,ok
B0036,44,24,1.765112055153915,1.8011007566288924,first_n_median,98.00184962765007,normal,,0,03622.csv,3622,108,3199.485,3.486359894946784,2.679442027657799,4.18216296627966,-1.9811169585618567,-2.00201926010616,-0.0012834905345373,33.061467350604964,26.397551344426933,37.72356956982813,11.326018225401196,275,ok
B0036,45,24,1.763188826756488,1.8011007566288924,first_n_median,97.89506890534186,normal,,0,03624.csv,3624,110,3196.015,3.4833864674331436,2.656640378340114,4.185045339068736,-1.9811266494742925,-2.001610275127748,-0.0027788900754442,32.35366819628823,25.848956125552924,36.98324646085538,11.13429033530246,274,ok
B0036,46,24,1.985492952897096,1.8011007566288924,first_n_median,110.23775019745864,normal,,0,03626.csv,3626,112,3595.281,3.521360251690921,2.697143455219266,4.290021871695731,-1.9836817212075872,-2.002785284914044,-0.00454230353492,34.70040609904863,27.559431044553957,39.35953919640877,11.800108151854811,308,ok
B0036,47,24,1.765355730813324,1.8011007566288924,first_n_median,98.01537889071392,normal,,0,03630.csv,3630,116,3198.0,3.481761447167762,2.661271238713629,4.182247008545814,-1.9822350506501858,-2.002300585252637,-0.0038952925483865,32.421923396380706,25.88469734380239,37.02707505372143,11.142377709919042,273,ok
B0036,48,24,1.7571880383127276,1.8011007566288924,first_n_median,97.56189551558704,normal,,0,03632.csv,3632,118,3183.516,3.4797578588851743,2.6908838763824483,4.184685800633224,-1.9820268271645947,-2.001465969186636,-0.0025851565313182,31.609192155405946,24.90505136004141,36.34456840908186,11.43951704904045,271,ok
B0036,49,24,1.7573770661844437,1.8011007566288924,first_n_median,97.57239064591332,normal,,0,03634.csv,3634,120,3183.797,3.4759650916373124,2.6365640724626367,4.184560765856749,-1.9820222805220724,-2.001496102641748,-0.0031563091467514,31.31596403602263,24.558403453621903,36.1535770040422,11.595173550420295,270,ok
B0036,50,24,1.7617376127979814,1.8011007566288924,first_n_median,97.81449518101437,normal,,0,03636.csv,3636,122,3191.516,3.4781154314639453,2.6235919177171154,4.186186804679722,-1.9821008022150315,-2.0024012820224604,-0.0001064424632339,31.998588265349394,25.078566873029445,37.00649086775502,11.927923994725575,270,ok
B0036,51,24,1.7606892547636663,1.8011007566288924,first_n_median,97.75628866311378,normal,,0,03638.csv,3638,124,3189.985,3.4830514284703322,2.66145718134933,4.184681735978706,-1.981813383736276,-2.002520901659237,-0.0024367835461289,32.98892411466723,26.22323533635798,37.85686718856992,11.633631852211941,269,ok
B0036,52,24,1.760669562156983,1.8011007566288924,first_n_median,97.75519529803628,normal,,0,03642.csv,3642,128,3189.734,3.4809173250237535,2.640601067759597,4.182356069295079,-1.9819214923373463,-2.001235039662058,-0.0033660552902839,32.83558656237567,26.454390087546997,37.45005504798,10.995664960433004,268,ok
B0036,53,24,1.752963802649152,1.8011007566288924,first_n_median,97.3273591828456,normal,,0,03644.csv,3644,130,3176.016,3.4789400787918914,2.6732282064652693,4.1845961576838935,-1.9816763209778734,-2.0006531469147206,-0.0037185791689478,31.97863874379167,25.272284146546227,36.77795934417618,11.505675197629955,266,ok
B0036,54,24,1.750535708024147,1.8011007566288924,first_n_median,97.19254747861038,normal,,0,03646.csv,3646,132,3171.36,3.4777534118948465,2.668754575341305,4.184643118766144,-1.9818237973110902,-2.0032893275629737,-0.0015116373381807,31.7958885352369,25.01160769069484,36.644215074090106,11.632607383395264,265,ok
B0036,55,24,1.7500761995337284,1.8011007566288924,first_n_median,97.16703483092938,normal,,0,03648.csv,3648,134,3170.843,3.4766647808370212,2.658195971284472,4.184427133733743,-1.9816263251080133,-2.002146271467598,-0.0057477979859649,31.804649399184477,24.8990725500416,37.138598100953445,12.239525550911846,264,ok
B0036,56,24,1.7465957802278385,1.8011007566288924,first_n_median,96.97379637422004,normal,,0,03650.csv,3650,136,3164.672,3.4791247798630294,2.684649370373972,4.184330747490862,-1.98151142532868,-2.002911547065684,-0.0018781312203425,32.18425444090601,25.306975358284788,37.11821986816654,11.811244509881753,263,ok
B0036,57,24,1.753614286788707,1.8011007566288924,first_n_median,97.36347510457632,normal,,0,03654.csv,3654,140,3177.453,3.4818392989655798,2.668665957651981,4.182320523596824,-1.9814622792671595,-2.000461299971232,-0.0011481531699829,33.27019350164624,26.479829417070007,38.21028860245779,11.73045918538778,263,ok
B0036,58,24,1.750725029920349,1.8011007566288924,first_n_median,97.20305893364726,normal,,0,03656.csv,3656,142,3172.375,3.4813626313858914,2.6672344803975685,4.1847408536372885,-1.9813436819375347,-2.0031635045230707,-0.0016813145481529,32.91813190932092,26.534409792431426,37.5096400873081,10.975230294876674,262,ok
B0036,59,24,1.743305349081011,1.8011007566288924,first_n_median,96.79110636452918,normal,,0,03658.csv,3658,144,3158.406,3.473301690187071,2.627654590987336,4.184091920673459,-1.981529747622425,-2.0017017371036148,8.695280144856796e-05,31.48100878915281,24.761400322269875,36.38797733722857,11.626577014958695,260,ok
B0036,60,24,1.733662505277619,1.8011007566288924,first_n_median,96.25572022536387,normal,,0,03660.csv,3660,146,3141.578,3.47367585218267,2.6888969070187216,4.184211671090554,-1.9810876831465265,-2.0016383842160304,-0.0033018660291645,31.127100398792322,24.30343547298514,36.0550831310012,11.751647658016058,258,ok
B0036,61,24,1.7319207051538927,1.8011007566288924,first_n_median,96.15901269152296,normal,,0,03662.csv,3662,148,3138.187,3.4715154587275445,2.6648936078550007,4.184175746614407,-1.9812349777399687,-2.0017049702320837,-0.0033073689308803,30.925481627228724,24.06443080280952,35.91912656959304,11.854695766783518,257,ok
B0036,62,24,1.7428604522751463,1.8011007566288924,first_n_median,96.76640498098764,normal,,0,03666.csv,3666,152,3157.969,3.476844269698795,2.652977190328466,4.181891771142459,-1.9812570591809957,-2.001207887684657,-0.0048742914368897,32.53816915596416,25.5007081189472,37.598391918046985,12.097683799099787,258,ok
B0036,63,24,1.743306971099712,1.8011007566288924,first_n_median,96.7911964216065,normal,,0,03668.csv,3668,154,3159.281,3.4828021334350594,2.69728379874788,4.184541597131144,-1.9809166553606607,-2.0007340815697723,-0.0045212762054846,33.5082870689835,26.63398425317728,38.473409883226125,11.839425630048844,257,ok
B0036,64,24,1.738524506272696,1.8011007566288924,first_n_median,96.52566631123292,normal,,0,03670.csv,3670,156,3150.375,3.478717992363499,2.666438804228148,4.1846109764992505,-1.981005969530254,-2.0010982344783117,-0.0026297144536298,32.72223824057796,26.302146120200465,37.37835847467748,11.076212354477018,256,ok
B0036,65,24,1.7295622663746972,1.8011007566288924,first_n_median,96.02806839146004,normal,,0,03672.csv,3672,158,3134.078,3.47116141622232,2.644225504233063,4.184012676032451,-1.9809786114709511,-2.002809251194904,-0.0022415066029294,31.339643544788586,24.5519901037265,36.32515383321495,11.773163729488449,254,ok
B0036,66,24,1.7273036765742085,1.8011007566288924,first_n_median,95.90266786668784,normal,,0,03674.csv,3674,160,3129.797,3.469009856426531,2.6270672485920983,4.184121216441852,-1.981059447271351,-2.002674380722973,-0.004911278653584,31.09122546658414,24.243039011774524,36.17136327433497,11.928324262560448,253,ok
B0036,67,24,1.7449370491071912,1.8011007566288924,first_n_median,96.88170096453558,normal,,0,03678.csv,3678,164,3161.89,3.475700880273514,2.681073460503821,4.17154857381778,-1.98101776318219,-2.0008253955001223,-0.0010534684502271,32.074525923461515,24.99063146218997,36.94271187003511,11.952080407845141,255,ok
B0036,68,24,1.7642432071133691,1.8011007566288924,first_n_median,97.9536097922412,normal,,0,03682.csv,3682,168,3196.859,3.4820950413929173,2.6173518629094725,4.182622974222649,-1.9810749842802888,-2.0015065236323597,-0.0034921534069396,33.167208512161885,26.334527256392604,37.96104323229247,11.626515975899864,257,ok
B0036,69,24,1.7504882032049596,1.8011007566288924,first_n_median,97.1899099349298,normal,,0,03684.csv,3684,170,3171.906,3.480244357608362,2.6882522902609858,4.184454856344911,-1.9809975649315257,-2.002256958212359,-0.0024508433424748,32.14047774193924,25.62527092014997,36.73214755581345,11.106876635663479,254,ok
B0036,70,24,1.7442710815479925,1.8011007566288924,first_n_median,96.84472537853642,normal,,0,03686.csv,3686,172,3160.842999999993,3.473582906957752,2.639398647353621,4.184476537283623,-1.9807582643680772,-2.001756985222924,-0.0023801341397132,31.245399132402053,24.49741942756075,36.08238955313576,11.584970125575012,252,ok
B0036,71,24,1.7365413923373951,1.8011007566288924,first_n_median,96.4155606479044,normal,,0,03688.csv,3688,174,3147.141,3.4722242034096427,2.6623791019309224,4.184024889589791,-1.9805282406081717,-2.0013369678430784,-0.0025909202303662,30.941808328244683,24.10678905352516,35.84834420893077,11.74155515540561,251,ok
B0036,72,24,1.733223093105756,1.8011007566288924,first_n_median,96.2313233574904,normal,,0,03690.csv,3690,176,3141.203,3.4700774937906473,2.6561014633579925,4.184261427009467,-1.9804746484714413,-2.0049715818869926,-0.0040213618256525,30.729579296950984,23.845856477482556,35.70394071930231,11.858084241819753,250,ok
B0036,73,24,1.73860622908762,1.8011007566288924,first_n_median,96.53020369286598,normal,,0,03694.csv,3694,180,3151.047,3.4765508294649767,2.6878503046332485,4.182041097453936,-1.98039190119071,-2.0012836292683827,-0.0028814269596924,32.241219078736684,25.23465822627832,37.23120350609712,11.996545279818797,250,ok
B0036,74,24,1.7432134953746192,1.8011007566288924,first_n_median,96.7860064995686,normal,,0,03696.csv,3696,182,3159.172,3.478023823464381,2.606635521236163,4.183342596486669,-1.980509113557296,-2.0018795801112828,-0.0002493425725089,33.273484981762124,26.407899480785915,38.21827936701842,11.810379886232504,250,ok
B0036,75,24,1.7332698214832971,1.8011007566288924,first_n_median,96.23391779188668,normal,,0,03698.csv,3698,184,3141.047,3.4748978056910036,2.684954312438798,4.184140679167282,-1.9805025193431718,-2.0029462861761083,-0.0004622856587363,31.82186022608825,25.18414995184089,36.626274908995,11.44212495715411,248,ok
B0036,76,24,1.7298906291663272,1.8011007566288924,first_n_median,96.04629961980314,normal,,0,03700.csv,3700,186,3135.0310000000027,3.468132135397358,2.62963250026716,4.184248094436303,-1.9804477654001489,-2.000410764991185,-0.0019607522641065,30.953485299150877,24.067371525766912,36.01597323994527,11.948601714178356,247,ok
B0036,77,24,1.7204403348841348,1.8011007566288924,first_n_median,95.5216041385864,normal,,0,03702.csv,3702,188,3117.984,3.4677152773874327,2.676552998785705,4.183757537025025,-1.9802957447258616,-2.0017891626777025,-0.0006791444227451,30.594113322212998,23.719534460860785,35.64214686208444,11.922612401223653,245,ok
B0036,78,24,1.724420729012913,1.8011007566288924,first_n_median,95.74260199859664,normal,,0,03706.csv,3706,192,3125.328,3.464870080840597,2.62514939238803,4.18290280302208,-1.980207910561322,-2.002006842786516,0.0007794104654733,30.621050708667628,23.55001276848148,35.82141559167005,12.271402823188573,245,ok
B0036,79,24,1.7214872814061166,1.8011007566288924,first_n_median,95.57973228706052,normal,,0,03708.csv,3708,194,3120.172,3.4658543618027586,2.628502877540015,4.183818903348512,-1.9800833052331595,-2.002435123952101,-0.0018689242947708,30.73760557478901,23.802368517349294,35.84687241575459,12.044503898405296,244,ok
B0036,80,24,1.7197448773569262,1.8011007566288924,first_n_median,95.4829912223101,normal,,0,03710.csv,3710,196,3116.641,3.463489697714707,2.619866867748,4.183839437859511,-1.980268967910438,-2.000876302512133,-0.0034961969893167,30.475687104433288,23.415512262900588,35.6948403215532,12.279328058652613,243,ok
B0036,81,24,1.7164304142145894,1.8011007566288924,first_n_median,95.29896691772092,normal,,0,03712.csv,3712,198,3110.844,3.4657104202129614,2.6612878285284127,4.183940441185628,-1.980057929657538,-2.001371004807907,-0.0020282970988756,30.665478038053948,23.64601820888219,35.819676472043525,12.173658263161336,242,ok
B0036,82,24,1.711202925329962,1.8011007566288924,first_n_median,95.00872835858492,normal,,0,03714.csv,3714,200,3101.406,3.4645909946616267,2.6699917743429817,4.184066892064025,-1.9800230190313004,-2.0017748549858165,-0.0034411191506008,30.48169086494209,23.507407936426883,35.629734084261784,12.122326147834901,241,ok
B0036,83,24,1.7102343231599222,1.8011007566288924,first_n_median,94.9549500140656,normal,,0,03718.csv,3718,204,3099.563,3.4629772764216105,2.6688661295694205,4.181908017913433,-1.9800140007357074,-2.0016093124428225,-0.0028923461324505,30.501790386236014,23.4688262073781,35.66196676336087,12.193140555982772,240,ok
B0036,84,24,1.713096882151029,1.8011007566288924,first_n_median,95.11388387607036,normal,,0,03720.csv,3720,206,3104.64,3.4616288821771044,2.6222751020303923,4.1838810012271175,-1.980072672691808,-2.000651458121082,-0.0040076930978587,30.48295279202987,23.435517106060782,35.75183992747387,12.316322821413085,240,ok
B0036,85,24,1.7103708617208135,1.8011007566288924,first_n_median,94.96253085374872,normal,,0,03722.csv,3722,208,3099.875,3.4628964155593924,2.643376209522438,4.183938680731157,-1.9799210298032588,-2.001660451447316,-0.003629720342359,30.592002581671938,23.660746588520688,35.77783462667514,12.11708803815445,239,ok
B0036,86,24,1.7064617296121434,1.8011007566288924,first_n_median,94.7454895752815,normal,,0,03724.csv,3724,210,3093.25,3.4611295820153054,2.6362266436030413,4.183997413375148,-1.9796449702564978,-2.0021616961773727,-0.0006243787020377,30.424569049276556,23.341986399299063,35.713721223369035,12.371734824069971,238,ok
B0036,87,24,1.7029429979110946,1.8011007566288924,first_n_median,94.55012395300312,normal,,0,03726.csv,3726,212,3086.688,3.4632231738970973,2.6753943315026825,4.183680554471844,-1.9797208473969017,-2.003300958949492,-0.0023388287273444,30.570652220376168,23.54622898059731,35.725860691702124,12.179631711104815,237,ok
B0036,88,24,1.7072612643840062,1.8011007566288924,first_n_median,94.78988102694905,normal,,0,03730.csv,3730,216,3094.281,3.4594353969848526,2.626280067476453,4.182869408506432,-1.9798193556242383,-2.000588867008761,-0.0021733468925487,30.460459721443804,23.334482034397343,35.768527567848494,12.434045533451151,237,ok
B0036,89,24,1.7038637196766078,1.8011007566288924,first_n_median,94.60124390074198,normal,,0,03732.csv,3732,218,3088.328,3.4619323762511636,2.6699754309728454,4.18373987583806,-1.9796708243361156,-2.0009417894069323,-0.0009222301194144,30.547691944309644,23.46007919041173,35.84926876193408,12.389189571522348,236,ok
B0036,90,24,1.7079617948422274,1.8011007566288924,first_n_median,94.82877560048377,normal,,0,03734.csv,3734,220,3095.687,3.4640211108291785,2.6485692977117936,4.183750461912779,-1.9796986341756921,-2.0016782403661075,-0.0047761334836207,31.189572257243857,24.024871409762568,36.56783936040424,12.542967950641675,236,ok
B0036,91,24,1.711302283362779,1.8011007566288924,first_n_median,95.01424487577316,normal,,0,03736.csv,3736,222,3102.062,3.4674082899150322,2.652784779103966,4.183786894340978,-1.9795447080949824,-2.000349526256562,-0.0024605619526676,31.8980817857202,24.80543230121374,37.22026804863562,12.414835747421876,236,ok
B0036,92,24,1.714122057472244,1.8011007566288924,first_n_median,95.17080325259283,normal,,0,03738.csv,3738,224,3107.141,3.467669094088933,2.61112320884266,4.183945554245884,-1.979462057529197,-2.000050219919945,-0.0030759705658622,32.32306890954346,25.65915220022702,37.24354714231705,11.584394942090029,236,ok
B0036,93,24,1.7053324925701605,1.8011007566288924,first_n_median,94.68279252527878,normal,,0,03742.csv,3742,228,3090.719,3.4590063160949422,2.6171931724123265,4.182910559206333,-1.979668515306621,-2.002235017468337,-0.0007540310103105,30.83436798904695,23.84060461795071,36.101954503621805,12.261349885671095,234,ok
B0036,94,24,1.6934609472531408,1.8011007566288924,first_n_median,94.02366530691928,normal,,0,03744.csv,3744,230,3069.812,3.4580229191527696,2.6630699292303373,4.183616020558508,-1.9792552718561547,-2.0029223930258224,-0.0032963368283269,30.287043848864634,23.221692679840743,35.590895284221084,12.369202604380341,232,ok
B0036,95,24,1.6905244127230223,1.8011007566288924,first_n_median,93.860624204454,normal,,0,03746.csv,3746,232,3064.437,3.4563349020618155,2.659720848238619,4.1835063699815285,-1.9792443099751138,-2.001361539543119,-0.0027089901018091,30.072000414523774,22.97359506516038,35.41708929698686,12.443494231826477,231,ok
B0036,96,24,1.7007774858498304,1.8011007566288924,first_n_median,94.42989125345566,normal,,0,03748.csv,3748,234,3083.25,3.460450149170936,2.6273527452578365,4.1862295732164165,-1.9791194191351382,-2.0008765508581288,-0.005557317484979,31.093661069729663,23.74244827227352,36.54228598490352,12.799837712630001,232,ok
B0036,97,24,1.6971104467944576,1.8011007566288924,first_n_median,94.22629136922508,normal,,0,03750.csv,3750,236,3076.484,3.463960681885895,2.679397409659904,4.183727110735532,-1.9791613878366452,-2.00062745119498,-0.0045419022944025,31.60762351123511,24.28894167306704,37.06815080209899,12.779209129031951,231,ok
B0036,98,24,1.6997924522951835,1.8011007566288924,first_n_median,94.37520061213417,normal,,0,03754.csv,3754,240,3081.297,3.4630674142567415,2.6638409912727004,4.182211079560967,-1.979091763193608,-2.002252540622426,-0.0030068529543121,31.68782676208534,24.805322638103345,36.82684422999281,12.021521591889464,230,ok
B0036,99,24,1.691270477395412,1.8011007566288924,first_n_median,93.90204691052104,normal,,0,03756.csv,3756,242,3065.953,3.456673276206162,2.638750759665419,4.183505107711148,-1.9790766827277793,-2.002183949867592,-0.0042730279709984,30.64130472367544,23.657995953412048,35.92988720620677,12.271891252794724,229,ok
B0036,100,24,1.6857127009469863,1.8011007566288924,first_n_median,93.59347025660702,normal,,0,03758.csv,3758,244,3055.828,3.455027058159508,2.6521564133104056,4.183301376056718,-1.979038060944376,-2.001526634621741,-0.001943993446773,30.35775664232519,23.208814738328577,35.781290058222865,12.572475319894288,228,ok
B0036,101,24,1.6832093771286156,1.8011007566288924,first_n_median,93.4544817070127,normal,,0,03760.csv,3760,246,3051.468,3.4563883170293215,2.6736629264226712,4.183248853903273,-1.9788327303856927,-2.0011249665699338,-0.00199887680676,30.46760275047683,23.311978085092868,35.83938701624516,12.527408931152294,227,ok
B0036,102,24,1.692886364169521,1.8011007566288924,first_n_median,93.99176353343412,normal,,0,03762.csv,3762,248,3069.0,3.462072409842235,2.665966871855665,4.183494017304386,-1.9788745442826565,-2.0009993271431443,-0.0004738434346515,31.690335464880064,24.450687551804663,37.17156479403066,12.720877242225995,228,ok
B0036,103,24,1.6984668174144633,1.8011007566288924,first_n_median,94.30159923942688,normal,,0,03766.csv,3766,252,3079.235,3.466006130026554,2.6818321771597287,4.181646831165721,-1.978798117850308,-2.0019187157474807,-0.0019848066777768,32.58002111430288,25.50907751971739,37.84191340591018,12.332835886192786,228,ok
B0036,104,24,1.6935813413828429,1.8011007566288924,first_n_median,94.03034978191376,normal,,0,03768.csv,3768,254,3070.344,3.4601239314707923,2.6354438765341697,4.183467994187793,-1.9788051627908365,-2.0007727144601377,-0.0043213062592026,31.69291039725797,24.7925097645142,36.94021929474592,12.147709530231722,227,ok
B0036,105,24,1.6830951253781283,1.8011007566288924,first_n_median,93.44813826675448,normal,,0,03770.csv,3770,256,3051.4839999999967,3.453593464720813,2.633581331346773,4.1834014802387,-1.978575532876541,-2.000751773750977,-0.0033340496688171,30.60840039029274,23.5892157742052,35.979852438003704,12.390636663798503,225,ok
B0036,106,24,1.6850462226942986,1.8011007566288924,first_n_median,93.55646631608704,normal,,0,03772.csv,3772,258,3054.812,3.4519795194744436,2.6164895194312585,4.18648088216282,-1.9787606413982344,-2.001600027914263,-0.0027260749270207,30.399652022711006,23.19246986040044,35.91143435448471,12.718964494084272,225,ok
B0036,107,24,1.6803098840017598,1.8011007566288924,first_n_median,93.2934972026098,normal,,0,03774.csv,3774,260,3046.532,3.454434064432584,2.662037646915503,4.18650094380192,-1.9785255298300461,-2.002715175952081,-0.004967540283571,30.547315574796166,23.35262786120078,36.0224357923641,12.66980793116332,224,ok
B0036,108,24,1.6944038437227715,1.8011007566288924,first_n_median,94.0760164297624,normal,,0,03778.csv,3778,264,3071.782,3.4638257834252806,2.670589438884728,4.182814594549196,-1.978665881852144,-2.0021347290579303,-0.0032333175700642,32.47851626978816,25.55119070794383,37.65075812929836,12.099567421354529,225,ok
B0036,109,24,1.6955686127180103,1.8011007566288924,first_n_median,94.14068627074448,normal,,0,03780.csv,3780,266,3074.532,3.4669219935055278,2.668638829617292,4.183640043729965,-1.978303548943712,-1.9999099102761289,-0.0019410976716811,33.085111849545555,26.190517564702997,38.27191158762031,12.081394022917312,225,ok
B0036,110,24,1.6841854728350405,1.8011007566288924,first_n_median,93.50867610467938,normal,,0,03782.csv,3782,268,3053.656,3.4626538753824714,2.6931351824491827,4.1835457131046185,-1.9783071872539106,-2.002549456337823,-0.0009657742279999,32.12056072268224,25.297939254657077,37.26845925037034,11.970519995713264,223,ok
B0036,111,24,1.6722180144870118,1.8011007566288924,first_n_median,92.84422364115213,normal,,0,03784.csv,3784,270,3031.953,3.4554390863736857,2.6913462011853904,4.183400261585032,-1.978252788411394,-2.001711879687912,-0.0031204605903022,30.90915966232928,23.88766002302783,36.23919416621716,12.35153414318933,221,ok
B0036,112,24,1.6675976965747183,1.8011007566288924,first_n_median,92.58769618729988,normal,,0,03786.csv,3786,272,3023.5,3.453636642746737,2.6988025346836504,4.183219724741507,-1.9782840417249774,-2.001654493324268,-0.0038189754391683,30.586499493516442,23.46091272019914,35.989930424393194,12.529017704194054,220,ok
B0036,113,24,1.6781873787039017,1.8011007566288924,first_n_median,93.17565230747852,normal,,0,03790.csv,3790,276,3042.703,3.453072475453234,2.6523436778902467,4.182242945113323,-1.978213800283229,-2.0002866611264074,-0.0017572444489996,31.078305845971443,23.65385210161776,36.752805224654765,13.098953123037006,220,ok
B0036,115,24,1.6913403148932205,1.8011007566288924,first_n_median,93.90592440030342,normal,,0,03796.csv,3796,282,3066.766,3.466145279289297,2.6565288043863395,4.181498148571605,-1.9781440584613479,-2.0014196256892336,-0.0001811796778301,32.26010764297862,25.485015028975592,37.31224141481378,11.827226385838191,222,ok
B0036,116,24,1.6802787096613283,1.8011007566288924,first_n_median,93.29176635327688,normal,,0,03798.csv,3798,284,3046.125,3.4640146950069006,2.680162151919943,4.183547797387942,-1.978460059457357,-2.001357263558416,-0.0010211685513373,31.42619925446257,24.536217553074003,36.59740421257035,12.06118665949635,220,ok
B0036,117,24,1.673147301023026,1.8011007566288924,first_n_median,92.89581911867296,normal,,0,03800.csv,3800,286,3033.625,3.4626259258314476,2.686423419926791,4.183620162153654,-1.9781834973907695,-2.0017591814515625,-0.0024966397016684,31.20956154006514,24.30375532630907,36.44126696853565,12.137511642226581,219,ok
B0036,118,24,1.6704292090032429,1.8011007566288924,first_n_median,92.74490629440264,normal,,0,03802.csv,3802,288,3028.562,3.4609363258654184,2.672431142055385,4.183446864929328,-1.9781633628014599,-2.001103261123144,-0.0005521842606962,31.078110221174402,24.149625651831865,36.32670051789851,12.177074866066643,218,ok
B0036,119,24,1.6659903350115992,1.8011007566288924,first_n_median,92.49845289776134,normal,,0,03804.csv,3804,290,3020.984,3.4616449511434926,2.690675565426353,4.183128389159035,-1.9778390299632154,-2.0028682109184794,-0.0018083512991288,31.053614094154142,24.11047746783248,36.29811998606583,12.187642518233346,217,ok
B0036,120,24,1.664241575272447,1.8011007566288924,first_n_median,92.40135895492024,normal,,0,03808.csv,3808,294,3017.391,3.46014320685645,2.697829479340451,4.180942847373935,-1.9780641124929104,-2.000358859987671,-0.0039979272394485,31.060532833540666,24.03644264099394,36.31566540517328,12.279222764179337,216,ok
B0036,121,24,1.6668450767774965,1.8011007566288924,first_n_median,92.54590953019856,normal,,0,03810.csv,3810,296,3022.14,3.4580980197093147,2.6506127411002423,4.182939031295494,-1.9780348126637537,-2.0016029724530995,-0.0025025601664729,30.97728291917627,23.98215698310198,36.31712206468977,12.33496508158779,216,ok
B0036,122,24,1.6594501560667536,1.8011007566288924,first_n_median,92.13533168309444,normal,,0,03812.csv,3812,298,3009.016,3.459389982444422,2.690672074169337,4.183242834674278,-1.9777931454666962,-2.001572594962202,-0.0006119110035916,30.93918723715448,23.93192130983737,36.228571111440864,12.296649801603493,215,ok
B0036,123,24,1.662412523067319,1.8011007566288924,first_n_median,92.29980704571156,normal,,0,03814.csv,3814,300,3014.672,3.455631406481116,2.62722492525996,4.183686841202558,-1.9775654046883246,-2.0029223519412267,-0.0015244830444558,30.926289651305336,23.916275195556413,36.35810336081934,12.44182816526293,214,ok
B0036,124,24,1.66035260832257,1.8011007566288924,first_n_median,92.18543727838082,normal,,0,03816.csv,3816,302,3010.703,3.4549175745634897,2.6243035932050947,4.183358354217051,-1.9777096278151205,-2.0012842672903166,-0.0029032140060993,30.863054927475556,23.85422362012047,36.29901438256062,12.44479076244015,214,ok
B0036,125,24,1.6610231379633236,1.8011007566288924,first_n_median,92.22266615845794,normal,,0,03820.csv,3820,306,3011.75,3.4567232383364708,2.6669662761212,4.182728484057378,-1.977833418220376,-2.001199210852871,-0.0014710310351002,31.038017243387284,23.96717086274464,36.42868217427085,12.461511311526206,214,ok
B0036,126,24,1.6575187557321611,1.8011007566288924,first_n_median,92.02809724174053,normal,,0,03822.csv,3822,308,3005.734,3.4566056806279244,2.657342749492438,4.183421219857983,-1.977513435934886,-2.002800542011826,-0.0030488089250544,31.04050751190746,24.03491351977783,36.39664144336581,12.361727923587978,213,ok
B0036,127,24,1.6507877959674548,1.8011007566288924,first_n_median,91.6543835702575,normal,,0,03824.csv,3824,310,2993.75,3.457263997632369,2.6914302974482167,4.183196106021016,-1.9773123626836613,-2.000941324904744,-0.0008001800237581,30.957302786226403,23.933794489972804,36.31743524658528,12.383640756612479,212,ok
B0036,128,24,1.653257006211014,1.8011007566288924,first_n_median,91.7914780795164,normal,,0,03826.csv,3826,312,2998.125,3.4540018182289085,2.641029666264374,4.183209699462281,-1.9773999985000372,-2.000552819210372,-0.003019727840678,30.945276932009087,23.88250032193216,36.40596657880105,12.52346625686889,212,ok
B0036,129,24,1.6494214846772686,1.8011007566288924,first_n_median,91.57852377811884,normal,,0,03828.csv,3828,314,2990.859,3.454729708764956,2.6663067674348446,4.183138406019062,-1.9775454272489617,-2.0053749047084093,-0.0018854037312985,30.888914324823496,23.848900090304696,36.28093983069052,12.432039740385825,211,ok
B0036,130,24,1.6678591915666705,1.8011007566288924,first_n_median,92.6022148082593,normal,,0,03832.csv,3832,318,3024.453,3.4602322781016106,2.652024511951085,4.182486390609512,-1.977556174123632,-2.001066605318924,-0.0020680080163753,32.321489418619095,25.077183710470603,37.95295717388789,12.875773463417286,213,ok
B0036,131,24,1.670862764324967,1.8011007566288924,first_n_median,92.76897798057168,normal,,0,03834.csv,3834,320,3030.765,3.4653467037084007,2.650846498933422,4.183464386226038,-1.9769835735935626,-2.002186569861677,-0.0023996198522401,33.23510488083581,26.42733491449977,38.41829396059596,11.99095904609619,213,ok
B0036,132,24,1.6658118164053368,1.8011007566288924,first_n_median,92.48854125869256,normal,,0,03836.csv,3836,322,3020.813,3.4612961227490118,2.636443131108017,4.1834582213062665,-1.9774113966642073,-2.0017749202505266,-0.0043835369334266,32.672384089467116,25.91192188569918,37.82488704281872,11.912965157119544,212,ok
B0036,133,24,1.6532998517617,1.8011007566288924,first_n_median,91.79385693314404,normal,,0,03838.csv,3838,324,2998.156,3.4568319834213184,2.6573768263158466,4.183218486473692,-1.9773199609696597,-2.000716988237041,-0.002298803142105,31.627875999689845,24.731201336850518,36.92206046060923,12.190859123758713,210,ok
B0036,134,24,1.6468787023528522,1.8011007566288924,first_n_median,91.43734442904258,normal,,0,03840.csv,3840,326,2986.766,3.4542748719327436,2.661750337550587,4.183226539078387,-1.9771073220010116,-2.001325557175692,-0.0013303278426566,31.234092745007935,24.183348644602077,36.61884081007243,12.43549216547035,209,ok
B0036,135,24,1.6718953249703756,1.8011007566288924,first_n_median,92.82630740212726,normal,,0,03844.csv,3844,330,3032.328,3.459039144301172,2.676647507144037,4.174285560234163,-1.9761775564887945,-2.001284732598154,-0.0019620289252411,31.95070753872921,24.797361685163395,37.26760229905419,12.470240613890795,199,ok
B0036,136,24,1.6807743463585727,1.8011007566288924,first_n_median,93.31928489689084,normal,,0,03848.csv,3848,334,3047.703,3.466556169993412,2.683234032060573,4.181276067644604,-1.9775382652377456,-2.008795403935178,-0.0015259772825198,32.94223311807837,25.87778521308508,38.25722659181597,12.379441378730892,212,ok
B0036,137,24,1.6737717086703074,1.8011007566288924,first_n_median,92.930487231769,normal,,0,03850.csv,3850,336,3034.968,3.4591810827626084,2.622356052772389,4.18302191595724,-1.977527154273711,-2.0031957722825595,-0.0028642591518349,31.941852555671353,25.11699860570447,37.22999793294153,12.112999327237059,211,ok
B0036,138,24,1.6605773762487392,1.8011007566288924,first_n_median,92.1979167537984,normal,,0,03852.csv,3852,338,3011.7339999999967,3.4577876655294553,2.6656468752025866,4.183316981130492,-1.976966455996094,-2.002178261848821,-0.0015053323805725,31.44720711271493,24.51381023129178,36.750095375605376,12.236285144313594,209,ok
B0036,139,24,1.655987781146086,1.8011007566288924,first_n_median,91.94309507956604,normal,,0,03854.csv,3854,340,3002.922,3.454417180570097,2.6416903037262225,4.183031434193402,-1.9771854714072983,-2.0011693562380435,-0.0038429179715728,31.12482497372082,24.24149688736979,36.46133969406453,12.219842806694736,208,ok
B0036,140,24,1.646862318389844,1.8011007566288924,first_n_median,91.43643476516354,normal,,0,03856.csv,3856,342,2986.718,3.4527482715790674,2.6595878021770023,4.182347238057592,-1.9768884059107226,-2.000533909313961,-0.0030488079854527,30.75545169222773,24.09094831485414,36.121581178683655,12.030632863829517,206,ok
B0036,141,24,1.6574621175432849,1.8011007566288924,first_n_median,92.02495259873996,normal,,0,03860.csv,3860,346,3006.203,3.460599249296477,2.687257575540443,4.181133837276345,-1.9767960110088922,-2.0017889891565974,-0.0011704315649406,32.32491302674166,25.751254773128128,37.62901534109348,11.87776056796535,207,ok
B0036,142,24,1.6603991175216894,1.8011007566288924,first_n_median,92.1880195436399,normal,,0,03862.csv,3862,348,3011.609,3.463474146193779,2.6749338603361448,4.18258237874211,-1.9766590715947012,-2.002031476486703,-0.0010409585022826,32.9527098749988,26.42231250462465,38.17206500603514,11.74975250141049,207,ok
B0036,143,24,1.6460789092837111,1.8011007566288924,first_n_median,91.39293863629624,normal,,0,03864.csv,3864,350,2985.953,3.458931693641407,2.6883490982654625,4.182469644453435,-1.9763441035961147,-2.00172153934365,-0.0041704094001706,31.963338156822644,25.54974799891278,37.0744174656725,11.524669466759718,205,ok
B0036,144,24,1.6408366462659327,1.8011007566288924,first_n_median,91.1018797936144,normal,,0,03866.csv,3866,352,2976.312999999994,3.4515443093644445,2.6341133806914536,4.182289875103196,-1.976398819741924,-2.000574694144919,-0.0023119550613622,31.192560893948695,24.61584576794527,36.55596040748888,11.940114639543612,204,ok
B0036,145,24,1.63444089202816,1.8011007566288924,first_n_median,90.74677727010295,normal,,0,03868.csv,3868,354,2964.75,3.451340191696518,2.6535520046660226,4.182381246517502,-1.9763560129084317,-2.0014919406194838,-0.0035314589379686,31.011896164180595,24.26140709640571,36.35822055804636,12.096813461640654,203,ok
B0036,146,24,1.6374039186504212,1.8011007566288924,first_n_median,90.9112892559736,normal,,0,03872.csv,3872,358,2969.953,3.4541105051819967,2.682065697865543,4.18080325573756,-1.9764726236625383,-2.001201969879881,-0.0015601440410522,31.59342641124915,24.684444542047743,37.04815005782166,12.363705515773916,203,ok
B0036,147,24,1.64738207540524,1.8011007566288924,first_n_median,91.46529250749045,normal,,0,03874.csv,3874,360,2988.453,3.456542656900933,2.623022825320866,4.18244856617256,-1.9761971299509842,-2.000826197482675,-0.002970810119388,32.451352345308976,25.816866325416918,37.78142773101782,11.964561405600904,204,ok
B0036,148,24,1.6545646441622357,1.8011007566288924,first_n_median,91.86408023386058,normal,,0,03876.csv,3876,362,3001.235,3.462836576734922,2.638877668106794,4.182854046942437,-1.9764358998879015,-2.0019806638375117,-0.0020907788648273,33.70907658061942,26.755245728305425,38.98412239569435,12.228876667388924,205,ok
B0036,149,24,1.640896560729935,1.8011007566288924,first_n_median,91.10520634065968,normal,,0,03878.csv,3878,364,2976.234,3.455642847223531,2.6345026369215763,4.182728439067422,-1.9764723723079625,-2.001594188579669,-0.0031137480951454,32.3628652503866,25.580751385885005,37.65911041193654,12.078359026051533,203,ok
B0036,150,24,1.6265229979339637,1.8011007566288924,first_n_median,90.30716310276364,normal,,0,03880.csv,3880,366,2950.39,3.453765407751183,2.6856425973144904,4.182876278594965,-1.9762622330108464,-2.0004095548319234,-0.0030006636295462,31.558941182174713,24.616276565969724,36.92167189475025,12.305395328780524,201,ok
B0036,151,24,1.6217349144630455,1.8011007566288924,first_n_median,90.04132103627758,normal,,0,03884.csv,3884,370,2941.719,3.4500406564088526,2.68786797873656,4.180649883777921,-1.9761878164815234,-2.000900382690503,-0.0029080857736414,31.135887556686384,24.0965294768098,36.59954969750561,12.50302022069581,200,ok
B0036,152,24,1.6248200059639546,1.8011007566288924,first_n_median,90.21261025980128,normal,,0,03886.csv,3886,372,2946.969,3.447400483446299,2.6302060684262494,4.182879997125387,-1.976390548245151,-2.0016097915484665,-0.0031118252397211,31.04112225235265,23.94058877670859,36.62217023847058,12.68158146176199,200,ok
B0036,153,24,1.61880119736137,1.8011007566288924,first_n_median,89.87843636195394,normal,,0,03888.csv,3888,374,2936.171,3.449026045033965,2.6641914790243417,4.182616597040702,-1.9763256382870515,-2.0020912722122786,-0.0025608664380762,31.054879323980543,23.999137351199927,36.59089881260896,12.591761461409035,199,ok
B0036,154,24,1.6137350490334217,1.8011007566288924,first_n_median,89.59715568904863,normal,,0,03890.csv,3890,376,2927.281,3.450376630404453,2.689303373660729,4.182506766966863,-1.975971961224962,-2.001445817763721,0.0007789786857402,31.10833607101402,24.08150574103411,36.59234456560626,12.51083882457215,198,ok
B0036,155,24,1.612012823654141,1.8011007566288924,first_n_median,89.50153497638489,normal,,0,03892.csv,3892,378,2924.422,3.447000121773302,2.65147651386545,4.182535478785295,-1.9758050203647282,-2.000167970309902,0.0004392437380041,30.944663670795183,23.898748408422797,36.48018480302178,12.581436394598981,197,ok
B0036,156,24,1.6671032556887178,1.8011007566288924,first_n_median,92.56024403704228,normal,,0,03896.csv,3896,382,3023.859,3.4669760884346075,2.6896892125914618,4.1690491680104165,-1.9763325577592548,-2.003950808278935,-0.0008371923327228,32.6791979812127,25.52595713846892,38.23567263982747,12.709715501358549,203,ok
B0036,157,24,1.6850133383886254,1.8011007566288924,first_n_median,93.55464052674394,normal,,0,03900.csv,3900,386,3056.172,3.4736386683731344,2.6628469651561684,4.181271830692525,-1.9764828677632524,-2.0015010947067746,-0.0014894364732493,33.03296653786076,26.480844385435898,37.930952706812825,11.450108321376927,205,ok
B0036,158,24,1.6786654987614698,1.8011007566288924,first_n_median,93.20219829918987,normal,,0,03902.csv,3902,388,3045.078,3.467958204671299,2.626900680068646,4.1830606408887965,-1.9762113672371753,-1.9999016673464969,-0.0040983584981171,32.14080730031082,25.44849328171353,37.19257582780181,11.74408254608828,204,ok
B0036,159,24,1.6729763502191373,1.8011007566288924,first_n_median,92.8863276561182,normal,,0,03904.csv,3904,390,3034.25,3.4632760700749996,2.6081515730092875,4.182456210343196,-1.976450670496227,-2.000618099416812,-0.0016991841945674,31.54659714469647,24.73353722031328,36.76201438343683,12.028477163123547,203,ok
B0036,160,24,1.666489034299654,1.8011007566288924,first_n_median,92.52614148132444,normal,,0,03906.csv,3906,392,3022.609,3.4628276335315356,2.635733198142088,4.182764774519028,-1.976336702286546,-2.003239061725877,-0.0009205007233992,31.32211217550974,24.45996796354211,36.54833629882202,12.088368335279913,202,ok
B0036,161,24,1.6698420840710908,1.8011007566288924,first_n_median,92.7123081773905,normal,,0,03908.csv,3908,394,3028.828,3.4646012546935614,2.629018498984386,4.183320176415955,-1.9761771069613194,-2.002639753916218,5.250120440164863e-05,31.944476209251814,24.83899714715284,37.37954300419149,12.540545857038651,202,ok
B0036,162,24,1.6746744228027035,1.8011007566288924,first_n_median,92.98060736686269,normal,,0,03912.csv,3912,398,3037.875,3.467937221948995,2.6266603184816235,4.180963257164536,-1.9760041905736137,-2.003823480038933,-0.001012742397909,32.95970790517297,26.090290835837656,38.17965570439169,12.089364868554036,202,ok
B0036,163,24,1.6665045335145643,1.8011007566288924,first_n_median,92.5270020225714,normal,,0,03914.csv,3914,400,3023.187,3.462497796397771,2.602450788874241,4.182710427278442,-1.975873938296025,-2.0015896507781563,-0.0007372799377547,31.94954978552722,25.36250476506597,37.06880928199277,11.7063045169268,200,ok
B0036,164,24,1.652222084834727,1.8011007566288924,first_n_median,91.73401758639976,normal,,0,03916.csv,3916,402,2996.922,3.4597555835668237,2.662872873818505,4.182466447324255,-1.976044015388604,-2.0013924851522065,-0.0019442928063618,31.016509562928245,24.102557617438656,36.3207199175235,12.218162300084842,199,ok
B0036,165,24,1.6462718275099526,1.8011007566288924,first_n_median,91.4036497653395,normal,,0,03918.csv,3918,404,2986.469,3.4575027462160053,2.6641259048235493,4.182351343336321,-1.9757551706068877,-2.00099190176043,-0.0030023031428759,30.717850318637232,23.71117850596633,36.10688426616758,12.395705760201253,198,ok
B0036,166,24,1.642399234692521,1.8011007566288924,first_n_median,91.18863720687054,normal,,0,03920.csv,3920,406,2979.219,3.4593887120996203,2.6980994427054057,4.182757605057146,-1.9758263113357128,-2.000855609900936,-0.0002785761550558,30.879779806825745,23.74485238540804,36.31248307899438,12.567630693586342,197,ok
B0036,167,24,1.651178607099992,1.8011007566288924,first_n_median,91.67608203055178,normal,,0,03924.csv,3924,410,2995.047,3.459697403340653,2.649240292513478,4.180861110367055,-1.9759776263748132,-2.0021284907747647,-0.0005096135001277,31.650221324336044,24.590294260015632,37.07549861586275,12.485204355847117,198,ok
B0036,168,24,1.6481683120281931,1.8011007566288924,first_n_median,91.50894562462226,normal,,0,03926.csv,3926,412,2989.828,3.464129590458387,2.691344905562854,4.182794520703595,-1.9757190023217348,-2.000822145661288,-0.0032974206774092,32.06625589927076,25.086817061257825,37.414877687125575,12.32806062586775,197,ok
B0036,169,24,1.6478887725428395,1.8011007566288924,first_n_median,91.4934251444756,normal,,0,03928.csv,3928,414,2989.391,3.460169463632063,2.6312837349184783,4.182556061512275,-1.975704650691821,-2.0017549416670004,0.0001796546715131,31.895952062496796,25.19916169623783,37.09639528593206,11.897233589694231,197,ok
B0036,170,24,1.635843650915682,1.8011007566288924,first_n_median,90.82466069124744,normal,,0,03930.csv,3930,416,2967.2810000000027,3.4561756716228116,2.6584363442335084,4.182810830291452,-1.9757629054586399,-2.000542886554803,-0.0022731191807438,30.985495506316067,24.061942151606782,36.36605166703309,12.304109515426308,195,ok
B0036,171,24,1.6332362811945516,1.8011007566288924,first_n_median,90.67989534641409,normal,,0,03932.csv,3932,418,2962.609,3.452053305545746,2.623199819387988,4.182635286848819,-1.9757208321303017,-2.001933129636368,-0.0045015903300775,30.72140290899611,23.691777590949798,36.234238027710575,12.542460436760777,195,ok
B0036,172,24,1.629926467682987,1.8011007566288924,first_n_median,90.4961291967757,normal,,0,03936.csv,3936,422,2957.016,3.4498706612134633,2.633671931011382,4.180865480888278,-1.9753838232885894,-2.000836252082105,-0.0036397116383007,30.525764579406868,23.39948513363078,36.13330283566238,12.733817702031597,194,ok
B0036,173,24,1.6387862629287224,1.8011007566288924,first_n_median,90.9880392253028,normal,,0,03938.csv,3938,424,2973.281,3.4562888987795763,2.613160298710749,4.182371604193263,-1.9753747226034408,-2.0005565957229483,-0.0010630342319161,31.861104818689885,24.791288522389895,37.40631592104371,12.615027398653819,195,ok
B0036,174,24,1.6359654863840771,1.8011007566288924,first_n_median,90.83142519167568,normal,,0,03940.csv,3940,426,2968.016,3.4606240664312637,2.664776371262019,4.182870580087216,-1.9753588071492805,-2.001606404211715,-0.0007685296487351,32.31201872670814,25.34874315954792,37.77076533558071,12.422022176032794,194,ok
B0036,175,24,1.631137043967566,1.8011007566288924,first_n_median,90.5633423318612,normal,,0,03942.csv,3942,428,2959.281,3.456019242182233,2.632939371611515,4.1827611176443975,-1.975257971644178,-1.999731674892746,-0.0028543974289036,31.79301024802491,25.01914314738702,37.14813436098321,12.128991213596187,193,ok
B0036,176,24,1.6220189720888465,1.8011007566288924,first_n_median,90.05709237082151,normal,,0,03944.csv,3944,430,2942.797000000006,3.450712115143618,2.628283415842944,4.182395237195288,-1.9752191259041323,-2.0012097377908966,-0.0015357841271437,31.01748043918613,24.04607328305981,36.53239990681521,12.4863266237554,192,ok
B0036,177,24,1.6416044978422155,1.8011007566288924,first_n_median,91.1445121434958,normal,,0,03948.csv,3948,434,2978.89,3.457628617948717,2.638269533539896,4.174632559195338,-1.974872083562542,-1.9999922943569637,-0.0033089380262914,32.52627247756125,25.605066892024084,37.81511547301817,12.210048580994084,194,ok
B0036,178,24,1.6253090231457803,1.8011007566288924,first_n_median,90.23976127731244,normal,,0,03952.csv,3952,438,2948.891,3.453055943057908,2.666855394758346,4.180584396863127,-1.9750892690302664,-2.00062580916902,-0.0014955979453696,30.971239918679984,23.948538947503835,36.404593910301536,12.456054962797701,192,ok
B0036,179,24,1.6196134522239485,1.8011007566288924,first_n_median,89.92353405344005,normal,,0,03954.csv,3954,440,2938.547,3.450668341610227,2.645771603606621,4.182361662503121,-1.9750429933939881,-2.0014979554620878,-0.003690534190557,30.76463270446893,23.695424055229687,36.31178502135717,12.61636096612748,191,ok
B0036,180,24,1.6124236174774371,1.8011007566288924,first_n_median,89.52434290768936,normal,,0,03956.csv,3956,442,2925.484,3.450902810317066,2.6749192828697232,4.1825612222864805,-1.9749799926549043,-2.0001940144005674,-0.003230829878985,30.660177115279623,23.590840566457,36.180551238597374,12.589710672140374,190,ok
B0036,181,24,1.6077701029913394,1.8011007566288924,first_n_median,89.265972326867,normal,,0,03958.csv,3958,444,2917.297,3.4500594839606094,2.6772635289500464,4.18253016588314,-1.9747546184485705,-2.001710053938121,0.0022762121368579,30.586674094126863,23.53886307350785,36.10348020899565,12.564617135487797,189,ok
B0036,182,24,1.6088077531981582,1.8011007566288924,first_n_median,89.32358432902734,normal,,0,03960.csv,3960,446,2918.938,3.449110812692783,2.651409246777448,4.1821683496152,-1.9749280525665507,-2.001450125981973,9.414651952537692e-05,30.83253477381729,23.77839028946409,36.39815845242428,12.619768162960192,189,ok
B0036,183,24,1.6083556258734268,1.8011007566288924,first_n_median,89.2984814954925,normal,,0,03964.csv,3964,450,2918.25,3.4458169090139847,2.6359845840555653,4.180085195716553,-1.9747449903353,-2.0003216371109183,-0.0031374798441234,30.68860522383244,23.5423470621367,36.34867749615663,12.806330434019934,188,ok
B0036,184,24,1.606820251901154,1.8011007566288924,first_n_median,89.213235072347,normal,,0,03966.csv,3966,452,2915.4839999999967,3.4453799620249113,2.6203632515294,4.18247008024948,-1.9747270429184276,-2.000496172241536,-0.0014564852965377,30.620490468656016,23.518786512911756,36.30340414585353,12.784617632941771,188,ok
B0036,185,24,1.601770977206713,1.8011007566288924,first_n_median,88.93289125061146,normal,,0,03968.csv,3968,454,2906.015,3.445133112798374,2.6353503124760125,4.182402126830995,-1.9748519715505966,-2.000440096213439,-0.002270068460296,30.598226708173872,23.47888485326248,36.26566178605087,12.786776932788392,187,ok
B0036,186,24,1.594911734692208,1.8011007566288924,first_n_median,88.55205511530588,normal,,0,03970.csv,3970,456,2894.14,3.4458558996634645,2.665160202735034,4.182271283338991,-1.9743987343803497,-2.002385208107432,-0.0037513954755897,30.522404975221356,23.39662363977643,36.17313667131571,12.776513031539281,186,ok
B0036,187,24,1.5938139125387372,1.8011007566288924,first_n_median,88.49110227025096,normal,,0,03972.csv,3972,458,2892.031,3.4444897117952333,2.6439462094074133,4.182247103438741,-1.9743953769070435,-2.000686110880547,-0.0006192413144748,30.572012594415884,23.49715874641186,36.20038317528244,12.70322442887058,185,ok
B0036,188,24,1.5920273129504596,1.8011007566288924,first_n_median,88.39190739835378,normal,,0,03976.csv,3976,462,2888.719,3.4452529094036595,2.680823910703161,4.182668785784587,-1.9745565504466334,-2.001943170893987,-0.0018800532779207,30.525594309542488,23.384507843620888,36.12974352283867,12.745235679217785,185,ok
B0036,189,24,1.5847361549778751,1.8011007566288924,first_n_median,87.98709062473633,normal,,0,03978.csv,3978,464,2875.641,3.4433682977623126,2.6584332895177942,4.182325389472558,-1.9743485288471663,-2.000646231962556,-0.0023929488624675,30.460152624234137,23.33389160673618,36.15128962766672,12.81739802093054,184,ok
B0036,190,24,1.5763429363936798,1.8011007566288924,first_n_median,87.52108568007655,normal,,0,03980.csv,3980,466,2860.7810000000027,3.444044633354945,2.68581364438656,4.181890851070748,-1.9740794817151763,-2.0006735329251524,-0.0014623570581874,30.42634729502671,23.310385140399045,36.06503580876304,12.754650668363997,183,ok
B0036,191,24,1.5720229174642286,1.8011007566288924,first_n_median,87.28123130693548,normal,,0,03982.csv,3982,468,2852.844,3.4436657042772842,2.686590802386354,4.1819812339971225,-1.9739791964844613,-2.000079772723629,-0.000861565175127,30.477932880980596,23.35165903463095,36.12802521407918,12.776366179448232,182,ok
B0036,192,24,1.5729874285512353,1.8011007566288924,first_n_median,87.33478250796945,normal,,0,03984.csv,3984,470,2854.64,3.4414697554582165,2.656968060548768,4.182031710997783,-1.9739892815959978,-2.00109190486848,-0.0018305771025404,30.473709628947084,23.28005395267094,36.26774799217623,12.987694039505293,182,ok
B0036,193,24,1.596985400389019,1.8011007566288924,first_n_median,88.66718835752894,normal,,0,03988.csv,3988,474,2897.844,3.4563046908197936,2.676038889381632,4.1803143719336,-1.9743635806531243,-2.0025068680909213,-0.0037600574303138,33.14386747805384,26.389386766495186,38.43630283495838,12.046916068463197,184,ok
B0036,194,24,1.595726023703856,1.8011007566288924,first_n_median,88.59726574600775,normal,,0,03990.csv,3990,476,2896.063,3.452089547010762,2.6188084347235887,4.182098322143219,-1.9739686530082492,-2.0019322952392344,-0.0029516203780227,32.934539010545976,26.030348585874783,38.52063845392343,12.490289868048649,184,ok
B0036,195,24,1.579500338340559,1.8011007566288924,first_n_median,87.69638969542709,normal,,0,03992.csv,3992,478,2866.234,3.4477573593842226,2.645949573946669,4.182097383940862,-1.9740791048008222,-1.999949850664628,-0.0021436476173649,31.954024468442526,25.061429711988,37.489412293667954,12.427982581679952,182,ok
B0036,196,24,1.5629469877520186,1.8011007566288924,first_n_median,86.77732114650685,normal,,0,03994.csv,3994,480,2836.609,3.4451953986146564,2.6883439532038187,4.181667072254369,-1.973680146390149,-2.000910525563825,-0.0044825735905738,31.19189073934152,24.1698569125778,36.78751789975617,12.617660987178368,180,ok
B0036,197,24,1.5591129431541175,1.8011007566288924,first_n_median,86.56444884695392,normal,,0,03996.csv,3996,482,2829.516,3.4432584336378484,2.67894320816739,4.182118777318184,-1.9737323749924904,-2.0009899510970475,-0.0024811523923965,30.99297651094941,23.931898582036837,36.62637340717898,12.694474825142144,179,ok
B0038,1,24,0.8980573709676724,1.0613249847591086,first_n_median,84.61662392424564,normal,,0,02291.csv,2291,0,982.938,2.883239659655731,2.1981645845929387,4.053116638334503,-3.952127452371893,-4.035077323306341,-0.0030103888131135,38.8265055747093,25.045828878659496,51.693778100061,26.647949221401507,104,ok
B0038,2,24,1.1026236331914077,1.0613249847591086,first_n_median,103.89123492100516,normal,,0,02295.csv,2295,4,1489.953,3.171331675099785,2.173538006790758,4.1851064801192095,-2.99722690705762,-4.032209213478597,-0.0002537687218058,40.496516738152486,26.196493190799377,51.136880141242045,24.94038695044267,156,ok
B0038,3,24,1.0885801879473431,1.0613249847591086,first_n_median,102.56803557624912,normal,,0,02297.csv,2297,6,1479.703,3.1803732612872655,2.191128315273502,4.18694152805074,-2.957884019744667,-4.0325975109048535,-0.0022272240870321,40.3082686076966,25.227701500387003,51.3517572303697,26.124055729982697,154,ok
B0038,4,24,1.0613249847591086,1.0613249847591086,first_n_median,100.0,normal,,0,02299.csv,2299,8,1468.172,3.2014600077361552,2.174928379064222,4.187310082648276,-2.890891500138237,-4.032449948762388,-0.0004141252425239,39.93347404849829,25.640112774955472,49.541551118224994,23.901438343269522,152,ok
B0038,5,24,1.0347062057983545,1.0613249847591086,first_n_median,97.491929489741,normal,,0,02301.csv,2301,10,1457.0,3.2011146598082543,2.162304775163232,4.185977695675653,-2.875691989787786,-4.032706809614358,-0.0019194298017491,39.949996492029705,25.752349228851504,49.94400434434952,24.19165511549802,150,ok
B0038,6,24,1.0269978594353013,1.0613249847591086,first_n_median,96.76563486050424,normal,,0,02303.csv,2303,12,1437.047,3.1928056969575156,2.1523889970129018,4.187105297284753,-2.899456239004,-4.0346441626746445,0.0017620786390275,40.03056196708513,25.941735119508724,50.47284162905345,24.531106509544724,146,ok
B0038,7,24,1.078501971098942,1.0613249847591086,first_n_median,101.61844737347177,normal,,0,02307.csv,2307,16,1170.531,3.0561380160526412,2.1947161370182617,4.18045914385637,-3.65723892716497,-4.031721347243717,-0.0005388688051485,39.44913263410249,25.583477326453725,49.83589725328242,24.252419926828694,119,ok
B0038,8,24,1.0638897478802845,1.0613249847591086,first_n_median,100.24165671759415,normal,,0,02311.csv,2311,20,1436.141,3.181450544509047,2.1463956973341785,4.183492564102866,-2.9674515029911404,-4.032751905126723,0.0012198322246428,40.058567746287395,25.519767465182188,50.058224679961086,24.538457214778898,144,ok
B0038,9,24,1.0366551223324425,1.0613249847591086,first_n_median,97.67556000462332,normal,,0,02313.csv,2313,22,1420.172,3.1927410490834576,2.1983669967426582,4.186120317256443,-2.9319888511060146,-4.0320532789938826,-0.0009508024211317,39.916070861462195,25.592470904914823,49.70254627455938,24.11007536964456,143,ok
B0038,10,24,1.030941327482094,1.0613249847591086,first_n_median,97.13719570222771,normal,,0,02315.csv,2315,24,1397.0,3.167665290347624,2.1858064268526136,4.185843165124554,-2.994495446145827,-4.032203977721678,-0.0014249040431507,40.27645391572808,25.91369561512289,51.35429552288885,25.440599907765957,140,ok
B0038,11,24,1.0140084541034655,1.0613249847591086,first_n_median,95.54174910276114,normal,,0,02317.csv,2317,26,1393.25,3.1781927267469925,2.151862863027953,4.185966509890458,-2.9580193436340854,-4.031826212038417,-0.000414012222447,40.1754669430076,25.84377597561884,50.44246795838984,24.598691982771,139,ok
B0038,12,24,1.008516095994519,1.0613249847591086,first_n_median,95.024248979065,normal,,0,02319.csv,2319,28,1380.938,3.1613474600189155,2.164578187429903,4.186351056855524,-3.001260117107958,-4.031995207198451,-0.0012602313332138,40.41336717515726,26.26427337557343,51.33205933952721,25.06778596395378,137,ok
B0039,1,24,0.1190383185934176,0.4711383364607152,first_n_median,25.266107506270263,normal,,1,01109.csv,1109,0,982.938,3.3780267772090253,2.4897962179516666,4.078325990995359,-1.7216522308231414,-3.9816536301725503,0.0045844489462088,34.70141183965182,24.62407997958134,41.68577610887712,17.061696129295782,104,ok
B0039,2,24,0.4729861500927512,0.4711383364607152,first_n_median,100.39220192649088,normal,,0,01113.csv,1113,4,1489.953,3.538833973977793,2.475664628588948,4.201433690744269,-1.3777686088249814,-3.9797908406119102,0.00149724352516,34.602296282226774,25.90310797459441,42.96184230643531,17.0587343318409,156,ok
B0039,3,24,0.1628079382920206,0.4711383364607152,first_n_median,34.55629179214457,normal,,1,01115.csv,1115,6,1479.703,3.5283987355327224,2.497942856856816,4.202601079177913,-1.3955410359909974,-3.979067055149875,0.0053671719560798,34.706915531211784,24.924715387115683,43.606076550083,18.68136116296732,154,ok
B0039,4,24,0.4787632853388766,0.4711383364607152,first_n_median,101.61840977226382,normal,,0,01117.csv,1117,8,1468.172,3.523734020299432,2.480114715641411,4.20285727861485,-1.414099580611061,-3.9790518292907846,0.0020694124552397,34.771517765327,25.40086734630603,43.90627471664096,18.50540737033493,152,ok
B0039,5,24,0.4711383364607152,0.4711383364607152,first_n_median,100.0,normal,,0,01119.csv,1119,10,1457.0,3.5290210250014034,2.4872303300157066,4.203125866428561,-1.406242060472347,-3.9782527352191823,0.0023722115018107,34.709560141583104,25.491662424245995,44.013774813837145,18.52211238959115,150,ok
B0039,6,24,0.4668172561120673,0.4711383364607152,first_n_median,99.08284255085064,normal,,0,01121.csv,1121,12,1437.047,3.528853302126734,2.489183697067473,4.203130606417118,-1.417553449529416,-3.9809499540372766,0.0018462175602695,34.65890294500357,25.669962904687367,42.92203104864584,17.252068143958475,146,ok
B0039,7,24,0.4699932676625547,0.4711383364607152,first_n_median,99.75695698915898,normal,,0,01125.csv,1125,16,1170.531,3.4540436783572668,2.498492440398465,4.199225453541231,-1.705386422586468,-3.978769669734932,0.0024750454687803,35.44499437757343,25.35868882034337,43.24542727979999,17.88673845945662,119,ok
B0039,8,24,0.4627052684317185,0.4711383364607152,first_n_median,98.2100654146832,normal,,0,01129.csv,1129,20,1436.141,3.53257704827921,2.4971812527928607,4.201734819728371,-1.409614813413039,-3.9789079743390103,0.0023925587395744,34.6176662375867,25.333653457918995,43.86578283702087,18.532129379101878,144,ok
B0039,9,24,0.4604944782656097,0.4711383364607152,first_n_median,97.74082103463194,normal,,0,01131.csv,1131,22,1420.172,3.5299976922060075,2.4988010332333745,4.202672121596153,-1.4193953971803481,-3.9785204745154576,0.0012351535100332,34.65017232704175,25.396407312266597,43.67270130471354,18.276293992446945,143,ok
B0039,10,24,0.4412227248835694,0.4711383364607152,first_n_median,93.65035505242945,normal,,0,01133.csv,1133,24,1397.0,3.5156652919077627,2.487295552712161,4.202779797627703,-1.4499971979709174,-3.979713822284996,0.004243769610934,34.822277873738145,25.348035206167683,43.79137016976176,18.44333496359408,140,ok
B0039,11,24,0.4435442194396584,0.4711383364607152,first_n_median,94.1430966479295,normal,,0,01135.csv,1135,26,1393.25,3.5295294248045366,2.4958019219001284,4.202689684084776,-1.4318958455799566,-3.982043712047701,0.0029703382466616,34.67233382014022,25.613816463376164,43.92654641714406,18.312729953767896,139,ok
B0039,12,24,0.4126655541164234,0.4711383364607152,first_n_median,87.58904172741472,normal,,0,01137.csv,1137,28,1380.938,3.52826089394077,2.498934011647546,4.202868370613372,-1.4237231581935579,-3.979711977994799,0.004713112417416,34.74469432520436,25.970671252551384,43.36143647499468,17.3907652224433,137,ok
B0040,1,24,0.6734628137095633,0.7795871426061582,first_n_median,86.38711144698699,normal,,0,01231.csv,1231,0,982.938,3.2570770872838057,2.689034363728547,4.068028641979544,-2.496194310605518,-3.998404971746896,0.0036077535780029,34.520854008155766,24.62082872256712,40.67740211970284,16.056573397135722,104,ok
B0040,2,24,0.7913062105760345,0.7795871426061582,first_n_median,101.50324028314516,normal,,0,01235.csv,1235,4,1489.953,3.435168668765134,2.69442244998024,4.181329419378459,-1.9461397110184737,-3.996235657636858,0.0024089033291458,34.02922924081149,25.99419899782565,41.121867004450536,15.127668006624887,156,ok
B0040,3,24,0.7865824034601745,0.7795871426061582,first_n_median,100.89730326113782,normal,,0,01237.csv,1237,6,1479.703,3.4309758033508495,2.6769978869674524,4.182169713231169,-1.9452201291903763,-3.995936989432765,0.0048604022792831,34.012090723638956,24.887288378936837,41.63283156392668,16.74554318498984,154,ok
B0040,4,24,0.7795871426061582,0.7795871426061582,first_n_median,100.0,normal,,0,01239.csv,1239,8,1468.172,3.4348636528845424,2.675172001926867,4.1821186375364,-1.9447435736678282,-3.9961379781309794,0.0027428245834986,33.978388906178346,25.42046748387045,41.715752737182754,16.295285253312304,152,ok
B0040,5,24,0.7628241523125163,0.7795871426061582,first_n_median,97.84976054920514,normal,,0,01241.csv,1241,10,1457.0,3.445308801417867,2.69268420954805,4.181769825430115,-1.9174672773069694,-3.99493304951291,0.0035880866169174,33.83721613724266,25.576799073105835,41.61695629052659,16.040157217420752,150,ok
B0040,6,24,0.7405021514606399,0.7795871426061582,first_n_median,94.98645000546604,normal,,0,01243.csv,1243,12,1437.047,3.458759767508341,2.695919341909784,4.181957861733809,-1.88809363687247,-3.9985251055256814,0.0033590979024455,33.67935609685469,25.76953787956401,40.41568117134027,14.646143291776259,146,ok
B0040,7,24,0.7783970881100656,0.7795871426061582,first_n_median,99.84734811144854,normal,,0,01247.csv,1247,16,1170.531,3.344897364124835,2.6973035934049494,4.177687640263026,-2.4160677054793758,-3.995894881418469,0.0038215675734787,34.856675647434145,25.411595862545237,41.6427020562054,16.231106193660164,119,ok
B0040,8,24,0.7733165409025605,0.7795871426061582,first_n_median,99.19565095921988,normal,,0,01251.csv,1251,20,1436.141,3.435394313904374,2.680482862570943,4.181217465945281,-1.9695300241186462,-3.9948545437295775,0.0025829022233452,33.93437846177736,25.317526212535544,41.666127528934624,16.34860131639908,144,ok
B0040,9,24,0.7589575236409498,0.7795871426061582,first_n_median,97.35377639807608,normal,,0,01253.csv,1253,22,1420.172,3.4407328862516335,2.686758150797836,4.182275640250018,-1.9553056005388323,-3.99613146519462,0.0023557305933629,33.87341008861747,25.426508881588692,41.55823578501682,16.131726903428127,143,ok
B0040,10,24,0.7407399462256391,0.7795871426061582,first_n_median,95.01695265898653,normal,,0,01255.csv,1255,24,1397.0,3.4424940628831777,2.674688015022009,4.181827468882669,-1.9401168646905238,-3.996235079267833,0.0039967216695236,33.801632457231946,25.416232096852188,41.25451200429936,15.83827990744717,140,ok
B0040,11,24,0.7446218752617147,0.7795871426061582,first_n_median,95.5148994341345,normal,,0,01257.csv,1257,26,1393.25,3.4441875855764166,2.686289969564933,4.181567286734688,-1.954173143017623,-3.995317141166538,0.0043031154407747,33.841214598826475,25.68729592812578,40.05463707446548,14.367341146339701,139,ok
B0040,12,24,0.7149875629820736,0.7795871426061582,first_n_median,91.71361659350508,normal,,0,01259.csv,1259,28,1380.938,3.458256040593686,2.6945279873006065,4.181983804533861,-1.8954416195145705,-3.995361067358871,0.0025259929997769,33.68915739169769,26.07991442635004,40.76452850374992,14.684614077399882,137,ok
B0040,46,44,0.425812451177779,0.7795871426061582,first_n_median,54.62025063090302,normal,,1,01347.csv,1347,116,1485.047,3.7482973521924325,1.7489828090032309,4.168100705327105,-1.045884107237702,-3.995168139661149,0.005174105008398,49.04132294442338,45.19772145178193,53.95646661253941,8.758745160757478,129,ok
B0040,47,44,0.5569902643736575,0.7795871426061582,first_n_median,71.44682536857138,normal,,1,01351.csv,1351,120,1489.313,3.653849277043623,2.535468112391112,4.1824060069381375,-1.3616845329264926,-3.995770620186177,0.0035436985419924,50.17313973556242,45.22140256063253,55.67880428959517,10.457401728962644,129,ok
B0041,1,4,0.055620243768194,0.0558390162918539,first_n_median,99.60820849257723,normal,,0,02996.csv,2996,0,1063.609,4.033096790443365,1.948761932682621,4.18729715087111,-0.253835020646125,-4.027231208258329,0.0002012811557791,7.85677103517608,4.842367203458604,9.925006929139911,5.082639725681307,95,ok
B0041,2,4,0.0556974726122768,0.0558390162918539,first_n_median,99.7465147329292,normal,,0,02999.csv,2999,3,1067.641,4.014033100816979,1.9012002130732608,4.1926577100385645,-0.293046177761019,-4.027860931751215,0.0011455718787924,7.793067309492064,6.524300362048362,10.752582877071836,4.228282515023474,95,ok
B0041,3,4,0.0558390162918539,0.0558390162918539,first_n_median,100.0,normal,,0,03001.csv,3001,5,1048.687,4.039068503173861,1.964899016000036,4.191826198838155,-0.25930915106300784,-4.026399571595533,0.0008631061264894,7.471857159027487,5.378557794316599,10.859754872978824,5.481197078662225,93,ok
B0041,4,4,0.056148059974053,0.0558390162918539,first_n_median,100.5534547395746,normal,,0,03003.csv,3003,7,1039.984,4.035518711643437,1.9253389098858815,4.192086560129419,-0.2611726955181682,-4.027903394302233,0.0006408213159168,7.8427380417497545,5.284928149273979,10.755318068306904,5.470389919032925,92,ok
B0041,5,4,0.056470531599139,0.0558390162918539,first_n_median,101.130957078442,normal,,0,03005.csv,3005,9,687.328,3.980423400468267,1.9131372213178368,4.192301938512631,-0.392884133732256,-4.02702139786563,0.0004683718159503,8.729861757639965,5.632949665472469,10.897588103290213,5.2646384378177435,61,ok
B0041,6,4,0.0440922918408019,0.0558390162918539,first_n_median,78.96323174882707,normal,,1,03007.csv,3007,11,1047.531,4.032988865305357,1.8627826858792496,4.193625714514964,-0.2603556231508528,-4.027019202895542,-1.6399831212031727e-05,7.667746337954232,4.480546934340523,9.341307040097297,4.860760105756774,92,ok
B0041,7,4,0.0567719130814178,0.0558390162918539,first_n_median,101.67068987155491,normal,,0,03011.csv,3011,15,1038.375,4.033685949693059,1.91439695870045,4.19119960945764,-0.2642055168350503,-4.027353321308967,0.0010205586141612,7.7591749084721195,6.628503187975908,10.393349980789248,3.76484679281334,91,ok
B0041,8,4,0.0569383765007572,0.0558390162918539,first_n_median,101.96880296593562,normal,,0,03013.csv,3013,17,1030.703,4.032799639644717,1.8935647470508337,4.192541976485373,-0.2665742084454271,-4.026893291710312,0.0005444339932608,7.595487830652279,6.780818064654517,10.096648262126736,3.315830197472219,90,ok
B0041,9,4,0.0444014841131225,0.0558390162918539,first_n_median,79.51695259287732,normal,,1,03015.csv,3015,19,1010.765,4.024475259565998,1.839446966520227,4.191749338859155,-0.2703077571001647,-4.027233078412571,0.0028492775870844,8.243992753511499,5.017898041246065,10.90616342735489,5.888265386108825,88,ok
B0041,10,4,0.0446343581849161,0.0558390162918539,first_n_median,79.93399803396537,normal,,1,03017.csv,3017,21,1025.719,4.057419271798581,1.976983963738619,4.192711269669948,-0.2259631180369299,-4.028689923407233,0.000259086401956,7.468945958924572,4.372117181946027,8.568134800681483,4.196017618735455,89,ok
B0041,11,4,0.0447987224365748,0.0558390162918539,first_n_median,80.22835180767733,normal,,0,03019.csv,3019,23,1016.859,4.0272103363763785,1.873021814547241,4.191685049461782,-0.2720271416604874,-4.025593484182172,0.0008435982225388,7.530653071201209,6.640929858135611,10.723989411834728,4.083059553699116,88,ok
B0041,12,4,0.0467089878078547,0.0558390162918539,first_n_median,83.64937441541007,normal,,0,03023.csv,3023,27,1021.079,4.050486744587676,1.9477419384591268,4.191473973303783,-0.23602951698570515,-4.026608825793279,0.0003838386790028,7.508014036482144,4.53011005840237,10.069265727154304,5.539155668751935,85,ok
B0041,13,4,0.0449537153308952,0.0558390162918539,first_n_median,80.5059227690107,normal,,0,03025.csv,3025,29,1010.562,4.0253168657448795,1.848331298599493,4.19266348713535,-0.2734892167877026,-4.026925565198509,0.00094608812789,7.7964600722995465,6.469955100804589,11.678125966059154,5.208170865254565,87,ok
B0041,14,4,0.0452193290195426,0.0558390162918539,first_n_median,80.98160036200251,normal,,0,03027.csv,3027,31,1003.313,4.052602606442854,1.9596888390790304,4.191170886079178,-0.2334393540995562,-4.026220736016629,-0.0004403231099156,7.80345244909983,5.208455754367817,10.184555541046697,4.97609978667888,86,ok
B0041,15,4,0.0454022241469497,0.0558390162918539,first_n_median,81.30914038608023,normal,,0,03029.csv,3029,33,1006.187,4.05448270357176,1.9992324205815248,4.191474565768196,-0.23474919435723152,-4.026600353147187,-0.0005187670496533,7.338169121535551,6.500417351920496,10.778359079693514,4.277941727773018,86,ok
B0041,16,4,0.0456790122497417,0.0558390162918539,first_n_median,81.80482981826025,normal,,0,03031.csv,3031,35,996.765,4.049754413243471,1.9251333188603237,4.1914127894156605,-0.23568926542344776,-4.027650788959281,0.002325836798547,7.996082185455724,5.173552618385618,10.339342995308634,5.165790376923016,85,ok
B0041,17,4,0.0455208025703398,0.0558390162918539,first_n_median,81.52149803717195,normal,,0,03035.csv,3035,39,999.422,4.05160764529163,1.974005533207924,4.190379159747539,-0.23708766412975693,-4.027227829304676,0.0002686815469777,7.616516148546487,6.627252524001135,11.13650452054683,4.509251996545694,85,ok
B0041,18,4,0.0457285414602425,0.0558390162918539,first_n_median,81.89352982372226,normal,,0,03037.csv,3037,41,990.234,4.046009584492232,1.8695092344510635,4.192073381143846,-0.23747574678748198,-4.026713712659612,0.0143489351664054,8.20486682580586,5.166274495344972,9.695569312291523,4.5292948169465514,84,ok
B0041,19,4,0.045860512192502,0.0558390162918539,first_n_median,82.12987125848129,normal,,0,03039.csv,3039,43,608.953,3.9895918681265607,1.9264050760509093,4.190489343292772,-0.3840869068940257,-4.026997259040961,-0.0001923528857,8.601584414303469,5.760800794786144,10.5100184115379,4.749217616751755,52,ok
B0041,20,4,0.045983556030275,0.0558390162918539,first_n_median,82.3502258527132,normal,,0,03041.csv,3041,45,586.719,3.985571015537921,1.9303413820598547,4.192034113238024,-0.3994046475100103,-4.027300892979811,0.0003711829170696,8.142046999932631,5.657022877466849,10.61900706852965,4.9619841910628,50,ok
B0041,21,4,0.046128762966734,0.0558390162918539,first_n_median,82.61027150914103,normal,,0,03043.csv,3043,47,575.922,3.980535614492745,1.9192879295943024,4.191331438635326,-0.40701282792967935,-4.026869354986675,1.6889090996621283e-05,8.360837093570488,5.735635064611271,10.81117656025071,5.075541495639438,49,ok
B0041,22,4,0.0463714545530443,0.0558390162918539,first_n_median,83.04489876876505,normal,,0,03047.csv,3047,51,1050.406,4.044423526176633,1.895888999773776,4.183657953138958,-0.22708609506318284,-4.026286824191878,0.0009680326886943,7.424942900733046,4.9668475032215,8.406830339250588,3.4399828360290883,88,ok
B0041,23,4,0.0464238542531432,0.0558390162918539,first_n_median,83.1387394263888,normal,,0,03051.csv,3051,55,1040.75,4.046519260018804,1.8503922251966067,4.190189952777753,-0.22827621606261198,-4.02722660963012,0.0013162081957901,7.9013472750820934,4.520533362554202,9.345446470246117,4.8249131076919145,87,ok
B0041,24,4,0.0465794695305646,0.0558390162918539,first_n_median,83.41742499027488,normal,,0,03053.csv,3053,57,1019.125,4.0486772026987,1.918957726187492,4.19007809729293,-0.2361895202725738,-4.0270290979278105,0.0021166145150531,7.528844792233565,6.306729346424207,10.959408995323104,4.652679648898896,85,ok
B0041,25,4,0.0467260089483965,0.0558390162918539,first_n_median,83.6798569376179,normal,,0,03055.csv,3055,59,618.844,3.987337891451254,1.8900554775200376,4.190880582293337,-0.3826962842101839,-4.026309388573787,0.0001997700028285,8.951655882288602,6.304291214523864,10.83821929996881,4.533928085444946,52,ok
B0041,26,4,0.0468634724324437,0.0558390162918539,first_n_median,83.92603513554447,normal,,0,03057.csv,3057,61,1039.547,4.044136561678348,1.8174460639575951,4.191090626108922,-0.23064748794571,-4.028003656373331,0.0014902855726429,8.178079824357086,4.80906454301282,9.713734913231036,4.904670370218216,86,ok
B0041,27,4,0.0471230704848885,0.0558390162918539,first_n_median,84.39093955128124,normal,,0,03059.csv,3059,63,1004.328,4.04413456868279,1.8839750015583077,4.189832720082945,-0.24064511559111754,-4.026666130577684,0.0021532698467925,7.858156748807482,7.019446543104292,11.338971542207569,4.319524999103277,83,ok
B0041,28,4,0.047089685801538,0.0558390162918539,first_n_median,84.33115217398216,normal,,0,03063.csv,3063,67,1005.75,4.043477180478885,1.8734696416805767,4.190041335900519,-0.24024507058518205,-4.027056277337461,0.0006415103510002,7.290664996377677,5.856900670262023,8.874610339188825,3.017709668926802,83,ok
B0041,29,4,0.0471681699068244,0.0558390162918539,first_n_median,84.47170641454433,normal,,0,03065.csv,3065,69,995.797,4.04227054005478,1.886110144063044,4.189984813034986,-0.24333347418814666,-4.02788379150145,0.0001733157704656,7.329912113720836,6.568666933574381,10.892975819528624,4.324308885954244,82,ok
B0041,30,4,0.0474166233958466,0.0558390162918539,first_n_median,84.91665244963133,normal,,0,03067.csv,3067,71,998.921,4.040909605277031,1.873963241781132,4.189413584762128,-0.24301113896312274,-4.027336921885771,0.001797849260165,7.554859379508905,6.817369304375435,9.921480417012177,3.1041111126367413,82,ok
B0041,31,4,0.0474736581861432,0.0558390162918539,first_n_median,85.0187939164482,normal,,0,03069.csv,3069,73,989.141,4.034959849871617,1.8016696485993335,4.1899380782665405,-0.24443978997902824,-4.026557611997337,0.000325755336215,7.849809440149771,4.638556646012479,9.340703602759724,4.702146956747245,81,ok
B0041,32,4,0.047671071688296,0.0558390162918539,first_n_median,85.3723343533373,normal,,0,03071.csv,3071,75,979.203,4.036614663983007,1.8542865324237547,4.189327989081172,-0.24859607381512622,-4.027961352078785,0.0028725804722429,7.70135529903965,6.916642463637622,10.415323507314886,3.498681043677264,80,ok
B0041,33,4,0.0477561486679362,0.0558390162918539,first_n_median,85.52469552530982,normal,,0,03075.csv,3075,79,994.031,4.037642497951333,1.843811769338875,4.189084331721328,-0.2455503892791554,-4.026432454109703,0.000100102856343,7.894047750295666,7.049494752714498,10.395152109274877,3.3456573565603787,81,ok
B0041,34,4,0.0478336905290522,0.0558390162918539,first_n_median,85.66356233612669,normal,,0,03077.csv,3077,81,971.516,4.034094593369476,1.838701263626609,4.189241659101563,-0.2514955135210832,-4.02660823219147,0.0005511151310886,8.037186019526875,6.804651865112654,11.381000616023892,4.5763487509112375,79,ok
B0041,35,4,0.0479228171589379,0.0558390162918539,first_n_median,85.82317587483922,normal,,0,03079.csv,3079,83,810.563,4.012161986962798,1.839823604952559,4.189006943800672,-0.29997684312829737,-4.028071616576014,0.0023990220709778,7.949369169721323,6.557349570735426,11.200598645773905,4.6432490750384785,66,ok
B0041,36,4,0.0481080249716144,0.0558390162918539,first_n_median,86.1548576002272,normal,,0,03081.csv,3081,85,599.047,3.9650186584361826,1.811117308582499,4.189396334961549,-0.4022840734511658,-4.027982365911394,0.0021778507366187,9.047225819573063,6.191976348876232,10.936042652403566,4.744066303527334,49,ok
B0041,37,4,0.0480878273582587,0.0558390162918539,first_n_median,86.11868645199256,normal,,0,03083.csv,3083,87,109.078,3.3407510468710697,1.750577605139322,4.189766782198294,-1.943108082149396,-4.02709431360029,0.0010647316852306,6.867303793453594,4.533650359311468,9.652988520428655,5.119338161117187,10,ok
B0041,38,4,0.0484226192632661,0.0558390162918539,first_n_median,86.71825271809142,normal,,0,03087.csv,3087,91,109.171,3.376535267030834,1.7948775590357675,4.189927859515596,-1.962068668738532,-4.026687510880628,0.0005095861134542,7.376798555753924,5.800887899011662,9.298616166335734,3.4977282673240717,10,ok
B0041,39,4,0.0479864952546282,0.0558390162918539,first_n_median,85.93721458812435,normal,,0,03089.csv,3089,93,96.484,3.516920360081993,1.975138784399138,4.191983739835927,-1.7719212345736954,-4.026915576815353,0.0003429503711567,6.443867741135219,4.728611915735343,8.441835425382303,3.7132235096469604,9,ok
B0041,40,4,0.0482217520049512,0.0558390162918539,first_n_median,86.35852707882688,normal,,0,03091.csv,3091,95,109.094,3.356583779630796,1.7728949542450014,4.192299139301579,-1.9559507912713312,-4.027342355246391,0.0003783640334922,8.159447293088878,6.013403221372391,10.811071564713467,4.797668343341076,10,ok
B0041,41,4,0.0478773156676534,0.0558390162918539,first_n_median,85.74168896065957,normal,,0,03093.csv,3093,97,96.906,3.506509095784585,1.930210649441756,4.193421662600735,-1.7607054829879762,-4.027238471110434,-0.0003870801240683,5.5290205453691215,3.64036908208834,7.830975218816948,4.190606136728608,9,ok
B0041,42,4,0.0482903205557941,0.0558390162918539,first_n_median,86.48132392482523,normal,,0,03095.csv,3095,99,97.015,3.5159000773941735,1.9650910927147995,4.193648125269162,-1.768133964644233,-4.02635645614634,-0.0004599745490634,7.124961498497141,5.428811278743664,9.120173569834156,3.691362291090492,9,ok
B0042,1,22,1.7287126633755356,1.7282350363146088,first_n_median,100.02763669587128,normal,,0,01532.csv,1532,2,3360.922,3.4614155612128847,2.129158438168119,4.186140431282269,-1.8939211913974323,-2.014638801503157,0.0017182819450348,30.57466734048236,22.916770992915133,36.71744985096319,13.800678858048059,358,ok
B0042,2,22,1.7314706281853145,1.7282350363146088,first_n_median,100.1872194350142,normal,,0,01534.csv,1534,4,3289.406,3.4852386922159138,2.1712317301519577,4.187001880186287,-1.919584179064593,-2.0148053114573066,-0.0002011662056241,29.95773352180402,22.539912627969,35.70113647811508,13.161223850146083,348,ok
B0042,3,22,1.7282350363146088,1.7282350363146088,first_n_median,100.0,normal,,0,01536.csv,1536,6,3244.797,3.488650146996854,2.095290280372333,4.187021318592124,-1.9414451091961449,-2.015434761164688,0.0020564914579724,29.657371849977196,22.25330254927013,35.604456217007545,13.351153667737414,341,ok
B0042,4,22,1.720344742291621,1.7282350363146088,first_n_median,99.54344786113042,normal,,0,01538.csv,1538,8,3211.438,3.4946031502677606,2.1366970037230573,4.186893543931745,-1.952411218384564,-2.0155565107237616,-0.000184558167696,29.58111945436258,22.14576006233928,35.76285352997919,13.617093467639908,336,ok
B0042,5,22,1.7221734367707635,1.7282350363146088,first_n_median,99.64926069565333,normal,,0,01540.csv,1540,10,3175.594,3.5041466859903747,2.168073033459323,4.187506351946306,-1.9696086717857546,-2.015995237854003,-0.0003839805140552,29.852452033753185,22.50193566756556,36.007677297437105,13.505741629871544,330,ok
B0042,7,22,1.708669577331945,1.7282350363146088,first_n_median,98.86789362722408,normal,,0,01546.csv,1546,16,3121.672,3.511927235956774,2.139145470034486,4.186160728297307,-1.9934476128094072,-2.0146673758608302,-0.0016426030143646,30.133153080135422,23.133782244082017,36.26317829568585,13.12939605160383,321,ok
B0042,8,22,1.7036476485918646,1.7282350363146088,first_n_median,98.57731227488736,normal,,0,01548.csv,1548,18,3102.937,3.509889497883845,2.0578186631112567,4.185572306171051,-1.9997503053848376,-2.016448918600222,-0.0016062938841261,29.740453708978055,22.667392403357333,35.7623078299739,13.094915426616566,317,ok
B0042,9,22,1.6958375743577971,1.7282350363146088,first_n_median,98.12540185356396,normal,,0,01550.csv,1550,20,3089.437,3.508503301766948,2.0659696365057045,4.185230831091511,-1.999585705561481,-2.016370882539026,-0.0022447772973436,29.503354124651093,22.397436866058804,35.6522927277619,13.2548558617031,314,ok
B0042,10,22,1.6949064846676911,1.7282350363146088,first_n_median,98.0715266762564,normal,,0,01552.csv,1552,22,3077.75,3.5093738486555153,2.128700063525188,4.185842765241663,-1.999480712152978,-2.0173293605362743,-0.0001720142145016,29.324509292718897,22.15647191474241,35.46408341742395,13.307611502681539,311,ok
B0042,11,22,1.6874768094352457,1.7282350363146088,first_n_median,97.64162709221088,normal,,0,01556.csv,1556,26,3074.875,3.5046118772654107,2.0313187007109774,4.181929749098425,-1.9994501505976243,-2.0179688284834034,-0.0032857606579941,29.22569193760115,21.97680688887855,35.57686579319408,13.600058904315532,309,ok
B0042,12,22,1.685989172917945,1.7282350363146088,first_n_median,97.55554872404672,normal,,0,01558.csv,1558,28,3061.891,3.5095049490219234,2.1649043558777703,4.185220171197086,-1.9994421818851504,-2.018830939124682,0.000490573238557,29.238210532728655,22.039358695383665,35.388257294125744,13.348898598742078,306,ok
B0042,13,22,1.6782864747774933,1.7282350363146088,first_n_median,97.10985135195332,normal,,0,01560.csv,1560,30,3058.469,3.5050079933642877,2.0349571700229223,4.185080917700821,-1.999407899212143,-2.019325717882185,-0.0028296503882772,29.20609205353922,22.00429647370857,35.480764002425865,13.476467528717293,304,ok
B0042,14,22,1.6739647640901527,1.7282350363146088,first_n_median,96.85978636677883,normal,,0,01562.csv,1562,32,3040.75,3.508074728787427,2.181544114739576,4.184485186999273,-1.9990854937416902,-2.0198651097991984,-0.0012797017519862,29.183920322474094,21.977290475494517,35.44318242068533,13.465891945190815,301,ok
B0042,15,22,1.6722378801237066,1.7282350363146088,first_n_median,96.75986454305928,normal,,0,01564.csv,1564,34,3037.641,3.505745200469688,2.113769860085841,4.184791585601031,-1.9991858462433614,-2.019707495930309,-0.0026521214547926,29.153714127894734,21.937196310338024,35.53526888191109,13.598072571573063,299,ok
B0042,16,22,1.675989790049197,1.7282350363146088,first_n_median,96.97695943158156,normal,,0,01568.csv,1568,38,3044.828,3.5048985290607786,2.098421577709346,4.184774909668599,-1.9989914019015806,-2.019811604847253,-0.002175708409508,29.10632507144163,21.827025575894588,35.63389752973798,13.806871953843391,298,ok
B0042,17,22,1.6618247672847988,1.7282350363146088,first_n_median,96.15733580014512,normal,,0,01570.csv,1570,40,3030.25,3.5020910209596536,2.037616415551784,4.183886479555269,-1.9988805936646044,-2.019941517456099,-0.0028485703598498,29.126742424015156,21.89229814678285,35.59922975777694,13.70693161099409,295,ok
B0042,18,22,1.6606710352566112,1.7282350363146088,first_n_median,96.09057798052312,normal,,0,01572.csv,1572,42,3017.578,3.5056874475759354,2.187174985653482,4.185135902762495,-1.9989238411502075,-2.020188403345957,-0.0001594504107652,29.11535255703125,21.904699326684245,35.43687423276839,13.532174906084144,293,ok
B0042,19,22,1.6530644874507203,1.7282350363146088,first_n_median,95.650444107175,normal,,0,01574.csv,1574,44,3015.0,3.501789524982507,2.072733153164181,4.1851821245426,-1.9987415414363179,-2.0200971028016084,-0.0007384060495031,29.12272547212756,21.879984390778024,35.61618852753751,13.736204136759486,291,ok
B0042,20,22,1.649953986270456,1.7282350363146088,first_n_median,95.47046273225172,normal,,0,01576.csv,1576,46,2999.454,3.5025833976800564,2.153538168709435,4.1837159565353605,-1.9984049924032652,-2.0220817004003178,0.0006422289496137,29.13774561916092,21.894505247973274,35.607533152172905,13.713027904199631,282,ok
B0042,21,22,1.681297805444492,1.7282350363146088,first_n_median,97.28409447304062,normal,,0,01580.csv,1580,50,3054.859,3.5037983873679237,2.0832977472531726,4.180907860399083,-1.9987909313311893,-2.02087074020935,-0.0013752044979968,29.35747712988229,22.055422569884072,35.78017086282214,13.724748292938067,292,ok
B0042,22,22,1.6700520424481298,1.7282350363146088,first_n_median,96.633386510289,normal,,0,01584.csv,1584,54,3034.875,3.5125233950658132,2.199482829433638,4.1839131722082135,-1.9987942581899858,-2.0221682438178825,-0.0009057434365643,30.058298726634376,22.902106092162704,36.29735151754127,13.395245425378569,289,ok
B0042,23,22,1.667181860354792,1.7282350363146088,first_n_median,96.46731059856243,normal,,0,01586.csv,1586,56,3030.0,3.509324438333478,2.053610599291471,4.186499199755687,-1.9986644728662533,-2.019460626145152,-3.264133466017354e-05,30.335552136245834,23.25558148148619,36.77407258413331,13.518491102647118,287,ok
B0042,24,22,1.6568865613275168,1.7282350363146088,first_n_median,95.8715988573383,normal,,0,01588.csv,1588,58,3011.781,3.507216525411572,2.0842633816547624,4.185720302344454,-1.9984721935924135,-2.0196503096891822,-0.0001220087296782,30.22790176989086,23.13255340128993,36.6898808416456,13.557327440355674,284,ok
B0042,25,22,1.6449819446579936,1.7282350363146088,first_n_median,95.1827679738429,normal,,0,01590.csv,1590,60,2990.25,3.5055185795629873,2.1599889328107214,4.183888714545253,-1.9985308662699577,-2.0197092405916743,-0.0016208708068343,30.04068826163031,22.93357506899713,36.474588298798025,13.541013229800896,281,ok
B0042,26,22,1.639214585000014,1.7282350363146088,first_n_median,94.84905412492807,normal,,0,01592.csv,1592,62,2980.234,3.5041328171645443,2.1678081694534352,4.18402917199016,-1.9984054053915887,-2.021433558764001,-0.0017287035571895,29.995148407588697,22.75566941167782,36.53730084509967,13.78163143342185,279,ok
B0042,27,22,1.6410599890208055,1.7282350363146088,first_n_median,94.95583381530672,normal,,0,01596.csv,1596,66,2994.844,3.500597395262485,2.0092759412003707,4.1826825462923845,-1.9983882415644911,-2.0209567624857296,-0.0008327829483928,30.299545316589416,23.09265902488124,36.91332213005366,13.820663105172418,279,ok
B0042,28,22,1.643269651219848,1.7282350363146088,first_n_median,95.08369039456888,normal,,0,01598.csv,1598,68,2987.672,3.5042529973432037,2.0586265993400703,4.185893529479634,-1.998374293478694,-2.0209872934269897,-0.0011614647093873,30.68092451180232,23.575970837477485,37.19792815636057,13.621957318883084,277,ok
B0042,29,22,1.6298673102402297,1.7282350363146088,first_n_median,94.30819743799752,normal,,0,01600.csv,1600,70,2975.1100000000006,3.501278659398817,2.043267705708337,4.185186392104773,-1.9981525515062306,-2.0191972634782047,-5.594487778162568e-05,30.663435287795615,23.502479291188067,37.30788971906059,13.805410427872523,275,ok
B0042,30,22,1.6238536344658807,1.7282350363146088,first_n_median,93.9602311227692,normal,,0,01602.csv,1602,72,2953.219,3.501431066556208,2.192115165922968,4.184091250625792,-1.9980383822206629,-2.0193297812824187,-0.0020558705875255,30.40848004603748,23.25101099435588,36.91850317978018,13.667492185424301,272,ok
B0042,31,22,1.6186308887044174,1.7282350363146088,first_n_median,93.65802999550814,normal,,0,01604.csv,1604,74,2955.484,3.4934993616796306,2.009457332273357,4.185322505991986,-1.9979232246026066,-2.021266928188253,-0.0013207371739492,30.239404481904074,22.971790357139568,37.047150483309736,14.075360126170168,271,ok
B0042,32,22,1.6193418112441196,1.7282350363146088,first_n_median,93.69916575104855,normal,,0,01608.csv,1608,78,2957.016,3.491928488990642,2.022898050960585,4.184033603294302,-1.997803306177237,-2.019754051447638,-0.0004212906719527,30.138707501965232,22.750486671200427,37.11898525927804,14.368498588077614,270,ok
B0042,33,22,1.614593271326993,1.7282350363146088,first_n_median,93.4244033595134,normal,,0,01610.csv,1610,80,2948.219,3.495727452779826,2.0786601580627257,4.186164958491378,-1.9980185647316375,-2.0194164856966417,-0.0010122095977501,30.490922726298486,23.20335228956989,37.20592886199134,14.00257657242145,268,ok
B0042,34,22,1.6072040891927848,1.7282350363146088,first_n_median,92.99684680736958,normal,,0,01612.csv,1612,82,2935.5,3.491932625000706,2.0245603644426806,4.18461988628569,-1.9977650982407589,-2.018937306071589,-0.0028809767398297,30.52916769412123,23.33268094876225,37.36855348711016,14.035872538347913,266,ok
B0042,35,22,1.6012663590062357,1.7282350363146088,first_n_median,92.6532748937246,normal,,0,01614.csv,1614,84,2913.797000000006,3.4900059195673445,2.1378818450405794,4.184040894709915,-1.9975731627964834,-2.0197870445936115,-0.0009847832694445,30.179619049814637,22.939046141588143,36.95276259711366,14.013716455525518,263,ok
B0042,36,22,1.594040741063104,1.7282350363146088,first_n_median,92.23518257460694,normal,,0,01616.csv,1616,86,2900.703,3.487760577211602,2.183476039948653,4.184856050801538,-1.9975539729276182,-2.019731795851263,-0.0023660890760905,29.93310245467766,22.62107627575683,36.815592394057184,14.194516118300353,261,ok
B0042,37,22,1.5946888289374477,1.7282350363146088,first_n_median,92.27268255931536,normal,,0,01620.csv,1620,90,2914.031,3.4820338003810947,2.0156684625826635,4.183683003795162,-1.9973829316274176,-2.019357908989728,-0.0006941638440918,29.855112852408766,22.33910192769368,36.96422627426333,14.625124346569653,261,ok
B0042,38,22,1.5882100957302596,1.7282350363146088,first_n_median,91.89780685832254,normal,,0,01622.csv,1622,92,2901.968,3.4857768989088593,2.0632481862122884,4.184611325870051,-1.9975492343534866,-2.019389721774823,-0.000639818779015,30.257387669276046,22.822384651747097,37.23035953747147,14.407974885724375,259,ok
B0042,39,22,1.587985558077698,1.7282350363146088,first_n_median,91.88481454837375,normal,,0,01624.csv,1624,94,2901.734,3.484962036012865,1.9973214087149431,4.185413957037178,-1.9975022770940793,-2.021379730129784,-0.0003929117547398,30.562785800580222,23.226244445744424,37.46832272742832,14.242078281683899,258,ok
B0042,40,22,1.5799165406650344,1.7282350363146088,first_n_median,91.4179210273472,normal,,0,01626.csv,1626,96,2887.407,3.4839596946536755,2.040034213071634,4.184723241072492,-1.9973342947958135,-2.019502208637406,-0.0014477021978065,30.59004134732037,23.23571385375572,37.6505920814981,14.414878227742378,256,ok
B0042,41,22,1.5655946193652834,1.7282350363146088,first_n_median,90.58921885438976,normal,,0,01628.csv,1628,98,2861.937,3.479594890613384,2.11763338483894,4.182701394192162,-1.9971237584867627,-2.02072945969767,0.0007887257964197,30.190272809188617,22.885196264237926,37.16199226931662,14.276796005078694,253,ok
B0042,42,4,0.0707012773734017,1.7282350363146088,first_n_median,4.090952670660427,normal,,1,01632.csv,1632,102,1055.25,2.7052764231784736,2.166646513631925,4.181775825418943,-3.938418442736194,-4.032113976084337,-0.0013003886268289,24.18340292381302,5.785612903370367,36.86635295736364,31.08074005399327,91,ok
B0042,43,4,0.0841687853013907,1.7282350363146088,first_n_median,4.870216349789854,normal,,1,01636.csv,1636,106,1012.187,2.679525148874618,2.1499182639223604,4.178606054628232,-3.9351759952435854,-4.034013050651154,-0.0014040617202484,23.826987359225914,5.832910464719786,38.12553242159685,32.29262195687706,87,ok
B0042,44,4,0.0844378562146582,1.7282350363146088,first_n_median,4.885785465541684,normal,,1,01638.csv,1638,108,991.172,2.6791157950874176,2.162600478224296,4.187711795130632,-3.9330339281400906,-4.034190401454665,-0.0015910768541789,23.77974968565753,6.190532539577355,38.33981699002702,32.14928445044966,85,ok
B0042,45,4,0.0847891906059033,1.7282350363146088,first_n_median,4.906114551798048,normal,,1,01640.csv,1640,110,982.094,2.671214412999543,2.174009268733748,4.188160354925031,-3.931680950777038,-4.032988970431842,0.0010617334447227,23.729074463498666,4.744830301776295,37.77196459678644,33.02713429501014,84,ok
B0042,46,4,0.0933425818344258,1.7282350363146088,first_n_median,5.401035152803931,normal,,1,01642.csv,1642,112,1063.609,2.691575483192303,2.1861984912538444,4.147325113187213,-3.942868822909943,-4.034270870730653,-0.0004739360763438,24.093822128089528,4.730017206468228,36.82466507220515,32.094647865736924,95,ok
B0042,47,4,0.1060318013139778,1.7282350363146088,first_n_median,6.1352651164905385,normal,,1,01645.csv,1645,115,1067.641,2.673911300416998,2.1758569457027304,4.178007633870366,-3.943133668889635,-4.035551171922283,-0.0004639573752863,23.99346261249294,6.19069543442408,38.55810679258891,32.36741135816483,95,ok
B0042,48,4,0.106505866207118,1.7282350363146088,first_n_median,6.16269569642781,normal,,1,01647.csv,1647,117,1048.687,2.674532494466212,2.1928857082631903,4.187777600667363,-3.941238449762143,-4.0336360496244295,-0.0012451624212211,24.134267829139272,5.756061028005535,38.71410921886447,32.95804819085894,93,ok
B0042,49,4,0.0943911158551295,1.7282350363146088,first_n_median,5.461705952705064,normal,,1,01649.csv,1649,119,1039.984,2.672674327169749,2.1962120524397566,4.187801760321389,-3.940098411106424,-4.03449697480989,-7.243994267375294e-05,24.399198659580694,5.517396127585015,38.82770605774448,33.31030993015946,92,ok
B0042,50,4,0.0945059592738711,1.7282350363146088,first_n_median,5.468351080036037,normal,,1,01651.csv,1651,121,687.328,2.795919785016863,2.177441070098024,4.187724346556428,-3.895915337791737,-4.034666797827482,-0.0023372383400789,19.290333517015608,5.553047335078787,28.576587463983174,23.023540128904386,61,ok
B0042,51,4,0.0821145610821562,1.7282350363146088,first_n_median,4.751353800653305,normal,,1,01653.csv,1653,123,1047.531,2.6474329497500486,2.1475982200987445,4.184585351637899,-3.939911966880655,-4.034572987789034,-0.0010899874353723,24.88014162106386,4.297748001576022,39.82101597656743,35.523267974991406,92,ok
B0042,52,4,0.0951847063194674,1.7282350363146088,first_n_median,5.507625081044817,normal,,1,01657.csv,1657,127,1038.375,2.650103128820241,2.1889636369151995,4.174370629404978,-3.9391677500177606,-4.03512977633892,-0.0008747962133831,24.484790248053308,6.1880198679126615,39.40691039052945,33.21889052261679,91,ok
B0042,53,4,0.0953912999865905,1.7282350363146088,first_n_median,5.51957910713398,normal,,1,01659.csv,1659,129,1030.703,2.6386351740397065,2.1591530449897105,4.187149567075233,-3.938160748076452,-4.03420892483412,-0.0008121114595693,24.324380281877854,6.267578933042184,39.34611379625948,33.0785348632173,90,ok
B0042,54,4,0.0828966456585456,1.7282350363146088,first_n_median,4.796607169550233,normal,,1,01661.csv,1661,131,1010.765,2.6415162059645665,2.1872998670546773,4.186990272639876,-3.9364453051464534,-4.03394881658736,-0.0018618922076282,24.31173812149945,5.120871196805115,37.81632351305823,32.69545231625312,88,ok
B0042,55,4,0.083431990364526,1.7282350363146088,first_n_median,4.827583552665461,normal,,1,01663.csv,1663,133,1025.719,2.6361490952131295,2.1645340110741715,4.187147788668544,-3.9374486872527408,-4.034576773439992,-0.0010553441197214,24.798155128694976,4.1434430425399045,39.87139328791911,35.727950245379205,89,ok
B0042,56,4,0.0962477215649569,1.7282350363146088,first_n_median,5.569133800816887,normal,,1,01665.csv,1665,135,1016.859,2.6207075351068374,2.1770285343272047,4.18639765148157,-3.9362749816753353,-4.034351864470546,0.0003041886385817,24.477937441374635,6.254954957414337,39.50565821587436,33.25070325846003,88,ok
B0042,57,4,0.0871279249656989,1.7282350363146088,first_n_median,5.04143956897759,normal,,1,01669.csv,1669,139,1021.079,2.609437196185719,2.141111284495936,4.171541055891453,-3.9328752001842844,-4.0360153311832665,0.0047955926614418,24.426888204419104,5.41572408589482,38.61632478517865,33.200600699283825,85,ok
B0042,58,4,0.0968191218275757,1.7282350363146088,first_n_median,5.602196448582512,normal,,1,01671.csv,1671,141,1010.562,2.6133279392952935,2.169659057289744,4.185612994515991,-3.9348711002995205,-4.034406713148468,-9.72148222703691e-05,24.529804368213707,6.029955350974764,39.5809379115645,33.55098256058973,87,ok
B0042,59,4,0.084400548913451,1.7282350363146088,first_n_median,4.883626771821023,normal,,1,01673.csv,1673,143,1003.313,2.6084761921076955,2.181654361966916,4.185815228961297,-3.9340089265905283,-4.03395759066338,-0.0017411040008431,24.521420210496924,5.424272480385026,38.80523939319278,33.38096691280775,86,ok
B0042,60,4,0.0977012171667452,1.7282350363146088,first_n_median,5.653236690253028,normal,,1,01675.csv,1675,145,1006.187,2.602763654326182,2.152597184317211,4.185190800042781,-3.9338909734981855,-4.035821871740746,0.0007571181180193,24.626500323697712,6.171293375093454,39.65831560799121,33.48702223289776,86,ok
B0042,61,4,0.0851742647657266,1.7282350363146088,first_n_median,4.928395905417892,normal,,1,01677.csv,1677,147,996.765,2.5909779927483028,2.1543073222809688,4.185054518834841,-3.933060350490302,-4.036045295099187,-0.0029838713042761,24.561944088587065,5.325273797252637,38.94866184020599,33.62338804295336,85,ok
B0042,62,4,0.0847199354487912,1.7282350363146088,first_n_median,4.902107275261184,normal,,1,01681.csv,1681,151,999.422,2.5818616349209504,2.177098848593695,4.168001002398225,-3.932813311811252,-4.034780378871755,-0.0030227158267672,24.349376846518034,6.175186105872323,39.202440143533465,33.027254037661145,85,ok
B0042,63,4,0.0854883696989364,1.7282350363146088,first_n_median,4.946570802154138,normal,,1,01683.csv,1683,153,990.234,2.5894657078700765,2.1860372690383523,4.184494029120111,-3.931442483824809,-4.033579787707524,-0.0030318120555945,24.839628028264915,4.661077022364263,39.957340694247904,35.296263671883644,84,ok
B0042,64,4,0.085777499334335,1.7282350363146088,first_n_median,4.96330056571773,normal,,1,01685.csv,1685,155,608.953,2.74324665969125,2.151510007358308,4.184245249283899,-3.8726297778107583,-4.03486917319316,-0.0002365954410871,18.664216427377188,5.781013489512925,27.779193601334228,21.998180111821302,52,ok
B0042,65,4,0.0859555325524583,1.7282350363146088,first_n_median,4.973602012823151,normal,,1,01687.csv,1687,157,586.719,2.7253834676969557,2.186039852986656,4.188328512345139,-3.866632309551034,-4.034128418138735,-0.0008738851024605,18.036688378070966,5.959666089901167,28.17217588027361,22.212509790372444,50,ok
B0042,66,4,0.0861479697965832,1.7282350363146088,first_n_median,4.984736912884849,normal,,1,01689.csv,1689,159,575.922,2.719690012340044,2.194439659521147,4.183150067115272,-3.863052351120637,-4.035982933293039,-0.0023201097556723,18.05907472602224,5.99603423820299,28.019806483186763,22.023772244983775,49,ok
B0042,67,4,0.0865245080899333,1.7282350363146088,first_n_median,5.006524359929846,normal,,1,01693.csv,1693,163,1050.406,2.615760645023181,2.1996590897894817,4.146111713893696,-3.9362026199966365,-4.03581430505571,0.0008740084244236,24.76547773055195,4.479408156056278,39.575497528042895,35.096089371986615,88,ok
B0042,68,4,0.0867603642868573,1.7282350363146088,first_n_median,5.020171589153189,normal,,1,01697.csv,1697,167,1040.75,2.5894472814365503,2.136107030636872,4.168085841455298,-3.935267346074326,-4.034670379890685,-0.0013796716649676,25.247650848522692,4.209594025408038,40.52562745153084,36.3160334261228,87,ok
B0042,69,4,0.0866202538937107,1.7282350363146088,first_n_median,5.012064451512618,normal,,1,01699.csv,1699,169,1019.125,2.5730668910828003,2.1419779252621813,4.183024595509789,-3.9325874401041485,-4.034567644462774,-0.0016879895212775,24.850317398468412,6.1114866794686815,39.732594757918605,33.62110807844992,85,ok
B0042,70,4,0.0869802394927499,1.7282350363146088,first_n_median,5.032894118281026,normal,,1,01701.csv,1701,171,618.844,2.7401588017218352,2.1988863560155885,4.183194814686632,-3.8727999832071216,-4.035671934777944,-0.0024274456575893,18.864531156596232,5.762629273523069,28.137335489275596,22.37470621575253,52,ok
B0042,71,4,0.0738778711347396,1.7282350363146088,first_n_median,4.2747583275641245,normal,,1,01703.csv,1703,173,1039.547,2.5703065006615917,2.122954770697664,4.187955458211665,-3.933637026469155,-4.03342279801976,-0.0005277008333433,25.750153086607327,4.11670799614815,40.6472857322764,36.53057773612825,86,ok
B0042,72,4,0.0877586570223188,1.7282350363146088,first_n_median,5.077935302680854,normal,,1,01705.csv,1705,175,1004.328,2.554774172450461,2.152849839303629,4.182683957990996,-3.9300907584627907,-4.033737999973946,0.0008490808760314,25.210180888220314,6.1209352703449404,40.39876505346307,34.277829783118136,83,ok
B0042,73,4,0.0879057630027299,1.7282350363146088,first_n_median,5.0864472224903725,normal,,1,01709.csv,1709,179,1005.75,2.5697706881943767,2.196522899315092,4.162514481062673,-3.930747740189577,-4.033875415877974,0.0002940102115963,25.400612986280134,5.500435881271609,40.90163609300309,35.401200211731485,83,ok
B0042,74,4,0.0880878488220017,1.7282350363146088,first_n_median,5.096983163230243,normal,,1,01711.csv,1711,181,995.797,2.5650203867450827,2.197996842344396,4.182351033163065,-3.929501181608493,-4.035122004029501,-0.0020476597026829,25.47246500800018,6.159046065895221,41.18900895779625,35.02996289190103,82,ok
B0042,75,4,0.0883425026815871,1.7282350363146088,first_n_median,5.11171807221163,normal,,1,01713.csv,1713,183,998.921,2.5498903733729468,2.1297135396833,4.18217351248383,-3.92912394117899,-4.034188562278321,-0.0005043406032705,25.7066698253335,6.315637106895644,41.34432689728045,35.02868979038481,82,ok
B0042,76,4,0.0746305533274507,1.7282350363146088,first_n_median,4.318310401031871,normal,,1,01715.csv,1715,185,989.141,2.541309292458781,2.167460006041706,4.182212563987984,-3.9284467564220784,-4.035608644890248,-0.0013759515805679,25.73079046383608,4.142877022607462,41.46126781944402,37.31839079683655,81,ok
B0042,77,4,0.0748569866512269,1.7282350363146088,first_n_median,4.33141239925655,normal,,1,01717.csv,1717,187,979.203,2.5322112945564674,2.188428099048639,4.182029042319134,-3.9267682674435918,-4.03477323779569,-0.0019860744953123,25.610151874322735,6.306072938554303,41.26138545585116,34.95531251729686,80,ok
B0042,78,4,0.0752757364314176,1.7282350363146088,first_n_median,4.355642308464018,normal,,1,01721.csv,1721,191,994.031,2.5336398931006547,2.1364927300394707,4.1594358105794,-3.9278468443801544,-4.035478262157419,-0.0025894875702541,25.871001272619925,6.308430698033009,41.67057172451578,35.362141026482774,81,ok
B0042,79,4,0.0753235186048872,1.7282350363146088,first_n_median,4.358407104482244,normal,,1,01723.csv,1723,193,971.516,2.5300104336765608,2.191166300272401,4.181389260665308,-3.9256584663973166,-4.0348123254431405,-0.001417317889479,25.600970602838455,6.08363611699178,41.18674777166984,35.10311165467806,79,ok
B0042,80,4,0.0755376530236719,1.7282350363146088,first_n_median,4.370797457315347,normal,,1,01725.csv,1725,195,810.563,2.5687661609629626,2.1913163423875845,4.181131059409839,-3.9058724989108504,-4.036198260626553,0.000642900107638,22.97283104775157,6.053939877888575,36.89985043885535,30.84591056096678,66,ok
B0042,81,4,0.0758428560612825,1.7282350363146088,first_n_median,4.3884572681163965,normal,,1,01727.csv,1727,197,599.047,2.6667675405848916,2.1777089403180425,4.183136931480622,-3.863354268170434,-4.035140494431039,0.0004867641078371,19.739623944709617,5.758986455111538,29.79153666326944,24.0325502081579,49,ok
B0042,82,4,0.0759921803489148,1.7282350363146088,first_n_median,4.397097544727773,normal,,1,01729.csv,1729,199,109.078,3.105121186216066,2.1316975124246333,4.186858423852253,-3.22393930405399,-4.034942103518998,-0.0008462779898683,6.0573358126113375,4.3832182010726894,9.15118085083689,4.767962649764201,10,ok
B0042,83,4,0.0762165260959199,1.7282350363146088,first_n_median,4.4100787505412775,normal,,1,01733.csv,1733,203,109.171,3.133556616526209,2.1969934922661687,4.173229464797026,-3.224483832257962,-4.03535806126515,0.0011581209737159,6.452306826213871,5.410302000622145,8.639171556267463,3.2288695556453186,10,ok
B0042,84,4,0.0621692314155252,1.7282350363146088,first_n_median,3.597267160379908,normal,,1,01735.csv,1735,205,96.484,3.175407439924743,2.1767041905630014,4.182309477232018,-3.1336357808131234,-4.03389585056911,0.0017708340942048,5.8829411130714435,4.591253062887671,8.36040279366827,3.7691497307805983,9,ok
B0042,85,4,0.0759822277461493,1.7282350363146088,first_n_median,4.396521662249038,normal,,1,01737.csv,1737,207,109.094,3.102016459243783,2.137070814591814,4.179128534299532,-3.224095150373821,-4.034621719624155,-0.001178032966963,7.141415346306763,5.611697555798786,10.13355592147926,4.521858365680474,10,ok
B0042,86,4,0.0622701354894356,1.7282350363146088,first_n_median,3.6031057223688814,normal,,1,01739.csv,1739,209,96.906,3.1454428736631384,2.082550981383133,4.181278186068862,-3.134890688113641,-4.035455276480104,-0.0029746030201113,4.976092805264432,3.445726070155866,7.825436879589506,4.379710809433639,9,ok
B0042,87,4,0.0625944660879844,1.7282350363146088,first_n_median,3.621872301667056,normal,,1,01741.csv,1741,211,97.015,3.1652602154514007,2.144385419639702,4.180985964629633,-3.1337747765377175,-4.033746345766042,-0.0021557907692715,6.411857494253951,5.1212840136675215,8.862063004604039,3.7407789909365174,9,ok
B0042,88,4,1.4377344766079456,1.7282350363146088,first_n_median,83.19091132846468,normal,,0,01745.csv,1745,215,5608.781,3.375833171038118,2.1679616860507585,4.091725418867881,-0.9606132638664066,-1.0117101728405982,0.0007729257222862,8.336150156814936,4.866447950679472,12.075623262738652,7.20917531205918,457,ok
B0042,89,4,1.5246019289244055,1.7282350363146088,first_n_median,88.21727929874383,normal,,0,01749.csv,1749,219,5703.296,3.4250125349211604,2.180850179577844,4.159841572444575,-0.9944195894158236,-1.0157168253561746,-0.0004661894984513,8.088311260303593,4.392392021662698,11.61044167945082,7.218049657788122,463,ok
B0042,90,4,1.5215273965539478,1.7282350363146088,first_n_median,88.03937916908242,normal,,0,01751.csv,1751,221,5668.032,3.427812476893316,2.148712088809679,4.180350451491815,-0.9986292541736457,-1.014585811777543,-0.0013941777112871,8.108636077883194,5.45862942281849,12.416393344856289,6.957763922037799,459,ok
B0042,91,4,1.5155323631175952,1.7282350363146088,first_n_median,87.69249154613868,normal,,0,01753.csv,1753,223,5634.047,3.4260236276092266,2.126630218048744,4.180484652340476,-1.0007710730973127,-1.0152252739169738,0.0004917354460156,8.179473273978417,5.378401802765508,12.741907914911504,7.363506112145997,455,ok
B0042,92,4,1.5044249661534554,1.7282350363146088,first_n_median,87.04978978794347,normal,,0,01755.csv,1755,225,5582.375,3.427137964017458,2.177720591678305,4.179828984428225,-1.0029400958959638,-1.015528714589196,-0.0003758615075627,8.133323147997125,3.942522219778396,11.812176644627147,7.869654424848751,449,ok
B0042,93,4,1.5001507149498807,1.7282350363146088,first_n_median,86.80247092715418,normal,,0,01757.csv,1757,227,5567.329,3.4224753028837007,2.1738551413791023,4.179688473119865,-1.002976218809888,-1.0152994782253597,-0.0017314201089289,8.221548017024785,5.433875343316513,12.77319183354637,7.339316490229858,447,ok
B0042,94,4,1.489011227320312,1.7282350363146088,first_n_median,86.15791232282665,normal,,0,01761.csv,1761,231,5528.453,3.4137666152192327,2.1739453453589515,4.156718320546126,-1.0029036577307848,-1.0156907563945252,-0.0025000475145131,8.196033184015116,3.948091350954695,11.714847602816857,7.766756251862162,442,ok
B0042,95,4,1.4810149357562843,1.7282350363146088,first_n_median,85.6952269012257,normal,,0,01763.csv,1763,233,5513.39,3.415284661394718,2.1496986936751377,4.179126280631904,-1.002852610333621,-1.0141702039281322,-0.0012569793191836,8.16363192494008,4.856942399753029,11.58953853216132,6.7325961324082915,440,ok
B0042,96,4,1.476262027748574,1.7282350363146088,first_n_median,85.4202117610486,normal,,0,01765.csv,1765,235,5486.187,3.411339830211172,2.130871451051632,4.178321190076967,-1.002761137143926,-1.015116075388854,-0.0019003583424086,8.182297960881899,3.7743106596445495,12.228023164640565,8.453712504996016,432,ok
B0042,97,4,1.466255102543896,1.7282350363146088,first_n_median,84.84118605016975,normal,,0,01767.csv,1767,237,5461.922,3.406171736681637,2.1249846428522594,4.177914160605347,-1.0028500275234071,-1.0161898571210812,-0.0012356705884221,8.239851195999249,4.866093726205865,12.995413081963957,8.129319355758092,433,ok
B0042,98,4,1.459328259381702,1.7282350363146088,first_n_median,84.44038158685062,normal,,0,01769.csv,1769,239,5438.157,3.404061107280645,2.124079082604729,4.177668141485771,-1.0027529355519171,-1.0156335856045815,0.0005687903234577,8.314381068196377,5.064328187477132,13.00690019959285,7.942572012115718,430,ok
B0042,99,4,1.445704157754381,1.7282350363146088,first_n_median,83.65205700477445,normal,,0,01773.csv,1773,243,5402.875,3.392089192692739,2.157698091133544,4.153042890139087,-1.0027471224260915,-1.0151373782288406,-0.0020212433897954,8.203300249486228,3.760749320682264,13.003396618491456,9.242647297809192,426,ok
B0042,100,4,1.4400686089389023,1.7282350363146088,first_n_median,83.32597006074997,normal,,0,01775.csv,1775,245,5384.438,3.3962072676781316,2.128860427750212,4.176783274878805,-1.0026619793717586,-1.0156661309978,-0.0017615914551981,8.252382764570392,5.127499040352615,12.802739574235911,7.675240533883296,423,ok
B0042,101,4,1.4290313659547842,1.7282350363146088,first_n_median,82.68732758723233,normal,,0,01777.csv,1777,247,5344.859,3.395827065629725,2.162828573021361,4.176835821672092,-1.002740647957347,-1.015570651710456,-0.0012958453819805,8.247452041994245,5.268947360045857,12.748426837127605,7.479479477081748,419,ok
B0042,102,4,1.414172188151386,1.7282350363146088,first_n_median,81.82753840976693,normal,,0,01779.csv,1779,249,5305.156,3.3924931276502397,2.1882897882574714,4.1765571620332524,-1.0027179745166037,-1.0147574189655575,-0.0024425355844481,8.179356055314594,5.033635313790021,12.453422458173543,7.419787144383522,415,ok
B0042,103,4,1.415603079129078,1.7282350363146088,first_n_median,81.91033333913853,normal,,0,01781.csv,1781,251,5284.547,3.389283502389414,2.1285029465259013,4.1766999837334025,-1.0026894950538923,-1.015910590106893,-0.0013228207107746,8.33800631225338,4.9905387057055535,12.1691500239434,7.178611318237847,412,ok
B0042,104,4,1.3994410223300702,1.7282350363146088,first_n_median,80.97515632563042,normal,,0,01785.csv,1785,255,5267.843,3.377876069069322,2.158726692822152,4.150196439454072,-1.0025103497063337,-1.0159094949842238,-0.0016492952707308,8.293330795902381,4.9273863857427855,12.726444405331804,7.799058019589019,409,ok
B0042,105,4,1.395963528579491,1.7282350363146088,first_n_median,80.77393984306246,normal,,0,01787.csv,1787,257,5229.688,3.386987302997725,2.1998128745691083,4.175707583064406,-1.0024134076376698,-1.015635228418542,-0.0005976709915398,8.373136255476883,5.217565120870593,12.125723483812015,6.908158362941422,406,ok
B0042,106,4,1.3929784652630588,1.7282350363146088,first_n_median,80.60121661655054,normal,,0,01789.csv,1789,259,5206.954,3.3829130588839496,2.1540885607694915,4.176508363415245,-1.0024655689800792,-1.016152801679653,-0.0028143667405868,8.329037453715973,4.923982446005675,12.11350286924164,7.189520423235966,403,ok
B0042,107,4,1.3740772023800918,1.7282350363146088,first_n_median,79.50754229067452,normal,,1,01791.csv,1791,261,5179.062,3.3774651407729346,2.159795216779738,4.175329405348679,-1.0024461693775724,-1.015180208545858,-0.0010365158630051,8.396128944133206,5.561928665836724,12.960410174687055,7.398481508850331,400,ok
B0042,108,4,1.3752493030002435,1.7282350363146088,first_n_median,79.57536296295132,normal,,1,01793.csv,1793,263,5144.109,3.3780934843236405,2.185043715780537,4.175181369358572,-1.002355515867145,-1.014696180145089,-0.0007376994377314,8.43692173445999,4.134321617243554,12.4262328165013,8.291911199257745,396,ok
B0042,109,4,1.3671966130854505,1.7282350363146088,first_n_median,79.10941419177232,normal,,1,01797.csv,1797,267,5142.891,3.364163079749717,2.1784898920030544,4.147372136171002,-1.0023378437056385,-1.0153472628222506,-0.0015101895474657,8.419794670115083,4.481717410647008,13.21754189086476,8.735824480217753,395,ok
B0042,110,4,1.356887600783644,1.7282350363146088,first_n_median,78.51290896619894,normal,,1,01799.csv,1799,269,5109.734,3.3705853863809336,2.189853076065801,4.174822480867543,-1.0021679698004895,-1.015989585590983,-0.0011949572748057,8.409805733876953,4.950165168661344,13.047668558877342,8.097503390215998,391,ok
B0042,111,4,1.3449320225969348,1.7282350363146088,first_n_median,77.82112932190913,normal,,1,01801.csv,1801,271,5078.937,3.366371835007897,2.169597235193881,4.174669508085626,-1.0021759719497005,-1.0147917391902936,-0.0003718638051042,8.370055044633526,4.931862010617464,13.073094195785368,8.141232185167905,388,ok
B0042,112,4,1.3374691704584258,1.7282350363146088,first_n_median,77.38931003913244,normal,,1,01803.csv,1803,273,5051.672,3.360943897156673,2.153907127504055,4.174072805021775,-1.0021900129076768,-1.0152446711938672,2.465679595063534e-05,8.33428157906845,4.286490828675208,13.27910289077086,8.992612062095652,385,ok
B0043,1,22,1.713782642126885,1.6814906372051954,first_n_median,101.92043917505018,normal,,0,00739.csv,739,2,3360.922,3.475911687674208,2.421307986424623,4.204104775621549,-1.8551004388985552,-1.990987822798042,0.0027590308545401,30.907894474048284,22.74851289531124,36.84241052511593,14.09389762980469,358,ok
B0043,2,22,1.6955681658647108,1.6814906372051954,first_n_median,100.83720529558902,normal,,0,00741.csv,741,4,3289.406,3.4897388185035,2.4612810169393184,4.205053773882487,-1.868889923378281,-1.9917802328214216,0.0018606614408892,30.363796429604488,22.372949334869,36.2511342416132,13.878184906744202,348,ok
B0043,3,22,1.6814906372051954,1.6814906372051954,first_n_median,100.0,normal,,0,00743.csv,743,6,3244.797,3.4901234321768033,2.3997609695216755,4.204546702288046,-1.8840563804062687,-1.992161929805588,0.0006171347576784,30.07611798184701,22.121030952775914,36.12855723169499,14.007526278919077,341,ok
B0043,4,22,1.6786372409532953,1.6814906372051954,first_n_median,99.830305552183,normal,,0,00745.csv,745,8,3211.438,3.4940185374934947,2.399740066713552,4.204756646870948,-1.89408796703159,-1.9914034366675075,0.0013219649313469,30.05896964075817,22.07957801886461,36.35251788056927,14.272939861704664,336,ok
B0043,5,22,1.6694168550864992,1.6814906372051954,first_n_median,99.28195959873057,normal,,0,00747.csv,747,10,3175.594,3.5005489873453817,2.3786378834863195,4.204750835132976,-1.9103670337506284,-1.9917916805558111,0.0003667088363332,30.417149405736243,22.548068572848894,36.75256708066779,14.204498507818894,330,ok
B0043,7,22,1.6611938521224778,1.6814906372051954,first_n_median,98.79292904559654,normal,,0,00753.csv,753,16,3121.672,3.507465391169604,2.416288536712014,4.204901465726193,-1.926803470895965,-1.992343743472965,0.0008785937306626,30.617574721987218,23.28940869791394,36.83142721849718,13.542018520583241,321,ok
B0043,8,22,1.6506423382064332,1.6814906372051954,first_n_median,98.16541952026355,normal,,0,00755.csv,755,18,3102.937,3.505466720095601,2.3791815969853816,4.205123789023272,-1.9324769674832156,-1.991761741760116,0.0006505199361241,30.258236869364143,22.825651927649517,36.54735803665934,13.721706109009823,317,ok
B0043,9,22,1.6424273190907783,1.6814906372051954,first_n_median,97.6768637749096,normal,,0,00757.csv,757,20,3089.437,3.505146635224542,2.4666546752460183,4.204720843069481,-1.9255143226505498,-1.9926632981632448,-4.053565775769004e-05,29.936684037867014,22.28596476376554,36.223678523702304,13.937713759936763,314,ok
B0043,10,22,1.6353664801041328,1.6814906372051954,first_n_median,97.25694832427224,normal,,0,00759.csv,759,22,3077.75,3.5024428414174498,2.429311406516166,4.204351643955918,-1.924996304077744,-1.9910210969809976,-0.0003001325467794,29.74762436888935,22.04776019407551,36.16960256825446,14.12184237417895,311,ok
B0043,11,22,1.633232875930849,1.6814906372051954,first_n_median,97.1300606612621,normal,,0,00763.csv,763,26,3074.875,3.5007336141613488,2.4024069940444392,4.203254409200642,-1.9244448695912972,-1.9917602339187832,8.03685131861218e-05,29.699035458962353,22.03233666280654,36.19613432531801,14.163797662511474,309,ok
B0043,12,22,1.6258840554387932,1.6814906372051954,first_n_median,96.69301865047396,normal,,0,00765.csv,765,28,3061.891,3.501947249481621,2.406157541131262,4.204230992986033,-1.9239340941617735,-1.992540822877361,0.0007316620638213,29.746622188626663,22.137944786719316,36.217566438813456,14.07962165209414,306,ok
B0043,13,22,1.617976174654771,1.6814906372051954,first_n_median,96.22272874168412,normal,,0,00767.csv,767,30,3058.469,3.5002499918856302,2.415785415380386,4.204061240829561,-1.916896100852633,-1.992323077219212,6.37208826967672e-05,29.642987306218718,21.93064744860828,36.09047688646367,14.15982943785539,304,ok
B0043,14,22,1.6136652707273988,1.6814906372051954,first_n_median,95.9663547939506,normal,,0,00769.csv,769,32,3040.75,3.5007698538114447,2.400209592232293,4.204423283955662,-1.9227329924422065,-1.992372409835,0.0013629600237778,29.663939557878308,22.073666648142986,36.148984496134304,14.075317847991318,301,ok
B0043,15,22,1.605821026619692,1.6814906372051954,first_n_median,95.499849424599,normal,,0,00771.csv,771,34,3037.641,3.5004947608560313,2.4374747406672226,4.204490583977483,-1.9157256805286993,-1.9935372199400443,-0.0004960590638573,29.637650852441404,22.04900239747061,36.15795969792578,14.108957300455174,299,ok
B0043,16,22,1.6033527961961531,1.6814906372051954,first_n_median,95.35306118986692,normal,,0,00775.csv,775,38,3044.828,3.4961700451758575,2.3865949081957893,4.202477824031488,-1.9087255587088567,-1.9925774400879448,-9.649659603026656e-05,29.593597067401642,21.79423965834761,36.16956081888435,14.375321160536739,298,ok
B0043,17,22,1.5951342406182645,1.6814906372051954,first_n_median,94.86429512741957,normal,,0,00777.csv,777,40,3030.25,3.4993157107183803,2.4489169685849195,4.204489330076927,-1.9078668399519796,-1.991618906287858,0.0004486261680142,29.63922727943673,22.03954138522161,36.13182777424954,14.092286389027926,295,ok
B0043,18,22,1.5878135544728509,1.6814906372051954,first_n_median,94.42892629553708,normal,,0,00779.csv,779,42,3017.578,3.50080829213355,2.4933649317176108,4.204953662033176,-1.907455457642798,-1.991997740216363,0.0006829786283691,29.666195384468185,22.218607583795134,36.12995412374782,13.911346539952689,293,ok
B0043,19,22,1.5800601969084245,1.6814906372051954,first_n_median,93.9678260436015,normal,,0,00781.csv,781,44,3015.0,3.497552326899387,2.473993010608268,4.204018303566451,-1.9000139238260703,-1.9916623493440428,0.0008361130921469,29.635949832755518,21.88005459080936,36.115379230424814,14.235324639615452,291,ok
B0043,20,22,1.575565087879128,1.6814906372051954,first_n_median,93.70049722654858,normal,,0,00783.csv,783,46,2999.454,3.4969748978677377,2.4568566798816054,4.20390099564762,-1.904134059211754,-1.9915432702858615,0.001571483584186,29.671876354508125,22.09491692470087,36.260266208231016,14.165349283530148,282,ok
B0043,21,22,1.5950169012164208,1.6814906372051954,first_n_median,94.85731683094576,normal,,0,00787.csv,787,50,3054.859,3.4931433851686124,2.389783772934692,4.19682124697899,-1.8929472665362916,-1.9935482540074148,-0.0001763084520968,29.993152820136338,21.93977756925852,36.73407518988127,14.794297620622746,292,ok
B0043,22,22,1.5898075522577595,1.6814906372051954,first_n_median,94.54751142118624,normal,,0,00791.csv,791,54,3034.875,3.500270597096414,2.3834815017568327,4.202479371762253,-1.8991542942688262,-1.9935266008477732,-0.0008798809511987,30.681276254794994,22.790100143073214,37.35435994505973,14.564259801986513,289,ok
B0043,23,22,1.5807953202097411,1.6814906372051954,first_n_median,94.0115445921947,normal,,0,00793.csv,793,56,3030.0,3.5026578112869,2.427559147580718,4.204284851556785,-1.8917722041126428,-1.992097101122076,-0.00106779045115,30.871236598447616,23.147488082629188,37.40944456827136,14.261956485642173,287,ok
B0043,24,22,1.5704333289187615,1.6814906372051954,first_n_median,93.39530617482222,normal,,0,00795.csv,795,58,3011.781,3.501870413763956,2.458384607788224,4.20378732342866,-1.89078274822848,-1.9921457624515235,0.0008091845029971,30.779999574712413,23.181964893680902,37.26366414928814,14.081699255607237,284,ok
B0043,25,22,1.5643368431897875,1.6814906372051954,first_n_median,93.03274181709811,normal,,0,00797.csv,797,60,2990.25,3.4967579517606566,2.394787213470724,4.204330620589128,-1.8968520026147064,-1.9912425550809052,-0.0009103473917132,30.581480715523952,22.828460913409543,37.27002790978136,14.441566996371819,281,ok
B0043,26,22,1.558307017802491,1.6814906372051954,first_n_median,92.67414181934144,normal,,0,00799.csv,799,62,2980.234,3.4938467732797593,2.365525236922006,4.2038717516378,-1.8960710046785778,-1.991041676372342,0.0019895389494122,30.546605962885614,22.613478996348647,37.37612563137064,14.762646635021994,279,ok
B0043,27,22,1.5537149289772467,1.6814906372051954,first_n_median,92.4010455127883,normal,,0,00803.csv,803,66,2994.844,3.498085824975237,2.474272882432229,4.202475048160179,-1.8818174142025106,-1.9909446444723564,0.0006647374957945,30.92329503843904,22.97635708986064,37.57568180724724,14.599324717386601,279,ok
B0043,28,22,1.549528250585513,1.6814906372051954,first_n_median,92.15205938707948,normal,,0,00805.csv,805,68,2987.672,3.499824440494276,2.4720598546819117,4.203857283529741,-1.8812480163452203,-1.991996113254465,-0.0004086432007874,31.225884514077716,23.466158715991067,37.80943515485114,14.34327643886007,277,ok
B0043,29,22,1.5424430535161062,1.6814906372051954,first_n_median,91.73069533588364,normal,,0,00807.csv,807,70,2975.1100000000006,3.4987433448544607,2.4838780206846622,4.203991230539982,-1.8805764098134792,-1.99144467027302,0.0007408592528157,31.163201064541546,23.535242082118454,37.69836973093636,14.163127648817909,275,ok
B0043,30,22,1.54256227031715,1.6814906372051954,first_n_median,91.7377852832438,normal,,0,00809.csv,809,72,2953.219,3.496873891743175,2.429175425635552,4.205957997721127,-1.8940750825904094,-1.9937155470584815,-0.0013347831229541,31.130645067035932,24.066452352307945,37.67202323454292,13.605570882234975,272,ok
B0043,31,22,1.5309356452520158,1.6814906372051954,first_n_median,91.04633777780546,normal,,0,00811.csv,811,74,2955.484,3.4895372240361704,2.397532773087188,4.203785685934744,-1.8790362639465747,-1.9926097349240808,-0.001418515211249,30.837232735283838,23.210579274230103,37.5846177818102,14.3740385075801,271,ok
B0043,32,22,1.5247733176952427,1.6814906372051954,first_n_median,90.67985773798702,normal,,0,00815.csv,815,78,2957.016,3.4871652344467075,2.435189655089205,4.202128090345783,-1.8710836448265253,-1.9922654806203883,0.0001300946092341,30.641318807832377,22.6005385062199,37.57163850758581,14.971100001365912,270,ok
B0043,33,22,1.5196742408779502,1.6814906372051954,first_n_median,90.3766103273581,normal,,0,00817.csv,817,80,2948.219,3.4906015804101496,2.4649257198080514,4.203512527913386,-1.8702004234947458,-1.990969048853236,0.0007569359179292,31.01732542847249,23.044631321913247,37.83811660125229,14.793485279339041,268,ok
B0043,34,22,1.5123696925788683,1.6814906372051954,first_n_median,89.94220123000964,normal,,0,00819.csv,819,82,2935.5,3.4876146185117345,2.4457109146915506,4.203182025095136,-1.8695581981674536,-1.991978047763166,0.0010801247264375,30.93897323974993,23.15753369175818,37.76120652410461,14.60367283234643,266,ok
B0043,35,22,1.499914486202397,1.6814906372051954,first_n_median,89.20147713075607,normal,,0,00821.csv,821,84,2913.797000000006,3.4842857075179094,2.4807762094187127,4.202993560256935,-1.8681373339121092,-1.9913479340556115,-6.834459439358272e-05,30.585360437692223,22.75595694417365,37.43416840833683,14.67821146416318,263,ok
B0043,36,22,1.492410627118825,1.6814906372051954,first_n_median,88.75521481340864,normal,,0,00823.csv,823,86,2900.703,3.4811070895804797,2.482626305221594,4.203399051569862,-1.8672666650634016,-1.991255410410246,0.0015269350505374,30.3648233882985,22.49213732688199,37.31899313705125,14.82685581016926,261,ok
B0043,37,22,1.492624987952706,1.6814906372051954,first_n_median,88.76796307552429,normal,,0,00827.csv,827,90,2914.031,3.475104459646633,2.397470273055264,4.2008898664224255,-1.8594886102216435,-1.991416403593573,0.0014447698059237,30.432401864910737,22.19536882270379,37.58604736335072,15.390678540646931,261,ok
B0043,38,22,1.4924024018806028,1.6814906372051954,first_n_median,88.75472564992238,normal,,0,00829.csv,829,92,2901.968,3.4772044059441005,2.370171214445116,4.203438298553452,-1.8662699457286136,-1.9932848499087763,-0.0002840397519759,30.831835959630617,22.683699351856536,38.06717620893625,15.383476857079717,259,ok
B0043,39,22,1.4853020201751674,1.6814906372051954,first_n_median,88.33245855260229,normal,,0,00831.csv,831,94,2901.734,3.482172936874988,2.467002990449064,4.203125269256038,-1.8580509519301622,-1.9915678335386533,0.0001177864651307,31.094991080529404,23.072158171530635,38.03429813873292,14.962139967202287,258,ok
B0043,40,22,1.477208127101587,1.6814906372051954,first_n_median,87.85110629916166,normal,,0,00833.csv,833,96,2887.407,3.4803385610467843,2.476788514821077,4.203051054659131,-1.8570868946683126,-1.9914103858193752,-0.0001800246189846,31.038470618761803,23.07534146448387,37.8850432804777,14.809701815993833,256,ok
B0043,41,22,1.4694738525181406,1.6814906372051954,first_n_median,87.39114093198593,normal,,0,00835.csv,835,98,2861.937,3.4714831954460226,2.4014857684023228,4.203121514305449,-1.8634355664455717,-1.9914698934009565,0.0004906338413997,30.652253424171764,22.67357072841237,37.72173567628911,15.048164947876739,253,ok
B0043,42,4,0.0570343910426537,1.6814906372051954,first_n_median,3.391894654700577,normal,,1,00839.csv,839,102,1055.25,4.05715902963358,2.4576176811598773,4.199278377795993,-0.26538241903639787,-3.9790202106481374,0.0001227176236257,7.628394260109583,5.6941618212199705,10.169699784021772,4.475537962801801,91,ok
B0043,43,4,0.0571536334895882,1.6814906372051954,first_n_median,3.398986127248572,normal,,1,00843.csv,843,106,1012.187,4.049827246639277,2.427637650375664,4.197486385695169,-0.27790699151072973,-3.976994268390442,0.0005520917621009,7.4649167649876285,5.765062136960731,10.073103559906276,4.308041422945545,87,ok
B0043,44,4,0.0572936600593766,1.6814906372051954,first_n_median,3.4073136532359385,normal,,1,00845.csv,845,108,991.172,4.049066061935538,2.4427831763874552,4.198105245504659,-0.2845068500189359,-3.978414173747544,0.0014480996432118,7.503302872635532,6.072122727432658,9.363713069880482,3.291590342447824,85,ok
B0043,45,4,0.0574420318527805,1.6814906372051954,first_n_median,3.416137478365914,normal,,1,00847.csv,847,110,982.094,4.044551430084685,2.3604432554634345,4.197970873673746,-0.28818241995759014,-3.978020094727615,-0.0004245114604187,7.637968852421283,4.827395779527931,9.49837575629517,4.670979976767239,84,ok
B0043,46,4,0.0671306210772112,1.6814906372051954,first_n_median,3.992327973279052,normal,,1,00849.csv,849,112,1063.609,4.035830307373486,2.381932819122213,4.194476442021244,-0.29738235564582266,-3.9772827671809017,-0.0014801606712992,7.608951449591351,4.647097871495842,9.502985965829737,4.855888094333895,95,ok
B0043,47,4,0.0671478192023473,1.6814906372051954,first_n_median,3.993350763698194,normal,,1,00852.csv,852,115,1067.641,4.044589005651629,2.484673285435373,4.197752247409493,-0.29734862514364657,-3.976964473628956,-0.001590929735478,7.076698354969239,6.121120472903962,8.979535773958249,2.858415301054287,95,ok
B0043,48,4,0.0673200121169029,1.6814906372051954,first_n_median,4.003591255720309,normal,,1,00854.csv,854,117,1048.687,4.04142282173358,2.4449132183808,4.198570311408386,-0.3034723285432027,-3.9766535760963024,-0.0015168801551566,7.203287534892745,5.463217277420028,10.239009824535197,4.775792547115169,93,ok
B0043,49,4,0.0678403805161331,1.6814906372051954,first_n_median,4.034538106551135,normal,,1,00856.csv,856,119,1039.984,4.038238044394062,2.3975988971956834,4.198841552939364,-0.30667044923216635,-3.976962731071752,-0.001906841759292,7.515405447362731,5.309197793992613,10.120757638084276,4.811559844091663,92,ok
B0043,50,4,0.0679960492721063,1.6814906372051954,first_n_median,4.043795889647206,normal,,1,00858.csv,858,121,687.328,3.9848046527051646,2.3944641668469124,4.199385029561721,-0.4602932757726641,-3.9770413411476895,-0.0003255228386646,8.284967270173246,5.448346729575731,10.16908687877008,4.7207401491943495,61,ok
B0043,51,4,0.0682801114788655,1.6814906372051954,first_n_median,4.060689365023991,normal,,1,00860.csv,860,123,1047.531,4.061944839809303,2.484746371426068,4.198510355333928,-0.26354071255954314,-3.976884098204476,7.43883165125051e-05,6.857064194557378,4.236925977594628,7.981964148617724,3.745038171023096,92,ok
B0043,52,4,0.0684463294312597,1.6814906372051954,first_n_median,4.070574519821549,normal,,1,00864.csv,864,127,1038.375,4.0390164727182745,2.439654912409003,4.198662948375451,-0.30982094892471246,-3.9773559134401215,0.0006754476534428,7.332807580550581,6.078782859007784,9.50679606348134,3.4280132044735563,91,ok
B0043,53,4,0.0685136191478808,1.6814906372051954,first_n_median,4.074576309372572,normal,,1,00866.csv,866,129,1030.703,4.0361346398417846,2.4090725568197637,4.197798424948824,-0.31356071971779864,-3.97775985390458,0.0011478493232138,7.093409222592422,6.154364735395251,8.947219582076908,2.7928548466816574,90,ok
B0043,54,4,0.0688740243561668,1.6814906372051954,first_n_median,4.096009982585587,normal,,1,00868.csv,868,131,1010.765,4.057393658498293,2.4859989490669228,4.197881021158161,-0.27513448834106563,-3.977445240880274,0.0004278373832344,7.192057776504479,4.3882703022466245,9.048570192927317,4.660299890680692,88,ok
B0043,55,4,0.0565443893216957,1.6814906372051954,first_n_median,3.3627537418631186,normal,,1,00870.csv,870,133,1025.719,4.057321348653442,2.4347562857307143,4.198733839270603,-0.27166833180337746,-3.978076611417741,-0.0002255005356708,7.020826540727179,4.0727536142424885,8.214832927581378,4.14207931333889,89,ok
B0043,56,4,0.0691835316418984,1.6814906372051954,first_n_median,4.114416703317975,normal,,1,00872.csv,872,135,1016.859,4.033634353087378,2.406517387646374,4.198110326587282,-0.320196095157037,-3.977528651299922,-0.0008470022568792,7.160800567147388,6.130931936896288,9.472969870923514,3.3420379340272257,88,ok
B0043,57,4,0.0591220864554366,1.6814906372051954,first_n_median,3.5160520758951943,normal,,1,00876.csv,876,139,1021.079,4.051793890502685,2.451707097247213,4.197869647773584,-0.2847656836072143,-3.977819823237704,-0.0003752775683716,7.125807255445201,4.3296755936289975,9.447247671252793,5.117572077623795,85,ok
B0043,58,4,0.0695612008414022,1.6814906372051954,first_n_median,4.13687708407463,normal,,1,00878.csv,878,141,1010.562,4.030996821807475,2.381706206862016,4.197430661878491,-0.3238806690763745,-3.9765929339855943,-0.0007481956695884,7.276161437071745,5.931364219681455,10.624675414528705,4.69331119484725,87,ok
B0043,59,4,0.0701789780437661,1.6814906372051954,first_n_median,4.173616937909958,normal,,1,00880.csv,880,143,1003.313,4.055018337093391,2.474242037374171,4.197964103178539,-0.28177752116071475,-3.977735314263721,-0.0001610819028918,7.0723476874628055,4.553904275309285,9.289965371994612,4.736061096685327,86,ok
B0043,60,4,0.0702814818386252,1.6814906372051954,first_n_median,4.179712945380416,normal,,1,00882.csv,882,145,1006.187,4.030113750605147,2.376406799368078,4.1984290827154815,-0.3276464138855827,-3.976763233599402,-0.0015100180830771,7.211729709283271,6.044513643187531,10.405043941704964,4.360530298517433,86,ok
B0043,61,4,0.0578736420287837,1.6814906372051954,first_n_median,3.441805785191611,normal,,1,00884.csv,884,147,996.765,4.052423434416539,2.444206792905019,4.197776325811346,-0.28464369596708916,-3.977599833768101,-0.0008120789444715,7.126821145688813,4.364509412911411,9.269985860917538,4.9054764480061275,85,ok
B0043,62,4,0.0705661855429337,1.6814906372051954,first_n_median,4.19664457128478,normal,,1,00888.csv,888,151,999.422,4.027129856353761,2.362524005453324,4.196951926227284,-0.3313651943047909,-3.976739739726006,0.000640497809531,7.168249960966138,6.077075790728183,10.696409617431332,4.619333826703149,85,ok
B0043,63,4,0.057989410208958,1.6814906372051954,first_n_median,3.4486906394758265,normal,,1,00890.csv,890,153,990.234,4.048117106628375,2.3656545996286327,4.19797990922366,-0.2883666373154701,-3.9778656380270103,0.000390713415322,7.434058256465138,4.55380785051336,8.841145903774922,4.287338053261562,84,ok
B0043,64,4,0.0712926644680078,1.6814906372051954,first_n_median,4.239849029816979,normal,,1,00892.csv,892,155,608.953,3.9942812603304247,2.4649338982361098,4.198154349205609,-0.4625693034020786,-3.977362149020762,-0.0010638110949864,7.930969485581617,5.41531757857979,9.601778804173833,4.1864612255940425,52,ok
B0043,65,4,0.0714654655766428,1.6814906372051954,first_n_median,4.250125691774621,normal,,1,00894.csv,894,157,586.719,3.9892131166602725,2.4780138487049133,4.197870451831717,-0.4810643118406535,-3.977130035437704,-0.0013764659065851,7.59327498772461,5.424102617329487,9.775871193110238,4.351768575780751,50,ok
B0043,66,4,0.0716254973792324,1.6814906372051954,first_n_median,4.259642949798466,normal,,1,00896.csv,896,159,575.922,3.985650654864829,2.467345657591589,4.198411457661763,-0.4905753520009798,-3.9779080167511776,-0.0007371586631494,7.6206831277866485,5.349078288975341,9.77507439966935,4.425996110694009,49,ok
B0043,67,4,0.0719259635627201,1.6814906372051954,first_n_median,4.277511986761235,normal,,1,00900.csv,900,163,1050.406,4.052984666529467,2.453991394977099,4.194430059860958,-0.2752743573987098,-3.976499927125273,-0.000806605702168,6.882286937183749,4.474576539395464,7.9530776238610095,3.4785010844655453,88,ok
B0043,68,4,0.0588400951113647,1.6814906372051954,first_n_median,3.499281756879883,normal,,1,00904.csv,904,167,1040.75,4.051719519499582,2.379432952726756,4.197497159574681,-0.2783809790794886,-3.97769541756124,-0.0008539388694312,7.3351511578492685,4.153878698717327,8.70377999346024,4.549901294742912,87,ok
B0043,69,4,0.0721385348010396,1.6814906372051954,first_n_median,4.290153819764409,normal,,1,00906.csv,906,169,1019.125,4.026760095683099,2.3452670801496267,4.1973835054560045,-0.33153563906515443,-3.97788488306095,-0.0005991760200156,7.3668189489801215,6.015547943973044,10.861930060972163,4.846382116999119,85,ok
B0043,70,4,0.0723183571187791,1.6814906372051954,first_n_median,4.300848040342312,normal,,1,00908.csv,908,171,618.844,3.9942222633789237,2.474574662858291,4.196870024472014,-0.46262938548539395,-3.9787860145489566,-0.0013997887913588,7.9936664890195335,5.519490782480637,9.628805360691263,4.109314578210626,52,ok
B0043,71,4,0.0593817062666809,1.6814906372051954,first_n_median,3.5314919365462063,normal,,1,00910.csv,910,173,1039.547,4.049966366718909,2.3452420900020043,4.198079959089733,-0.28159998506577094,-3.976902186853475,0.0007575854373163,7.296477939821086,4.052220534177486,8.740129795491647,4.687909261314161,86,ok
B0043,72,4,0.0729448848562527,1.6814906372051954,first_n_median,4.338108297617068,normal,,1,00912.csv,912,175,1004.328,4.051191449078818,2.4837961610187183,4.196857869022103,-0.29159688898978015,-3.977001726708665,-0.0005707548659945,6.946289418376632,6.005361361292126,9.890833414808087,3.8854720535159615,83,ok
B0043,73,4,0.0730691773407958,1.6814906372051954,first_n_median,4.34550010116286,normal,,1,00916.csv,916,179,1005.75,4.0502554179984545,2.45187326606884,4.197040748347509,-0.2912181433078147,-3.9765911746920217,-0.0002875175521165,6.902633045655659,5.433024970832323,8.123599018265942,2.6905740474336195,83,ok
B0043,74,4,0.0731705412812827,1.6814906372051954,first_n_median,4.351528320306286,normal,,1,00918.csv,918,181,995.797,4.049866693334642,2.481690176251403,4.196682246183551,-0.2948913004839587,-3.977587594021444,-0.0004308654377637,6.896174405116905,6.034976417915098,9.54039758015595,3.505421162240852,82,ok
B0043,75,4,0.0734743029330489,1.6814906372051954,first_n_median,4.369593342200852,normal,,1,00920.csv,920,183,998.921,4.04947173354325,2.469341225978269,4.19696998692681,-0.29521769894931627,-3.976125848069426,0.00056617012743,7.035611200131563,6.174377163607433,8.68981677408595,2.5154396104785164,82,ok
B0043,76,4,0.0601069759183187,1.6814906372051954,first_n_median,3.5746244783273053,normal,,1,00922.csv,922,185,989.141,4.043702193909917,2.3359478200885606,4.197583527373011,-0.2989974183048041,-3.977047310782961,0.0020929326793028,7.22435677434366,4.10069315022509,8.648121468375715,4.547428318150625,81,ok
B0043,77,4,0.0738316250995573,1.6814906372051954,first_n_median,4.390843663707388,normal,,1,00924.csv,924,187,979.203,4.04662199809222,2.455991331590063,4.1970633301567934,-0.3025440962097056,-3.978121135361649,0.0005275926794238,6.990028087646541,6.147828164497968,8.766749021949757,2.618920857451789,80,ok
B0043,78,4,0.0604952153074282,1.6814906372051954,first_n_median,3.5977134792720142,normal,,1,00928.csv,928,191,994.031,4.0478344519741825,2.446533765156367,4.197323566834658,-0.2990404522680274,-3.977738911880702,9.953877011578583e-05,7.072814815985095,6.172157666098706,8.697295284987012,2.525137618888306,81,ok
B0043,79,4,0.0606040102376181,1.6814906372051954,first_n_median,3.604183627114807,normal,,1,00930.csv,930,193,971.516,4.045020633492668,2.440105069885436,4.197136062671134,-0.3062477823294265,-3.976381485366203,0.0009262238803689,7.152123066131912,5.955478541850807,10.097658187656732,4.142179645805925,79,ok
B0043,80,4,0.0607343843223521,1.6814906372051954,first_n_median,3.611937109759866,normal,,1,00932.csv,932,195,810.563,4.0242391243497195,2.426379928299938,4.196810616000894,-0.3656818330796306,-3.9788388766990814,-0.0006326592603038,7.40243656537614,5.93392326449305,10.08193635042433,4.1480130859312805,66,ok
B0043,81,4,0.0609965304823779,1.6814906372051954,first_n_median,3.6275272150049074,normal,,1,00934.csv,934,197,599.047,3.980071334963229,2.3818713355998336,4.19749831364625,-0.49053400510100387,-3.9767622508780898,-0.000539587012327,8.281671008133785,5.662764662746331,9.867385484495305,4.204620821748974,49,ok
B0043,82,4,0.0611304592598731,1.6814906372051954,first_n_median,3.635492098931815,normal,,1,00936.csv,936,199,109.078,3.3967939181762525,2.259462555169981,4.197443547761606,-2.386301237113661,-3.976957942817597,0.0018617940006187,5.990209166830171,4.29842713475425,8.668191215610703,4.369764080856453,10,ok
B0043,83,4,0.0612912441098759,1.6814906372051954,first_n_median,3.645054141469859,normal,,1,00940.csv,940,203,109.171,3.4366476653788816,2.3642680452849265,4.197249677217233,-2.3869789597180757,-3.9767291231283286,-0.0026713391993762,6.4435194897145704,5.435730330132727,8.230234796537065,2.794504466404338,10,ok
B0043,84,4,0.0613032906580409,1.6814906372051954,first_n_median,3.645770562239529,normal,,1,00942.csv,942,205,96.484,3.324466570139273,2.2200788093903734,4.199324238157774,-2.649848715956771,-3.976784600681961,0.0013875928608605,5.804997367748431,4.4438076049213855,8.3473989032227,3.903591298301315,9,ok
B0043,85,4,0.0611516615740909,1.6814906372051954,first_n_median,3.6367530226472775,normal,,1,00944.csv,944,207,109.094,3.4223166127184776,2.3089650825269894,4.20125127915007,-2.387047276888483,-3.9777976422643935,-0.0003253066180622,7.064649745993309,5.558814897540426,9.566970302021362,4.008155404480936,10,ok
B0043,86,4,0.0614053871920573,1.6814906372051954,first_n_median,3.651842349483382,normal,,1,00946.csv,946,209,96.906,3.517134909435146,2.464325308909032,4.201927103230439,-2.209874839881083,-3.976527780195651,0.0001592681900314,4.857763577409316,3.375416001730445,7.155555764844436,3.7801397631139912,9,ok
B0043,87,4,0.0617578076594285,1.6814906372051954,first_n_median,3.6728011618355554,normal,,1,00948.csv,948,211,97.015,3.33084669796585,2.227174478989743,4.201871725413588,-2.651553384507515,-3.978417528616236,0.0003690139968771,6.365147956644147,5.025619206039836,8.849096539219643,3.823477333179807,9,ok
B0043,88,4,1.5250840516518187,1.6814906372051954,first_n_median,90.6983374101125,normal,,0,00952.csv,952,215,5608.781,3.4693912792577155,2.487710804240493,4.151713316448254,-0.9908307773272774,-0.9989196316837596,-0.0035710956269996,7.784854957371514,4.8323692369241,11.059155779143234,6.226786542219134,457,ok
B0043,89,4,1.552568811301301,1.6814906372051954,first_n_median,92.332884700555,normal,,0,00956.csv,956,219,5703.296,3.489663125237392,2.4700528908595785,4.1860990142535135,-0.9917840133525034,-1.0004222702851215,0.0004325901221601,7.677310156075022,4.332623990652337,10.464754894665266,6.132130904012929,463,ok
B0043,90,4,1.5427752626774387,1.6814906372051954,first_n_median,91.7504521608092,normal,,0,00958.csv,958,221,5668.032,3.4883481289690543,2.4917865311625422,4.20024763178396,-0.9917267979357509,-1.0013749229178603,-0.0015044521542329,7.720355963617298,5.517278023626756,11.117824082083432,5.600546058456676,459,ok
B0043,91,4,1.533193283126468,1.6814906372051954,first_n_median,91.1806018542445,normal,,0,00960.csv,960,223,5634.047,3.4828518772266346,2.4681420264399123,4.199618145627328,-0.9915700758751732,-0.999906490000437,-0.0029166043859581,7.795012554263815,5.290754145842495,11.465947003288688,6.175192857446193,455,ok
B0043,92,4,1.515272194917202,1.6814906372051954,first_n_median,90.11481606794642,normal,,0,00962.csv,962,225,5582.375,3.4797712380230035,2.484034640402104,4.1989206972349695,-0.9892746508058018,-1.0000803262722175,-0.0017843806336135,7.802002705131443,3.941939487499012,10.672391649812306,6.730452162313295,449,ok
B0043,93,4,1.5074989761997712,1.6814906372051954,first_n_median,89.65253465254997,normal,,0,00964.csv,964,227,5567.329,3.4723642645257145,2.482098506414688,4.198909615049439,-0.9870448856228408,-0.9998205155477988,-0.0003884534970397,7.8854226977198625,5.404348495944301,11.55324188297086,6.148893387026559,447,ok
B0043,94,4,1.4896288908647644,1.6814906372051954,first_n_median,88.58978206031975,normal,,0,00968.csv,968,231,5528.453,3.465591847973898,2.499544886162908,4.182123550892078,-0.982521155601079,-0.9995028844280672,0.0004637317379664,7.865599621307659,4.012126831459005,10.678188237457311,6.666061405998306,442,ok
B0043,95,4,1.4780778852088083,1.6814906372051954,first_n_median,87.90283171992684,normal,,0,00970.csv,970,233,5513.39,3.4621709600387423,2.4624361945446704,4.198072340064109,-0.9800816231955619,-0.9994974790321102,-0.000444670458366,7.840911830800531,4.807700816743437,10.67885056037868,5.871149743635242,440,ok
B0043,96,4,1.4700035345334466,1.6814906372051954,first_n_median,87.42264167326786,normal,,0,00972.csv,972,235,5486.187,3.456977710322033,2.4931009972754072,4.19729618680157,-0.9774850815985034,-1.0007522715759782,-0.001261398550607,7.866129688953066,3.7521686599542687,11.249497515672802,7.497328855718534,432,ok
B0043,97,4,1.4565623180137075,1.6814906372051954,first_n_median,86.6232785235521,normal,,0,00974.csv,974,237,5461.922,3.449217752251389,2.462787320418678,4.196562826262564,-0.9753322406906505,-1.0074496368791506,0.0009610082927127,7.9393273558149495,4.867001171567123,11.637480263714384,6.77047909214726,433,ok
B0043,98,4,1.445976962830235,1.6814906372051954,first_n_median,85.9937564227888,normal,,0,00976.csv,976,239,5438.157,3.447579855504856,2.497516098993309,4.1961404278065615,-0.970424713185739,-0.9995519473703496,0.0023577383035202,8.020423171340544,5.059231250073244,11.797524620709758,6.738293370636514,430,ok
B0043,99,4,1.4325855992469252,1.6814906372051954,first_n_median,85.19735807914012,normal,,0,00980.csv,980,243,5402.875,3.4358831885309766,2.472999574663348,4.178175250938716,-0.970256674882607,-1.0000552345201277,-0.0002025304922338,7.909281139740462,3.744411749265198,11.717322041018162,7.972910291752965,426,ok
B0043,100,4,1.4197344854662963,1.6814906372051954,first_n_median,84.43308895409825,normal,,0,00982.csv,982,245,5384.438,3.4393737351491587,2.4798848457409326,4.195619110791885,-0.9652466121144252,-1.0000587870310462,-0.0004145189886527,7.9764627392531535,5.169956637721328,11.400146543773252,6.2301899060519235,423,ok
B0043,101,4,1.401262575071573,1.6814906372051954,first_n_median,83.33454519857516,normal,,0,00984.csv,984,247,5344.859,3.437163038991663,2.483308761917933,4.195354802720307,-0.9624204407769305,-0.9996583037293504,0.000491200052255,7.975220288628877,5.330701318871918,11.27412857657329,5.943427257701372,419,ok
B0043,102,4,1.3862945308535968,1.6814906372051954,first_n_median,82.44438001497029,normal,,0,00986.csv,986,249,5305.156,3.432715938014848,2.4722726688004677,4.195137899317883,-0.959579561659367,-1.0003023505936774,-0.000497601105255,7.919276364601211,5.089357799320184,10.939205926809544,5.84984812748936,415,ok
B0043,103,4,1.384130256052478,1.6814906372051954,first_n_median,82.31566833776964,normal,,0,00988.csv,988,251,5284.547,3.4312793781460638,2.4995232811069013,4.195919647393222,-0.9569605305508407,-0.9997391001993594,-1.523743837134638e-05,8.087848756281263,4.916489735710996,11.469256268063758,6.552766532352762,412,ok
B0043,104,4,1.3651743201871416,1.6814906372051954,first_n_median,81.18833908324325,normal,,0,00992.csv,992,255,5267.843,3.423768606452633,2.492874341811692,4.176270279535014,-0.9522133825707907,-0.99934176839957,0.0003722025001506,8.02258709983945,5.04116977986091,11.07680003582411,6.0356302559632,409,ok
B0043,105,4,1.361508332192898,1.6814906372051954,first_n_median,80.97031895793724,normal,,0,00994.csv,994,257,5229.688,3.425776013992083,2.466722917823166,4.195157601948688,-0.9541332483411131,-0.9985673084050938,-0.0004598315898297,8.12948679263687,5.159444442594697,11.26155378961363,6.102109347018934,406,ok
B0043,106,4,1.351001663879717,1.6814906372051954,first_n_median,80.34547644732748,normal,,0,00996.csv,996,259,5206.954,3.4199159770745933,2.470780211742849,4.195480097537295,-0.951277080781025,-0.9980068368798176,-0.0001654185151032,8.089656475775936,4.862417920186084,11.576966830401837,6.714548910215752,403,ok
B0043,107,4,1.3282588067265129,1.6814906372051954,first_n_median,78.99293503853289,normal,,1,00998.csv,998,261,5179.062,3.419545032162598,2.4848489819284896,4.1943133355165845,-0.9432133015363675,-1.000251640119134,0.0008465508340473,8.144440591218109,5.684438439783706,11.16400609714747,5.479567657363763,400,ok
B0043,108,4,1.3257206687421472,1.6814906372051954,first_n_median,78.84198932832756,normal,,1,01000.csv,1000,263,5144.109,3.4121967412564467,2.4661345187240347,4.194450936586587,-0.9477871437594549,-0.9983916549138828,0.0011324508413777,8.231983414070719,4.136944134078735,11.988971088033123,7.852026953954388,396,ok
B0043,109,4,1.314290971597844,1.6814906372051954,first_n_median,78.16225333150389,normal,,1,01004.csv,1004,267,5142.891,3.407362058046422,2.472581288872932,4.173215087704208,-0.9403317488154684,-0.9999277500600487,0.0032808403710279,8.207473278156359,4.541378151215567,11.73519417014362,7.193816018928053,395,ok
B0043,110,4,1.300326009481109,1.6814906372051954,first_n_median,77.33174248548777,normal,,1,01006.csv,1006,269,5109.734,3.4128712396915972,2.4919564449811342,4.193501778898149,-0.9372882788479067,-0.9989961791594164,-0.0002897953368181,8.189312466474624,5.062725266929668,11.299125699617386,6.236400432687718,391,ok
B0043,111,4,1.2881071401556836,1.6814906372051954,first_n_median,76.60507359687983,normal,,1,01008.csv,1008,271,5078.937,3.408624211537015,2.485517355170574,4.193305249397542,-0.9340008362934733,-0.9986368638895086,-0.0003544133355372,8.139466322876048,4.938219232151636,11.376911439849154,6.438692207697518,388,ok
B0043,112,4,1.2767801501201566,1.6814906372051954,first_n_median,75.9314456988171,normal,,1,01010.csv,1010,273,5051.672,3.405803295662315,2.499796953515674,4.192997819348426,-0.9308225674416871,-0.9990064665951188,0.0009278861134754,8.11394700059043,4.306619484362203,11.488807348025915,7.182187863663712,385,ok
B0044,1,22,1.686525555152074,1.6534010755700512,first_n_median,102.00341466274917,normal,,0,03241.csv,3241,2,3360.922,3.439679725636751,2.6909422904080547,4.181787286734685,-1.8098343456068096,-1.9964791277692224,0.0029597441973948,32.08333169533252,22.89819136308009,37.78004007704112,14.88184871396103,358,ok
B0044,2,22,1.6624606531639186,1.6534010755700512,first_n_median,100.54793587156364,normal,,0,03243.csv,3243,4,3289.406,3.452824239327816,2.685251535316881,4.183923616071334,-1.8219328456366495,-1.996937518623866,0.0013695111015536,31.44294016626267,22.48508893482155,37.37920163006831,14.894112695246758,348,ok
B0044,3,22,1.6534010755700512,1.6534010755700512,first_n_median,100.0,normal,,0,03245.csv,3245,6,3244.797,3.4521568195939896,2.6435613323767395,4.183717457974608,-1.8359320421754788,-1.997287749488606,0.0012889246721638,31.149900898073525,22.240089226113486,37.15907806475986,14.918988838646374,341,ok
B0044,4,22,1.6452145903490936,1.6534010755700512,first_n_median,99.50486997124185,normal,,0,03247.csv,3247,8,3211.438,3.4552256770525456,2.6433677125804977,4.183480576276661,-1.8454888344252118,-1.9967295286630409,0.0013397859482086,31.12954746264574,22.149471524549643,37.12091726941865,14.971445744869005,336,ok
B0044,5,22,1.635664062367341,1.6534010755700512,first_n_median,98.92724073639572,normal,,0,03249.csv,3249,10,3175.594,3.463672030116032,2.684789036307898,4.181986298076157,-1.8546992944071559,-1.9979913128709892,0.0017733280248056,31.513994261671055,22.51817659719432,37.70825289621454,15.19007629902022,330,ok
B0044,7,22,1.6267769765146465,1.6534010755700512,first_n_median,98.38973740559436,normal,,0,03255.csv,3255,16,3121.672,3.4680330762776053,2.6725301429926103,4.183320051971667,-1.8756028913091127,-1.9967897857151824,0.0006334345228696,31.634787338016164,23.10770092672458,37.649599494653536,14.541898567928957,321,ok
B0044,8,22,1.6159715504743064,1.6534010755700512,first_n_median,97.73621018827268,normal,,0,03257.csv,3257,18,3102.937,3.46794063161749,2.69384241497005,4.183385673000076,-1.8740941775158022,-1.9971940723453785,0.0033231258814095,31.273656122735403,22.666098176277377,37.14337821498799,14.477280038710614,317,ok
B0044,9,22,1.6076028386649623,1.6534010755700512,first_n_median,97.23005884163352,normal,,0,03259.csv,3259,20,3089.437,3.4651033311991837,2.6763379244951917,4.183075069105795,-1.87297275010726,-1.9966888809490444,0.00045380433139,31.0513882525287,22.361891686472,37.11952925248905,14.757637566017053,314,ok
B0044,10,22,1.6003360401431612,1.6534010755700512,first_n_median,96.79055274543144,normal,,0,03261.csv,3261,22,3077.75,3.463878052026492,2.667857305000976,4.18316470580942,-1.871931466677304,-1.9967525939808977,0.0017642344012601,30.825315603911406,22.10778895384647,36.8278472964388,14.720058342592328,311,ok
B0044,11,22,1.5978700914991917,1.6534010755700512,first_n_median,96.64140873673291,normal,,0,03265.csv,3265,26,3074.875,3.4618790737027214,2.651692148341609,4.1809489315384525,-1.8711336666924587,-1.997645249612211,-8.403253962669601e-05,30.772306222074594,21.994946007236376,37.07362320866197,15.078677201425595,309,ok
B0044,12,22,1.5900310265163515,1.6534010755700512,first_n_median,96.16729116788248,normal,,0,03267.csv,3267,28,3061.891,3.4619567664351507,2.638384304971687,4.183395298117799,-1.869887873532527,-1.9974850325068685,0.0012396452905209,30.77793162980491,22.01348455985373,37.27343452416563,15.2599499643119,306,ok
B0044,13,22,1.5816311155652092,1.6534010755700512,first_n_median,95.65925285369144,normal,,0,03269.csv,3269,30,3058.469,3.4608461967292694,2.633572972853497,4.18312292936732,-1.862461079658612,-1.997253452430168,0.0020485637364457,30.734077377574607,21.982597478073615,36.92555325153096,14.942955773457342,304,ok
B0044,14,22,1.5714556311034702,1.6534010755700512,first_n_median,95.0438253804614,normal,,0,03271.csv,3271,32,3040.75,3.462773986667914,2.670554577314724,4.183401469736752,-1.8611231730261666,-1.9973962391444864,0.0029975639144892,30.711931701692418,21.96611305264065,36.82542072716141,14.859307674520757,301,ok
B0044,15,22,1.563220798569978,1.6534010755700512,first_n_median,94.54577123890031,normal,,0,03273.csv,3273,34,3037.641,3.46142516586872,2.662418584963947,4.182608034549464,-1.8534672146493336,-1.9986091240587895,0.0025134602754179,30.692223526355477,21.93800756646044,36.86402084995953,14.926013283499092,299,ok
B0044,16,22,1.5606775388245586,1.6534010755700512,first_n_median,94.39195134710288,normal,,0,03277.csv,3277,38,3044.828,3.459888006806987,2.656737093913297,4.180665797789407,-1.8464485055279791,-1.9964580129835687,0.0020262994622793,30.656716513936473,21.82718305302701,36.85447944747772,15.027296394450712,298,ok
B0044,17,22,1.5523886011314287,1.6534010755700512,first_n_median,93.89062485012624,normal,,0,03279.csv,3279,40,3030.25,3.459225464203645,2.645608837998441,4.183243082901965,-1.8450475324556972,-1.998262725597201,3.741603769891466e-05,30.677651249958302,21.874894396658306,37.00807199261186,15.133177595953555,295,ok
B0044,18,22,1.5444592876561969,1.6534010755700512,first_n_median,93.41104892675276,normal,,0,03281.csv,3281,42,3017.578,3.459378780567444,2.657434360611611,4.182596378873874,-1.8438251021984409,-1.997119290009149,0.0006154231002514,30.670401222972917,21.89720723607561,36.85691194751145,14.95970471143584,293,ok
B0044,19,22,1.536558134180655,1.6534010755700512,first_n_median,92.93317615938336,normal,,0,03283.csv,3283,44,3015.0,3.4594746923592585,2.6700448196473143,4.182792894198413,-1.8359182150531628,-1.99785698826369,0.0013502484419816,30.695903900430444,21.85039318802649,36.933977837728406,15.083584649701915,291,ok
B0044,20,22,1.5307255867941072,1.6534010755700512,first_n_median,92.58041556954664,normal,,0,03285.csv,3285,46,2999.454,3.457758884701852,2.6538669632174807,4.183044202315208,-1.837930189329905,-1.997575789473797,0.0016344891553811,30.693601629277207,21.88067217044617,36.96952216360131,15.08884999315514,282,ok
B0044,21,22,1.545242808242328,1.6534010755700512,first_n_median,93.45843734313328,normal,,0,03289.csv,3289,50,3054.859,3.4604365465272604,2.679338771098678,4.17495739021519,-1.822406275328598,-1.996154584194868,0.0031354899087874,31.3317805416781,22.12957023148279,37.880341936530016,15.750771705047224,292,ok
B0044,22,22,1.5397144491816253,1.6534010755700512,first_n_median,93.12407448693418,normal,,0,03293.csv,3293,54,3034.875,3.4673706320595796,2.6880235920055937,4.1804104728622375,-1.8277755287188366,-1.9969183804123916,0.0019914621350541,32.003093392777586,22.95358536340276,38.4338113726962,15.480226009293439,289,ok
B0044,23,22,1.5305357077773765,1.6534010755700512,first_n_median,92.56893142214064,normal,,0,03295.csv,3295,56,3030.0,3.4682443755783012,2.687370056924405,4.183012088063382,-1.8199294716775476,-1.9973605086578847,0.0016564879469571,32.229129548420126,23.24165959911858,38.62527616952544,15.383616570406861,287,ok
B0044,24,22,1.5199735224097084,1.6534010755700512,first_n_median,91.93011573950136,normal,,0,03297.csv,3297,58,3011.781,3.4662944691430644,2.6893554366992016,4.183156295632244,-1.8182280699458226,-1.9964576467808028,0.000646931078204,32.11597218782518,23.135949966403075,38.54196067361033,15.406010707207258,284,ok
B0044,25,22,1.5136629526844203,1.6534010755700512,first_n_median,91.54844369280136,normal,,0,03299.csv,3299,60,2990.25,3.4597034229251418,2.633690741780774,4.182731552192122,-1.82344115362652,-1.9975793253781036,0.0011370838196343,31.969087731359647,22.93636450124002,38.50117611497123,15.564811613731209,281,ok
B0044,26,22,1.501287000699295,1.6534010755700512,first_n_median,90.79992887882264,normal,,0,03301.csv,3301,62,2980.234,3.4622130413589143,2.689158212130464,4.182713459240956,-1.814801427898659,-1.9961193009923857,0.001320592402494,31.87470050843518,22.77057819761938,38.43383998472231,15.663261787102932,279,ok
B0044,27,22,1.5023814734911674,1.6534010755700512,first_n_median,90.86612411771802,normal,,0,03305.csv,3305,66,2994.844,3.4628505734955555,2.682936321683332,4.180340134562246,-1.8075840969590578,-1.9962084053853808,0.0015097398776068,32.24329057966032,23.12114602411146,38.70474156110448,15.583595536993016,279,ok
B0044,28,22,1.4980955154277502,1.6534010755700512,first_n_median,90.60690340432036,normal,,0,03307.csv,3307,68,2987.672,3.4628624711973686,2.6587209985414955,4.182573946557156,-1.8065211847034746,-1.9967029680268844,0.0004091443110585,32.62193857776337,23.57637165529978,39.13185799913766,15.555486343837877,277,ok
B0044,29,22,1.4906542391377111,1.6534010755700512,first_n_median,90.15684464967283,normal,,0,03309.csv,3309,70,2975.1100000000006,3.4614145860859864,2.660938360343116,4.182900962902353,-1.8052430334885246,-1.997103683848464,0.0017857682443869,32.534721843990155,23.505421833154223,39.06117424677476,15.555752413620539,275,ok
B0044,30,22,1.484397163943621,1.6534010755700512,first_n_median,89.77840802672988,normal,,0,03311.csv,3311,72,2953.219,3.4567536825256298,2.6382065057381183,4.182966025381988,-1.8105860657133828,-1.997186957551534,0.0017170526773058,32.315090431633784,23.260374502704018,38.900911326239694,15.640536823535676,272,ok
B0044,31,22,1.4725321936230114,1.6534010755700512,first_n_median,89.06079809554491,normal,,0,03313.csv,3313,74,2955.484,3.457596686753219,2.6803751950872314,4.183016347451806,-1.7950692987909964,-1.9960209799250943,0.0013777344731151,32.11227103017126,22.97677225131331,38.637548513661336,15.660776262348026,271,ok
B0044,32,22,1.4663149382113208,1.6534010755700512,first_n_median,88.68476982850468,normal,,0,03317.csv,3317,78,2957.016,3.456382425532515,2.695456060678521,4.1793816650979885,-1.786985657468036,-1.9968995033172356,0.0013166253209841,31.74433650446741,22.78063358744876,38.14612160171512,15.365488014266361,270,ok
B0044,33,22,1.4671298468877776,1.6534010755700512,first_n_median,88.73405664030719,normal,,0,03319.csv,3319,80,2948.219,3.4558985436662764,2.658317830680757,4.183025078755878,-1.7928445896165708,-1.9963246097670304,0.0015873559542654,32.11351047936838,23.217531125193947,38.41020545726171,15.192674332067764,268,ok
B0044,34,22,1.4593858997633138,1.6534010755700512,first_n_median,88.26569193201681,normal,,0,03321.csv,3321,82,2935.5,3.4536993651226653,2.650498351064384,4.182295217506064,-1.7913668174036652,-1.997150820770342,0.0007251169997461,32.04801967333395,23.296232005674824,38.342879393411714,15.04664738773689,266,ok
B0044,35,22,1.4467901368505207,1.6534010755700512,first_n_median,87.50388264696778,normal,,0,03323.csv,3323,84,2913.797000000006,3.452694653937275,2.688935729076874,4.182630774542257,-1.7891101484216256,-1.9973020414669824,0.0035597961866578,31.708021910539802,22.914322779687136,37.97725957749192,15.062936797804785,263,ok
B0044,36,22,1.4390669859638228,1.6534010755700512,first_n_median,87.03677572410363,normal,,0,03325.csv,3325,86,2900.703,3.44942355838508,2.687761244178016,4.182872685249836,-1.7876594976231701,-1.997028487870564,0.0028818121425802,31.467203186429348,22.597478447283255,37.79705513935421,15.199576692070952,261,ok
B0044,37,22,1.4389892550462602,1.6534010755700512,first_n_median,87.03207444994148,normal,,0,03329.csv,3329,90,2914.031,3.4464363236508913,2.668468130193828,4.179973909655392,-1.7797845626759963,-1.996553527240556,0.0022170051863129,31.560453436032944,22.363262798668703,37.93561044482721,15.572347646158509,261,ok
B0044,38,22,1.4386198779578576,1.6534010755700512,first_n_median,87.00973400914582,normal,,0,03331.csv,3331,92,2901.968,3.447035324752623,2.642056455668292,4.182978380469111,-1.786101275708508,-1.9982510496408243,0.0008183496815681,31.887709097598353,22.829272160428808,38.32554543437737,15.49627327394856,259,ok
B0044,39,22,1.4313412096653504,1.6534010755700512,first_n_median,86.56951001267855,normal,,0,03333.csv,3333,94,2901.734,3.4510808838042264,2.6780728769094244,4.183054454837302,-1.7774334664210216,-1.9967399870670337,0.0015347822016542,32.164811812502585,23.22378883043629,38.55610999749079,15.332321167054502,258,ok
B0044,40,22,1.422973037663468,1.6534010755700512,first_n_median,86.06339131434655,normal,,0,03335.csv,3335,96,2887.407,3.450413161794029,2.6917750634373303,4.18231054917298,-1.7758066384425826,-1.99737913916284,0.0018952752492584,32.13295425226488,23.21624477930183,38.62165239845955,15.405407619157721,256,ok
B0044,41,22,1.4150153099745095,1.6534010755700512,first_n_median,85.58209685975,normal,,0,03337.csv,3337,98,2861.937,3.4446894399022403,2.68001440979752,4.182416637290177,-1.78107743904082,-1.99678550219575,0.0006225391345261,31.751336888270355,22.853403604078057,38.18800348171553,15.334599877637476,253,ok
B0044,42,4,0.0572172710622218,1.6534010755700512,first_n_median,3.4605802492595283,normal,,1,03341.csv,3341,102,1055.25,4.054818943483505,2.5311035775191533,4.177605302188679,-0.21883274923266322,-3.9896989741694777,0.005540343309771,7.057089335323658,4.847970553868735,9.757496138930122,4.909525585061387,91,ok
B0044,43,4,0.0573587470253984,1.6534010755700512,first_n_median,3.469136912568086,normal,,1,03345.csv,3345,106,1012.187,4.048971725415953,2.5372412665469883,4.1758503096814,-0.2291787146876666,-3.9906931282455655,0.0035384118158599,6.945113627374995,5.645674651140764,9.760471127293034,4.11479647615227,87,ok
B0044,44,4,0.0574968754544523,1.6534010755700512,first_n_median,3.47749111235027,normal,,1,03347.csv,3347,108,991.172,4.048139868634576,2.5608994701667624,4.1760882615952974,-0.23457936698907242,-3.990789539982711,0.0040689492545054,6.969210950143102,6.384509116340028,9.69821406411427,3.3137049477742417,85,ok
B0044,45,4,0.0576308880988852,1.6534010755700512,first_n_median,3.4855963837458805,normal,,1,03349.csv,3349,110,982.094,4.04489102283376,2.487518572801469,4.176702751698478,-0.23761419438252948,-3.9914245848072887,0.0036189979782433,7.1320933104899575,4.797655713268796,9.00106106019679,4.203405346927994,84,ok
B0044,46,4,0.0551169133397871,1.6534010755700512,first_n_median,3.33354768871093,normal,,1,03351.csv,3351,112,1063.609,4.058712789171854,2.652711478763571,4.173920852315538,-0.2099858295389897,-3.9916882386949055,0.0033409083202724,6.9052479876970985,4.5885847373663005,8.446753567938917,3.858168830572616,95,ok
B0044,47,4,0.0674075526574801,1.6534010755700512,first_n_median,4.076902673735086,normal,,1,03354.csv,3354,115,1067.641,4.04058000450648,2.567871692937443,4.176081063674498,-0.2518669105532582,-3.9926490229101614,0.003640462506407,6.719645217752847,6.1817739418643125,9.004482980571387,2.8227090387070746,95,ok
B0044,48,4,0.0675676530317139,1.6534010755700512,first_n_median,4.086585767365506,normal,,1,03356.csv,3356,117,1048.687,4.038574138704129,2.537541377739229,4.177001690332218,-0.25717248545758564,-3.9909440128041087,0.0044031148014149,6.752194119869617,4.328266273377452,10.10838939092693,5.780123117549478,93,ok
B0044,49,4,0.0556373104491564,1.6534010755700512,first_n_median,3.3650220307237944,normal,,1,03358.csv,3358,119,1039.984,4.060984637180495,2.699632089744985,4.176258717683466,-0.21689580653408766,-3.990888784116204,0.0042629814533031,6.682861474834709,4.051923742831441,9.084345421523768,5.032421678692327,92,ok
B0044,50,4,0.0682243327610682,1.6534010755700512,first_n_median,4.12630267205712,normal,,1,03360.csv,3360,121,687.328,3.9901324953918995,2.502639203032668,4.177495150501219,-0.3924814177291054,-3.990777296546928,0.0060614646394442,7.805372903557112,4.434791912263703,9.9732818280256,5.538489915761897,61,ok
B0044,51,4,0.0560524534315144,1.6534010755700512,first_n_median,3.390130456531179,normal,,1,03362.csv,3362,123,1047.531,4.060072156375749,2.645057195756969,4.177754475108936,-0.21680725503393133,-3.991727704958517,0.0035858034272578,6.452537181339348,3.680038781425441,7.130613484534643,3.450574703109202,92,ok
B0044,52,4,0.0686822013010505,1.6534010755700512,first_n_median,4.15399519910017,normal,,1,03366.csv,3366,127,1038.375,4.036259706472422,2.5457909784374686,4.176437545781662,-0.2627044986257249,-3.991158236131923,0.006348113315537,6.89796196003197,6.320493718104861,9.420302039012588,3.0998083209077274,91,ok
B0044,53,4,0.0687475535334652,1.6534010755700512,first_n_median,4.157947793142857,normal,,1,03368.csv,3368,129,1030.703,4.034899045788163,2.525156138635263,4.1766732396736,-0.2660568669142741,-3.9909330027161993,0.0036003386969768,6.643140512754006,6.195993903453708,8.596928821276874,2.4009349178231663,90,ok
B0044,54,4,0.0565143989134748,1.6534010755700512,first_n_median,3.4180695627036566,normal,,1,03370.csv,3370,131,1010.765,4.05627259287341,2.6675668355109194,4.176262440841608,-0.22645846348554158,-3.990997288294168,0.0041912565972737,6.823596011664432,3.585012902292957,8.914167582596768,5.329154680303811,88,ok
B0044,55,4,0.0567330718538736,1.6534010755700512,first_n_median,3.4312952067188816,normal,,1,03372.csv,3372,133,1025.719,4.056631496996698,2.6214259323214453,4.17780020929139,-0.2243099150823807,-3.9914062156576913,0.0039560896927082,6.621700828774675,3.624411042941952,7.468130255797678,3.8437192128557256,89,ok
B0044,56,4,0.0694133756360175,1.6534010755700512,first_n_median,4.198217641299496,normal,,1,03374.csv,3374,135,1016.859,4.033722240018022,2.5339139586135624,4.177530439833207,-0.27219298018702565,-3.992122190709,0.0032602599245902,6.654177389025503,5.7425323200811125,9.34228820478629,3.5997558847051767,88,ok
B0044,57,4,0.0593176644466495,1.6534010755700512,first_n_median,3.587614966695135,normal,,1,03378.csv,3378,139,1021.079,4.052548629680626,2.645937277014869,4.176559125063143,-0.23539096687777275,-3.9931560142753657,0.002763522442131,6.691030736897561,3.508573469192295,9.296386526511638,5.787813057319343,85,ok
B0044,58,4,0.0698170725362273,1.6534010755700512,first_n_median,4.222633792115814,normal,,1,03380.csv,3380,141,1010.562,4.031869983878109,2.5126783310210183,4.177198757478185,-0.2757939587127618,-3.992595683096178,0.0047276948770042,6.789742456285512,5.216005974992561,10.402010089986526,5.186004114993964,87,ok
B0044,59,4,0.0574643508969407,1.6534010755700512,first_n_median,3.475523981809945,normal,,1,03382.csv,3382,143,1003.313,4.0546007592526,2.676683003373552,4.175693660429193,-0.23192836333731057,-3.992785917898217,0.0034213506803586,6.652607169727167,3.704855386128089,9.139614420555528,5.434759034427439,86,ok
B0044,60,4,0.0705377438399369,1.6534010755700512,first_n_median,4.266220996355482,normal,,1,03384.csv,3384,145,1006.187,4.029900462300052,2.509819479017468,4.176717865368056,-0.27840440393795296,-3.991697440625882,0.0051968427569207,6.727197790202005,5.538593319761488,10.577915316418856,5.039321996657368,86,ok
B0044,61,4,0.0580546605234449,1.6534010755700512,first_n_median,3.5112267302371936,normal,,1,03386.csv,3386,147,996.765,4.0528579449382525,2.659947287863178,4.175734240124533,-0.2346864574044636,-3.9922087112758975,0.0046771770057918,6.704744929431838,3.448515456521294,9.153655205612418,5.705139749091124,85,ok
B0044,62,4,0.0708399201529106,1.6534010755700512,first_n_median,4.284497040652207,normal,,1,03390.csv,3390,151,999.422,4.027030974078611,2.502902423851419,4.174858788640489,-0.2817775496820992,-3.9930053753030488,0.0038835913980858,6.688129486124422,5.253409597329436,10.601194386353557,5.347784789024121,85,ok
B0044,63,4,0.0581718361305258,1.6534010755700512,first_n_median,3.518313674162188,normal,,1,03392.csv,3392,153,990.234,4.048647775995237,2.597947039498895,4.175396670709832,-0.23781178807825715,-3.9905824714445863,0.0038423311547758,7.135311524033081,4.699512503330192,8.524863523744626,3.825351020414434,84,ok
B0044,64,4,0.0583051571279828,1.6534010755700512,first_n_median,3.526377113785332,normal,,1,03394.csv,3394,155,608.953,4.006197810720952,2.688243972514366,4.176278504943042,-0.3839746086117853,-3.992407076231904,0.003173192711416,7.514206392471801,4.420025377112379,9.440256551104172,5.020231173991792,52,ok
B0044,65,4,0.0584559266936776,1.6534010755700512,first_n_median,3.5354958671188395,normal,,1,03396.csv,3396,157,586.719,4.001898132433219,2.6997767051836083,4.175998506248964,-0.3991042469889139,-3.992461574821749,0.0027715238099175,7.105939545905624,4.419732386549667,9.577062674735402,5.157330288185735,50,ok
B0044,66,4,0.058629861106387,1.6534010755700512,first_n_median,3.5460156626650856,normal,,1,03398.csv,3398,159,575.922,3.9995228828543783,2.6926916057581445,4.176936753250137,-0.4072004054361969,-3.9906773895407737,0.0038798632840286,7.121133621766568,4.353467531572625,9.571995894192735,5.21852836262011,49,ok
B0044,67,4,0.0589003321838338,1.6534010755700512,first_n_median,3.562374130156317,normal,,1,03402.csv,3402,163,1050.406,4.053493486866572,2.6700548004006626,4.1734597535552,-0.2265541392450527,-3.9900184345675953,0.0037123685484004,6.525840333846862,4.285263751732037,7.124889090041003,2.8396253383089656,88,ok
B0044,68,4,0.0590646770201104,1.6534010755700512,first_n_median,3.5723139347630086,normal,,1,03406.csv,3406,167,1040.75,4.052074849774992,2.610708527753601,4.175712749345959,-0.2291913700387426,-3.9919951224872414,0.0048712826538623,7.0347000891113804,4.140722546707669,8.324153740739145,4.183431194031477,87,ok
B0044,69,4,0.0724057998284407,1.6534010755700512,first_n_median,4.379203624473087,normal,,1,03408.csv,3408,169,1019.125,4.028366353886938,2.500114336550371,4.176096844607635,-0.2819333043565596,-3.9922653535751937,0.0044428646965618,6.8973768386013505,5.326638606105242,10.63955759206541,5.3129189859601675,85,ok
B0044,70,4,0.0725563284689165,1.6534010755700512,first_n_median,4.388307806313777,normal,,1,03410.csv,3410,171,618.844,3.9662515216379144,2.463640728476522,4.176353738400277,-0.46093159458169275,-3.990796915640813,0.0035443938564919,8.12797412482593,4.957548969148244,10.376173431482592,5.418624462334347,52,ok
B0044,71,4,0.0595922298890959,1.6534010755700512,first_n_median,3.6042210670844033,normal,,1,03412.csv,3412,173,1039.547,4.052244387669817,2.5987325707723405,4.177102599239209,-0.23199889868853293,-3.9911388227447215,0.0043530453320311,6.951583874586089,4.01632818386259,8.316021086973787,4.299692903111198,86,ok
B0044,72,4,0.0732170902276858,1.6534010755700512,first_n_median,4.42827159783009,normal,,1,03414.csv,3414,175,1004.328,4.024847285360175,2.4742429443982785,4.175820770125257,-0.28835896667589855,-3.991443615973067,0.0047420636534104,6.953046195579622,5.9431729658560775,10.655557073631597,4.712384107775519,83,ok
B0044,73,4,0.0598410084998697,1.6534010755700512,first_n_median,3.619267543976771,normal,,1,03418.csv,3418,179,1005.75,4.051149690799867,2.693112294857156,4.174362644498064,-0.24020364123364235,-3.9937289569249135,0.0033085774036558,6.413311987885646,5.328465768215402,7.631714348736341,2.303248580520939,83,ok
B0044,74,4,0.0734434705697157,1.6534010755700512,first_n_median,4.441963396231265,normal,,1,03420.csv,3420,181,995.797,4.023626364549916,2.476301013332819,4.175874340371016,-0.2918314525277321,-3.991810733048436,0.0030234106269455,6.779577103952525,5.671261940663974,10.509625598200184,4.838363657536211,82,ok
B0044,75,4,0.0737373960592326,1.6534010755700512,first_n_median,4.459740419233113,normal,,1,03422.csv,3422,183,998.921,4.0230998765187564,2.455959621392259,4.176007922304425,-0.2917484860639784,-3.990343191482173,0.0048266081362949,6.978468873690951,6.428592965422287,9.204729619835248,2.7761366544129613,82,ok
B0044,76,4,0.0603231248972743,1.6534010755700512,first_n_median,3.648426615210493,normal,,1,03424.csv,3424,185,989.141,4.047078241937264,2.595966933411927,4.176473294247625,-0.2460711384456988,-3.991055043675492,0.0080503346908598,6.809785593582902,3.7557573168497567,7.96351554428054,4.207758227430784,81,ok
B0044,77,4,0.0740961197823434,1.6534010755700512,first_n_median,4.4814365296573255,normal,,1,03426.csv,3426,187,979.203,4.02025965935536,2.4476887634196065,4.176068533506241,-0.298818492738235,-3.993323501641109,0.0035454695598344,6.971049837313714,6.406430103137445,9.367163499816083,2.9607333966786387,80,ok
B0044,78,4,0.0607171505329549,1.6534010755700512,first_n_median,3.6722578344774055,normal,,1,03430.csv,3430,191,994.031,4.048987988645058,2.696514442504613,4.174058322711264,-0.24619641320878316,-3.991161876623272,0.00336361268429,6.579881562367587,5.992218142754614,8.36281681813677,2.3705986753821557,81,ok
B0044,79,4,0.0608284422939796,1.6534010755700512,first_n_median,3.678988915197571,normal,,1,03432.csv,3432,193,971.516,4.048190135327761,2.690051793810678,4.175423863730147,-0.25222392819933964,-3.9915962217441727,0.0046385559518115,6.690126647286674,5.378327257419688,9.833929266126528,4.45560200870684,79,ok
B0044,80,4,0.0609288444479822,1.6534010755700512,first_n_median,3.6850613773173855,normal,,1,03434.csv,3434,195,810.563,4.031325666700656,2.682527208849319,4.175023430172884,-0.3018936240718056,-3.991136960671815,0.0031598068505257,6.925009518097775,5.494428595244186,9.82294821385076,4.328519618606574,66,ok
B0044,81,4,0.0612203873656202,1.6534010755700512,first_n_median,3.702694299053419,normal,,1,03436.csv,3436,197,599.047,3.99633832641595,2.652291441667637,4.17570719288233,-0.4070041672359562,-3.991424193255269,0.0028573457211166,7.831469751479566,5.011195309533016,9.64729446630716,4.6360991567741445,49,ok
B0044,82,4,0.061336775826916,1.6534010755700512,first_n_median,3.7097336353049495,normal,,1,03438.csv,3438,199,109.078,3.5339557623459634,2.546878970446884,4.176924395260363,-1.9943360872313463,-3.989885469699493,0.0089812731232464,6.3578218287881425,4.261352737687649,8.475214897845488,4.213862160157839,10,ok
B0044,83,4,0.0615021959933087,1.6534010755700512,first_n_median,3.719738477374843,normal,,1,03442.csv,3442,203,109.171,3.5662543456123466,2.645930219491384,4.176472262163263,-1.996129232362493,-3.992242021387917,0.000234021164754,6.5954208155010985,5.339199492935753,7.906766993792881,2.5675675008571277,10,ok
B0044,84,4,0.0615436456229027,1.6534010755700512,first_n_median,3.7222454087060513,normal,,1,03444.csv,3444,205,96.484,3.480657456568583,2.5366466461777906,4.177637250505157,-2.217653041798755,-3.991625583043432,2.94281467370658e-05,6.324536214740793,4.563444717869488,8.628110902694925,4.064666184825437,9,ok
B0044,85,4,0.0613682829819075,1.6534010755700512,first_n_median,3.711639231923764,normal,,1,03446.csv,3446,207,109.094,3.559655619146663,2.619612898646795,4.178674620885059,-1.9957140019130044,-3.9917742802321072,0.0023357518510713,7.644851838660085,5.844985244902131,9.541833690746394,3.696848445844263,10,ok
B0044,86,4,0.0616335088887399,1.6534010755700512,first_n_median,3.7276804641904695,normal,,1,03448.csv,3448,209,96.906,3.4710657400965403,2.48420676655347,4.180128549369836,-2.2172078365634906,-3.99341095347209,0.0018380871713237,5.10818141008298,2.90475616543561,7.890349591233944,4.985593425798334,9,ok
B0044,87,4,0.0619810308759487,1.6534010755700512,first_n_median,3.748699078024925,normal,,1,03450.csv,3450,211,97.015,3.4889263102095542,2.5492794097929745,4.178617367574264,-2.217892317465651,-3.991569924612713,0.0026975967399349,6.978200107513246,5.268020681575575,9.207557697837885,3.9395370162623102,9,ok
B0044,88,4,1.4779954511171076,1.6534010755700512,first_n_median,89.39122351831855,normal,,0,03454.csv,3454,215,5608.781,3.438530012225991,2.6987042664288663,4.132709552803766,-0.948665522461736,-0.9996908932907372,0.0005119272383861,7.831586108538486,4.96446313077256,10.171915363933092,5.207452233160532,457,ok
B0044,89,4,1.494119871447679,1.6534010755700512,first_n_median,90.3664509189063,normal,,0,03458.csv,3458,219,5703.296,3.4576572257357188,2.6902025456609366,4.15897226684506,-0.9429836446189774,-1.002764391386482,0.0009107829167059,7.730546352316417,4.362853119300769,10.296016892383854,5.933163773083085,463,ok
B0044,90,4,1.488007820113173,1.6534010755700512,first_n_median,89.99678554098831,normal,,0,03460.csv,3460,221,5668.032,3.4553887210557868,2.682194069736634,4.173670999223567,-0.9448444362873196,-1.001809989064009,0.0008606130538372,7.787963683864436,5.202271526875168,10.396418259744522,5.194146732869354,459,ok
B0044,91,4,1.4748338592717107,1.6534010755700512,first_n_median,89.20000603986693,normal,,0,03462.csv,3462,223,5634.047,3.453365325098602,2.698791325109984,4.173428084270444,-0.9421563938919909,-1.0010193795008968,-2.9338418792105184e-05,7.849823078169805,5.012087605395664,10.675119900160505,5.663032294764841,455,ok
B0044,92,4,1.4604378044785566,1.6534010755700512,first_n_median,88.32931259434643,normal,,0,03464.csv,3464,225,5582.375,3.4533767517944844,2.6972261726105518,4.17295985340472,-0.9414963206117185,-1.0008333686989588,0.0005583489138716,7.863220580243154,3.811503767508387,10.562265269293302,6.750761501784915,449,ok
B0044,93,4,1.452380841576719,1.6534010755700512,first_n_median,87.84201625585459,normal,,0,03466.csv,3466,227,5567.329,3.4460660596643384,2.6816548421625512,4.172771279792943,-0.9389221140572902,-1.0006757296253446,0.0003606007179158,7.930106785779635,5.231368167256844,10.76625471358321,5.534886546326367,447,ok
B0044,94,4,1.441102888364986,1.6534010755700512,first_n_median,87.15990993704476,normal,,0,03470.csv,3470,231,5528.453,3.4382387035909514,2.6758389635879234,4.15544388290786,-0.9382244730141405,-1.001584094423824,0.0020170086458555,7.888437545923743,3.7913354249889375,10.911129725577434,7.119794300588496,442,ok
B0044,95,4,1.4300355978410688,1.6534010755700512,first_n_median,86.49054479101682,normal,,0,03472.csv,3472,233,5513.39,3.4385248959075603,2.6766750362925413,4.172195811279475,-0.9336418704048167,-1.0011109661354312,0.0015647925242335,7.818043363205418,4.9665241241819045,10.81913572086399,5.8526115966820855,440,ok
B0044,96,4,1.413943296719903,1.6534010755700512,first_n_median,85.51726000495135,normal,,0,03474.csv,3474,235,5486.187,3.4365202293034374,2.695622084623807,4.171402160517197,-0.9277519140513346,-1.0013667929909769,0.0017297331873697,7.830974235734798,3.440362613271007,11.006306031992889,7.565943418721882,432,ok
B0044,97,4,1.3972667497450315,1.6534010755700512,first_n_median,84.50863921588348,normal,,0,03476.csv,3476,237,5461.922,3.4352027430527405,2.6908429071948605,4.170188354997629,-0.9210832456029233,-1.0031105310166462,0.0009730796952747,7.878562179371438,4.61211591145805,10.614675024239112,6.0025591127810625,433,ok
B0044,98,4,1.3865375876825874,1.6534010755700512,first_n_median,83.85972455016966,normal,,0,03478.csv,3478,239,5438.157,3.4334546922415696,2.6963132256039875,4.170349799747877,-0.9181073344708772,-1.0004034898094731,0.0012259246336586,7.960251571512366,4.918195539391174,10.78731375840829,5.869118219017116,430,ok
B0044,99,4,1.3724753685724698,1.6534010755700512,first_n_median,83.00922195174421,normal,,0,03482.csv,3482,243,5402.875,3.425091148228222,2.688965230347589,4.152127517238579,-0.9147769465297864,-0.9998017351246392,0.0030985899579741,7.825815360855775,3.4319499762440446,10.646148713943534,7.214198737699489,426,ok
B0044,100,4,1.3598593948812812,1.6534010755700512,first_n_median,82.24619029066712,normal,,0,03484.csv,3484,245,5384.438,3.43285332747351,2.697702269918439,4.169872871486082,-0.9097059602545033,-1.001001283053754,0.0013697698641143,7.871717073752719,4.811918412162218,10.149343674038578,5.33742526187636,423,ok
B0044,101,4,1.3486733410392264,1.6534010755700512,first_n_median,81.569642173738,normal,,0,03486.csv,3486,247,5344.859,3.4316708520467616,2.6908621173584564,4.17029400170211,-0.9089147628345589,-1.000535766089263,0.0021013923957275,7.872850841533409,4.951322650914617,10.269672545542075,5.318349894627459,419,ok
B0044,102,4,1.3334258933205057,1.6534010755700512,first_n_median,80.64745529821153,normal,,0,03488.csv,3488,249,5305.156,3.4305423593747584,2.6956578221948044,4.16968317987712,-0.9053632291923375,-1.000130333451389,0.0009310009554464,7.787673589037049,4.780401495020148,10.511836729394169,5.731435234374021,415,ok
B0044,103,4,1.3387793081075827,1.6534010755700512,first_n_median,80.97123728106958,normal,,0,03490.csv,3490,251,5284.547,3.4188541266416608,2.683891843696469,4.170671249766948,-0.9122769052973728,-1.0006996840010498,0.0014497208979828,7.997910807563725,5.06477884715876,11.2498423901219,6.185063542963141,412,ok
B0044,104,4,1.3153320403016997,1.6534010755700512,first_n_median,79.55311386550333,normal,,1,03494.csv,3494,255,5267.843,3.42241373548389,2.6861736439095387,4.149844268077626,-0.8993675928683105,-1.0012478773196167,0.0017943549116499,7.881896352735887,4.684581220811076,10.478668312226782,5.794087091415706,409,ok
B0044,105,4,1.322963328110081,1.6534010755700512,first_n_median,80.01466478143885,normal,,0,03496.csv,3496,257,5229.688,3.4160977003080477,2.6915218489806785,4.170207896534634,-0.9110321130421604,-1.0000486043905183,0.0008259898109111,8.022448822976777,5.409746706230465,11.276068425006786,5.86632171877632,406,ok
B0044,106,4,1.3086991524155074,1.6534010755700512,first_n_median,79.15194756748907,normal,,1,03498.csv,3498,259,5206.954,3.415875051664848,2.698223036073629,4.169943833836458,-0.9054157927585382,-1.0000156861218927,0.0075702505768728,7.977920186292173,5.118567803709009,11.18488048040138,6.066312676692371,403,ok
B0044,107,4,1.2897499583900436,1.6534010755700512,first_n_median,78.0058739193314,normal,,1,03500.csv,3500,261,5179.062,3.420770509924939,2.6884148666237397,4.168649657337103,-0.8971488250209094,-1.0003532671448447,0.0030345758410345,8.016774436428086,5.489946008570818,10.572845919227095,5.082899910656278,400,ok
B0044,108,4,1.2906172590904164,1.6534010755700512,first_n_median,78.05832947371489,normal,,1,03502.csv,3502,263,5144.109,3.412152763562302,2.699098319484438,4.168865124534303,-0.9036459257898942,-1.0001270037964975,0.0021060612848631,8.104364904391632,3.936510086733391,11.286420953867148,7.349910867133758,396,ok
B0044,109,4,1.2752011253442166,1.6534010755700512,first_n_median,77.12594023229114,normal,,1,03506.csv,3506,267,5142.891,3.411365387592042,2.692387025960113,4.14775004325363,-0.893479421104461,-1.000377670213083,0.0021528243384569,8.021367388918382,4.333825896636997,10.532008688910055,6.198182792273059,395,ok
B0044,110,4,1.268607265737458,1.6534010755700512,first_n_median,76.72713441897781,normal,,1,03508.csv,3508,269,5109.734,3.4151055404827564,2.684075358151804,4.16768084822256,-0.8950327018530826,-1.0013725571006211,0.0021603785656978,8.012944452376887,4.788736918832111,10.49676940873906,5.70803248990695,391,ok
B0044,111,4,1.2565759973225976,1.6534010755700512,first_n_median,75.99946654742327,normal,,1,03510.csv,3510,271,5078.937,3.4139726333379956,2.687825351809013,4.167944485512648,-0.8916525424860515,-1.0005394687347553,0.001001924867513,7.944197776199544,4.714639372870622,10.219372011443095,5.504732638572473,388,ok
B0044,112,4,1.2486254509320869,1.6534010755700512,first_n_median,75.51860642775935,normal,,1,03512.csv,3512,273,5051.672,3.410670178184504,2.6932435794466025,4.167775501643388,-0.8905662435522527,-1.0005198847037151,0.0020243679839175,7.904886527570053,4.018534218811682,10.307592528834146,6.2890583100224635,385,ok
B0045,2,4,0.927952404748273,0.885193608411576,first_n_median,104.8304456709109,normal,,0,00189.csv,189,4,5650.265,3.343710562419324,1.987597263698,4.16699885717682,-0.6847946624076122,-1.0087426406516653,0.0026935510429979,9.412485833762908,5.090166082202173,16.327881769438125,11.237715687235951,429,ok
B0045,3,4,0.885193608411576,0.885193608411576,first_n_median,100.0,normal,,0,00191.csv,191,6,5590.907,3.357113032625278,1.9885380767186824,4.187894400053388,-0.6646163130202214,-1.0090556479293218,0.0040609236498241,9.14441346005273,4.970043389354473,16.190453016227536,11.220409626873064,424,ok
B0045,4,4,0.8581010699478283,0.885193608411576,first_n_median,96.93936578322526,normal,,0,00193.csv,193,8,5543.61,3.358646172572514,1.969241613952096,4.188401226248918,-0.6509315601298676,-1.007865061542852,0.0020631851299733,9.074180330499932,4.771062049870164,16.44564599364816,11.674583943777996,419,ok
B0045,5,4,0.8409352213456689,0.885193608411576,first_n_median,95.00014610980688,normal,,0,00195.csv,195,10,5499.046,3.3660643885240518,1.9830542841988097,4.188303916193977,-0.6402275004489041,-1.0092390728045402,0.0026205512748727,9.063698357219925,4.722518276680366,16.652821920677077,11.930303643996712,415,ok
B0045,6,4,0.8245471942901911,0.885193608411576,first_n_median,93.14879665362574,normal,,0,00197.csv,197,12,5461.219,3.367910347978234,1.980464521626357,4.18828020412361,-0.6317025380405665,-1.0082097757590034,0.0017744562260127,9.076577071060372,4.705135640863367,16.626045153527933,11.920909512664565,411,ok
B0045,7,4,0.7935960418803983,0.885193608411576,first_n_median,89.65225622273259,normal,,0,00201.csv,201,16,5451.281,3.357745333360116,1.9822192378370669,4.115223647482973,-0.6176226155232352,-1.0081874076413238,0.0028605305220047,9.265023738219778,4.611342855994695,16.231693733501764,11.620350877507068,409,ok
B0045,8,4,0.8183676087159205,0.885193608411576,first_n_median,92.4506911187971,normal,,0,00205.csv,205,20,5468.062,3.3696607473704705,1.9987122390470569,4.166319111887713,-0.627554191403777,-1.0098943079946223,0.001683594803478,9.339350112299787,5.27537188956209,16.185673883928935,10.910301994366845,409,ok
B0045,9,4,0.7977644276409412,0.885193608411576,first_n_median,90.12315724607176,normal,,0,00207.csv,207,22,5411.297,3.3747312015520436,1.97927314966301,4.188858082816243,-0.6227956362441027,-1.0088447706775023,0.0038249849844233,9.308634523153344,5.0939473120792655,16.52621032903044,11.432263016951175,404,ok
B0045,10,4,0.7993777411831636,0.885193608411576,first_n_median,90.30541269017932,normal,,0,00209.csv,209,24,5369.703,3.381799182114607,1.9640518711887227,4.189052979187811,-0.6164358149352739,-1.008540571989902,0.0024832460313617,9.254145206672922,5.578573344132378,15.196414604557985,9.617841260425607,400,ok
B0045,11,4,0.7783107440628891,0.885193608411576,first_n_median,87.92548168750547,normal,,0,00211.csv,211,26,5327.406,3.385176591409285,1.9965583229383292,4.189280705297697,-0.6124951744838439,-1.0084157672653469,0.0032898503551375,9.291749311540086,5.093156336915293,16.354435553014117,11.261279216098824,396,ok
B0045,12,4,0.7803738231239117,0.885193608411576,first_n_median,88.15854697869354,normal,,0,00213.csv,213,28,5299.266,3.3813096388474886,1.9676140964966768,4.189527524041756,-0.6120748119063896,-1.0088566807748427,0.00312380804938,9.310447961834724,5.506749718586084,15.57016420519042,10.063414486604335,393,ok
B0045,13,4,0.7713058245640294,0.885193608411576,first_n_median,87.13413847938746,normal,,0,00217.csv,217,32,5367.172,3.3490369985986668,1.98770164017674,4.097057578524458,-0.6158982943710155,-1.0080424431902402,0.002588393021855,9.29775486780575,5.210420792891231,16.481904111846188,11.271483318954957,397,ok
B0045,14,4,0.795279016979026,0.885193608411576,first_n_median,89.84238130753157,normal,,0,00221.csv,221,36,5406.812,3.3694542187312684,1.99572402940065,4.166427487441078,-0.625377064856349,-1.0087189699625896,0.0021632241350814,9.245632947295453,4.749612734019676,16.686364651804713,11.936751917785037,399,ok
B0045,15,4,0.7824128169919247,0.885193608411576,first_n_median,88.38889137438701,normal,,0,00223.csv,223,38,5353.094,3.3771129586319466,1.9723902186884,4.189116912804917,-0.6180221346577055,-1.010914036070883,0.0022168278687869,9.21860683892004,5.015412655584477,16.527315358470222,11.511902702885745,394,ok
B0045,16,4,0.7649414992231182,0.885193608411576,first_n_median,86.41516296031072,normal,,0,00225.csv,225,40,5280.031,3.382104218416538,1.976007577264544,4.189394418073402,-0.6121745879630046,-1.008249683063318,0.000777901246224,9.19413015419709,4.7446632057171785,16.325076195754107,11.58041299003693,388,ok
B0045,17,4,0.7544899426779375,0.885193608411576,first_n_median,85.23445441860137,normal,,0,00227.csv,227,42,5248.593,3.3859954600090036,1.9786838559411903,4.189251613691141,-0.6064321892488668,-1.0084247134366529,0.0025472189567085,9.188267060937262,5.004981026646194,16.18780234880546,11.182821322159265,385,ok
B0045,18,4,0.7504048978314295,0.885193608411576,first_n_median,84.7729683880099,normal,,0,00229.csv,229,44,5203.375,3.3830345538672018,1.9866467601774969,4.18999236240837,-0.6063996219926951,-1.007946613751651,0.0020000740940098,9.211910760834266,5.027203513281529,16.54868871782283,11.521485204541301,380,ok
B0045,19,4,0.7407258109620256,0.885193608411576,first_n_median,83.67952546462816,normal,,0,00233.csv,233,48,5166.812,3.37881379914347,1.9915335628511552,4.165973150657214,-0.6022530715841198,-1.0076971244709267,0.0021407378575631,9.15685740939557,5.338616424922742,15.893386512216576,10.554770087293834,376,ok
B0045,21,4,0.7308525593793626,0.885193608411576,first_n_median,82.56414782420664,normal,,0,00237.csv,237,52,5340.281,3.389059266953008,1.9935644864605024,4.195641973763218,-0.5861859230293525,-1.0082380238297786,0.0031552043724057,9.104538013834128,4.8642750500555865,16.273556126855052,11.409281076799466,388,ok
B0045,22,4,0.7287255851177903,0.885193608411576,first_n_median,82.32386431545098,normal,,0,00239.csv,239,54,5103.0,3.3783919657677504,1.9937078109097683,4.189381114418313,-0.6037251705699035,-1.008015294958034,0.0035803388253716,9.196243634400288,4.9159272869489135,16.57769275391533,11.661765466966415,370,ok
B0045,23,4,0.7161023377036263,0.885193608411576,first_n_median,80.89782064611003,normal,,0,00241.csv,241,56,5051.172,3.3779346242690624,1.984098818516829,4.189726548094093,-0.6039804007945984,-1.0101830059414636,0.00206611726685,9.224293881462565,5.071552406744067,16.451931737613187,11.380379330869118,365,ok
B0045,24,4,0.7129204834988017,0.885193608411576,first_n_median,80.5383677338218,normal,,0,00245.csv,245,60,5027.563,3.3727225247575885,1.9818309446595743,4.166289777836687,-0.6017545658130975,-1.0094830851519123,0.0033448013063438,9.239291915944644,5.1979112173277136,16.660404158556567,11.462492941228852,363,ok
B0045,25,4,0.7141991829499618,0.885193608411576,first_n_median,80.68282194576021,normal,,0,00247.csv,247,62,4993.765,3.380735960428841,1.9984963466197727,4.189756191273931,-0.6038091172028306,-1.009270147494984,0.0023863724933932,9.220514425854448,4.98482370963009,16.192781213892964,11.207957504262874,360,ok
B0045,26,4,0.7190570819844222,0.885193608411576,first_n_median,81.23161703287992,normal,,0,00249.csv,249,64,4962.469,3.3889133424072204,1.9886589228929203,4.1890449974281685,-0.6004829437675547,-1.0108313950708208,0.0184243000033057,9.140591023627803,5.406795579971276,14.742856005940368,9.336060425969091,357,ok
B0045,27,4,0.7173975428775917,0.885193608411576,first_n_median,81.04413950355067,normal,,0,00251.csv,251,66,4907.859,3.3855430731736647,1.983664414073366,4.189274783071479,-0.6033075067931543,-1.0080797400452108,0.0026329564585224,9.05273466167465,5.457478278465312,14.693521549329,9.23604327086369,352,ok
B0045,28,4,0.7071027496463946,0.885193608411576,first_n_median,79.8811404564077,normal,,1,00253.csv,253,68,4888.656,3.375688256474184,1.9705703151314151,4.189518201774546,-0.6065620900458145,-1.008906381541965,0.0031568899849536,9.311519157220646,4.700009468829889,15.86983818237976,11.169828713549872,350,ok
B0045,29,4,0.703531206505542,0.885193608411576,first_n_median,79.4776645267451,normal,,1,00257.csv,257,72,4866.25,3.37794278508875,1.971779249329659,4.166301702021804,-0.601440239072105,-1.0084556602023516,0.0025149295410125,9.167853966731156,5.581574891645234,14.829662137922766,9.248087246277532,348,ok
B0045,30,4,0.6941108278958862,0.885193608411576,first_n_median,78.41344778137567,normal,,1,00259.csv,259,74,4836.125,3.373558298075209,1.9938420365930107,4.19002918934191,-0.6098007335968902,-1.00994980914745,0.0103940145975654,9.287848514483294,5.088650234901636,15.906462051621896,10.817811816720258,345,ok
B0045,31,4,0.6914114388869608,0.885193608411576,first_n_median,78.10849878679704,normal,,1,00261.csv,261,76,4801.485,3.368742642573582,1.9993629637641337,4.1895524054233135,-0.6120661413012833,-1.0082413706235676,0.0027369247266208,9.322184761530549,5.188896690434667,16.353770501511462,11.164873811076795,342,ok
B0045,32,4,0.6971551798505504,0.885193608411576,first_n_median,78.75736711447243,normal,,1,00263.csv,263,78,4760.938,3.3718000664169727,1.9932756058141663,4.189008492340535,-0.6132829070943792,-1.0081786693703223,0.0022824989831722,9.289681276195049,5.650412172652616,15.076528277493722,9.426116104841107,338,ok
B0045,33,4,0.6832460217432723,0.885193608411576,first_n_median,77.18605458181223,normal,,1,00265.csv,265,80,4740.907,3.366360304166582,1.9801057444800891,4.189696962609597,-0.6139518980958842,-1.0080303326541913,0.0017200644756042,9.365909184464234,5.287965466922043,16.045850353764667,10.757884886842625,336,ok
B0045,34,4,0.6822029317493292,0.885193608411576,first_n_median,77.06821708456518,normal,,1,00269.csv,269,84,4914.532,3.342277843498783,1.9944009127947364,4.0900107068393625,-0.6004805193877815,-1.0082541248682169,0.003281968818594,9.328022708662925,4.942094376566913,16.24823467681854,11.306140300251627,347,ok
B0045,35,4,0.7289529213213379,0.885193608411576,first_n_median,82.34954640368426,normal,,0,00273.csv,273,88,4998.656,3.3722684174392836,1.9913126738513705,4.166284738890519,-0.6129419979147948,-1.0086099504503174,0.0040584792166298,9.373114023056761,5.693233889879632,15.761879553141288,10.068645663261655,353,ok
B0045,36,4,0.7139321758287004,0.885193608411576,first_n_median,80.652658248381,normal,,0,00275.csv,275,90,4890.015,3.357634548884028,1.9818085465777888,4.188598948796885,-0.6242152942509949,-1.0089146761829488,0.0095453547153255,9.306835708093752,5.129758964594842,16.349393593197068,11.219634628602225,345,ok
B0045,37,4,0.6957731747455482,0.885193608411576,first_n_median,78.60124250039144,normal,,1,00277.csv,277,92,4842.11,3.3697954619483568,1.999993313622792,4.188722662834883,-0.6139171694764338,-1.011018341220977,0.0105408291411815,9.339526786032339,5.18038207935593,16.22246271510604,11.04208063575011,341,ok
B0045,38,4,0.7018312962317095,0.885193608411576,first_n_median,79.28562628136248,normal,,1,00279.csv,279,94,4798.281,3.3766733742445987,1.97465958029416,4.188679542275547,-0.6092419901647167,-1.0088132806643768,0.0029924405030635,9.1327535688995,5.616337738486589,14.780023826016944,9.163686087530355,337,ok
B0045,39,4,0.6911808244378487,0.885193608411576,first_n_median,78.08244635635462,normal,,1,00281.csv,281,96,4739.188,3.356692310359256,1.978180955008712,4.1894790557667125,-0.6214369612467493,-1.0088474838548318,0.0029473890862176,9.343849839453913,5.352356776006934,16.357147782799643,11.00479100679271,332,ok
B0045,40,4,0.6843279752855028,0.885193608411576,first_n_median,77.30828247997476,normal,,1,00285.csv,285,100,4733.156,3.3716599583869122,1.9845097801200728,4.165443751495042,-0.6049628311237817,-1.00822558167956,0.0014227153872084,9.257582649630315,5.484226728487067,15.304013119865168,9.819786391378102,331,ok
B0045,41,4,0.6741394908812485,0.885193608411576,first_n_median,76.15729310234731,normal,,1,00287.csv,287,102,4670.61,3.358461612325261,1.9921664972023336,4.189848639216605,-0.620638817556179,-1.0089040108456189,0.0021258981792014,9.38425161776499,5.051290656121544,16.298057069520368,11.246766413398824,326,ok
B0045,42,4,0.6670070174301739,0.885193608411576,first_n_median,75.35154017063857,normal,,1,00289.csv,289,104,4635.0,3.3733153872943236,1.9991203083414104,4.165425573897933,-0.6013875939812509,-1.008891006761111,0.0045890100156517,9.144982402264807,5.023617145016327,15.088230300481198,10.064613155464873,323,ok
B0045,43,4,0.6804085117374855,0.885193608411576,first_n_median,76.86550210845236,normal,,1,00291.csv,291,106,4615.86,3.367632771675607,1.9790832878431532,4.188987638858462,-0.6146269558442435,-1.0086883164534273,0.0020919769192902,9.26257479341655,4.7853237874120325,15.201775291002932,10.416451503590899,321,ok
B0045,44,4,0.6617864063235485,0.885193608411576,first_n_median,74.76176963264368,normal,,1,00293.csv,293,108,4580.75,3.363321307304569,1.9986367632788744,4.189580414945199,-0.6171094630530605,-1.008109937595666,0.0023384613567834,9.40011028670591,5.145260978678159,15.820509282900383,10.675248304222224,318,ok
B0045,45,4,0.6623168733492338,0.885193608411576,first_n_median,74.8216962996061,normal,,1,00297.csv,297,112,4557.406,3.346491714827562,1.9713723245890475,4.16611714089707,-0.6209228615247188,-1.0087699262516547,0.0033870767217086,9.419332811255556,5.414586868646065,15.58071439830652,10.166127529660455,316,ok
B0045,46,4,0.6679358357181778,0.885193608411576,first_n_median,75.45646843482596,normal,,1,00299.csv,299,114,4524.032000000007,3.3599039237162853,1.98430560045228,4.188826402459722,-0.6204303388657685,-1.0089150089693268,0.001529086850489,9.207828068558017,4.494946059979075,14.525034072927795,10.03008801294872,313,ok
B0045,47,4,0.6488990885270688,0.885193608411576,first_n_median,73.30589402825413,normal,,1,00301.csv,301,116,4502.938,3.349639562276425,1.9946795397137125,4.189296725569063,-0.6244948594173985,-1.0103825696902464,0.0068739783247632,9.478974220669317,5.775840750277868,16.256345838594637,10.480505088316768,311,ok
B0045,48,4,0.6503639129625527,0.885193608411576,first_n_median,73.47137471197851,normal,,1,00303.csv,303,118,4483.094,3.352423027875088,1.9789936656967484,4.189791506946971,-0.6219881914832105,-1.008360553211059,0.0042951494422802,9.37536325812961,5.392850959166935,15.916519503570711,10.523668544403776,309,ok
B0045,49,4,0.6572077690202801,0.885193608411576,first_n_median,74.24452264173009,normal,,1,00305.csv,305,120,4448.36,3.3563090390508155,1.9690947658783289,4.189224626327275,-0.6249048536030644,-1.0094489912636213,0.0041238708361581,9.348977069227304,4.988915934654242,15.322696472607957,10.333780537953714,301,ok
B0045,50,4,0.6363517458476216,0.885193608411576,first_n_median,71.88842528918782,normal,,1,00309.csv,309,124,4440.531,3.340602870094091,1.9951107736579323,4.165757111360098,-0.6235638134980177,-1.0088647594062352,0.0038883550610247,9.539830147989116,5.114769498528213,16.435471374813734,11.32070187628552,305,ok
B0045,51,4,0.6536449360948587,0.885193608411576,first_n_median,73.84203070193686,normal,,1,00311.csv,311,126,4416.547,3.348511229053965,1.965197509539028,4.188761935596181,-0.627718646983615,-1.0085879672096902,0.0035221405764743,9.436879605277216,5.430200345032197,14.7528730574534,9.322672712421202,303,ok
B0045,52,4,0.6391428272150887,0.885193608411576,first_n_median,72.20373273616268,normal,,1,00313.csv,313,128,4382.937,3.3328844784891074,1.9820270227741767,4.188802708146619,-0.6340722598435242,-1.0081206341074491,0.0008969412858814,9.4879310296259,5.217345346861528,16.57328291132994,11.355937564468412,300,ok
B0045,53,4,0.6482206049496236,0.885193608411576,first_n_median,73.2292459852726,normal,,1,00315.csv,315,130,4347.453,3.3518219079975298,1.9731005832473116,4.18882331762149,-0.626972097350462,-1.012324540932804,0.0023494646636072,9.300314416191522,4.820308282507962,14.528444176948046,9.708135894440083,297,ok
B0045,54,4,0.6287957471922729,0.885193608411576,first_n_median,71.03482686918709,normal,,1,00317.csv,317,132,3581.188,3.268327350028982,1.9974420919351863,4.189363830091343,-0.7596521990041524,-1.0095045117473536,0.0019845153705322,10.076022301978172,5.555842296822165,15.828293567742277,10.272451270920111,245,ok
B0045,55,4,0.6380571850193401,0.885193608411576,first_n_median,72.08108813215375,normal,,1,00321.csv,321,136,4746.5,3.3368580984170784,1.9759474231215743,4.087899947377259,-0.5857626315966499,-1.0083299001575527,0.0031132594070846,9.254842453288928,4.279272155722539,15.05093934814998,10.77166719242744,323,ok
B0045,56,4,0.6554825047832906,0.885193608411576,first_n_median,74.0496201683508,normal,,1,00325.csv,325,140,4679.156,3.339305489603821,1.9944210992064384,4.164689190245494,-0.6234849422351091,-1.0094473741371577,0.0028084398017307,9.58411609363967,5.479087801896632,16.878888140585346,11.399800338688713,318,ok
B0045,57,4,0.6484934835397033,0.885193608411576,first_n_median,73.26007298034877,normal,,1,00327.csv,327,142,4596.578,3.339570448565296,1.972391693643957,4.1883794105875705,-0.625755737381111,-1.0100876092585305,0.0011774461309377,9.566905713744635,4.885873307985874,16.752865016509336,11.86699170852346,312,ok
B0045,58,4,0.6454071687844921,0.885193608411576,first_n_median,72.91141312493596,normal,,1,00329.csv,329,144,4544.641,3.3451677206996573,1.9932621672542288,4.188367290905127,-0.6206303941303277,-1.0110407655502038,0.0082371248157963,9.486246140892044,5.272131134132025,16.630725230629476,11.358594096497452,308,ok
B0045,59,4,0.6427008031845645,0.885193608411576,first_n_median,72.60567598740919,normal,,1,00331.csv,331,146,4526.938,3.3544794166161487,1.9848873247448808,4.189241965038727,-0.6149058946531849,-1.0078016297171766,0.0026008145354801,9.492943245052498,5.9010898814107975,15.270710849004711,9.369620967593914,306,ok
B0045,60,4,0.6352454880802477,0.885193608411576,first_n_median,71.76345175155022,normal,,1,00333.csv,333,148,4487.438,3.3411905698302573,1.9683654551310577,4.189229122156955,-0.6208754134190153,-1.0081100082305772,0.0034922040304121,9.621291466671476,5.633058471184682,16.438070093673065,10.805011622488383,303,ok
B0045,61,4,0.6156760019587869,0.885193608411576,first_n_median,69.5526940217721,normal,,1,00337.csv,337,152,4513.312,3.3372444928972818,1.9924043536128275,4.106243161598799,-0.5953707956325988,-1.009973121232977,0.0052143657277276,9.480811280043975,5.365328226262061,15.659914658719188,10.294586432457127,304,ok
B0045,62,4,0.6170833682807023,0.885193608411576,first_n_median,69.71168368330397,normal,,1,00341.csv,341,156,4568.438,3.3510332188429146,1.9776141524479487,4.132596928052376,-0.5897510821772117,-1.0110530492189724,0.0036321606387848,9.448949676434,6.081544292944806,15.265721279585906,9.184176986641098,307,ok
B0045,63,4,0.6434227390858672,0.885193608411576,first_n_median,72.68723282361343,normal,,1,00343.csv,343,158,4499.656,3.3573066817086326,1.996982635601323,4.18912672162077,-0.612901822920554,-1.0077262022738762,0.0033758699211236,9.522656892771677,6.009906260900299,15.459947276103474,9.450041015203176,302,ok
B0045,64,4,0.6278124433742752,0.885193608411576,first_n_median,70.92374339449253,normal,,1,00345.csv,345,160,4430.984,3.3367004271481884,1.9822999400765693,4.18937088770508,-0.6232202673264151,-1.0088787623235531,0.0067443266719384,9.570096566546104,5.7227062450674495,16.472719613709117,10.750013368641667,297,ok
B0045,65,4,0.6290078315253372,0.885193608411576,first_n_median,71.05878595915894,normal,,1,00347.csv,347,162,4411.141,3.3507625069372007,1.9703495135592828,4.189359078886884,-0.6137007803105949,-1.0075105897625538,0.0021298336691764,9.488568418373822,6.169835162439899,15.321947787344948,9.15211262490505,295,ok
B0045,67,4,0.6266355568292261,0.885193608411576,first_n_median,70.79079094952844,normal,,1,00353.csv,353,168,4883.312,3.3452602996349197,1.980504790064301,4.107093365455889,-0.5721341781091527,-1.0068312874472778,0.0039482056686982,9.378195494421618,5.348555992924947,15.469187485474004,10.120631492549057,325,ok
B0045,68,4,0.6495813516716594,0.885193608411576,first_n_median,73.38296904756149,normal,,1,00357.csv,357,172,4663.907,3.3478192813331984,1.9754246490329652,4.165486716481237,-0.6067408181545574,-1.0077613985685372,0.0029679009691201,9.495184531517388,5.255177956389292,15.90915813248566,10.653980176096368,310,ok
B0045,69,4,0.6337485177966306,0.885193608411576,first_n_median,71.59433956305358,normal,,1,00359.csv,359,174,4581.328,3.3500352436555985,1.9843068510361204,4.189250217496488,-0.6091205801279866,-1.007878767792016,0.0007108600663282,9.474914433741436,5.332532870824014,16.128312311530546,10.795779440706532,304,ok
B0045,70,4,0.6298550929085645,0.885193608411576,first_n_median,71.15450076947567,normal,,1,00361.csv,361,176,4553.031,3.3590566596536764,1.9881721268958945,4.189075663187289,-0.5996804433722752,-1.0110523170001116,0.0029065483868985,9.411639640493867,5.61701952738491,15.803292200329722,10.186272672944812,302,ok
B0045,71,4,0.6183063778386736,0.885193608411576,first_n_median,69.8498466282631,normal,,1,00363.csv,363,178,4486.5,3.3495911750877263,1.9809529177782503,4.189728966453982,-0.6062605227298314,-1.009350303830025,0.0080440702868591,9.476832839675836,5.896865332120703,15.46350630780127,9.566640975680567,297,ok
B0045,72,4,0.6069476168507777,0.885193608411576,first_n_median,68.56665153060774,normal,,1,00365.csv,365,180,4450.625,3.3462597198775272,1.9697892783360584,4.189240671585531,-0.6055249640579493,-1.0077970558442526,0.0031363187482987,9.49822266009937,5.311300686907359,16.26952559815265,10.958224911245292,294,ok
B0046,1,4,1.7282392323598248,1.503121190703977,first_n_median,114.97670600668036,normal,,0,00553.csv,553,0,6436.141,3.4409645322869102,2.1792997733612083,4.23781853684158,-1.0031661082518326,-1.01435518394686,-0.0021349309520664,9.035891964302168,5.500728456163389,13.880080551261509,8.37935209509812,490,ok
B0046,2,4,1.5161488467923143,1.503121190703977,first_n_median,100.86670696740268,normal,,0,00557.csv,557,4,5650.265,3.4252545586780085,2.1744736968146285,4.162338775528476,-1.0024459582241103,-1.0149368694391114,-0.0003168659044778,8.872109574065124,5.60506560391164,12.941526372487642,7.336460768576002,429,ok
B0046,3,4,1.503121190703977,1.503121190703977,first_n_median,100.0,normal,,0,00559.csv,559,6,5590.907,3.425904453303529,2.195666899317151,4.180873304847234,-1.0023572232862559,-1.014076992350372,0.000645161220128,8.6284456728549,5.369303069222244,13.359691095670462,7.990388026448217,424,ok
B0046,4,4,1.48586566102824,1.503121190703977,first_n_median,98.85202006448624,normal,,0,00561.csv,561,8,5543.61,3.423608435843718,2.1796283675041006,4.182266567788393,-1.0022919216677797,-1.0139326738131618,-0.0009026708261391,8.63136091760955,4.784514691777849,12.683911154117247,7.899396462339398,419,ok
B0046,5,4,1.4694562316392716,1.503121190703977,first_n_median,97.76032968779194,normal,,0,00563.csv,563,10,5499.046,3.4211455348547464,2.1952581561866973,4.180656549578995,-1.0022939530561292,-1.0141216340191552,-0.0003092132286597,8.67696820980418,5.0598723280079385,13.065399804685724,8.005527476677784,415,ok
B0046,6,4,1.458955459264481,1.503121190703977,first_n_median,97.06173183422348,normal,,0,00565.csv,565,12,5461.219,3.418211640329191,2.1940346005371705,4.180899052149243,-1.0024377453810243,-1.0146327995843631,-0.0016946404892597,8.714755394110101,5.286624165247708,12.802479603911388,7.515855438663681,411,ok
B0046,7,4,1.4556853555098297,1.503121190703977,first_n_median,96.84417760274331,normal,,0,00569.csv,569,16,5451.281,3.3913871477101263,2.1978529182010296,4.121126965024616,-1.0021665244093547,-1.0146720016504305,0.0012196612448846,8.941517894800649,4.540712414173866,13.585554405586658,9.044841991412792,409,ok
B0046,8,4,1.456232262380321,1.503121190703977,first_n_median,96.88056235161612,normal,,0,00573.csv,573,20,5468.062,3.405195390316552,2.190965071547283,4.158094572470294,-1.002235007588667,-1.0150359928774078,1.863439523670589e-06,8.956808204433374,5.499201106644663,13.94301293338268,8.443811826738017,409,ok
B0046,9,4,1.4440592236675138,1.503121190703977,first_n_median,96.0707115699166,normal,,0,00575.csv,575,22,5411.297,3.4089875975783017,2.1866396618663058,4.180141305155931,-1.0021923537852624,-1.0152062278681104,-0.0003551370183381,8.857079944726477,5.067882431329782,13.134169173843691,8.06628674251391,404,ok
B0046,10,4,1.428294264765868,1.503121190703977,first_n_median,95.02189667733548,normal,,0,00577.csv,577,24,5369.703,3.405344636824463,2.183328288428697,4.179370029585307,-1.002036442615774,-1.0155359732475864,-0.0019081565659768,8.951187295260016,5.843976657040264,14.086951683642924,8.242975026602661,400,ok
B0046,11,4,1.4199848948034668,1.503121190703977,first_n_median,94.46908895871704,normal,,0,00579.csv,579,26,5327.406,3.4032461605763142,2.169516718963703,4.178701514525068,-1.0019449254309927,-1.0142040713603584,-0.0016858857505832,8.966158040889411,5.01792596363546,13.314723048488911,8.296797084853452,396,ok
B0046,12,4,1.4043226018516568,1.503121190703977,first_n_median,93.42710425058618,normal,,0,00581.csv,581,28,5299.266,3.3967709514446076,2.1506636217123933,4.178686122362143,-1.0019368953910395,-1.0140802271588931,-0.0015827464254789,8.972930848723113,5.803184971617172,14.173291675329546,8.370106703712374,393,ok
B0046,13,4,1.4234351301615986,1.503121190703977,first_n_median,94.6986270278674,normal,,0,00585.csv,585,32,5367.172,3.3721964614287634,2.1813781395662764,4.104216707532647,-1.0020744940471753,-1.0152535112311678,-0.0024523030332244,9.032800036514974,4.922953322476231,13.959348125513564,9.036394803037332,397,ok
B0046,14,4,1.4339948857967295,1.503121190703977,first_n_median,95.40114893364834,normal,,0,00589.csv,589,36,5406.812,3.3962096829403037,2.197114951660172,4.155511867054,-1.0019365649129635,-1.0150882170381768,-0.0010990951095201,8.8666091485246,4.662332130765019,13.523198161538613,8.860866030773593,399,ok
B0046,15,4,1.4185177047756572,1.503121190703977,first_n_median,94.37147939557047,normal,,0,00591.csv,591,38,5353.094,3.3989726713804767,2.157995006136477,4.17891702072451,-1.0017349404979956,-1.0138597436043135,-0.0004694932106597,8.91721938287038,4.948794491271015,13.750234723504356,8.80144023223334,394,ok
B0046,16,4,1.4056313337829422,1.503121190703977,first_n_median,93.51417187622936,normal,,0,00593.csv,593,40,5280.031,3.39769311615204,2.198419108542039,4.178285871350945,-1.001588196535767,-1.0144360732666853,0.0005755292151167,8.923958703020183,4.74356272386552,13.400973711086476,8.657410987220956,388,ok
B0046,17,4,1.3890214025155618,1.503121190703977,first_n_median,92.40914246342456,normal,,0,00595.csv,595,42,5248.593,3.3923860221630204,2.151164339585934,4.178074763829319,-1.0016469274447983,-1.014261294595994,0.0030465165480761,8.991317663963024,5.025686774194673,13.648707282364962,8.623020508170288,385,ok
B0046,18,4,1.3723339082737365,1.503121190703977,first_n_median,91.29895292281874,normal,,0,00597.csv,597,44,5203.375,3.387564802409393,2.152208745567858,4.177918597629585,-1.0017210974492488,-1.014489076885478,-0.0010481100245803,9.016720196858456,5.087697171800642,13.959820884900516,8.872123713099874,380,ok
B0046,19,4,1.3615778905990563,1.503121190703977,first_n_median,90.58337404992407,normal,,0,00601.csv,601,48,5166.812,3.3755889260430436,2.165968185309718,4.151019587024004,-1.0015714385037338,-1.0134987135278009,-0.0012278389417416,8.999593683204713,5.661478093560933,14.349640095291218,8.688162001730284,376,ok
B0046,21,4,1.4100282016237429,1.503121190703977,first_n_median,93.80668773376586,normal,,0,00605.csv,605,52,5340.281,3.3771442240108183,2.199378116446157,4.178852366259435,-1.0017131896387048,-1.013723806647551,-0.0008132941108328,9.073580268946476,5.0202014297824205,13.720010432160604,8.699809002378185,388,ok
B0046,22,4,1.3395671374926488,1.503121190703977,first_n_median,89.11903749193179,normal,,0,00607.csv,607,54,5103.0,3.3739069772216053,2.1709534591124666,4.177296277706522,-1.0014759387718013,-1.0133151573794763,-0.0002644100073359,9.035703497783533,5.742878333760452,14.214578668306734,8.47170033454628,370,ok
B0046,23,4,1.3291515487117478,1.503121190703977,first_n_median,88.42610675252661,normal,,0,00609.csv,609,56,5051.172,3.3730377771688125,2.1705625280743464,4.176859724330072,-1.001751590105337,-1.0145892320656984,-0.0011858410030944,9.0428494070086,5.4401284420509874,13.7206185074268,8.280490065375812,365,ok
B0046,24,4,1.3181687033905718,1.503121190703977,first_n_median,87.6954374366325,normal,,0,00613.csv,613,60,5027.563,3.361814920655554,2.1762627754763426,4.148811503971785,-1.0013919768296455,-1.013852308100358,-0.0002403126979947,9.103478864398264,5.450700875673206,14.307049577086085,8.856348701412879,363,ok
B0046,25,4,1.312423708466101,1.503121190703977,first_n_median,87.3132330634921,normal,,0,00615.csv,615,62,4993.765,3.36759601245628,2.16031962283908,4.17607839536505,-1.0012785845104528,-1.0149029063735249,-0.0007938134828941,9.08626820310501,5.306184400117354,13.73206507015365,8.425880670036296,360,ok
B0046,26,4,1.2993237532162487,1.503121190703977,first_n_median,86.44171616047267,normal,,0,00617.csv,617,64,4962.469,3.3619567307164724,2.144904732455604,4.175479903911147,-1.0011100184599881,-1.0129489271534275,-0.0004843385971355,9.113491912356011,6.042016495459646,14.550153842364988,8.508137346905343,357,ok
B0046,27,4,1.2877483042174591,1.503121190703977,first_n_median,85.67162196777697,normal,,0,00619.csv,619,66,4907.859,3.360770876263507,2.196218583907234,4.175276949812811,-1.0010016783342919,-1.013842187549723,-0.0018298264369051,8.977476169539525,5.153760692771678,14.437029519118854,9.283268826347175,352,ok
B0046,28,4,1.2865282739749122,1.503121190703977,first_n_median,85.59045550893838,normal,,0,00621.csv,621,68,4888.656,3.3581255157395584,2.1691838412748474,4.175506752243359,-1.0011852000845294,-1.0136988771283435,-0.0005833386279632,9.205520238536876,4.682778319876364,14.364000921258654,9.68122260138229,350,ok
B0046,29,4,1.2719636386987183,1.503121190703977,first_n_median,84.62149602874021,normal,,0,00625.csv,625,72,4866.25,3.347714666699619,2.1947559967284405,4.145965438635247,-1.0010003485675925,-1.014252701339216,0.0001827346966842,9.14555330973735,5.69978955016522,14.693349843683665,8.993560293518446,348,ok
B0046,30,4,1.2714495345417192,1.503121190703977,first_n_median,84.58729358650343,normal,,0,00627.csv,627,74,4836.125,3.353800882166825,2.1877179876194037,4.174989626740224,-1.0010290829534054,-1.0140278357417702,-0.0010479100590296,9.111354213090989,5.173813834388308,14.058016587648105,8.884202753259796,345,ok
B0046,31,4,1.2615423884659074,1.503121190703977,first_n_median,83.9281886429312,normal,,0,00629.csv,629,76,4801.485,3.350657273692142,2.1508230766314127,4.175655686812431,-1.0009585460015413,-1.0134629302760532,-0.0006032700585345,9.163824507961877,5.580480841079329,13.779152574880364,8.198671733801035,342,ok
B0046,32,4,1.2421201619204132,1.503121190703977,first_n_median,82.63606218861663,normal,,0,00631.csv,631,78,4760.938,3.349047830330531,2.190167787518222,4.174757798171361,-1.0009004370775454,-1.014033434715715,-0.0010516016356776,9.165326915001913,6.071252419449891,14.383739114376208,8.312486694926317,338,ok
B0046,33,4,1.2402537441669796,1.503121190703977,first_n_median,82.51189270947042,normal,,0,00633.csv,633,80,4740.907,3.3446343037059103,2.18851427579806,4.175734259626989,-1.0008534371371294,-1.014031038623518,0.0011973189996783,9.179753755489338,5.280698175969476,14.589504036127655,9.308805860158179,336,ok
B0046,34,4,1.2851130012242886,1.503121190703977,first_n_median,85.49629991061562,normal,,0,00637.csv,637,84,4914.532,3.3205030122204913,2.163748582486284,4.087128849753504,-1.0011746350209894,-1.01490431160623,-0.000124256808814,9.27415763140438,4.887740323811735,13.891154624298236,9.0034143004865,347,ok
B0046,35,4,1.3043327841699193,1.503121190703977,first_n_median,86.77495814951844,normal,,0,00641.csv,641,88,4998.656,3.349264182688189,2.153820870810703,4.147121879450348,-1.0011690143333174,-1.0140051761194069,-0.0010340594408193,9.271981913108279,5.91413530117764,14.673096336965486,8.758961035787845,353,ok
B0046,36,4,1.2778639041619957,1.503121190703977,first_n_median,85.01403027679468,normal,,0,00643.csv,643,90,4890.015,3.3574536928825296,2.1856873619664867,4.17500990248918,-1.0009996740645901,-1.0138060897113894,-0.0009111336391973,9.033984664610193,5.96092810450143,13.896967367053858,7.936039262552428,345,ok
B0046,37,4,1.272346459165154,1.503121190703977,first_n_median,84.64696439874278,normal,,0,00645.csv,645,92,4842.11,3.3535254761184166,2.1586585951828057,4.175207914830006,-1.0008611138640546,-1.0150239115464577,-0.0016567091012152,9.172120651818531,5.371461580732384,13.908543615362126,8.53708203462974,341,ok
B0046,38,4,1.2477883952768762,1.503121190703977,first_n_median,83.01315975011188,normal,,0,00647.csv,647,94,4798.281,3.347073227310051,2.149734467121552,4.174827125492382,-1.000811467966266,-1.014982845931098,-0.0011668323634643,9.093365400458568,5.393394316960078,14.617560660341365,9.224166343381286,337,ok
B0046,39,4,1.2352499196655526,1.503121190703977,first_n_median,82.17899709650366,normal,,0,00649.csv,649,96,4739.188,3.348504626898048,2.180494984747436,4.1748101416565255,-1.000971558605881,-1.0139301973708983,-0.001847370907666,9.119927887302934,5.794527318181999,14.288124170416689,8.493596852234688,332,ok
B0046,40,4,1.229251291851949,1.503121190703977,first_n_median,81.77991897487901,normal,,0,00653.csv,653,100,4733.156,3.3328169133314747,2.1583931144361963,4.144890688492612,-1.0007926094103774,-1.013587060727205,-0.0012567709294042,9.185345552194319,5.253901906691608,14.875868929885128,9.62196702319352,331,ok
B0046,41,4,1.223890910501634,1.503121190703977,first_n_median,81.4233022640332,normal,,0,00655.csv,655,102,4670.61,3.343773088070051,2.1973084174346607,4.174530382960434,-1.0006667122739987,-1.0133237853999737,-0.0014908924953573,9.156968538676207,5.61551685476947,13.880179808466218,8.26466295369675,326,ok
B0046,42,4,1.205423323571373,1.503121190703977,first_n_median,80.1946862985027,normal,,0,00657.csv,657,104,4635.0,3.33676988143417,2.194834923129504,4.1743300924480256,-1.0004434396725717,-1.0129735089678258,-0.0001828685567612,9.08775088318824,5.0002098383925935,14.631961684725407,9.631751846332815,323,ok
B0046,43,4,1.1957824090008151,1.503121190703977,first_n_median,79.5532932671103,normal,,1,00659.csv,659,106,4615.86,3.333058450714012,2.153169565361056,4.173688629517977,-1.0004321685718414,-1.0140945273469484,-0.0014059183662915,9.184456763175827,4.759278495830699,14.768164211079869,10.00888571524917,321,ok
B0046,44,4,1.190072949669846,1.503121190703977,first_n_median,79.17345301428975,normal,,1,00661.csv,661,108,4580.75,3.3307168993094938,2.1789077465484965,4.174343502341572,-1.0004986868063772,-1.0146645679773671,0.0004429185095396,9.215049403610458,5.149525989520556,15.037938036453404,9.88841204693285,318,ok
B0046,45,4,1.179201763233652,1.503121190703977,first_n_median,78.4502121669498,normal,,1,00665.csv,665,112,4557.406,3.3218468956700393,2.16713614374112,4.14222437268915,-1.000373674220122,-1.0135210185380688,0.0003975294877859,9.185331012909922,5.663909871142696,14.290141125898849,8.626231254756153,316,ok
B0046,46,4,1.169504032514554,1.503121190703977,first_n_median,77.8050392574683,normal,,1,00667.csv,667,114,4524.032000000007,3.327359417043662,2.175632256591337,4.173393414123743,-1.0001870072907715,-1.0128647179210617,-0.0002794306040719,9.046655941616262,4.409919284003476,13.996450231420782,9.586530947417305,313,ok
B0046,47,4,1.16772376849918,1.503121190703977,first_n_median,77.68660143446479,normal,,1,00669.csv,669,116,4502.938,3.3259632346577273,2.199283556452788,4.173536996898156,-1.0001225394585929,-1.0135831957851476,-0.000648669348585,9.26195924957788,5.761080260625401,14.935082428364884,9.174002167739484,311,ok
B0046,48,4,1.1579256145829042,1.503121190703977,first_n_median,77.0347475469092,normal,,1,00671.csv,671,118,4483.094,3.322240958381916,2.176786994904175,4.174582549013794,-1.0001481029921278,-1.0125088172166772,-0.0014316396949476,9.252994157098664,5.394685631512769,14.99164974108056,9.59696410956779,309,ok
B0046,49,4,1.1499812813376982,1.503121190703977,first_n_median,76.5062250768424,normal,,1,00673.csv,673,120,4448.36,3.325985699672719,2.19883821425474,4.174588307825947,-0.9999638117239763,-1.0140396121078876,0.0011618338723595,9.26310734626783,5.001649533206434,14.811846373564524,9.81019684035809,301,ok
B0046,50,4,1.150285902223034,1.503121190703977,first_n_median,76.52649096672673,normal,,1,00677.csv,677,124,4440.531,3.3114789937571287,2.165246924019346,4.140409334076233,-1.0003136352879307,-1.016160339741845,-0.0002093461897087,9.331127163327569,5.6790936483184975,14.247555903096725,8.568462254778227,305,ok
B0046,51,4,1.1349452274085248,1.503121190703977,first_n_median,75.50590294565541,normal,,1,00679.csv,679,126,4416.547,3.3170441017303047,2.159522238937832,4.1724288341154105,-1.0001598810351362,-1.0136323841516852,-0.0010349534985669,9.266824205941363,5.882589800119293,14.332240013732582,8.449650213613289,303,ok
B0046,52,4,1.1380960963513609,1.503121190703977,first_n_median,75.71552469553976,normal,,1,00681.csv,681,128,4382.937,3.314496922697215,2.1831972567411246,4.172310550176221,-1.0002538884639347,-1.0151417452145364,-0.0004297533680132,9.20992133972331,5.70607291456078,14.276871638701772,8.570798724140992,300,ok
B0046,53,4,1.123711172150547,1.503121190703977,first_n_median,74.75852107601945,normal,,1,00683.csv,683,130,4347.453,3.315933995614132,2.191895759269081,4.1745648072291,-1.0001281764463046,-1.0129399611534418,-0.0007365343314831,9.1721362476023,4.848055925778921,13.777310967702926,8.929255041924005,297,ok
B0046,55,4,1.214119211354098,1.503121190703977,first_n_median,80.77320836555256,normal,,0,00689.csv,689,136,4746.5,3.2963331961890048,2.198908641131297,4.101731329888953,-1.0007810921100906,-1.0136804581659815,0.000202664865004,9.25834987796474,4.207894279260447,14.96165525093106,10.753760971670612,323,ok
B0046,56,4,1.211944797522819,1.503121190703977,first_n_median,80.62854845092116,normal,,0,00693.csv,693,140,4679.156,3.3205927834140843,2.1759612427269523,4.14324574268369,-1.0005274848759138,-1.0138752417282513,-0.0016350840270743,9.311634785976043,5.478084527507487,14.622124863653871,9.144040336146384,318,ok
B0046,57,4,1.1971248679331925,1.503121190703977,first_n_median,79.64260469061226,normal,,1,00695.csv,695,142,4596.578,3.3321448974569696,2.1740843812957524,4.174381858889519,-1.0003494909916653,-1.0134453544249995,-0.0011502757291964,9.306501252940654,5.766281580897997,14.181162993443126,8.414881412545128,312,ok
B0046,58,4,1.1822892151870987,1.503121190703977,first_n_median,78.65561489645299,normal,,1,00697.csv,697,144,4544.641,3.3300589536831566,2.1699286892596934,4.173792780760516,-1.0001304668043078,-1.0132265455749991,2.7256060250898507e-05,9.361883663268088,6.004760162893874,13.989284902759552,7.9845247398656785,308,ok
B0046,59,4,1.1645336676778395,1.503121190703977,first_n_median,77.47436965694283,normal,,1,00699.csv,699,146,4526.938,3.326398154149516,2.15658205310809,4.174292933831419,-0.9999751500715209,-1.0127770109447685,-0.00067149452539,9.565977385225588,5.915029423059273,15.042601535042603,9.12757211198333,306,ok
B0046,60,4,1.1535559567518647,1.503121190703977,first_n_median,76.7440419232999,normal,,1,00701.csv,701,148,4487.438,3.324081152870965,2.159229413482601,4.174080626824366,-1.0001108627417226,-1.0138936920010262,-0.0004329756690033,9.613253810213061,5.67699835260256,15.027421071078606,9.350422718476047,303,ok
B0046,61,4,1.1601987101282063,1.503121190703977,first_n_median,77.1859725818139,normal,,1,00705.csv,705,152,4513.312,3.2901896835135895,2.1981836512731,4.089380393518967,-0.9997380074680035,-1.0184755755177433,2.7940570327789576e-05,9.659706152498446,6.096463757673844,14.577396723095212,8.480932965421369,304,ok
B0046,62,4,1.1711716308206082,1.503121190703977,first_n_median,77.91598162967136,normal,,1,00709.csv,709,156,4568.438,3.3123680120679446,2.172247401410494,4.142442473931475,-0.999942885934547,-1.0139384129430251,-0.0006009137673257,9.660074492266734,6.043750449758176,15.36587842843583,9.322127978677653,307,ok
B0046,63,4,1.1563410270783216,1.503121190703977,first_n_median,76.92932773682453,normal,,1,00711.csv,711,158,4499.656,3.3202672940295272,2.167855497701561,4.174041322689958,-0.9999545027275712,-1.0134236160019647,-9.188842542528952e-05,9.610732084606383,5.99587629562271,15.29268403662172,9.29680774099901,302,ok
B0046,64,4,1.141082456193516,1.503121190703977,first_n_median,75.91420194529341,normal,,1,00713.csv,713,160,4430.984,3.3220005581957603,2.197413864039741,4.174154842675988,-0.9997765998111345,-1.012621804825029,-0.0017926120869063,9.509606751933422,5.723451619542152,14.698902260428524,8.975450640886372,297,ok
B0046,65,4,1.1352383596118123,1.503121190703977,first_n_median,75.52540451379912,normal,,1,00715.csv,715,162,4411.141,3.316995919062792,2.1808859045895868,4.173817719824036,-0.9995908082297772,-1.0138097315277292,-0.000779392195052,9.55376799961061,6.144973775318404,15.066788669768552,8.921814894450147,295,ok
B0046,67,4,1.2530847858282803,1.503121190703977,first_n_median,83.36551926604176,normal,,0,00721.csv,721,168,4883.312,3.304824958917925,2.1634350552847827,4.122428601972404,-0.9999417105324964,-1.0118756251887793,-0.0002592366156627,9.689325427035971,6.076388571807733,14.884443210062466,8.808054638254733,325,ok
B0046,68,4,1.2050453590356518,1.503121190703977,first_n_median,80.16954098500047,normal,,0,00725.csv,725,172,4663.907,3.3235919579934095,2.1839323108066178,4.143823070139112,-0.9998017376659812,-1.012656973957246,0.0015024551516464,9.54652406934783,6.196876383261514,14.454392118638458,8.257515735376945,310,ok
B0046,69,4,1.19119860196273,1.503121190703977,first_n_median,79.24834067470236,normal,,1,00727.csv,727,174,4581.328,3.3336764636844887,2.196284886273677,4.173823759594136,-1.000249176467669,-1.0140280598156248,0.0003290481666301,9.486110245180768,5.3689616198379495,14.172939173239188,8.80397755340124,304,ok
B0046,70,4,1.17463817374538,1.503121190703977,first_n_median,78.1466046124495,normal,,1,00729.csv,729,176,4553.031,3.32512940887575,2.1526544597098902,4.174042864835579,-1.0000755059089512,-1.0143271740416917,0.0003226122774269,9.528985199683015,5.574768582818901,14.797843662102167,9.223075079283266,302,ok
B0046,71,4,1.1555432048235512,1.503121190703977,first_n_median,76.87625003026936,normal,,1,00731.csv,731,178,4486.5,3.3265245824041667,2.1963314779954723,4.173923325104936,-0.9996836231447859,-1.0135805482915097,-0.0001745506813265,9.519831150565885,6.176787099087437,14.86814851282613,8.691361413738694,297,ok
B0046,72,4,1.1538041170229467,1.503121190703977,first_n_median,76.7605515881637,normal,,1,00733.csv,733,180,4450.625,3.325662411014798,2.189500804437932,4.174510564064746,-0.9996591394483646,-1.014505539753993,-0.0014301937849856,9.50863223906921,5.512487384505981,14.051631055988958,8.539143671482977,294,ok
B0047,1,4,1.6743047446975208,1.5080762969973425,first_n_median,111.02254892747456,normal,,0,00001.csv,1,0,6436.141,3.4752664759657903,2.470611866932728,4.246764125510136,-0.9527668403077523,-1.00110134824347,0.000252388610586,8.272422519178683,5.0080842944609065,12.376815880696888,7.368731586235982,490,ok
B0047,2,4,1.5243662105099025,1.5080762969973425,first_n_median,101.08017834011407,normal,,0,00005.csv,5,4,5650.265,3.4765588189090355,2.477661652422805,4.186635709569866,-0.9838885014038209,-0.9981417400029184,-0.0015358996096327,8.210715424489035,5.454956719553112,11.314903320182369,5.859946600629256,429,ok
B0047,3,4,1.5080762969973425,1.5080762969973425,first_n_median,100.0,normal,,0,00007.csv,7,6,5590.907,3.4707669643372343,2.4707098734854784,4.199922751479228,-0.9838892612061609,-1.0003069695936524,-0.000745698662656,7.954455063989402,4.9221781193622345,11.624528187721143,6.702350068358909,424,ok
B0047,4,4,1.4835577960067696,1.5080762969973425,first_n_median,98.3741869665752,normal,,0,00009.csv,9,8,5543.61,3.4675514337042928,2.465457800547402,4.199568876812779,-0.9789465319710104,-0.9982799264042614,0.0003032433409723,7.985864710265717,4.553269274801158,11.0929238810592,6.539654606258042,419,ok
B0047,5,4,1.4671391666146525,1.5080762969973425,first_n_median,97.28547352251356,normal,,0,00011.csv,11,10,5499.046,3.4628386272032645,2.465765118194009,4.1993968014662295,-0.9762620303137102,-0.9986834889880236,0.0004220115914528,8.009426990342208,4.826283158332467,11.020979145558456,6.194695987225989,415,ok
B0047,6,4,1.448858156982267,1.5080762969973425,first_n_median,96.07326631066466,normal,,0,00013.csv,13,12,5461.219,3.4591836330966035,2.4700482803033514,4.198907847432783,-0.9711681299821951,-1.0016128378277855,9.027841205808632e-07,8.033626730077737,5.074450571014079,11.05909419348262,5.984643622468541,411,ok
B0047,7,4,1.4458534180949325,1.5080762969973425,first_n_median,95.87402314947202,normal,,0,00017.csv,17,16,5451.281,3.440865649757287,2.484128874181115,4.163303236325632,-0.9709334670284248,-0.9983585499996894,0.0009494056462554,8.150799939416203,4.135578398049189,11.877028657628198,7.741450259579009,409,ok
B0047,8,4,1.431118266178283,1.5080762969973425,first_n_median,94.89694049483526,normal,,0,00021.csv,21,20,5468.062,3.44810227661685,2.483034750266961,4.181797294694067,-0.9610547420763002,-1.001368895703553,-0.000611161990235,8.230899786348077,5.292800359862219,11.559250858608888,6.266450498746669,409,ok
B0047,9,4,1.419274551657853,1.5080762969973425,first_n_median,94.11158802002934,normal,,0,00023.csv,23,22,5411.297,3.4496654644975946,2.49830336362436,4.197837203348764,-0.9582923588349711,-1.0008569581108415,-0.0013182019564115,8.146945225413083,4.779042205440951,11.34743713793976,6.568394932498809,404,ok
B0047,10,4,1.3999974221808271,1.5080762969973425,first_n_median,92.83332845747222,normal,,0,00025.csv,25,24,5369.703,3.4449123724079618,2.49851157426792,4.197777018222757,-0.9553719838321842,-0.9983176454232487,-8.976016421710795e-06,8.251894856354932,5.664182556239294,11.693269060729056,6.029086504489762,400,ok
B0047,11,4,1.3885156686114437,1.5080762969973425,first_n_median,92.07197748390116,normal,,0,00027.csv,27,26,5327.406,3.4418308643708455,2.4919375577484737,4.197306543877358,-0.9527836491780217,-0.9987614170997864,-0.0002584377680427,8.23497518866995,4.636183279973251,11.557441727679937,6.921258447706686,396,ok
B0047,12,4,1.3652234669528964,1.5080762969973425,first_n_median,90.52747992068616,normal,,0,00029.csv,29,28,5299.266,3.4344681780842876,2.4683068422721184,4.19770091242359,-0.949814677088373,-0.9997148821455012,-0.0008146601542771,8.269239827690175,5.589217205361708,11.667407771157473,6.078190565795765,393,ok
B0047,13,4,1.4060442272970963,1.5080762969973425,first_n_median,93.2342899425316,normal,,0,00033.csv,33,32,5367.172,3.430115214310407,2.479195639185483,4.1533796403143945,-0.962374774611937,-0.997480494103194,0.0028748902917332,8.236583239584068,4.471510284837189,11.311016339650983,6.8395060548137945,397,ok
B0047,14,4,1.405754161352578,1.5080762969973425,first_n_median,93.2150557734716,normal,,0,00037.csv,37,36,5406.812,3.442078085056046,2.4933737831605582,4.1809212253928045,-0.9528782892582865,-0.9986334774069276,-0.0005800539086706,8.16126508624072,4.257651735866639,11.175603921563273,6.917952185696634,399,ok
B0047,15,4,1.3867662881727878,1.5080762969973425,first_n_median,91.95597669255268,normal,,0,00039.csv,39,38,5353.094,3.4424678812268277,2.491571322470993,4.198049966629152,-0.9497638833815831,-0.9987804112417712,-0.0003116546335126,8.25301239256121,4.600686396248,11.15023736338702,6.54955096713902,394,ok
B0047,16,4,1.3705053061420225,1.5080762969973425,first_n_median,90.87771678865116,normal,,0,00041.csv,41,40,5280.031,3.4338551425476287,2.471859124111365,4.19764856730434,-0.9517106306260905,-0.999389466856038,0.0017552546473027,8.291638340695691,4.266161089290105,11.81131136026599,7.545150270975884,388,ok
B0047,17,4,1.34974311148236,1.5080762969973425,first_n_median,89.50098308485903,normal,,0,00043.csv,43,42,5248.593,3.4327517306039357,2.488914813470205,4.1969633661005,-0.9434304652541514,-0.9976329826755008,-0.0004111896147658,8.318107121376224,4.608224781334378,11.699803023226297,7.091578241891918,385,ok
B0047,18,4,1.3251533367939785,1.5080762969973425,first_n_median,87.87044391801841,normal,,0,00045.csv,45,44,5203.375,3.4273855541261473,2.472852533936716,4.196227134476293,-0.9400482502771171,-0.9979036135281564,0.000409703822772,8.303021352537922,4.784737147270536,11.234017863419322,6.4492807161487855,380,ok
B0047,19,4,1.3111943869635805,1.5080762969973425,first_n_median,86.94483094616871,normal,,0,00049.csv,49,48,5166.812,3.4184685184601045,2.4822189935935484,4.176260352394772,-0.9371553622323052,-0.9983031482652808,0.0020782269682447,8.32601397527908,5.473663110232025,11.729632241368254,6.255969131136229,376,ok
B0047,21,4,1.3394234405932892,1.5080762969973425,first_n_median,88.81668939828509,normal,,0,00053.csv,53,52,5340.281,3.4156755122328164,2.481264290061195,4.199835388165491,-0.9234823229846594,-0.9989433150461876,0.0006870764093463,8.388106987601862,4.748318446282868,12.186162994585318,7.437844548302451,388,ok
B0047,22,4,1.2849157142560723,1.5080762969973425,first_n_median,85.20230155559143,normal,,0,00055.csv,55,54,5103.0,3.4189443106786306,2.487540187711501,4.195847527614419,-0.930472095057463,-0.9988068791837494,0.0002855601188947,8.304841644444155,5.506502298082729,11.147409475641334,5.640907177558605,370,ok
B0047,23,4,1.281719159327807,1.5080762969973425,first_n_median,84.99033914131373,normal,,0,00057.csv,57,56,5051.172,3.4147835574863517,2.4907582384317,4.195387366763826,-0.9322821459755778,-0.9985415333431112,0.0006728455289218,8.319029412369582,5.165891185911349,11.681014963080823,6.5151237771694746,365,ok
B0047,24,4,1.2600051642942829,1.5080762969973425,first_n_median,83.5504918950731,normal,,0,00061.csv,61,60,5027.563,3.409591730169167,2.493163832069928,4.174064296873529,-0.9267897523084677,-0.9978750591581058,-0.0001800606767888,8.401755924951388,5.265209753192886,11.29683746494969,6.031627711756803,363,ok
B0047,25,4,1.266070385993126,1.5080762969973425,first_n_median,83.95267457713759,normal,,0,00063.csv,63,62,4993.765,3.407645240350967,2.479240941037315,4.194958886516552,-0.9316504925123936,-0.999192550425453,0.0003758094009547,8.395347720509116,5.042763463669986,11.88239860330653,6.8396351396365445,360,ok
B0047,26,4,1.2413590294280803,1.5080762969973425,first_n_median,82.31407335953028,normal,,0,00065.csv,65,64,4962.469,3.407201115194828,2.4915265338912347,4.194794488425212,-0.9255669375549472,-0.9986749467627316,0.0004578109728141,8.419292173692186,5.772401422548551,11.79170575767619,6.019304335127639,357,ok
B0047,27,4,1.2298873703485311,1.5080762969973425,first_n_median,81.5533917479706,normal,,0,00067.csv,67,66,4907.859,3.402851724115477,2.495727313119633,4.194210512385239,-0.9273633082574366,-0.9974120790687706,0.0023220081628674,8.293327119939335,4.5960098938546174,11.72661603963688,7.130606145782263,352,ok
B0047,28,4,1.228088614506696,1.5080762969973425,first_n_median,81.43411689129282,normal,,0,00069.csv,69,68,4888.656,3.398740761774466,2.4979742120513757,4.19378669081209,-0.9267828902753352,-1.0012611494596309,-2.2621404575421425e-05,8.49190236531868,4.152158421868814,12.464631760563272,8.312473338694458,350,ok
B0047,29,4,1.2139857189070042,1.5080762969973425,first_n_median,80.498958926953,normal,,0,00073.csv,73,72,4866.25,3.3945066004903923,2.495109477398993,4.1718864589662426,-0.9236824517720293,-0.9975908962365796,0.0014853973830615,8.437149776270967,5.196024953575391,11.863547747838409,6.667522794263018,348,ok
B0047,30,4,1.2173435064564189,1.5080762969973425,first_n_median,80.72161261868597,normal,,0,00075.csv,75,74,4836.125,3.39192930556013,2.4851956352139384,4.19388971043665,-0.9289085100178415,-0.9986484518139436,0.0007789005366947,8.429621946088576,4.936935040317449,12.460832791038596,7.523897750721147,345,ok
B0047,31,4,1.2073445944515917,1.5080762969973425,first_n_median,80.05858833903012,normal,,0,00077.csv,77,76,4801.485,3.39128980672992,2.4873308484835266,4.193873318394839,-0.9282275865985665,-0.9987472813404836,0.0029531309094374,8.46306110156025,5.369516146499022,12.213639136225725,6.844122989726703,342,ok
B0047,32,4,1.18804049227045,1.5080762969973425,first_n_median,78.7785402261079,normal,,1,00079.csv,79,78,4760.938,3.3932667889977304,2.488620645344286,4.193344395761288,-0.9244391789678553,-0.9988826270225112,-0.0005256589834506,8.459204966688853,5.50575258850288,11.534784991217848,6.029032402714967,338,ok
B0047,33,4,1.186304749886542,1.5080762969973425,first_n_median,78.6634437692931,normal,,1,00081.csv,81,80,4740.907,3.3838600818009588,2.476969143594387,4.19356398488292,-0.9270544586298616,-0.9976143324063644,0.003935485078097,8.493224799915222,5.006658336012915,12.42977502748968,7.423116691476764,336,ok
B0047,34,4,1.2613935471028506,1.5080762969973425,first_n_median,83.64255506265499,normal,,0,00085.csv,85,84,4914.532,3.3866520851320576,2.4790054948940434,4.142510591712848,-0.9460868598841972,-0.9986321522662404,0.0013319223708717,8.466232868159803,4.680181437078328,12.428323073625249,7.7481416365469205,347,ok
B0047,35,4,1.2648246158850651,1.5080762969973425,first_n_median,83.87006800673123,normal,,0,00089.csv,89,88,4998.656,3.402095154295076,2.479600589435018,4.174381011699289,-0.9356871602351079,-0.9975353876339268,-0.0002233441842078,8.553128334903379,5.460927246338855,12.48741336421358,7.026486117874725,353,ok
B0047,36,4,1.24664945489822,1.5080762969973425,first_n_median,82.66487958071906,normal,,0,00091.csv,91,90,4890.015,3.404625504614091,2.46837363838224,4.194961577545829,-0.9401469539731849,-1.0005201322759871,0.0012695281459834,8.342818484380935,5.708474303182395,11.343734065329729,5.635259762147334,345,ok
B0047,37,4,1.2333924152795082,1.5080762969973425,first_n_median,81.78581002401907,normal,,0,00093.csv,93,92,4842.11,3.3977378433240313,2.497016493627855,4.194728577808066,-0.9395699773936357,-0.9990584594637684,-0.0009374158672241,8.481468325698998,5.230194273505954,12.641653349352346,7.411459075846392,341,ok
B0047,38,4,1.2129250072037692,1.5080762969973425,first_n_median,80.42862351319793,normal,,0,00095.csv,95,94,4798.281,3.39454078926717,2.4751740867556524,4.194123941573546,-0.9358360923749524,-0.9979572313546616,0.0003264313426998,8.425193812256257,4.945143641793303,11.969937687736325,7.024794045943022,337,ok
B0047,39,4,1.1999106597943647,1.5080762969973425,first_n_median,79.56564679011589,normal,,1,00097.csv,97,96,4739.188,3.397135252361952,2.499811739255094,4.194413177433493,-0.9347239037948782,-0.9985176632293312,0.0005256253294342,8.471726206300676,5.685535074662302,11.438399477589398,5.752864402927096,332,ok
B0047,40,4,1.1902559038393383,1.5080762969973425,first_n_median,78.92544337505994,normal,,1,00101.csv,101,100,4733.156,3.384557786350807,2.494550023378076,4.172002506353698,-0.9317054169779714,-0.9982543809866457,0.0001590290103144,8.510483818712029,4.804809639171537,12.144441411939049,7.339631772767512,331,ok
B0047,41,4,1.1892563795455853,1.5080762969973425,first_n_median,78.85916527654841,normal,,1,00103.csv,103,102,4670.61,3.38207924956575,2.477337702429082,4.194068049662567,-0.9431234654151266,-1.0001312935854785,0.0011454341439629,8.530222967717657,5.503640579819108,12.67224284322037,7.1686022634012625,326,ok
B0047,42,4,1.167069685125939,1.5080762969973425,first_n_median,77.38797350304058,normal,,1,00105.csv,105,104,4635.0,3.3808097620789024,2.478325379623597,4.193464344236471,-0.9364521415339061,-0.9979392762794396,-0.0007026344439326,8.420605358837513,4.838263185416672,11.984785271459067,7.1465220860423955,323,ok
B0047,43,4,1.1615348403090369,1.5080762969973425,first_n_median,77.02095992236683,normal,,1,00107.csv,107,106,4615.86,3.382026759648077,2.494831087986124,4.192797311893991,-0.9330135422416266,-0.999100265494274,-0.0002550438571568,8.51215713252602,4.344075258493417,12.101959002780742,7.757883744287325,321,ok
B0047,44,4,1.1555563844349988,1.5080762969973425,first_n_median,76.62453065111964,normal,,1,00109.csv,109,108,4580.75,3.376424700878435,2.495678140540268,4.193468094113346,-0.9354455085688509,-1.0171989370447034,-0.0005101948291866,8.54602737861718,4.959571710692188,12.396974763839234,7.437403053147046,318,ok
B0047,45,4,1.1488524666097713,1.5080762969973425,first_n_median,76.17999625729783,normal,,1,00113.csv,113,112,4557.406,3.3729563491800936,2.4729308126474736,4.16991637056524,-0.9350017140200774,-0.9986136164374132,9.016949599716491e-05,8.4485741292899,5.147446794368618,11.455115215105929,6.30766842073731,316,ok
B0047,46,4,1.143572986788779,1.5080762969973425,first_n_median,75.82991583819012,normal,,1,00115.csv,115,114,4524.032000000007,3.378642488252421,2.494578415325497,4.192396921446495,-0.9345624675488318,-0.9974310644719284,-0.0006963540586541,8.334392904335672,3.936045741298076,11.39345446641458,7.457408725116505,313,ok
B0047,47,4,1.1418015379428537,1.5080762969973425,first_n_median,75.71245169864676,normal,,1,00117.csv,117,116,4502.938,3.370172138170829,2.492546798627854,4.192623205881946,-0.9405823229183861,-0.9979515372361276,-0.0005629866234787,8.548983420432004,5.565824291195301,12.6352725981059,7.069448306910599,311,ok
B0047,48,4,1.136058647502255,1.5080762969973425,first_n_median,75.33164268705809,normal,,1,00119.csv,119,118,4483.094,3.367920943746027,2.4752083843332136,4.1933895299679325,-0.940166082376245,-0.9976588428393416,-0.0001304300695554,8.545644001542279,5.14557045285502,12.45444631401429,7.308875861159269,309,ok
B0047,49,4,1.1236364680969286,1.5080762969973425,first_n_median,74.50793241258063,normal,,1,00121.csv,121,120,4448.36,3.3731133787458676,2.4974098896142385,4.192510832064287,-0.9385550163357156,-0.9980113940759702,0.0011662045367734,8.530684068571667,4.688571374253996,12.18400994607025,7.495438571816253,301,ok
B0047,50,4,1.1320498900328944,1.5080762969973425,first_n_median,75.06582341270558,normal,,1,00125.csv,125,124,4440.531,3.3570684734893477,2.470530852621601,4.1689267149519535,-0.9458548848985765,-0.9999712649338626,0.0009573267451609,8.5880890540764,5.497525279278245,12.849012968534735,7.35148768925649,305,ok
B0047,51,4,1.117010176215815,1.5080762969973425,first_n_median,74.06854536735574,normal,,1,00127.csv,127,126,4416.547,3.3691516897861753,2.4800604125308974,4.191753022543457,-0.9389122330771017,-0.9974683513415104,0.0006540065615606,8.520717953543993,5.347061693193263,11.44307926801482,6.096017574821557,303,ok
B0047,52,4,1.120043039721982,1.5080762969973425,first_n_median,74.26965346196644,normal,,1,00129.csv,129,128,4382.937,3.3578225461504885,2.482310382215253,4.192116566565046,-0.9483861774789661,-0.998613125908309,-1.817718980463965e-05,8.509426489984776,5.123903583463241,12.895633770945397,7.771730187482156,300,ok
B0047,53,4,1.1059773445917065,1.5080762969973425,first_n_median,73.33696224745155,normal,,1,00131.csv,131,130,4347.453,3.3676285575809373,2.499914991218416,4.192241727517348,-0.9414049088928775,-1.000314056557349,0.0001232987348393,8.454153696786289,4.609747972453439,11.573902587010837,6.964154614557398,297,ok
B0047,55,4,1.1907902374762016,1.5080762969973425,first_n_median,78.96087484745476,normal,,1,00137.csv,137,136,4746.5,3.372493003925355,2.47468810834507,4.151696493245396,-0.9331169601303769,-0.9989815716960124,-0.0003665730682483,8.476574571858773,3.882513023508471,11.984288635557064,8.101775612048593,323,ok
B0047,56,4,1.2012387088454022,1.5080762969973425,first_n_median,79.65370924780996,normal,,1,00141.csv,141,140,4679.156,3.382136756328252,2.4936019875098454,4.173641970261601,-0.9478477265636571,-0.997917941666946,0.0003730164611296,8.567006275916873,5.389667102986422,12.836265571184011,7.446598468197589,318,ok
B0047,57,4,1.1906909549024802,1.5080762969973425,first_n_median,78.95429145549248,normal,,1,00143.csv,143,142,4596.578,3.383822718764627,2.4794043785439617,4.194390827243979,-0.956443523785203,-0.9980570526982784,0.0001344520751564,8.607327084258758,5.650047278870985,12.655987301395294,7.005940022524309,312,ok
B0047,58,4,1.1764375730308343,1.5080762969973425,first_n_median,78.00915480026985,normal,,1,00145.csv,145,144,4544.641,3.3860339727551585,2.495823360233662,4.194161811786053,-0.9528668500629852,-1.0010833967174453,0.0018437228242266,8.707959029152644,5.763668242393892,12.20963360823446,6.445965365840569,308,ok
B0047,59,4,1.1628110372792353,1.5080762969973425,first_n_median,77.10558408712158,normal,,1,00147.csv,147,146,4526.938,3.3841395923852935,2.4834980820953168,4.194190653204952,-0.9523529313575727,-0.9969202436286994,-0.0004384389125333,9.003534328496398,5.695680582397816,12.780134013784457,7.084453431386641,306,ok
B0047,60,4,1.1516152840582583,1.5080762969973425,first_n_median,76.36319769438613,normal,,1,00149.csv,149,148,4487.438,3.3827771801616184,2.4920392941768497,4.194292935889806,-0.9518066439769568,-0.997543073671386,-0.0004484848166033,9.02852617906244,5.446015893467767,12.658108002877777,7.212092109410009,303,ok
B0047,61,4,1.1583673498348623,1.5080762969973425,first_n_median,76.81092476164709,normal,,1,00153.csv,153,152,4513.312,3.364536091766799,2.488243242390158,4.146356741131726,-0.9517057744990748,-0.9975286494682144,0.00052949767458,9.027729535660669,5.821681060954946,13.24936801902594,7.4276869580709945,304,ok
B0047,62,4,1.1692285288386206,1.5080762969973425,first_n_median,77.53112565767493,normal,,1,00157.csv,157,156,4568.438,3.3787603150369994,2.498187334581169,4.172368631167838,-0.9457722537487265,-1.006932903094604,0.0003941574290999,9.071608131387514,5.850291159286313,13.102537521023756,7.252246361737442,307,ok
B0047,63,4,1.1588148476218465,1.5080762969973425,first_n_median,76.84059817988695,normal,,1,00159.csv,159,158,4499.656,3.38042492580436,2.4982213366801296,4.193697451503613,-0.9517682668620395,-0.9983451614477944,7.08459253948992e-05,9.050284055951,5.813454944381435,13.019156020970016,7.20570107658858,302,ok
B0047,64,4,1.1439588147705455,1.5080762969973425,first_n_median,75.85549995369773,normal,,1,00161.csv,161,160,4430.984,3.3757552328187086,2.4715997205282143,4.193432136090228,-0.9577750037054298,-0.9976242692758268,0.000615167333268,8.986064263951343,5.570068309383535,12.612257184300963,7.042188874917429,297,ok
B0047,65,4,1.1383941068159398,1.5080762969973425,first_n_median,75.48650615904123,normal,,1,00163.csv,163,162,4411.141,3.3744651760728988,2.4972991957929973,4.193707973256604,-0.9541869981546398,-0.99985435313252,-0.0003321210116835,9.036875447987502,5.966721242217489,12.968805846071126,7.002084603853636,295,ok
B0047,67,4,1.2213102850395667,1.5080762969973425,first_n_median,80.98464828810441,normal,,0,00169.csv,169,168,4883.312,3.3850807989789566,2.475863858583421,4.166980224197571,-0.9269695970852067,-0.9974759876799106,-3.813511310859022e-06,9.095394308322597,5.917626432694945,13.123905320087225,7.20627888739228,325,ok
B0047,68,4,1.2031062978889062,1.5080762969973425,first_n_median,79.77754840947722,normal,,1,00173.csv,173,172,4663.907,3.3900890450634233,2.482088014003299,4.175112042490111,-0.9526683776410486,-0.9988968847011238,-0.0001390443080429,9.009063913586548,5.848925591344167,13.179418154583676,7.330492563239509,310,ok
B0047,69,4,1.1897147112197684,1.5080762969973425,first_n_median,78.88955708597447,normal,,1,00175.csv,175,174,4581.328,3.3919885847746993,2.484545959502679,4.195168632438667,-0.9591403423116251,-0.998023029768851,-0.0005129100273384,8.958051495293551,5.059900934661653,12.742282067813369,7.682381133151716,304,ok
B0047,70,4,1.177422568842014,1.5080762969973425,first_n_median,78.074469520297,normal,,1,00177.csv,177,176,4553.031,3.3862399608298266,2.481724014979985,4.19482784099826,-0.9554277687381623,-0.998068559065162,0.0004742870029912,8.972563208541265,5.25228005674153,13.23162562344335,7.979345566701819,302,ok
B0047,71,4,1.158443027293818,1.5080762969973425,first_n_median,76.8159429068899,normal,,1,00179.csv,179,178,4486.5,3.383817098626054,2.475682459777723,4.194470276921028,-0.9577201485364993,-1.000419995099013,-0.0003259377086496,9.037146843138395,5.911910142205657,12.857920538298638,6.946010396092981,297,ok
B0047,72,4,1.1567087516841796,1.5080762969973425,first_n_median,76.70094371135242,normal,,1,00181.csv,181,180,4450.625,3.3818846696550433,2.4992087242533025,4.194180006661532,-0.9573123780210179,-0.9976414843513568,-0.000238815255792,9.009035929017505,5.3659263532424175,12.67528068575023,7.309354332507813,294,ok
B0048,1,4,1.6579955793677608,1.4989223343608031,first_n_median,110.61250749024248,normal,,0,00369.csv,369,0,6436.141,3.4658606296374312,2.6876065414465464,4.223690952621402,-0.9275960004271296,-1.000740182998641,0.0030094754164111,7.9114909421254485,4.829134798348132,10.85194413164328,6.0228093332951484,490,ok
B0048,2,4,1.5076933476098775,1.4989223343608031,first_n_median,100.58515461728808,normal,,0,00373.csv,373,4,5650.265,3.4593246298099665,2.6835427959445024,4.161851896835355,-0.95963764625613,-1.0008913420360177,0.0007031704374309,7.958927971485882,5.772228474438241,10.829468947828506,5.057240473390265,429,ok
B0048,3,4,1.4989223343608031,1.4989223343608031,first_n_median,100.0,normal,,0,00375.csv,375,6,5590.907,3.4552294701778714,2.6769979855651798,4.175466417206107,-0.9640819411783536,-1.00468755228754,0.0001257646898655,7.708927821830712,4.596833268139085,11.053444137693344,6.456610869554258,424,ok
B0048,4,4,1.4782919502497789,1.4989223343608031,first_n_median,98.62365223079942,normal,,0,00377.csv,377,8,5543.61,3.4575807060974952,2.6934384147921957,4.174693750587349,-0.9590403279797144,-1.0003370114328405,0.002484352078282,7.711890755969547,4.743082891030165,10.582379295049948,5.839296404019784,419,ok
B0048,5,4,1.461856891390611,1.4989223343608031,first_n_median,97.52719389654044,normal,,0,00379.csv,379,10,5499.046,3.4576403855897397,2.6967591738883163,4.174741021763634,-0.9561581387967848,-1.0024109953994933,0.0017833078818055,7.733691649876036,5.090456621271111,10.227762694291696,5.137306073020586,415,ok
B0048,6,4,1.4509592706473475,1.4989223343608031,first_n_median,96.80016351655011,normal,,0,00381.csv,381,12,5461.219,3.4540569996464043,2.6855475478766424,4.174511213058054,-0.95562492940014,-1.0007359400857092,0.0002502113009859,7.713793706750157,5.052463006214185,10.448166696977866,5.395703690763681,411,ok
B0048,7,4,1.451746997147108,1.4989223343608031,first_n_median,96.85271637280576,normal,,0,00385.csv,385,16,5451.281,3.436367401137892,2.691750203742161,4.14121689573938,-0.9577937939731281,-1.002031773364646,0.0011796550269873,7.8513931260036465,3.9324231269288994,11.087645565750543,7.155222438821644,409,ok
B0048,8,4,1.444392866287476,1.4989223343608031,first_n_median,96.36208849362563,normal,,0,00389.csv,389,20,5468.062,3.4466304878843594,2.689384375743919,4.158004815622747,-0.9502347980955429,-1.0007316751284792,0.0020322605199551,7.905320525605018,5.537851990335868,10.331525897326843,4.793673906990975,409,ok
B0048,9,4,1.432738323965376,1.4989223343608031,first_n_median,95.58456039527556,normal,,0,00391.csv,391,22,5411.297,3.4469353939775913,2.6855540838129546,4.173957792716822,-0.95236200437101,-1.0005511265640192,0.0034991088461236,7.847675607740912,4.843165715131853,10.695473118282326,5.852307403150473,404,ok
B0048,10,4,1.417241201438662,1.4989223343608031,first_n_median,94.55067610577882,normal,,0,00393.csv,393,24,5369.703,3.4438356242957933,2.689152622424136,4.173757067290182,-0.9494102232020358,-0.99971357088635,0.0024035681930929,7.926506175979814,5.513246233631286,10.588614300598088,5.075368066966802,400,ok
B0048,11,4,1.4057559944573452,1.4989223343608031,first_n_median,93.7844451465067,normal,,0,00395.csv,395,26,5327.406,3.4417182002819104,2.678956108681276,4.172904801080625,-0.9492095088363941,-1.0019089598735609,0.0016393911719587,7.937097401174621,4.743978301887625,10.7107611721746,5.966782870286974,396,ok
B0048,12,4,1.3902706269897065,1.4989223343608031,first_n_median,92.75134509104304,normal,,0,00397.csv,397,28,5299.266,3.439456123966976,2.688287422782237,4.173032965850683,-0.9438502376761829,-1.0010368726226484,0.0026758903873933,7.9661274485105595,5.569898912426464,10.52686289722462,4.956963984798155,393,ok
B0048,13,4,1.4196659307880326,1.4989223343608031,first_n_median,94.7124409480116,normal,,0,00401.csv,401,32,5367.172,3.4300387550398135,2.680621623320638,4.133304141515335,-0.9514090951270098,-1.0014340929938248,0.001095210798971,7.886742523689043,4.137443220942473,10.680714357791624,6.5432711368491505,397,ok
B0048,14,4,1.4190563985232272,1.4989223343608031,first_n_median,94.67177624839157,normal,,0,00405.csv,405,36,5406.812,3.442487347026378,2.693587841641054,4.156655311996452,-0.9441558237541219,-0.9997588632259335,0.0020320180393504,7.810373532807223,3.992453746405328,10.479304841863389,6.486851095458061,399,ok
B0048,15,4,1.404272356704056,1.4989223343608031,first_n_median,93.6854648511786,normal,,0,00407.csv,407,38,5353.094,3.4434500367152183,2.6905447145318244,4.172913024979518,-0.943749133811343,-0.9998144854501804,0.0012058996227724,7.869709498966687,4.561699444118848,10.378581035006627,5.816881590887779,394,ok
B0048,16,4,1.3916140490958342,1.4989223343608031,first_n_median,92.8409709559282,normal,,0,00409.csv,409,40,5280.031,3.4369770767738053,2.6889512479861937,4.172334722190024,-0.948030574788209,-1.00055829140422,0.0018081909218465,7.873285917762758,3.989340515617782,10.851484720266557,6.862144204648775,388,ok
B0048,17,4,1.3749618350294734,1.4989223343608031,first_n_median,91.73002519945832,normal,,0,00411.csv,411,42,5248.593,3.4351167375068576,2.6767423992621824,4.171533861821569,-0.9424402883201639,-1.000296719098956,0.0018186296784073,7.888295790156799,4.320857993357971,10.70498211965856,6.384124126300589,385,ok
B0048,18,4,1.3545155713071164,1.4989223343608031,first_n_median,90.3659609478521,normal,,0,00413.csv,413,44,5203.375,3.4352880614818906,2.692752260117709,4.172113180559959,-0.936561624298611,-0.9998388108585378,0.0029459229003412,7.90514873318139,4.951795065579511,10.26828159930382,5.3164865337243095,380,ok
B0048,19,4,1.3440223073315984,1.4989223343608031,first_n_median,89.66590706680878,normal,,0,00417.csv,417,48,5166.812,3.426473499744202,2.69610071870072,4.152547964911409,-0.9359740520534714,-0.9997539612146188,0.001847873095543,7.9278743808781424,5.453380314760635,10.42028909453994,4.966908779779306,376,ok
B0048,21,4,1.372384475860572,1.4989223343608031,first_n_median,91.55807772027153,normal,,0,00421.csv,421,52,5340.281,3.4231723044699156,2.6813752744142234,4.176821150785954,-0.9249433480673207,-0.9998450687021054,0.0028257148701018,7.950376644939932,5.066670449647178,11.025933551300648,5.95926310165347,388,ok
B0048,22,4,1.318410575267441,1.4989223343608031,first_n_median,87.95723067464071,normal,,0,00423.csv,423,54,5103.0,3.428797713311107,2.6946752970811247,4.171686901258687,-0.9296783941589581,-1.0005731202327626,0.0018603393207839,7.891054732187375,5.533218200827807,10.196289899952207,4.663071699124401,370,ok
B0048,23,4,1.3112727599578604,1.4989223343608031,first_n_median,87.48103420028339,normal,,0,00425.csv,425,56,5051.172,3.4246615589655973,2.6954700046169733,4.172000465131976,-0.9340469067277114,-1.0035187304131965,0.0030002151765806,7.911933312913009,5.448284108593169,10.67776116366158,5.229477055068411,365,ok
B0048,24,4,1.2970172419001187,1.4989223343608031,first_n_median,86.5299830530056,normal,,0,00429.csv,429,60,5027.563,3.420260120001828,2.696945913635699,4.151092092342163,-0.9282929869770825,-1.0002204688393834,0.0027748871456291,7.9731250548171255,5.563022662749718,10.197605675555666,4.6345830128059475,363,ok
B0048,25,4,1.2995219526631718,1.4989223343608031,first_n_median,86.6970838230479,normal,,0,00431.csv,431,62,4993.765,3.4176468335228454,2.678219557836974,4.171107672675929,-0.9361639727698597,-1.00063095764688,0.0044641721580971,7.988820643678426,5.305296976396524,10.817583822184044,5.5122868457875205,360,ok
B0048,26,4,1.2826154066729571,1.4989223343608031,first_n_median,85.56917041468414,normal,,0,00433.csv,433,64,4962.469,3.4172601086559014,2.6929901554909765,4.170406220123355,-0.9299928998106647,-1.0004747296268892,0.0031591188266176,7.990220402102304,5.382210395843422,10.516072793190034,5.133862397346612,357,ok
B0048,27,4,1.2752890152407,1.4989223343608031,first_n_median,85.08039316023209,normal,,0,00435.csv,435,66,4907.859,3.4115448650857543,2.684969781882089,4.169460748536267,-0.934806579329965,-1.006586673096361,0.0020541121597789,7.882690956878554,4.323941422488026,10.549697060839051,6.225755638351025,352,ok
B0048,28,4,1.2735572473264072,1.4989223343608031,first_n_median,84.96485896112155,normal,,0,00437.csv,437,68,4888.656,3.4065891490442124,2.6836073579697186,4.170165006607723,-0.9370645194852636,-1.0026150245180556,0.0018647317692802,8.054682377673142,3.947351265286175,11.262651366620426,7.315300101334252,350,ok
B0048,29,4,1.2594114333938535,1.4989223343608031,first_n_median,84.0211266803836,normal,,0,00441.csv,441,72,4866.25,3.404850768576602,2.6880496504528555,4.148906074950599,-0.9310772172053213,-1.0001495156365343,0.0038491351535378,7.989516678064296,4.8115564819625565,10.67022537319244,5.858668891229884,348,ok
B0048,30,4,1.2631632585495876,1.4989223343608031,first_n_median,84.2714281849865,normal,,0,00443.csv,443,74,4836.125,3.4037388246513496,2.6866245843324728,4.170272562112315,-0.9394586031577282,-1.000662603416492,0.0025458608027601,8.031961049301984,5.22224566501025,11.290252755528313,6.068007090518063,345,ok
B0048,31,4,1.2491717310136363,1.4989223343608031,first_n_median,83.33798905907491,normal,,0,00445.csv,445,76,4801.485,3.4068285577090975,2.698617918096401,4.170271899546104,-0.9358379166065879,-1.001004029933717,0.0034355211514904,8.043229181254354,5.67786105224998,10.973350060572036,5.295489008322056,342,ok
B0048,32,4,1.233984347835307,1.4989223343608031,first_n_median,82.32476890548998,normal,,0,00447.csv,447,78,4760.938,3.4086789774100317,2.699107325579607,4.169452174938924,-0.9322392887454545,-1.0009807316550958,0.0032156201712743,8.03181115051043,5.160424118649307,10.3391489283262,5.1787248096768925,338,ok
B0048,33,4,1.240031992028868,1.4989223343608031,first_n_median,82.7282350527964,normal,,0,00449.csv,449,80,4740.907,3.3973450050321667,2.6835548325192,4.170146996930818,-0.9406998132859437,-1.0015794381065346,0.0032676933828671,8.097013437245893,5.270377561388148,11.22843469416495,5.958057132776801,336,ok
B0048,34,4,1.30370857198071,1.4989223343608031,first_n_median,86.97639244508692,normal,,0,00453.csv,453,84,4914.532,3.3993392010348766,2.681569834191177,4.12494331073437,-0.9537093572867028,-1.000338666801855,0.002741239360133,8.022533123805395,4.729340770408116,11.142187018109254,6.412846247701139,347,ok
B0048,35,4,1.315055963470538,1.4989223343608031,first_n_median,87.73342909933538,normal,,0,00457.csv,457,88,4998.656,3.4116534333763227,2.683679055503892,4.151287967783268,-0.9460022622334843,-1.0008223865758237,0.0029521447447247,8.108172025448226,5.108006310610777,11.266783334689707,6.158777024078931,353,ok
B0048,36,4,1.2888738300982074,1.4989223343608031,first_n_median,85.98669861356304,normal,,0,00459.csv,459,90,4890.015,3.417645007960136,2.682654869893668,4.170265534323388,-0.9477332619889278,-1.0014803549820417,0.0027404094242924,7.8977220071348055,5.16229310518604,10.42585253276335,5.26355942757731,345,ok
B0048,37,4,1.2877137595885193,1.4989223343608031,first_n_median,85.90930497660834,normal,,0,00461.csv,461,92,4842.11,3.4079105797438367,2.682384467590376,4.170979556153871,-0.955996398502354,-1.0011333619216,0.0030772516111169,8.04149350152151,5.449713987023955,11.216029100406416,5.766315113382461,341,ok
B0048,38,4,1.2673379985315465,1.4989223343608031,first_n_median,84.54994428193552,normal,,0,00463.csv,463,94,4798.281,3.407164499269471,2.686240486840372,4.169424514471797,-0.9495988780290303,-1.0008607894638553,0.0018306959853921,7.954120438181095,4.546722884578634,10.782099455149345,6.23537657057071,337,ok
B0048,39,4,1.250594345697306,1.4989223343608031,first_n_median,83.43289822488413,normal,,0,00465.csv,465,96,4739.188,3.411264697940678,2.6969281633328235,4.170624380836064,-0.9487217927497306,-1.000768040220572,0.0018361514130153,7.997450587692992,5.50301085785278,10.321202935071105,4.818192077218325,332,ok
B0048,40,4,1.2487131179395878,1.4989223343608031,first_n_median,83.30739287249904,normal,,0,00469.csv,469,100,4733.156,3.399055092260418,2.697244348677796,4.149740744130536,-0.9484783034454789,-1.00042503459904,0.0058328434279522,8.033089769228212,4.482961780107139,10.97070399517944,6.4877422150723,331,ok
B0048,41,4,1.248002326082933,1.4989223343608031,first_n_median,83.25997267998065,normal,,0,00471.csv,471,102,4670.61,3.397998613644679,2.682663772646134,4.170538290499679,-0.960288282497019,-1.0015325180388504,0.0024128993077932,8.032822875095608,5.62240286953277,11.121182366824469,5.498779497291698,326,ok
B0048,42,4,1.2300895244599586,1.4989223343608031,first_n_median,82.06492733224333,normal,,0,00473.csv,473,104,4635.0,3.3968749308721438,2.6897565950033164,4.170102316006519,-0.9538841832821683,-1.0062480227973458,0.002341578409473,7.971994643634386,5.066112833343836,10.805368665446066,5.73925583210223,323,ok
B0048,43,4,1.2244197121500937,1.4989223343608031,first_n_median,81.68666808692475,normal,,0,00475.csv,475,106,4615.86,3.3949285391136215,2.6851150517360427,4.169002458595089,-0.9534653843148169,-1.000237361904988,0.0041882763157375,7.985840586212385,4.014798668315889,10.90427632418744,6.889477655871552,321,ok
B0048,44,4,1.2186682845116386,1.4989223343608031,first_n_median,81.30296390782146,normal,,0,00477.csv,477,108,4580.75,3.3923053503439844,2.691698678764574,4.169722967056448,-0.9561814714709561,-1.0009932577793423,0.002146561775158,8.055923800450703,5.146085898076146,11.177549576040898,6.0314636779647515,318,ok
B0048,45,4,1.2037865236033616,1.4989223343608031,first_n_median,80.31013322092512,normal,,0,00481.csv,481,112,4557.406,3.393507466288284,2.688395997689043,4.147796072295514,-0.949495711589349,-1.0006542561971037,0.0024197601963604,7.982156595851859,4.773271337412214,10.375532122783676,5.602260785371462,316,ok
B0048,46,4,1.1947642300832226,1.4989223343608031,first_n_median,79.70821454153027,normal,,1,00483.csv,483,114,4524.032000000007,3.397997936501643,2.696650926823416,4.16937546220786,-0.9491950189128958,-1.0009626594711905,0.0039275882749092,7.842796481143621,3.6358068711620457,10.314092555911314,6.678285684749268,313,ok
B0048,47,4,1.2052091893871495,1.4989223343608031,first_n_median,80.40504579585813,normal,,0,00485.csv,485,116,4502.938,3.3882925257712984,2.6969697387700067,4.170164354666364,-0.9617018565505489,-1.0010181767758786,0.0019253522309582,8.079939832789865,5.400512363966563,11.367431862943256,5.966919498976694,311,ok
B0048,48,4,1.1955746593628465,1.4989223343608031,first_n_median,79.76228200460329,normal,,1,00487.csv,487,118,4483.094,3.3877256181336417,2.6967087456075824,4.169926901474105,-0.9582791920312705,-1.0003688126988763,0.0029828645995823,8.064765751727984,5.364985230876063,11.06954549641082,5.704560265534757,309,ok
B0048,49,4,1.1888497102149884,1.4989223343608031,first_n_median,79.31362972998589,normal,,1,00489.csv,489,120,4448.36,3.3892443793813447,2.6919470298999477,4.169479557902343,-0.9604573336465301,-1.000126079444024,0.0014238030452447,8.047690080561159,4.837302629347535,10.977331626368253,6.140028997020718,301,ok
B0048,50,4,1.1915605250807406,1.4989223343608031,first_n_median,79.49448065225253,normal,,1,00493.csv,493,124,4440.531,3.379247569665043,2.686563173222129,4.1466990810536295,-0.964049565042912,-1.0021900619093496,0.0029238576437456,8.077528255423264,5.5735629503418185,11.25041370680882,5.676850756467001,305,ok
B0048,51,4,1.1726587153109655,1.4989223343608031,first_n_median,78.23345402422277,normal,,1,00495.csv,495,126,4416.547,3.3916390352444328,2.696173744376241,4.168333177873153,-0.954156405475968,-1.0003664269909844,0.0024173954685969,7.993540199499143,4.946061993175074,10.261913330935936,5.315851337760862,303,ok
B0048,52,4,1.1841133872494156,1.4989223343608031,first_n_median,78.99764785040487,normal,,1,00497.csv,497,128,4382.937,3.3795641863547807,2.687805922420921,4.1690272272079385,-0.9703946548779708,-1.0012571198673526,0.003278621257606,7.973181959906695,4.703986623811653,11.209451387068038,6.505464763256385,300,ok
B0048,53,4,1.1576825122317769,1.4989223343608031,first_n_median,77.23432266592093,normal,,1,00499.csv,499,130,4347.453,3.3905357196785717,2.6954427225266566,4.169215137661718,-0.9568118198331175,-1.0018658991684293,0.0019777963812346,7.915947250994455,4.719507027593361,10.39465598668322,5.67514895908986,297,ok
B0048,55,4,1.259355851168598,1.4989223343608031,first_n_median,84.01741853460571,normal,,0,00505.csv,505,136,4746.5,3.3909861606032004,2.6861121256233056,4.135364610542779,-0.9536560997964092,-1.0023792621826997,0.0012033859895205,7.938268366482139,3.640778332395991,10.71880829888557,7.078029966489579,323,ok
B0048,56,4,1.265883375278026,1.4989223343608031,first_n_median,84.4528996772769,normal,,0,00509.csv,509,140,4679.156,3.3970417211274984,2.6816961536149058,4.1506494675081695,-0.9718532283937391,-1.000168699926821,0.0007467315993929,8.024531067354474,5.280785927020868,11.267543040114028,5.98675711309316,318,ok
B0048,57,4,1.247259867318412,1.4989223343608031,first_n_median,83.21043984245459,normal,,0,00511.csv,511,142,4596.578,3.4053897793262036,2.6935260886313634,4.170594556050919,-0.9745908346175696,-1.0029269600514006,0.0008686434908399,8.026701986317695,5.439127798474958,10.977215485451683,5.538087686976725,312,ok
B0048,58,4,1.232808747256218,1.4989223343608031,first_n_median,82.24633918620833,normal,,0,00513.csv,513,144,4544.641,3.4044637089502996,2.6819098951639786,4.170902199360611,-0.9743182693533817,-1.0009156470599612,0.0012745576170925,8.083086131954136,5.5760957810433815,10.698980931953203,5.122885150909822,308,ok
B0048,59,4,1.2319592783041904,1.4989223343608031,first_n_median,82.1896672071101,normal,,0,00515.csv,515,146,4526.938,3.40066115678775,2.6836569825858465,4.1707733769162845,-0.9773202136961056,-1.0001085078242802,0.0017172085207204,8.282945581406354,5.877656826915311,11.200778779435032,5.32312195251972,306,ok
B0048,60,4,1.220785786262778,1.4989223343608031,first_n_median,81.44423218454257,normal,,0,00517.csv,517,148,4487.438,3.399557901522936,2.686405541586876,4.170606882649154,-0.9769934301900784,-0.9997514170880324,0.0003549387845271,8.296254318972048,5.525503580120772,11.067122162658642,5.541618582537869,303,ok
B0048,61,4,1.2275441303266783,1.4989223343608031,first_n_median,81.89511238753737,normal,,0,00521.csv,521,152,4513.312,3.3869933616946555,2.685608364298082,4.128047138171167,-0.9767440428637847,-1.0014756423920743,0.0008543782112958,8.280354632475289,5.413129453673241,11.217197558663642,5.804068104990401,304,ok
B0048,62,4,1.2386788414290355,1.4989223343608031,first_n_median,82.63796015537088,normal,,0,00525.csv,525,156,4568.438,3.3947531020283486,2.685972991906515,4.150268203613492,-0.9738169504529767,-1.0292876659492052,0.0016107871941853,8.346898191755683,5.989050471195661,11.59325762914515,5.604207157949489,307,ok
B0048,63,4,1.2283577755407058,1.4989223343608031,first_n_median,81.94939440037923,normal,,0,00527.csv,527,158,4499.656,3.3979955411966936,2.689198249643033,4.1705243721131415,-0.9802233649908892,-1.0011525386558742,0.0029197510088672,8.337878264565942,5.977980107459538,11.534047303435644,5.556067195976106,302,ok
B0048,64,4,1.2095481507570451,1.4989223343608031,first_n_median,80.69451785658008,normal,,0,00529.csv,529,160,4430.984,3.399587991995103,2.6983204775942364,4.170294880009359,-0.9801797978590467,-0.9994560675644152,0.0007032833500389,8.259622932500356,5.68627740208186,10.92572543982624,5.2394480377443795,297,ok
B0048,65,4,1.2082142070681048,1.4989223343608031,first_n_median,80.60552434048111,normal,,0,00531.csv,531,162,4411.141,3.395118621843109,2.693240203211685,4.170568686817898,-0.9833769221524863,-1.0001444836054942,0.0001566483540684,8.290496900072908,5.76985883802255,11.346378697595553,5.576519859573002,295,ok
B0048,67,4,1.2998734542832149,1.4989223343608031,first_n_median,86.72053411209794,normal,,0,00537.csv,537,168,4883.312,3.402660754515897,2.6866110987705887,4.152589435404936,-0.9565798060844432,-0.9998506480954517,0.0032773724490906,8.321321846834685,5.83847318455834,11.439171740202124,5.600698555643784,325,ok
B0048,68,4,1.2691220651743778,1.4989223343608031,first_n_median,84.66896756966258,normal,,0,00541.csv,541,172,4663.907,3.409317486730915,2.699083135691788,4.151970239591361,-0.9772401913298513,-1.0004944197478995,0.0021411055906852,8.23807744072398,5.409615967347339,11.147240167890732,5.737624200543394,310,ok
B0048,69,4,1.2555144634690785,1.4989223343608031,first_n_median,83.76114190095628,normal,,0,00543.csv,543,174,4581.328,3.4133709426845633,2.6907134698484554,4.170962379739071,-0.9839943201059,-1.0008604029243209,0.0013498014629071,8.189029507624946,4.717927692291231,10.831285577855546,6.113357885564315,304,ok
B0048,70,4,1.2519876926897655,1.4989223343608031,first_n_median,83.52585480845877,normal,,0,00545.csv,545,176,4553.031,3.4068009615962724,2.684500860538322,4.171135033653532,-0.9871874196801942,-1.0019448914018847,0.0002887625847544,8.234868029314756,4.908420996146337,11.236293148641268,6.327872152494931,302,ok
B0048,71,4,1.2374982003019996,1.4989223343608031,first_n_median,82.55919415796252,normal,,0,00547.csv,547,178,4486.5,3.4061690632747035,2.687835669252526,4.170873392468351,-0.9901111158822024,-1.0012709000931328,0.0005939644267695,8.238279702155017,5.971467724106513,11.08616967823061,5.114701954124096,297,ok
B0048,72,4,1.2231273969878986,1.4989223343608031,first_n_median,81.60045180122599,normal,,0,00549.csv,549,180,4450.625,3.406745720524415,2.690437364566134,4.170920111392399,-0.9865545525457216,-1.0011831011426036,-7.174117374828844e-05,8.219372551773532,5.438496112688672,10.751912617606896,5.313416504918224,294,ok
B0049,1,4,0.8583727215167135,1.372852133389263,first_n_median,62.52477602213317,normal,,1,04257.csv,4257,0,1713.235,3.053366988981642,1.992540128455469,3.8462292855248927,-1.9911008133050878,-2.020967008916884,-0.000871109149625,13.052857746525287,9.276107406369094,16.380725919820748,7.104618513451653,183,ok
B0049,2,4,1.4209057149417377,1.372852133389263,first_n_median,103.50027365538932,normal,,0,04261.csv,4261,4,3170.984,3.2129415422375103,1.9882559316714203,4.162219408853582,-1.83826156002667,-2.0153014084095795,0.0016948784926854,12.628005551626734,5.641776754662599,20.824132297943244,15.182355543280645,335,ok
B0049,3,4,1.372852133389263,1.372852133389263,first_n_median,100.0,normal,,0,04263.csv,4263,6,3135.344,3.184979657873478,1.999572792895172,4.191097729318615,-1.9024015568068964,-2.014855437456021,0.0004569791270123,12.625179528928726,5.701047125577017,22.127142494646403,16.426095369069387,329,ok
B0049,4,4,1.3643742487429145,1.372852133389263,first_n_median,99.3824619243284,normal,,0,04265.csv,4265,8,3049.781,3.3418301077163903,1.9713959702644483,4.191581344098992,-1.7343383193976387,-2.01601295143096,0.0015804056575776,11.462796138822771,4.621748251721727,17.45530915998414,12.833560908262413,318,ok
B0049,6,4,1.0605357965671216,1.372852133389263,first_n_median,77.25054802143167,normal,,1,04271.csv,4271,14,5428.594,3.4447754613409876,1.9779063196102415,4.176096603328684,-0.8640775471976619,-2.0159486718933524,0.0028795308284142,10.159724053383584,4.389464977318044,20.530529696550808,16.141064719232766,548,ok
B0049,7,4,1.0069932376659496,1.372852133389263,first_n_median,73.35045145611639,normal,,1,04273.csv,4273,16,2646.797,3.2264301040985295,1.999505796022011,4.192152439213644,-1.6316825774505053,-2.0165552728134664,0.0024219966356886,12.747809437833528,5.509098422652694,19.605507267281187,14.096408844628492,269,ok
B0049,8,4,0.9298775334359536,1.372852133389263,first_n_median,67.73326207683381,normal,,1,04275.csv,4275,18,2705.594,3.226587700876868,1.9998676881173485,4.19193811929599,-1.5413805979962574,-2.0160269331983307,0.0038016990639043,12.859387226194555,6.631161942912828,21.578292345131203,14.947130402218374,273,ok
B0049,9,4,0.9232377029483808,1.372852133389263,first_n_median,67.24960980824022,normal,,1,04277.csv,4277,20,2627.828,3.2214892828227866,1.9942412611094629,4.191932999195206,-1.5480032557315486,-2.015682931257663,0.0019806173998031,12.77865014417398,5.752360169193854,21.333411676684342,15.58105150749049,264,ok
B0049,10,4,0.9053279121173716,1.372852133389263,first_n_median,65.9450417199936,normal,,1,04279.csv,4279,22,2981.312,3.3410764354812947,1.9887929829692836,4.190969695803424,-1.2679865452905723,-2.015748607797613,0.0020740371989916,11.60077882051404,5.267530364129424,18.65094643921925,13.383416075089826,297,ok
B0049,11,4,0.8595848360639872,1.372852133389263,first_n_median,62.61306772651951,normal,,1,04283.csv,4283,26,1941.797,3.064645703434,1.99394963168183,4.171684324757671,-1.9918699549524492,-2.016079035961751,-0.0021481465656871,12.462166006182779,6.687214876673814,21.206691637037263,14.51947676036345,193,ok
B0049,12,4,0.8369614294820705,1.372852133389263,first_n_median,60.96515488640435,normal,,1,04285.csv,4285,28,2663.625,3.2359600944959555,1.997025505884536,4.190637849743496,-1.4315359583206417,-2.016783294487201,0.0008712855130487,12.68524460660397,5.475337257448136,21.329570135453707,15.854232878005572,263,ok
B0049,13,4,0.8456824187653132,1.372852133389263,first_n_median,61.60040096070024,normal,,1,04287.csv,4287,30,2862.25,3.306834813693079,1.990570708799589,4.1898267739177975,-1.282717511127997,-2.0153368862843237,0.0028026401539397,12.070917134385256,6.274589960817087,18.615958800969327,12.34136884015224,281,ok
B0049,14,4,0.8071214007577537,1.372852133389263,first_n_median,58.79157566409957,normal,,1,04289.csv,4289,32,1894.485,3.027048731210282,1.9874243707218109,4.190571685709423,-1.99132682330145,-2.0158427443639826,-0.0021976488972561,12.931744232686027,5.501426145497583,22.131760657764843,16.63033451226726,185,ok
B0049,15,4,0.7820744360746734,1.372852133389263,first_n_median,56.96712829107879,normal,,1,04291.csv,4291,34,1799.25,3.0458944536011447,1.989251737206632,4.18826381558764,-1.9900791687971107,-2.015178417335196,-0.0013048173016235,12.53100572898693,4.232622819861061,21.0797561027406,16.84713328287954,176,ok
B0049,16,4,0.7953019444133349,1.372852133389263,first_n_median,57.93063397511816,normal,,1,04295.csv,4295,38,1741.204,3.0556096413337333,1.9868911872895965,4.162762870031206,-1.9889148395636458,-2.015693117280659,-0.0018541180127632,12.33551372934191,6.133487883679988,19.66472404691272,13.531236163232732,169,ok
B0049,18,4,0.7752051154719997,1.372852133389263,first_n_median,56.46675972001389,normal,,1,04299.csv,4299,42,1899.218,2.9848405470772863,1.996058976050717,4.1692630784027385,-1.9909739596230231,-2.017126618248215,-0.0021169047464473,13.187367445445181,4.032381358513863,22.347809168975328,18.315427810461465,182,ok
B0049,19,4,0.7711865903845158,1.372852133389263,first_n_median,56.17404610652639,normal,,1,04301.csv,4301,44,2305.25,3.216101228170252,1.9811242583835047,4.186817701935873,-1.4760043090484107,-2.016129985116996,0.001761731592214,12.73854385905339,6.563001902336632,19.41196098209977,12.848959079763139,221,ok
B0049,20,4,0.7585098914517947,1.372852133389263,first_n_median,55.25066196162033,normal,,1,04303.csv,4303,46,1690.594,3.0487042882213067,1.991234767471124,4.188353148421002,-1.9881249898325228,-2.0162046577360044,-0.0003158661530391,12.43174282130699,6.653715353599918,19.074608803884857,12.42089345028494,161,ok
B0049,21,4,0.7349386490499009,1.372852133389263,first_n_median,53.53370775886132,normal,,1,04307.csv,4307,50,1800.421,2.97408172255637,1.992352748796434,4.161361064351189,-1.9893873144726053,-2.01581049777552,0.0005862349023809,13.382353818734753,6.031905884095365,22.607671167433093,16.575765283337727,171,ok
B0049,22,4,0.7366758033690756,1.372852133389263,first_n_median,53.66024391500845,normal,,1,04309.csv,4309,52,1633.25,3.0444695632884358,1.9960897948919885,4.186507738215053,-1.9869251503871834,-2.0160585309963657,0.0018671631753728,12.300881528020009,5.761176746152184,19.003281636478988,13.242104890326804,154,ok
B0049,23,4,0.7093946599203638,1.372852133389263,first_n_median,51.67305659998706,normal,,1,04311.csv,4311,54,1737.172,2.977231196667954,1.9999963944412724,4.188359485457034,-1.9884870151283096,-2.0163487950701438,-0.0011126003309764,13.146013541941878,5.952592648948693,22.10154579807187,16.14895314912318,163,ok
B0049,24,4,0.7186465009220309,1.372852133389263,first_n_median,52.34697047436961,normal,,1,04313.csv,4313,56,1614.406,3.0221149151314726,1.9911540027307004,4.185414346041184,-1.9864544147288472,-2.0153902683188014,-0.0007286831106421,12.419820365387574,5.005291117104153,19.702963463668752,14.697672346564598,151,ok
B0049,25,4,0.6913885231046639,1.372852133389263,first_n_median,50.36147056841303,normal,,1,04315.csv,4315,58,1708.86,2.9634989615749228,1.9924291348754952,4.187572397568079,-1.9877745412866725,-2.016217383011093,-0.001017198992986,13.214727037699832,6.04278635810774,22.293655276575564,16.250868918467823,159,ok
B0050,1,4,0.8631448527758341,1.5517564797427017,first_n_median,55.62373117455601,normal,,1,04319.csv,4319,0,1713.235,3.058057702902254,2.1766233079901336,3.818275498868238,-1.9678823415208642,-2.0138841954536875,-0.0001301223410096,14.106047002561935,9.20464519659275,17.700710235479104,8.496065038886353,183,ok
B0050,2,4,1.648789607776492,1.5517564797427017,first_n_median,106.253115698275,normal,,0,04323.csv,4323,4,3170.984,3.249035054994234,2.17499719337362,4.158856235580694,-2.000046726807743,-2.014864087482442,0.0005544852277982,12.882473241826203,5.616949769418875,19.05864532227174,13.441695552852865,335,ok
B0050,3,4,1.601636485397804,1.5517564797427017,first_n_median,103.2144222567302,normal,,0,04325.csv,4325,6,3135.344,3.276984379936998,2.1911951483218752,4.183088539012577,-2.0001495312287836,-2.0155624547698805,0.0012972011603773,12.442013542177062,5.652675320864224,20.111233999456417,14.458558678592192,329,ok
B0050,4,4,1.5517564797427017,1.5517564797427017,first_n_median,100.0,normal,,0,04327.csv,4327,8,3049.781,3.2890741542906974,2.1942759978640183,4.1834218050176215,-1.999381685199029,-2.016192178653311,-0.0008381528329988,12.067451252934292,4.872961637252524,20.278735817853075,15.405774180600552,318,ok
B0050,5,4,0.0325584171083419,1.5517564797427017,first_n_median,2.098165371524045,normal,,1,04329.csv,4329,10,4565.859,4.452558225780352,0.3492816607816715,4.535649473663294,-0.029284266758646496,-2.0134497447946256,0.0070248940515891,5.787557091529866,4.128248041576162,6.935918101259972,2.80767005968381,465,ok
B0050,7,4,1.359027658891632,1.5517564797427017,first_n_median,87.57995707657517,normal,,0,04335.csv,4335,16,2646.797,3.2573285012561177,2.1918281570306326,4.180885798287954,-1.9976916428210447,-2.016882367193576,-0.00096620554656,12.391726056611569,5.505267020863149,19.265522316221983,13.760255295358833,269,ok
B0050,8,4,1.3742172692238257,1.5517564797427017,first_n_median,88.55882267375395,normal,,0,04337.csv,4337,18,2705.594,3.2495783074004967,2.1945981119604814,4.184295530413868,-1.9978786539081472,-2.016230384723665,-0.0008078978327771,12.491970904185653,6.4376618061725805,18.66332781758057,12.225666011407988,273,ok
B0050,9,4,1.3528030430821978,1.5517564797427017,first_n_median,87.17882352948237,normal,,0,04339.csv,4339,20,2627.828,3.267575856775779,2.1871747097810523,4.186758460479898,-1.9973459914842018,-2.0165268325750443,-0.0010864412677022,12.223956310303723,5.691397399881454,19.24741197475352,13.556014574872064,264,ok
B0050,10,4,1.3607406193458431,1.5517564797427017,first_n_median,87.69034556063004,normal,,0,04341.csv,4341,22,2981.312,3.1510598793508446,2.1918823058659096,4.185256536983114,-1.9987818593787239,-2.017293825164074,-0.0019052899181587,13.386384235573518,6.282431267421633,22.784422727870645,16.501991460449013,297,ok
B0050,11,4,0.5268786924650971,1.5517564797427017,first_n_median,33.953696945570954,normal,,1,04345.csv,4345,26,1941.797,3.5669768532640593,0.3203299638987588,4.160830604206153,-0.981190437842449,-2.014695797616069,0.0076620884978671,9.39503756076183,6.486912837601938,13.887369323051947,7.400456485450009,193,ok
B0050,12,4,1.4002714246164416,1.5517564797427017,first_n_median,90.23783324872096,normal,,0,04347.csv,4347,28,2663.625,3.252056715450036,2.184263094213456,4.184284380356375,-1.9975116671519328,-2.0203138964301943,-0.0004135413432259,12.718196082251707,5.523037677188137,17.779357290699473,12.256319613511335,263,ok
B0050,13,4,1.4289274755270829,1.5517564797427017,first_n_median,92.0845180400996,normal,,0,04349.csv,4349,30,2862.25,3.0874838435029104,2.1762467490120763,4.184699738172036,-1.9977018363826191,-2.0182354363143165,-2.080941182058583e-05,14.939082954475598,6.154497922963432,22.23552363801744,16.081025715054007,281,ok
B0050,14,4,0.076583541740148,1.5517564797427017,first_n_median,4.935280937434616,normal,,1,04351.csv,4351,32,1894.485,3.527243039562959,2.1381406475642324,3.691318669736286,-0.19770943010321265,-2.0100328722713914,0.0010017792081184,7.209330122235992,5.107502494872204,10.434223507755965,5.326721012883761,185,ok
B0050,15,4,0.5736933387569048,1.5517564797427017,first_n_median,36.97057793836501,normal,,1,04353.csv,4353,34,1799.25,3.2035526569134523,2.1260336204243564,3.795648723658772,-1.2349850771455337,-2.0132843977975976,0.0007884947759117,12.119721382650447,4.427213945189828,18.15521296792552,13.727999022735695,176,ok
B0050,16,4,0.3014742035427856,1.5517564797427017,first_n_median,19.42793263494368,normal,,1,04357.csv,4357,38,1741.204,3.4168857432287325,2.186548090086204,3.757656239642927,-0.6917680676449822,-2.0132816182317166,-8.12706965232208e-05,9.057556338502183,5.371475858985706,14.027851994614435,8.65637613562873,169,ok
B0050,18,4,0.1795654263232146,1.5517564797427017,first_n_median,11.571752956558528,normal,,1,04361.csv,4361,42,1899.218,3.290574483611846,0.1970552492968445,4.171560623651518,-0.34492441297103527,-2.014103231474595,0.00940416994131,7.204792493597744,4.322848390943331,9.918067818733402,5.595219427790071,182,ok
B0050,19,4,1.179168781562907,1.5517564797427017,first_n_median,75.98929322714515,normal,,1,04363.csv,4363,44,2305.25,3.210764993027875,0.1927377074618698,4.062962069472706,-1.9854902626239654,-2.017632920268886,0.0037686521621014,12.058448732368104,6.381610401948285,19.262784970646152,12.881174568697867,221,ok
B0050,20,4,0.0961913170505672,1.5517564797427017,first_n_median,6.198866787816912,normal,,1,04365.csv,4365,46,1690.594,3.520738945664213,2.1295104990476927,3.705386395014377,-0.28958023501338087,-2.0114062797913776,0.0007872900400683,7.604057088612014,4.6612470313829695,10.698614481562748,6.0373674501797785,161,ok
B0050,21,4,0.2780851770910449,1.5517564797427017,first_n_median,17.920671234261867,normal,,1,04369.csv,4369,50,1800.421,3.3510986530307876,2.199179035422044,3.763545734911403,-0.7305332698154489,-2.012015024168927,0.0009899673190403,10.185710952125977,5.941784298170032,15.425941131175092,9.48415683300506,171,ok
B0051,1,4,0.6434735598158292,1.2288940261191657,first_n_median,52.36200568473035,normal,,1,04443.csv,4443,0,1713.235,3.1549295868000704,2.469359676853076,3.8000325140227753,-1.4446529772433485,-1.9904601456447133,0.0013116512309689,13.521306814955082,9.111380110221903,17.933039751399626,8.821659641177723,183,ok
B0051,2,4,1.293180461998278,1.2288940261191657,first_n_median,105.23124325716908,normal,,0,04447.csv,4447,4,3170.984,3.3515013948204975,2.494398109831089,4.166332642660912,-1.542691727192151,-1.99003056135952,0.0031720907397802,12.329416092737752,5.559342704925847,17.97953483271074,12.420192127784894,335,ok
B0051,3,4,1.2288940261191657,1.2288940261191657,first_n_median,100.0,normal,,0,04449.csv,4449,6,3135.344,3.4103353813308237,2.493737690186406,4.197817181186768,-1.4746378269373634,-1.9907652212254523,0.0018351090044872,11.786163300295161,5.537156809077428,16.976273689395825,11.439116880318398,329,ok
B0051,4,4,1.2039031789717949,1.2288940261191657,first_n_median,97.9663952614131,normal,,0,04451.csv,4451,8,3049.781,3.399036037954353,2.484825203522635,4.201090648817504,-1.5006800020025486,-1.990224766082128,0.0011545811125547,11.79177216318508,4.373525140056248,18.15291521418941,13.779390074133161,318,ok
B0051,6,4,1.0092808819126011,1.2288940261191657,first_n_median,82.12920402094389,normal,,0,04457.csv,4457,14,5428.594,3.5507869816186806,2.4989144012367213,4.183564695802171,-0.7374819898351749,-1.990655656298888,0.0022228249442601,9.407360590589006,4.186097078007529,19.42896460124537,15.242867523237841,548,ok
B0051,7,4,0.9565659895125322,1.2288940261191657,first_n_median,77.83958333114838,normal,,1,04459.csv,4459,16,2646.797,3.3747303939191564,2.4909800416005967,4.201222601303239,-1.4120917458916038,-1.9928667511122289,0.0010371434859419,12.00427347710193,5.426447209679076,18.9541455757646,13.527698366085524,269,ok
B0051,8,4,0.901956291365404,1.2288940261191657,first_n_median,73.39577475315528,normal,,1,04461.csv,4461,18,2705.594,3.4288897043375743,2.494677278512384,4.202406487867388,-1.2823219733883886,-1.9902384975692375,0.0006812868774389,11.420322251577586,6.059036363902386,17.468709072861763,11.409672708959377,273,ok
B0051,9,4,0.8897906666138162,1.2288940261191657,first_n_median,72.40580942717784,normal,,1,04463.csv,4463,20,2627.828,3.391239374171384,2.4990630530936326,4.204413406598424,-1.3407891208749412,-1.990706372919536,0.0010369244546384,11.80356781146328,5.591121385175445,19.153660408464766,13.562539023289322,264,ok
B0051,10,4,0.8830717036634559,1.2288940261191657,first_n_median,71.85906065897211,normal,,1,04465.csv,4465,22,2981.312,3.458540277576628,2.49110131411956,4.203308441652878,-1.1389566244625628,-1.990986162648124,0.0013412610800227,10.939133221658826,4.940486515770837,16.52477794467856,11.584291428907726,297,ok
B0051,11,4,0.8431270354481757,1.2288940261191657,first_n_median,68.60860395837076,normal,,1,04469.csv,4469,26,1941.797,3.331880238029603,2.487899627353052,4.187936112831865,-1.6577316261962292,-1.9921565534257668,0.0022593304792197,11.883224057630693,6.288909422298661,17.11375752268931,10.824848100390646,193,ok
B0051,12,4,0.826559103449663,1.2288940261191657,first_n_median,67.260405363018,normal,,1,04471.csv,4471,28,2663.625,3.4455112582421257,2.4928843010694406,4.204131585576503,-1.2024628091563312,-1.9907118191391828,0.0011385679482569,11.104558398908889,5.099449929132662,17.63739523383682,12.537945304704158,263,ok
B0051,13,4,0.8352681546837963,1.2288940261191657,first_n_median,67.96909553882074,normal,,1,04473.csv,4473,30,2862.25,3.4313160640623783,2.4993609910440835,4.20261624712583,-1.168347837338951,-1.99014628502916,0.0006626894133903,11.406827135294929,6.015605534281872,18.52236923892433,12.50676370464246,281,ok
B0051,14,4,0.8025719464987874,1.2288940261191657,first_n_median,65.30847489211914,normal,,1,04475.csv,4475,32,1894.485,3.3091927488307733,2.498094046924129,4.204441713018145,-1.665118160522683,-1.9918526087146264,0.002239088154357,12.198436592525173,5.385185542414158,18.39923327528304,13.014047732868884,185,ok
B0051,15,4,0.7839218784699513,1.2288940261191657,first_n_median,63.7908445975255,normal,,1,04477.csv,4477,34,1799.25,3.321646649287508,2.495501924298458,4.205629455017258,-1.6832381832629877,-1.9915285938625495,0.0022906662061056,11.825318185585296,4.0024683515999895,17.275372082939334,13.272903731339344,176,ok
B0051,16,4,0.7910763493036002,1.2288940261191657,first_n_median,64.37303237625875,normal,,1,04481.csv,4481,38,1741.204,3.2949705809839465,2.490477437469913,4.18869211223692,-1.7405566859787576,-1.990859718937767,0.0006567456152538,11.835979280716879,5.697805223790791,16.60444518809659,10.9066399643058,169,ok
B0051,18,4,0.7654538269480236,1.2288940261191657,first_n_median,62.28802571083519,normal,,1,04485.csv,4485,42,1899.218,3.3300145239416707,2.491598912047876,4.1821997161959255,-1.5726949110278066,-1.994157229105373,0.0026026422672707,12.009985166510232,3.957976104923049,17.682518901037938,13.72454279611489,182,ok
B0051,19,4,0.773177347633947,1.2288940261191657,first_n_median,62.916519341837216,normal,,1,04487.csv,4487,44,2305.25,3.391911995963896,2.4869071541416994,4.194584498935661,-1.314248973317158,-1.9911277842699449,0.0002846629432911,11.689546036688197,6.220888547997254,16.94512387438401,10.724235326386754,221,ok
B0051,20,4,0.7605293776416485,1.2288940261191657,first_n_median,61.88730366306623,normal,,1,04489.csv,4489,46,1690.594,3.267971796503206,2.499952602276462,4.197406401996851,-1.7652832229320168,-1.990804461946515,0.0009007613061717,11.987366110206718,6.260405354471425,17.545176388637014,11.284771034165589,161,ok
B0051,21,4,0.7376430319247004,1.2288940261191657,first_n_median,60.02495058537873,normal,,1,04493.csv,4493,50,1800.421,3.2933938275360117,2.4997210982004625,4.189508964301152,-1.639295567416511,-1.990688448137932,0.0008332610521895,12.368454802055908,5.826687243750715,18.870237090882178,13.043549847131462,171,ok
B0051,22,4,0.739179500257907,1.2288940261191657,first_n_median,60.1499791314169,normal,,1,04495.csv,4495,52,1633.25,3.271485849685164,2.491516785323916,4.19596724295681,-1.755416228780336,-1.9935500054668205,0.000738898325468,11.81014948809308,5.279036135378427,16.8501327260127,11.571096590634273,154,ok
B0051,23,4,0.7014575429842594,1.2288940261191657,first_n_median,57.08039327031762,normal,,1,04497.csv,4497,54,1737.172,3.30778530525047,2.496222014851971,4.190531975284901,-1.6005657555126516,-1.993456926596487,-0.002102449039809,12.09457421285805,5.705707902684859,18.12397455517185,12.41826665248699,163,ok
B0051,24,4,0.7047349480541781,1.2288940261191657,first_n_median,57.34708877052024,normal,,1,04499.csv,4499,56,1614.406,3.2841455177779646,2.488325882818304,4.178476681914968,-1.688137636758635,-1.9932734131292416,-0.0028049556572372,11.79702749942571,4.62220261072529,16.26047891418261,11.638276303457321,151,ok
B0051,25,4,0.677848893570423,1.2288940261191657,first_n_median,55.15926346481337,normal,,1,04501.csv,4501,58,1708.86,3.3119152698386265,2.495715251425015,4.1919700049548565,-1.5784322210682304,-1.9937534992241324,-0.0016923945684621,12.079392114792578,5.747210329435954,18.15350870977148,12.406298380335524,159,ok
B0052,1,4,0.8606591508342232,1.361138519065983,first_n_median,63.23082763279741,normal,,1,04381.csv,4381,0,1713.235,3.134533959399899,2.691234036028442,3.83956882325682,-1.8085460674911937,-1.9979778414937188,0.0038808628094001,13.147685384792432,9.06962408861446,16.429874854641657,7.360250766027196,183,ok
B0052,2,4,1.4183095114360322,1.361138519065983,first_n_median,104.20023322896483,normal,,0,04385.csv,4385,4,3170.984,3.3543285492513166,2.694829986819334,4.150553672824585,-1.6188443277128228,-1.9975690832350856,0.0035513340178752,11.746281905613133,5.6048850827966,16.315701424377302,10.710816341580703,335,ok
B0052,3,4,1.3707123028693164,1.361138519065983,first_n_median,100.70336587123424,normal,,0,04387.csv,4387,6,3135.344,3.3958185323324503,2.6969580006046856,4.176524869238658,-1.5816653430049945,-1.99887278060858,0.004463378186989,11.375626826625542,5.598362446781771,15.689005573106092,10.09064312632432,329,ok
B0052,4,4,1.3515647352626494,1.361138519065983,first_n_median,99.29663412876572,normal,,0,04389.csv,4389,8,3049.781,3.3984180977394076,2.697283446718984,4.178983136527925,-1.6050658905122477,-1.9980539993077264,0.0049266922940434,11.242586382966397,4.808830747218545,14.97127576364998,10.162445016431434,318,ok
B0053,1,4,1.06914178861943,1.1305863853936766,first_n_median,94.56524529500228,normal,,0,06672.csv,6672,0,2349.64,3.0828389099409663,1.9808329057464715,4.082016063841389,-1.993560711727946,-2.0157846600725544,-0.0024914557337994,11.988576567861957,5.6480393241342135,19.02185891684059,13.373819592706376,215,ok
B0053,2,4,1.1540727934432229,1.1305863853936766,first_n_median,102.0773651932283,normal,,0,06676.csv,6676,4,2560.688,3.1103286425468237,1.9735558560671436,4.178658528567033,-1.9952648424142538,-2.0158554217685096,0.0006393162265119,12.059863244911188,5.543675124020882,18.304754041202315,12.761078917181433,233,ok
B0053,3,4,1.1501525413826983,1.1305863853936766,first_n_median,101.73062016682684,normal,,0,06678.csv,6678,6,2522.375,3.1104628288221936,1.9558143264177168,4.192255020207044,-1.9952720113784062,-2.015745008559969,2.0450141392531515e-05,11.967885395858058,6.154198814950669,19.33942752368694,13.185228708736272,229,ok
B0053,4,4,1.1305863853936766,1.1305863853936766,first_n_median,100.0,normal,,0,06680.csv,6680,8,2488.719,3.115027942360279,1.99748310559266,4.192588912486402,-1.9947394897780593,-2.0158186517663363,-0.0002898797024177,11.985900972885712,5.896215310159421,18.729143210051177,12.832927899891757,225,ok
B0053,5,4,1.121790272357562,1.1305863853936766,first_n_median,99.22198664783568,normal,,0,06682.csv,6682,10,2474.844,3.109376043532363,1.974695202836088,4.192849949462827,-1.994716528121975,-2.0154879896693143,-0.0010990640357604,12.004376962205335,5.959010081605195,18.709411575172343,12.750401493567148,223,ok
B0053,6,4,1.1135982401443856,1.1305863853936766,first_n_median,98.49740404901696,normal,,0,06684.csv,6684,12,2473.875,3.1067532264566258,1.9637397944562875,4.193081087954604,-1.994462268339957,-2.01514791138818,-0.0001586110429059,12.133888437168595,5.846660329659284,18.63570596513145,12.789045635472167,222,ok
B0053,7,4,1.0864654057095062,1.1305863853936766,first_n_median,96.09751362176476,normal,,0,06688.csv,6688,16,2495.5,3.083406677687234,1.944364958852849,4.179165887700054,-1.9944377413009737,-2.0165720599153336,-0.0010307934301536,12.32708937826574,4.908867265489057,21.292305794774187,16.38343852928513,223,ok
B0053,8,4,1.0647493568993147,1.1305863853936766,first_n_median,94.17673613047825,normal,,0,06690.csv,6690,18,2481.078,3.080580001769896,1.9470490842081751,4.191975122366585,-1.9945357941517972,-2.0161080991224587,-0.0009173979841988,12.164497494980397,4.163834525552001,21.01159959420005,16.847765068648048,221,ok
B0053,9,4,1.0809288094959644,1.1305863853936766,first_n_median,95.60780347797828,normal,,0,06692.csv,6692,20,2460.125,3.0828198149689934,1.9602813323957715,4.191963518196991,-1.9942887474626396,-2.0159395612536084,0.0007767461392423,12.128732336863894,6.560250515665322,20.939938897683515,14.379688382018193,218,ok
B0053,10,4,1.0852752041846463,1.1305863853936766,first_n_median,95.99224068196676,normal,,0,06694.csv,6694,22,2440.547,3.095128536447283,1.9605995541160255,4.192155796080977,-1.99423279352749,-2.015751416688318,-0.0014786883453424,12.245191547318633,5.925238378002409,19.28383683899809,13.358598460995683,216,ok
B0053,11,4,1.0504799933740894,1.1305863853936766,first_n_median,92.9146155433586,normal,,0,06696.csv,6696,24,2449.922,3.078011917190656,1.9595048550370973,4.192319942921637,-1.9941297761315324,-2.0145490297544875,0.0004769357655561,12.190916714981144,4.216243718800515,21.101391697483887,16.88514797868337,216,ok
B0053,12,4,1.0853550177054303,1.1305863853936766,first_n_median,95.99930016205737,normal,,0,06700.csv,6700,28,2408.781,3.0992512260717127,1.984585820237712,4.178294459840927,-1.993681474074749,-2.0175406007257117,-0.0013334970754673,12.163073942837917,6.132961419005288,18.64340722345076,12.510445804445474,212,ok
B0053,13,4,1.0508395690790722,1.1305863853936766,first_n_median,92.9464198981278,normal,,0,06702.csv,6702,30,2442.547,3.0759964813859115,1.944670916271544,4.192753069603226,-1.994006147873811,-2.0152928005596524,-0.0009249428037251,12.292542702117027,4.384930600130763,21.313677971413888,16.928747371283126,214,ok
B0053,14,4,1.060906788333118,1.1305863853936766,first_n_median,93.8368621840165,normal,,0,06704.csv,6704,32,2420.671,3.076814828498021,1.9692766515934297,4.192029518756707,-1.9936703356758645,-2.016114129246863,0.0011360498138273,12.129527968970198,6.632750483611317,20.92811979857166,14.295369314960343,211,ok
B0053,15,4,1.070582461063814,1.1305863853936766,first_n_median,94.6926723065952,normal,,0,06706.csv,6706,34,2409.906,3.0908348956433267,1.991566826677512,4.192422731350341,-1.993640914837378,-2.0152155871167707,-0.0009644415013623,12.364595355360214,5.945060994833763,19.930786955410536,13.985725960576772,210,ok
B0053,16,4,1.024036665663697,1.1305863853936766,first_n_median,90.57571176280544,normal,,0,06708.csv,6708,36,2416.672,3.0705536079059534,1.9588680902433293,4.192159667005352,-1.9937041845656749,-2.0158432646768185,-0.0010442208821026,12.128324396717016,4.996866437841353,21.0220574646762,16.025191026834847,209,ok
B0053,17,4,1.0670957253433857,1.1305863853936766,first_n_median,94.38427166021611,normal,,0,06712.csv,6712,40,2395.75,3.087460321440554,1.9836880271317603,4.177933640317498,-1.9931353663259233,-2.015297860734077,-0.0009203110711447,12.302129277138697,6.030995537951039,19.091622529647232,13.060626991696193,207,ok
B0053,18,4,1.0279237850447498,1.1305863853936766,first_n_median,90.9195262144273,normal,,0,06714.csv,6714,42,2410.688,3.0715434654202056,1.968810244689163,4.192397472111982,-1.9931266937645042,-2.015387641467015,0.0004730600690917,12.366585260617875,4.410907685703091,21.30570494347084,16.89479725776775,208,ok
B0053,19,4,1.0325426399701008,1.1305863853936766,first_n_median,91.3280624381978,normal,,0,06716.csv,6716,44,2402.125,3.0648787393041275,1.940239319338743,4.191651190035001,-1.9933351618651365,-2.017433515230241,-0.0022575515022887,12.13341884254367,6.183556319848309,21.06885524244432,14.885298922596013,206,ok
B0053,20,4,1.055948784653705,1.1305863853936766,first_n_median,93.39832836267684,normal,,0,06718.csv,6718,46,2355.265,3.0920593287919123,1.9763616179319543,4.191822005194803,-1.992634824405149,-2.016831246534153,-0.0003775870843525,12.146814956196247,6.218257931736524,19.0403826843671,12.822124752630575,202,ok
B0053,21,4,1.0445313831308718,1.1305863853936766,first_n_median,92.38846289194966,normal,,0,06720.csv,6720,48,2396.719,3.0752264215555254,1.958878972318411,4.192766032434195,-1.9928701313578603,-2.0149856192697904,0.0013789590238786,12.493460218119653,5.631538993521259,21.22988294194384,15.59834394842258,205,ok
B0053,22,4,1.035313906812183,1.1305863853936766,first_n_median,91.57318009376884,normal,,0,06724.csv,6724,52,2442.344,3.063652287832334,1.9866817453254884,4.151701089360854,-1.9928226279037262,-2.0155113891751384,-0.000372793138604,12.212439916474112,4.834059703350848,20.949809700571592,16.115749997220746,208,ok
B0053,23,4,1.076341053101982,1.1305863853936766,first_n_median,95.20201790924573,normal,,0,06728.csv,6728,56,2444.703,3.081738329329653,1.960538225019884,4.177926260298856,-1.992894098916617,-2.0152683941461595,-0.0007667134481947,12.533800131697806,5.816404832755973,20.122996890408825,14.306592057652852,208,ok
B0053,24,4,1.0352223140423542,1.1305863853936766,first_n_median,91.56507874291128,normal,,0,06730.csv,6730,58,2412.25,3.0712653565298207,1.9904175883780109,4.19142646613203,-1.992442672698046,-2.0162575030692795,-0.0004304055028616,12.15752125414067,5.994937390316825,20.906313087706064,14.91137569738924,200,ok
B0053,25,4,1.0514287056908256,1.1305863853936766,first_n_median,92.9985288408291,normal,,0,06732.csv,6732,60,2403.234,3.0775076513338275,1.9817745728975944,4.191965715839513,-1.9925886065719591,-2.017437032117796,0.0004057176879188,12.500489505201012,5.843094607514775,21.20076254299653,15.357667935481754,203,ok
B0053,26,4,1.060332934638968,1.1305863853936766,first_n_median,93.78610501043264,normal,,0,06734.csv,6734,62,2361.047,3.081721091323029,1.9986378497920827,4.19127356264746,-1.9921660756338,-2.014921575124692,-0.0005409954422397,12.129752391274424,6.534507460429901,20.01669492389786,13.482187463467959,199,ok
B0053,27,4,1.0236966462748538,1.1305863853936766,first_n_median,90.54563715787155,normal,,0,06736.csv,6736,64,2392.468,3.065618110074437,1.9475532037509715,4.192474641560636,-1.992579022263777,-2.0155065877750697,-0.0001431873562248,12.4375808996521,5.292102618551012,21.30088854975241,16.0087859312014,201,ok
B0053,28,4,1.0465884668750889,1.1305863853936766,first_n_median,92.57041128358014,normal,,0,06740.csv,6740,68,2373.89,3.078450046499129,1.9971786671898824,4.17716731983324,-1.9922556312887356,-2.0152751887801044,-0.0010996594085787,12.499986997045514,6.062594917966209,19.859103950325803,13.796509032359594,199,ok
B0053,29,4,1.0031121684812232,1.1305863853936766,first_n_median,88.72494675689322,normal,,0,06742.csv,6742,70,2383.234,3.0625561806089783,1.954304860794578,4.191922035679278,-1.9924849523302153,-2.0172461252654528,0.0011518379007899,12.407329307373491,4.155331079532283,21.371062787995548,17.215731708463267,199,ok
B0053,30,4,1.0461578935615607,1.1305863853936766,first_n_median,92.53232721330556,normal,,0,06744.csv,6744,72,2342.453,3.070668465167841,1.972812167862101,4.1914917424018325,-1.991918687181604,-2.0162327917586262,-0.0008815153454927,12.12683073125857,6.613111096765472,20.121473725568496,13.508362628803024,195,ok
B0053,31,4,1.0156263513525603,1.1305863853936766,first_n_median,89.83182218304472,normal,,0,06746.csv,6746,74,2359.296,3.0689252222547845,1.9932654775438805,4.192505197154108,-1.9920764243229472,-2.015275118915808,0.0006252834043416,12.488226976946088,5.384038595466962,21.375504791399432,15.991466195932471,196,ok
B0053,32,4,1.0250054893129452,1.1305863853936766,first_n_median,90.66140390112982,normal,,0,06748.csv,6748,76,2345.453,3.059463155886766,1.9677305370734943,4.191388693209469,-1.9916033205160302,-2.0163318275424214,0.0002033850866796,12.141455926320956,6.733785656878497,20.75519907919811,14.021413422319615,194,ok
B0053,33,4,0.9801331625592912,1.1305863853936766,first_n_median,86.69246111768835,normal,,0,06752.csv,6752,80,2360.172,3.0515604930870808,1.9646771872417268,4.176817913788527,-1.9918811626801765,-2.015461100618231,0.0012327070269828,12.395143910298117,3.8100701431339856,21.495108529574846,17.685038386440862,195,ok
B0053,34,4,1.036777776420363,1.1305863853936766,first_n_median,91.7026588869944,normal,,0,06754.csv,6754,82,2315.407,3.077258112412092,1.9842967959422224,4.191203897341503,-1.991620909948196,-2.015619248928888,-0.000232972154091,12.19451958922961,6.571237691712169,19.650976156235696,13.079738464523526,191,ok
B0053,35,4,1.026830062058722,1.1305863853936766,first_n_median,90.82278677017447,normal,,0,06756.csv,6756,84,2322.156,3.0764274410465147,1.9519786488395736,4.191950279497998,-1.991691964766,-2.0158297917061314,-0.0004911582308015,12.32467046038635,6.1462236331107984,18.85601423191303,12.70979059880223,191,ok
B0053,36,4,1.0150379662805102,1.1305863853936766,first_n_median,89.77977971378705,normal,,0,06758.csv,6758,86,2327.1570000000065,3.0735171627901745,1.9991200294367053,4.191989330112193,-1.9916164333598747,-2.016194986579563,0.0005143921546676,12.456556362135045,5.991686497438792,19.66943680638515,13.677750308946358,191,ok
B0053,37,4,0.9904614739486176,1.1305863853936766,first_n_median,87.60599691846929,normal,,0,06760.csv,6760,88,2335.0,3.0586262243104274,1.9919158008530224,4.192193889063254,-1.9915769869135742,-2.016217922284512,-0.0008923751552711,12.493233578273262,5.005649306807032,21.138845685984403,16.13319637917737,191,ok
B0053,38,4,1.0145765174582757,1.1305863853936766,first_n_median,89.7389647147568,normal,,0,06764.csv,6764,92,2329.375,3.0655406838342585,1.94559141180858,4.176984220978375,-1.9913283590219126,-2.015859431138657,0.0002985192303386,12.497083720348076,6.107617724558953,19.288047919779903,13.18043019522095,190,ok
B0053,39,4,0.9811308944080388,1.1305863853936766,first_n_median,86.78071017690554,normal,,0,06766.csv,6766,94,2333.875,3.0545790418645686,1.974560984027517,4.191893131054369,-1.991453914785753,-2.019579743107578,-0.0010481129479596,12.499664099435382,4.640287420859574,21.3268013324968,16.686513911637228,190,ok
B0053,40,4,1.0041687429386437,1.1305863853936766,first_n_median,88.8184004258097,normal,,0,06768.csv,6768,96,2317.453,3.050692756091621,1.945088917895143,4.191053526742021,-1.991333341091594,-2.016238639458721,-0.000143612777545,12.233147481743185,6.703945330872971,20.84260661100648,14.13866128013351,188,ok
B0053,41,4,1.007820487960787,1.1305863853936766,first_n_median,89.14139609153867,normal,,0,06770.csv,6770,98,2295.109,3.0706836502741286,1.9541644750198832,4.191344296215671,-1.9909759973896202,-2.0172163751638545,0.0034891455382591,12.380002749755878,6.278938371508271,18.56010936417985,12.28117099267158,186,ok
B0053,42,4,0.982454133084564,1.1305863853936766,first_n_median,86.89775020972571,normal,,0,06772.csv,6772,100,2326.657,3.051595420919736,1.935548354335742,4.1920711169862885,-1.9908720980814456,-2.016287937204292,-0.0004130883441005,12.616251645969692,5.426196267928294,21.59240098021019,16.166204712281896,184,ok
B0053,43,4,1.1096775355538029,1.1305863853936766,first_n_median,98.15061899647826,normal,,0,06776.csv,6776,104,2479.297,3.072187965091245,1.981406351768184,4.132408076306833,-1.9918802848881905,-2.0155258990014104,-0.0003234771223779,12.829588969895449,5.4465816574183386,20.679962323191948,15.233380665773609,200,ok
B0053,44,4,1.1136801589914762,1.1305863853936766,first_n_median,98.5046497445382,normal,,0,06780.csv,6780,108,2463.578,3.094404341842919,1.9931418060709156,4.175775307137671,-1.9920173318720953,-2.015457752881536,0.00047400875962,12.58985421750493,6.1046272872518585,18.9874805225948,12.882853235342942,198,ok
B0053,45,4,1.0385009100572404,1.1305863853936766,first_n_median,91.85506949967636,normal,,0,06782.csv,6782,110,2458.812,3.070776135685358,1.947894370100842,4.19084164853627,-1.9921854505345817,-2.0161593144943324,0.0007358271196004,12.499581621225966,5.236010150862445,21.621996984314368,16.385986833451923,197,ok
B0053,46,4,1.0768815902180078,1.1305863853936766,first_n_median,95.24982824227372,normal,,0,06784.csv,6784,112,2400.672,3.093317588803282,1.9856387948209864,4.19061444729718,-1.9915614937804331,-2.0159544884457428,-0.000166373267636,12.55044884575378,6.159663782524879,18.973652680872625,12.813988898347747,192,ok
B0053,47,4,1.0721705505837382,1.1305863853936766,first_n_median,94.83313831082464,normal,,0,06786.csv,6786,114,2396.407,3.0749380759068083,1.949232767477218,4.191036582578031,-1.9913636586660957,-2.015999719716144,-0.0011993209666156,12.432369953422185,6.664645815607591,20.978900321002104,14.314254505394512,191,ok
B0053,48,4,1.0124588999851116,1.1305863853936766,first_n_median,89.55166213438592,normal,,0,06788.csv,6788,116,2392.375,3.0677280268889113,1.971670057823583,4.190677216614621,-1.9913026171829147,-2.016625929850398,-0.0011465796503559,12.51661002939304,4.819866959645669,21.79016577987201,16.97029882022634,190,ok
B0053,49,4,1.0279944857549583,1.1305863853936766,first_n_median,90.92577966937084,normal,,0,06792.csv,6792,120,2373.687,3.0638438118587557,1.9947630114629613,4.174970264553197,-1.990880837032101,-2.015107043691624,0.0001656697838019,12.386978430486096,5.579247052636922,21.259687238039497,15.680440185402574,188,ok
B0053,50,4,1.0304147279049998,1.1305863853936766,first_n_median,91.1398493045008,normal,,0,06794.csv,6794,122,2385.922,3.069633671738992,1.93495405419616,4.191223425605613,-1.99127383323294,-2.01589697281402,-0.0002129207747509,12.86442209459833,5.440421040819881,22.11367611975276,16.67325507893288,189,ok
B0053,51,4,1.0556163273995052,1.1305863853936766,first_n_median,93.36892262610552,normal,,0,06796.csv,6796,124,2345.0,3.0774703956362286,1.9626921591466933,4.1907916530158085,-1.9908555652032598,-2.015193789051477,-0.0019060860682032,12.452887134609785,6.572423757587878,20.51266351352416,13.940239755936283,185,ok
B0053,52,4,1.0011115418162628,1.1305863853936766,first_n_median,88.54799197565696,normal,,0,06798.csv,6798,126,2363.047000000006,3.065650898720959,1.965011869626919,4.191391388470691,-1.9910466332112344,-2.015263550837058,-0.0001999016038291,12.717167506079072,4.487249730728364,21.838243278861643,17.350993548133278,186,ok
B0053,53,4,1.0466839215498662,1.1305863853936766,first_n_median,92.57885421868096,normal,,0,06800.csv,6800,128,2316.687,3.087680483774557,1.998288646492444,4.1908069648629,-1.9904913026405957,-2.0167120885262446,5.900360699598403e-05,12.479976931874727,6.396599642741529,19.19841243068418,12.801812787942652,182,ok
B0053,54,4,1.047181656018543,1.1305863853936766,first_n_median,92.6228786713992,normal,,0,06804.csv,6804,132,2322.0,3.080080108538352,1.987337089818558,4.176075101120923,-1.9901940926688606,-2.015138320039454,-0.0001893862638354,12.53086381740867,6.475850983046928,19.94793881732045,13.47208783427352,181,ok
B0053,55,4,1.0102740078425778,1.1305863853936766,first_n_median,89.35840913127524,normal,,0,06806.csv,6806,134,2357.687,3.0638130274525714,1.9333820178355812,4.1919833117809935,-1.9906079852392542,-2.017603787583275,-0.0006837028578907,12.900294389057347,5.219841286029437,22.11167709201849,16.891835805989054,184,ok
B0054,1,4,0.7399351039859233,1.0960302257185877,first_n_median,67.5104651882024,normal,,1,06809.csv,6809,0,2660.313,3.224017445984581,2.1808531235872497,3.849482783980402,-1.1710330967045812,-2.014141944601924,0.0016573031097997,12.46348139823978,6.150630538748289,19.2224107892251,13.071780250476813,280,ok
B0054,2,4,1.1665440238116096,1.0960302257185877,first_n_median,106.43356327575648,normal,,0,06813.csv,6813,4,2826.0,3.250620648698839,2.1857283549042807,4.150169673638684,-1.6489958041029575,-2.01461726969032,0.0013584955382444,13.22908734445715,5.108163550070373,19.13350840101625,14.025344850945878,299,ok
B0054,3,4,1.1052521456138635,1.0960302257185877,first_n_median,100.84139284473017,normal,,0,06815.csv,6815,6,2818.578,3.3125509639490387,2.191704472328808,4.18097797086454,-1.5571513787964162,-2.0143625410829222,0.0002387365647997,12.767949622305693,6.216746939670361,19.246439328077983,13.029692388407621,296,ok
B0054,4,4,1.0960302257185877,1.0960302257185877,first_n_median,100.0,normal,,0,06817.csv,6817,8,2713.812,3.014547209987882,2.194436684364802,4.183817862511293,-1.997470366256859,-2.0147009133139475,-0.0009827143677666,14.48548355867213,5.191019676552512,25.274344894624623,20.083325218072112,284,ok
B0054,5,4,1.0754450685609742,1.0960302257185877,first_n_median,98.12184402632536,normal,,0,06819.csv,6819,10,2786.578,3.362083204238267,2.1744802077788186,4.179551945393369,-1.4975619564128648,-2.0151107748835604,0.0007464054229605,12.21069483610014,6.0970206115609225,17.912726519981458,11.815705908420536,289,ok
B0054,6,4,1.0655493528023796,1.0960302257185877,first_n_median,97.21897515223873,normal,,0,06821.csv,6821,12,2667.89,3.01935322902276,2.1991956579298835,4.186221002348923,-1.9970237894724439,-2.0153415190841444,-0.0016264277226859,14.382852820878863,5.390283064555845,25.399130245059563,20.008847180503718,276,ok
B0054,7,4,1.0568368579972396,1.0960302257185877,first_n_median,96.42406141713366,normal,,0,06825.csv,6825,16,2530.172,3.2949076790535123,2.195382286735059,4.162967318861197,-1.6640786232847222,-2.0145865502939007,0.0020975301953515,12.646539321462496,4.660863557714339,19.95849572800336,15.29763217028902,260,ok
B0054,8,4,1.0449064445364842,1.0960302257185877,first_n_median,95.3355500621723,normal,,0,06827.csv,6827,18,2446.062,3.099558518903638,2.186961493066742,4.186119302404479,-1.9715817292939632,-2.0144164466227608,0.0009125387621697,13.501798463127008,5.262700511098681,22.3455512044548,17.082850693356118,251,ok
B0054,9,4,1.0458363976936966,1.0960302257185877,first_n_median,95.4203974628544,normal,,0,06829.csv,6829,20,2713.25,3.344320754921095,2.1792899341144296,4.183685207894235,-1.5296202376253885,-2.014507087829109,0.0003949234865627,12.310686417130766,5.527548494059786,18.346440665576743,12.818892171516957,275,ok
B0054,10,4,1.018187920878015,1.0960302257185877,first_n_median,92.89779578938736,normal,,0,06831.csv,6831,22,2676.578,3.3393968492515325,2.1960491387884744,4.186682919177322,-1.5281296055710467,-2.015019913901801,0.0016014352924118,12.449589157423155,6.059669560082017,19.776786565302107,13.71711700522009,270,ok
B0054,11,4,1.0226409233672231,1.0960302257185877,first_n_median,93.3040804323395,normal,,0,06833.csv,6833,24,2394.734,3.1066787302612444,2.1942476804372792,4.187137846103755,-1.9701082949463855,-2.014966759457277,-0.0016221042848951,13.39260571620204,5.452031534117803,22.520284175103843,17.06825264098604,242,ok
B0054,12,4,1.03890961861509,1.0960302257185877,first_n_median,94.78840950156754,normal,,0,06837.csv,6837,28,2673.0,3.3713317734388912,2.1907481286563577,4.170757473231068,-1.5000378935218985,-2.014728010762573,0.0006027268621741,12.045245019281868,5.969757341249526,17.54568061289479,11.575923271645266,267,ok
B0054,13,4,1.0173250354350074,1.0960302257185877,first_n_median,92.8190675369396,normal,,0,06839.csv,6839,30,2619.578,3.1171442968796907,2.185877354823723,4.18733783943504,-1.8653555811837863,-2.014368961045537,-0.0002219994334112,14.027143186292392,5.015066312968263,22.730114882559054,17.71504856959079,261,ok
B0054,14,4,1.033183911994548,1.0960302257185877,first_n_median,94.26600542126144,normal,,0,06841.csv,6841,32,2640.016,3.3723181530355464,2.18549830376202,4.183271363053432,-1.5115018139952765,-2.014355748891674,0.0018169291845525,11.986987916312621,6.037899412491442,17.24230903543893,11.204409622947487,261,ok
B0054,15,4,1.0095232119739597,1.0960302257185877,first_n_median,92.1072419615151,normal,,0,06843.csv,6843,34,2621.187,3.3752367769573675,2.169486415611112,4.187176348907268,-1.497824274090196,-2.0146806054764226,0.0027737036013969,11.961246010798936,6.267140578035413,17.67282228813571,11.405681710100296,258,ok
B0054,16,4,0.9862483259626476,1.0960302257185877,first_n_median,89.98367953913278,normal,,0,06845.csv,6845,36,2616.453,3.0680241783485127,2.1991609285274296,4.187497017349983,-1.9179494962272425,-2.0150473398447923,-1.7629063355837714e-05,14.303923037098802,6.396319300611759,24.83365687277193,18.43733757216017,257,ok
B0054,17,4,1.0080048320000436,1.0960302257185877,first_n_median,91.96870746326069,normal,,0,06849.csv,6849,40,2565.109,3.080029423131606,2.16946894247905,4.167864162415893,-1.9314917930639428,-2.014525320811098,-0.0005324313139626,14.014570142346548,4.558886140748058,23.814869897999767,19.25598375725171,251,ok
B0054,18,4,1.0153387761254196,1.0960302257185877,first_n_median,92.6378444955508,normal,,0,06851.csv,6851,42,2532.531,3.0995001166042586,2.189366386338004,4.182759232638332,-1.92048742497431,-2.0146338064826703,-0.0006604754560847,13.82742179742786,5.113078726408071,23.28615802177016,18.173079295362086,242,ok
B0054,19,4,1.0106786853355956,1.0960302257185877,first_n_median,92.21266545573292,normal,,0,06853.csv,6853,44,2556.593,3.135117188240346,2.1938108499397133,4.183401065560466,-1.849612166299431,-2.0145545734774464,0.0013945089029192,13.793181239419976,5.459348970463833,22.857688282463823,17.39833931199999,248,ok
B0054,20,4,1.010409656585336,1.0960302257185877,first_n_median,92.18811971384125,normal,,0,06855.csv,6855,46,2577.891,3.361825569933971,2.195354018162212,4.174098618023754,-1.525824007413269,-2.015071938818325,0.0007660352901161,12.006556818172502,6.016757746012392,17.0744400013979,11.057682255385508,248,ok
B0054,21,4,0.9801433323963482,1.0960302257185877,first_n_median,89.42666994003193,normal,,0,06857.csv,6857,48,2572.36,3.069748420550782,2.1757051329882087,4.187244537540539,-1.9223708469458909,-2.015121108029787,-0.0006062256347945,14.223331420666247,6.042658985360008,25.034160636506623,18.991501651146613,247,ok
B0054,22,4,1.1016641723624383,1.0960302257185877,first_n_median,100.51403205054469,normal,,0,06861.csv,6861,52,2697.75,3.0996476610968013,2.1816843710356264,4.149611746563943,-1.9101165488009806,-2.013901151718406,0.0011408804125617,13.816713741617784,5.709210511913059,23.82931377080337,18.12010325889031,258,ok
B0054,23,4,1.0826512239001271,1.0960302257185877,first_n_median,98.77932181936964,normal,,0,06865.csv,6865,56,2683.406,3.3276361450033405,2.1869057073992466,4.167185143906847,-1.6020144332363573,-2.016096569932816,0.000910841329896,12.297445133045807,5.941327162782235,18.148295901779747,12.206968738997512,255,ok
B0054,24,4,1.0575008387868343,1.0960302257185877,first_n_median,96.484641935263,normal,,0,06867.csv,6867,58,2646.156,3.0908876531781067,2.1798631989492883,4.186239596060815,-1.9236868575194104,-2.01701234819005,-0.0002249646438239,13.917709213674303,5.668984753416842,24.24050410772348,18.571519354306638,251,ok
B0054,25,4,1.0385517331615322,1.0960302257185877,first_n_median,94.75575661981668,normal,,0,06869.csv,6869,60,2593.531,3.1255606087732573,2.1957368370641035,4.183562459488766,-1.8803961080701523,-2.01436163651519,0.0001856418346329,13.738247646589583,5.469812211001457,22.93935470684112,17.46954249583966,245,ok
B0054,26,4,1.0073294901291132,1.0960302257185877,first_n_median,91.9070903787056,normal,,0,06871.csv,6871,62,2604.125,3.0910099520509644,2.197272162359153,4.183469543197807,-1.905113543140002,-2.014438424073582,-0.0007398599616689,14.021036742212438,4.207201525065222,24.77112444800467,20.563922922939447,245,ok
B0054,27,4,1.0160400308540347,1.0960302257185877,first_n_median,92.70182582673674,normal,,0,06873.csv,6873,64,2588.594,3.371121145966289,2.186991625035034,4.182803471091083,-1.5218810456368534,-2.014431202432039,0.0003704464091711,11.909908874752377,6.28640211010205,17.39258920543283,11.106187095330782,242,ok
B0054,28,4,1.0158319636440951,1.0960302257185877,first_n_median,92.68284211578998,normal,,0,06877.csv,6877,68,2579.203,3.3382772643772527,2.1839945875783817,4.177543051799468,-1.5596078514903517,-2.013986354296884,0.0015834763482331,12.313622257322168,6.134279357915084,18.305747733025576,12.171468375110493,240,ok
B0054,29,4,1.0015383803216271,1.0960302257185877,first_n_median,91.37871901890216,normal,,0,06879.csv,6879,70,2555.453,3.275227014636782,2.1974155139704856,4.18745666665725,-1.6471246950174097,-2.014668185258512,0.0004232581665302,12.835536006037291,5.986542220048711,19.849601783840107,13.863059563791396,237,ok
B0054,30,4,0.981248861591824,1.0960302257185877,first_n_median,89.5275366104516,normal,,0,06881.csv,6881,72,2525.609,3.08264025202744,2.1944796571193828,4.187380122640154,-1.9257089452541614,-2.014862616769552,0.0003482658056583,14.025334270032486,5.1610554839040566,23.697887384213885,18.536831900309828,234,ok
B0054,31,4,0.9987416030110134,1.0960302257185877,first_n_median,91.1235456445748,normal,,0,06883.csv,6883,74,2536.172,3.3354691487943056,2.19582689132158,4.183314724424282,-1.5632544144584157,-2.014853256042905,0.0023648637536195,12.206393799822907,6.207886752135766,17.639370990163055,11.431484238027288,233,ok
B0054,32,4,0.9584014230949642,1.0960302257185877,first_n_median,87.44297379815504,normal,,0,06885.csv,6885,76,2536.204,3.0695623236052407,2.180729125655269,4.187279483525102,-1.9167231691178084,-2.0149047097695103,0.0005164594761546,14.157912343382948,5.270843180696913,24.85575941323945,19.58491623254254,233,ok
B0054,33,4,0.9800846133894624,1.0960302257185877,first_n_median,89.42131251415917,normal,,0,06889.csv,6889,80,2488.86,3.1084291827280213,2.198606902338691,4.168586129733135,-1.8791583665297855,-2.014435259110157,0.0007119884144027,13.877029644763786,5.722103182419851,22.63357359621721,16.91147041379736,228,ok
B0054,34,4,0.9720372198962766,1.0960302257185877,first_n_median,88.68708153180557,normal,,0,06891.csv,6891,82,2518.547,3.3581509225423294,2.178492152794792,4.183747098480424,-1.5204721015245712,-2.014355978821028,-0.000365451002142,12.000734280236426,6.476137773602135,18.24210090664387,11.765963133041735,229,ok
B0054,35,4,0.9693202807518412,1.0960302257185877,first_n_median,88.43919246080354,normal,,0,06893.csv,6893,84,2485.766,3.1056894645085027,2.1931605321338634,4.187523274109238,-1.8782588716032265,-2.0147034101308976,-0.0012134460256682,13.961422230756657,5.800936573345654,23.459587106388877,17.65865053304322,226,ok
B0054,36,4,0.9479786388506264,1.0960302257185877,first_n_median,86.49201605996818,normal,,0,06895.csv,6895,86,2506.718,3.076065545012625,2.1971158447610275,4.184269535257578,-1.89639216401358,-2.0139210824745613,0.0002514877075194,14.14108020855593,5.20293193928935,24.87318926454243,19.67025732525308,227,ok
B0054,37,4,0.9638519569071228,1.0960302257185877,first_n_median,87.9402715627842,normal,,0,06897.csv,6897,88,2459.297,3.121042954980712,2.192446180613871,4.183868392040906,-1.8576897659318123,-2.014478855847645,-0.0004040900896858,13.857077682108361,5.761431625069411,22.57895105031832,16.81751942524891,222,ok
B0054,38,4,0.9682336695484696,1.0960302257185877,first_n_median,88.34005183695265,normal,,0,06901.csv,6901,92,2488.734,3.330025768269621,2.1750045839249057,4.169539487587025,-1.5518869076190895,-2.0139737933023243,0.0011348713724745,12.299989669041157,6.232059973571748,18.155876160419844,11.923816186848097,223,ok
B0054,39,4,0.9407020864603765,1.0960302257185877,first_n_median,85.82811535545257,normal,,0,06903.csv,6903,94,2491.375,3.067009596769174,2.1906356157422464,4.18749739820457,-1.9124622855946998,-2.014431483451508,-0.0001950074727625,14.212120623239777,4.305592971843159,24.745737558953422,20.440144587110264,223,ok
B0054,40,4,0.9618442077038964,1.0960302257185877,first_n_median,87.75708781874924,normal,,0,06905.csv,6905,96,2467.328,3.224323331222822,2.1969226044699126,4.183674115350642,-1.7011264817066785,-2.018377681782796,0.0009356891792545,13.232401754114171,6.057179250867235,20.864500972462256,14.80732172159502,220,ok
B0054,41,4,0.9332340144199704,1.0960302257185877,first_n_median,85.1467407122022,normal,,0,06907.csv,6907,98,2466.125,3.348287536831091,2.188259141429684,4.185924206625423,-1.5163049342863169,-2.0139931249992817,0.0019142818319308,12.098481296366476,6.468117226524763,18.59367691804772,12.125559691522957,219,ok
B0054,42,4,0.9313454737145216,1.0960302257185877,first_n_median,84.97443335596934,normal,,0,06909.csv,6909,100,2459.312999999994,3.0573024563037245,2.1682818867328626,4.187821519147336,-1.9284095076756849,-2.014238765879417,-0.0004385698076437,14.31610663580659,5.303774553024726,24.597212846034733,19.293438293010006,218,ok
B0054,43,4,0.9976429099116704,1.0960302257185877,first_n_median,91.02330268835316,normal,,0,06913.csv,6913,104,2559.125,3.076951013118892,2.187733999755357,4.145501189988608,-1.8954338677218163,-2.014308805131467,0.0012042722615816,14.083550544682673,6.241830602241886,24.13178710047615,17.889956498234262,226,ok
B0054,44,4,0.9833315262972036,1.0960302257185877,first_n_median,89.71755552202077,normal,,0,06917.csv,6917,108,2534.156,3.085795975435223,2.158914847324055,4.168037433999008,-1.9122439737900219,-2.0138438441231696,-0.000510711136426,14.07160712441505,5.210845802643093,23.612194914633054,18.401349111989962,223,ok
B0054,45,4,0.9904370062777442,1.0960302257185877,first_n_median,90.36584786048088,normal,,0,06919.csv,6919,110,2521.985,3.3302769619097354,2.1913469960772693,4.182894970276525,-1.5658732171156964,-2.0139333922350606,0.0019869431863795,12.23792511997238,6.279878251621095,18.35582339692624,12.075945145305145,221,ok
B0054,46,4,0.9499871340436294,1.0960302257185877,first_n_median,86.67526786688676,normal,,0,06921.csv,6921,112,2503.172,3.071754770434524,2.1887585386046826,4.187269403966888,-1.9198544645109012,-2.014466237816939,0.0002250002693812,14.182674582038874,4.477295308936727,24.73342335069987,20.25612804176314,219,ok
B0054,47,4,0.9526027840900876,1.0960302257185877,first_n_median,86.91391548673167,normal,,0,06923.csv,6923,114,2474.344,3.0794678744671966,2.198239401427243,4.183666770470569,-1.9091163760160397,-2.0139589410587826,0.0008260621950833,14.10332308130901,5.442342429736949,24.172566338551658,18.730223908814708,216,ok
B0054,48,4,0.8850175175465715,1.0960302257185877,first_n_median,80.74754662594543,normal,,0,06925.csv,6925,116,2349.64,3.0669938746662084,2.1796805503092664,4.071079307477162,-1.8522071985944888,-2.0140304829398645,0.0018807534469409,14.073408640034845,5.47822256069228,23.99040081449467,18.51217825380239,215,ok
B0054,49,4,0.9937402750241768,1.0960302257185877,first_n_median,90.66723268262544,normal,,0,06929.csv,6929,120,2560.688,3.092460830981556,2.1687268442761383,4.166737300664872,-1.9078833192347389,-2.014601101608025,0.00010055846998,14.081056672524559,5.408422142688242,23.497913584081875,18.089491441393633,233,ok
B0054,50,4,0.995507330519279,1.0960302257185877,first_n_median,90.82845592753584,normal,,0,06931.csv,6931,122,2522.375,3.1098726595442607,2.191725388766709,4.182736373587939,-1.8886275942243518,-2.0140748044967807,-0.0001340855903797,13.882912785076055,5.991148211664694,22.413638355604547,16.422490143939854,229,ok
B0054,51,4,0.975407870968116,1.0960302257185877,first_n_median,88.9946142067945,normal,,0,06933.csv,6933,124,2488.719,3.0916929425969144,2.16190489413124,4.183619389994964,-1.9132216217910722,-2.014119788854084,-0.0009088109033558,13.976909425974554,5.732819885900644,23.276288269463745,17.543468383563102,225,ok
B0054,52,4,0.965960558373922,1.0960302257185877,first_n_median,88.13265690192182,normal,,0,06935.csv,6935,126,2474.844,3.092077800709679,2.1867699716569766,4.18340061507743,-1.903346510749379,-2.0142173050860928,-0.0007885955181956,14.001484389915577,5.802609023266695,23.166415774259068,17.363806750992374,223,ok
B0054,53,4,0.9573702621688754,1.0960302257185877,first_n_median,87.34889236664957,normal,,0,06937.csv,6937,128,2473.875,3.0868228519569625,2.198752976514828,4.183750141327261,-1.9027928791898274,-2.015149324108691,1.1367125201972806e-05,14.093605062402071,5.707079898235714,23.915519230311656,18.20843933207594,222,ok
B0054,54,4,0.9294756591964932,1.0960302257185877,first_n_median,84.80383454636056,normal,,0,06941.csv,6941,132,2495.5,3.072604933827402,2.166553275090901,4.16720818599326,-1.8852058718255222,-2.0142477748570418,-0.0001943477884958,14.300275862318225,4.93538168742523,24.7714915843067,19.836109896881467,223,ok
B0054,55,4,0.9323553879823946,1.0960302257185877,first_n_median,85.06657627722964,normal,,0,06943.csv,6943,134,2481.078,3.076772656394079,2.197414602671961,4.183066668693598,-1.8841642253203457,-2.01446153517772,0.0013874457314458,14.124062472619881,4.50850198558012,24.68396453173386,20.17546254615374,221,ok
B0054,56,4,0.954568378404969,1.0960302257185877,first_n_median,87.0932530878998,normal,,0,06945.csv,6945,136,2460.125,3.2911829197288838,2.1984537160355733,4.182465009412686,-1.6061202048940721,-2.0143094298980317,0.0018773137499837,12.64526098166937,6.318974814008205,19.020363167421827,12.701388353413623,218,ok
B0054,57,4,0.9330242104372936,1.0960302257185877,first_n_median,85.12759854095968,normal,,0,06947.csv,6947,138,2440.547,3.0675140530182183,2.1699490089903373,4.186729661376772,-1.9185686957922585,-2.016093932087486,0.0006865116494746,14.223331638985794,5.717180727157979,24.13873479197664,18.421554064818658,216,ok
B0054,58,4,0.923294184000959,1.0960302257185877,first_n_median,84.23984688885946,normal,,0,06949.csv,6949,140,2449.922,3.0671371599201427,2.176887912375456,4.183427098166605,-1.8904802137424437,-2.014278751068411,0.0016624872979337,14.139185148296136,4.5571193663113245,24.81564122138252,20.258521855071194,216,ok
B0054,59,4,0.9257799164262976,1.0960302257185877,first_n_median,84.46664103805446,normal,,0,06953.csv,6953,144,2408.781,3.078813614886158,2.1883883016985664,4.166698332057613,-1.8976415345909174,-2.015356074543067,-0.0004749170899645,14.087390371698557,5.95152652801808,23.24485824164149,17.29333171362341,212,ok
B0054,60,4,0.9162765793280084,1.0960302257185877,first_n_median,83.5995721493239,normal,,0,06955.csv,6955,146,2442.547,3.066888936059056,2.170115376243027,4.184004022833215,-1.8894343368968853,-2.0143329905022145,-0.0011675266871354,14.202958247128624,4.512821345911608,24.86373425921068,20.350912913299073,214,ok
B0054,61,4,0.9387011679112468,1.0960302257185877,first_n_median,85.64555482909319,normal,,0,06957.csv,6957,148,2420.671,3.2822748078833337,2.1966197167856167,4.182970368325371,-1.611671218418306,-2.0139655039502675,0.0012409509425369,12.672879944135305,6.386136733118297,19.187532398616906,12.801395665498609,211,ok
B0054,62,4,0.9158990586877171,1.0960302257185877,first_n_median,83.56512778534264,normal,,0,06959.csv,6959,150,2409.906,3.06323475400009,2.1844861596911245,4.186946857158577,-1.915975846751273,-2.0144164428749267,-6.733606290536308e-05,14.267116889972154,5.7601794341551535,24.608575630578702,18.84839619642355,210,ok
B0054,63,4,0.9202608990433788,1.0960302257185877,first_n_median,83.96309494476125,normal,,0,06961.csv,6961,152,2416.672,3.3294345220814243,2.1969048206503072,4.182782183216822,-1.5310760587444987,-2.0139993110110943,0.0002426345928423,12.173995572424571,5.299966599875553,18.813867999485478,13.513901399609924,209,ok
B0054,64,4,0.9111253917360888,1.0960302257185877,first_n_median,83.12958624281825,normal,,0,06965.csv,6965,156,2395.75,3.059197039764698,2.189593119391126,4.175798948316686,-1.9239678603051145,-2.014122151363509,-0.0006567111899304,14.240824503948053,5.848905637040475,23.94925053538712,18.100344898346645,207,ok
B0054,65,4,0.8980507043695345,1.0960302257185877,first_n_median,81.93667321361943,normal,,0,06967.csv,6967,158,2410.688,3.0606951230963726,2.1801159908061365,4.183432164471636,-1.8954445735817307,-2.0146239260917764,0.001102414340065,14.275292993104369,4.531652125286138,24.82147170162433,20.28981957633819,208,ok
B0054,66,4,0.9278864624016372,1.0960302257185877,first_n_median,84.65883883752286,normal,,0,06969.csv,6969,160,2402.125,3.3096645129465334,2.1883204645817864,4.182464884390648,-1.562794930544311,-2.0143268562937324,0.0024805710291703,12.319879487331049,6.38067529782157,18.57811741414672,12.197442116325151,206,ok
B0054,67,4,0.9118415396987224,1.0960302257185877,first_n_median,83.194926408247,normal,,0,06971.csv,6971,162,2355.265,3.068838395977353,2.176027126654838,4.187190771734197,-1.9221081343667143,-2.015447318773766,0.0015452491424955,14.017340985088923,6.022446604287029,22.523812738647745,16.501366134360715,202,ok
B0054,68,4,0.8936491649329469,1.0960302257185877,first_n_median,81.53508397517466,normal,,0,06973.csv,6973,164,2396.719,3.0642577232510537,2.192431157609426,4.184124653963867,-1.8937037642157029,-2.016007641646079,0.0034241831776561,14.309673058312118,5.483998805799034,24.88527095803529,19.401272152236253,205,ok
B0054,69,4,0.9100864492604256,1.0960302257185877,first_n_median,83.0347948354935,normal,,0,06977.csv,6977,168,2442.344,3.05089172896046,2.165885100454371,4.1396795894908935,-1.8756620997311104,-2.013710590988413,0.0009557015458926,14.20580721645281,5.038499992280609,24.49535100296176,19.45685101068115,208,ok
B0054,70,4,0.911490473146094,1.0960302257185877,first_n_median,83.16289567183202,normal,,0,06981.csv,6981,172,2444.703,3.0723870805326334,2.1973597496316057,4.166798038044882,-1.8854776045140642,-2.014086384956398,0.0015607504591146,14.343325580342825,5.651935504910369,24.79248513927076,19.14054963436039,208,ok
B0054,71,4,0.9337172811638196,1.0960302257185877,first_n_median,85.19083317721906,normal,,0,06983.csv,6983,174,2412.25,3.292510597456584,2.1972629267290893,4.182556356872751,-1.589261111842247,-2.013579783626152,0.0010676082475306,12.52113276136492,6.168296951051776,19.41886177632084,13.250564825269063,200,ok
B0054,72,4,0.8981517756068776,1.0960302257185877,first_n_median,81.94589478752967,normal,,0,06985.csv,6985,176,2403.234,3.0615420925064947,2.198752877987022,4.18680349899093,-1.9122401856096214,-2.0145269757019744,0.0025721386949795,14.320010513448283,5.6482188713412365,24.843161021240142,19.194942149898907,203,ok
B0054,73,4,0.9139367135371254,1.0960302257185877,first_n_median,83.38608663259475,normal,,0,06987.csv,6987,178,2361.047,3.104814009888728,2.198603650230703,4.184455817920845,-1.8597568424209725,-2.013833114751838,0.0016361724730521,13.817833063271001,6.280754106924835,22.81807409211731,16.537319985192475,199,ok
B0054,74,4,0.8764848617154279,1.0960302257185877,first_n_median,79.96904110384185,normal,,1,06989.csv,6989,180,2392.468,3.0591573873230504,2.1805571893421827,4.184079696303244,-1.891396177801322,-2.0142375375887425,0.0002252713399257,14.23049295284562,5.217782787981243,24.58129890321389,19.36351611523265,201,ok
B0054,75,4,0.8854917958581964,1.0960302257185877,first_n_median,80.79081900114967,normal,,0,06993.csv,6993,184,2373.89,3.0574972660409525,2.174201624293327,4.166279880071051,-1.9002601186022197,-2.014518531839137,0.0007502528687713,14.343710795679344,5.889172082910019,24.65462709285521,18.765455009945192,199,ok
B0054,76,4,0.8819074622846708,1.0960302257185877,first_n_median,80.46379028520568,normal,,0,06995.csv,6995,186,2383.234,3.0567448490556264,2.1705705059131044,4.183737744816785,-1.890256821336201,-2.014683733517366,0.0008023234274003,14.146643227132303,4.3491996290214985,24.667711168999983,20.318511539978484,199,ok
B0054,77,4,0.9045809105944796,1.0960302257185877,first_n_median,82.53247851822803,normal,,0,06997.csv,6997,188,2342.453,3.151370552126675,2.196118065671102,4.18293565751089,-1.7845839996739221,-2.0176843567914893,0.0023862872409208,13.55224741011707,6.348441643412096,21.67226159753115,15.323819954119054,195,ok
B0054,78,4,0.8734606349455996,1.0960302257185877,first_n_median,79.69311561393616,normal,,1,06999.csv,6999,190,2359.296,3.056163933839863,2.184361072149743,4.18457456922587,-1.8986075226465784,-2.01440809078633,0.0009782170913423,14.28080189135689,5.249499157393519,24.96144413226689,19.711944974873372,196,ok
B0054,79,4,0.903131190986828,1.0960302257185877,first_n_median,82.40020847916948,normal,,0,07001.csv,7001,192,2345.453,3.236611432340167,2.193007424689509,4.1835244239011375,-1.6591500079295531,-2.01555396881296,0.00135163332535,12.92628985289928,6.471624054328617,19.86209455847644,13.390470504147821,194,ok
B0054,80,4,0.8712217754060124,1.0960302257185877,first_n_median,79.48884574189688,normal,,1,07005.csv,7005,196,2360.172,3.0377786371686537,2.168539148301184,4.171664411266561,-1.9081461941354183,-2.0138149794596263,0.0008212597056584,14.22945813956484,4.062685213629907,24.813991518744384,20.751306305114475,195,ok
B0054,81,4,0.8936499043476617,1.0960302257185877,first_n_median,81.5351514381604,normal,,0,07007.csv,7007,198,2315.407,3.096631349811912,2.1987726546793334,4.183480212813237,-1.8642154954714256,-2.0144066602582416,0.0007200303241818,13.889055949262897,6.3492044227029645,22.3422759308799,15.993071508176936,191,ok
B0054,82,4,0.8835064014687892,1.0960302257185877,first_n_median,80.60967487365944,normal,,0,07009.csv,7009,200,2322.156,3.0611426143701355,2.1680465237840907,4.183649118386083,-1.9063318856890261,-2.0144189721619354,0.003315416060428,14.09831645395676,5.955778945436106,23.389616432610406,17.4338374871743,191,ok
B0054,83,4,0.8779403705367915,1.0960302257185877,first_n_median,80.10183934126357,normal,,0,07011.csv,7011,202,2327.1570000000065,3.0558445282697995,2.1849035687167166,4.183468521205082,-1.9062132651550836,-2.0141152321395848,0.0015777467579256,14.205610727972747,5.825550922776701,24.437246414395887,18.611695491619187,191,ok
B0054,84,4,0.8599389109365094,1.0960302257185877,first_n_median,78.45941569473686,normal,,1,07013.csv,7013,204,2335.0,3.0499483326806858,2.1788266272471644,4.183632733146927,-1.8957242503552245,-2.0141663967491747,0.0007191346742737,14.199988460708054,4.985875777467166,24.61732308170388,19.631447304236715,191,ok
B0054,85,4,0.8697358119609565,1.0960302257185877,first_n_median,79.35326887456354,normal,,1,07017.csv,7017,208,2329.375,3.0516041952252326,2.173598497548058,4.165207327973796,-1.8948015430442458,-2.0132527178328865,0.0009103086102594,14.288204303284642,5.918637843485242,24.271941214408503,18.35330337092326,190,ok
B0054,86,4,0.8638271814812677,1.0960302257185877,first_n_median,78.81417512139491,normal,,1,07019.csv,7019,210,2333.875,3.0472454916360254,2.171024131749843,4.183812225950738,-1.8950958802980535,-2.0141620392272914,0.0005900335384779,14.208858242752529,4.717320820720208,24.804728027574093,20.087407206853886,190,ok
B0054,87,4,0.8865694537789144,1.0960302257185877,first_n_median,80.88914274217711,normal,,0,07021.csv,7021,212,2317.453,3.231306720712414,2.193241046616703,4.183143233797935,-1.6587879730372208,-2.0142693231407978,0.0023148276563043,12.936183613815922,6.440562810414375,19.87934804833635,13.438785237921977,188,ok
B0054,88,4,0.8690078572313327,1.0960302257185877,first_n_median,79.286851479081,normal,,1,07023.csv,7023,214,2295.109,3.0561992011444175,2.1928820402300686,4.185938542114043,-1.9142507746667623,-2.0151269835079497,0.0024617092309174,14.08418288760077,6.077473970046565,23.51552492010551,17.438050950058944,186,ok
B0054,89,4,0.8474446088377652,1.0960302257185877,first_n_median,77.31945606537968,normal,,1,07025.csv,7025,216,2326.657,3.049101236395701,2.1802092140590776,4.18432308250829,-1.891201590561377,-2.0142021506611645,0.0014826400043264,14.275903069670573,5.302928909816632,24.913142338885027,19.610213429068395,184,ok
B0054,90,4,0.8799727721580702,1.0960302257185877,first_n_median,80.28727233148481,normal,,0,07029.csv,7029,220,2479.297,3.059261895423349,2.1788337133933458,4.1182630057067415,-1.8398920804939838,-2.014661709338553,0.0018633848146805,14.30665353308513,5.32011532301954,23.80380834532953,18.48369302230999,200,ok
B0054,91,4,0.9110444582768508,1.0960302257185877,first_n_median,83.12220200675075,normal,,0,07033.csv,7033,224,2463.578,3.0704875641057296,2.1830841723157457,4.164907528561344,-1.8791742872877957,-2.013850378393117,0.001261830603277,13.97058204189835,5.942709497554191,23.08245417914552,17.139744681591328,198,ok
B0054,92,4,0.912172429335506,1.0960302257185877,first_n_median,83.22511623595604,normal,,0,07035.csv,7035,226,2458.812,3.067048133380307,2.1910520386239125,4.182445897550156,-1.858308089580359,-2.01445536812595,0.0010734731299127,13.799155081842601,5.221682916333026,23.778234573688007,18.55655165735498,197,ok
B0054,93,4,0.8872043975884799,1.0960302257185877,first_n_median,80.94707397387734,normal,,0,07037.csv,7037,228,2400.672,3.0722065010406205,2.199607761547385,4.182116565141312,-1.8751258468342007,-2.0139766427208468,0.0009478484694142,13.85337076803369,6.009128924685555,23.05943482945761,17.050305904772056,192,ok
B0054,94,4,0.8961236767959215,1.0960302257185877,first_n_median,81.76085437866443,normal,,0,07039.csv,7039,230,2396.407,3.117253230362332,2.199124134730816,4.183709805636206,-1.800714268791482,-2.013905512810969,0.0011116971892386,13.514874679422098,6.458699847661158,22.244929264861582,15.786229417200424,191,ok
B0054,95,4,0.8851334001128452,1.0960302257185877,first_n_median,80.7581195612126,normal,,0,07041.csv,7041,232,2392.375,3.0560602390351073,2.187300234238766,4.18305579589887,-1.8630586445315185,-2.013316103545993,0.0012263788356902,13.789537640473576,4.81267925487376,23.801178997375885,18.988499742502125,190,ok
B0054,96,4,0.8793386645436118,1.0960302257185877,first_n_median,80.22941739285457,normal,,0,07045.csv,7045,236,2373.687,3.2276996110787217,2.1979569345819563,4.163750891434571,-1.6261597439567572,-2.013953855353921,0.0022732169752853,12.632160467633849,5.501686531395091,20.129283300775896,14.627596769380805,188,ok
B0054,97,4,0.8461224238450626,1.0960302257185877,first_n_median,77.19882207539682,normal,,1,07047.csv,7047,238,2385.922,3.0511101255752124,2.1932450152273764,4.1857725238225205,-1.873244340822881,-2.014814424140281,0.0020909638822916,14.133236180004296,5.351117666412455,24.104183465359974,18.753065798947517,189,ok
B0054,98,4,0.8705933152969343,1.0960302257185877,first_n_median,79.43150607239406,normal,,1,07049.csv,7049,240,2345.0,3.110131898177326,2.188819744044954,4.183962354946822,-1.8048654869219674,-2.0136887102362766,0.0010529439650279,13.44514404240349,6.375873645297861,21.124822433154826,14.748948787856964,185,ok
B0054,99,4,0.8440520909609104,1.0960302257185877,first_n_median,77.00992829896882,normal,,1,07051.csv,7051,242,2363.047000000006,3.048474354226641,2.1933054601044173,4.183748382269399,-1.8598703836367976,-2.014227701858619,0.0008463313151572,13.90645728525564,4.453452329059047,24.038373358435607,19.58492102937656,186,ok
B0054,100,4,0.8536244678403578,1.0960302257185877,first_n_median,77.8832962640878,normal,,1,07053.csv,7053,244,2316.687,3.0720502151516498,2.1984194356911515,4.183059531782334,-1.8567326723251218,-2.014321523108064,0.000856968028501,13.600457924373249,6.17575332412204,22.33379539164456,16.158042067522523,182,ok
B0054,101,4,0.8524519337958137,1.0960302257185877,first_n_median,77.77631618114572,normal,,1,07057.csv,7057,248,2322.0,3.0780861695186963,2.197124548478272,4.164596042177817,-1.8332643523185828,-2.014990295943545,0.0028472669167878,13.622342114819537,6.253290373532171,21.7292466341309,15.475956260598728,181,ok
B0054,102,4,0.8373919001793014,1.0960302257185877,first_n_median,76.40226341662103,normal,,1,07059.csv,7059,250,2357.687,3.047978400472379,2.1601370672426743,4.183536913886723,-1.8581507060124247,-2.014705651659665,0.0024551357337226,14.071709155413798,5.103571054269733,24.067733333922256,18.964162279652523,184,ok
B0055,1,4,0.7989997927037011,1.2572591312230863,first_n_median,63.55092382000984,normal,,1,07314.csv,7314,0,2660.313,3.24393616697826,2.493079498483449,3.843735024444539,-1.1715210918629737,-1.990840186664541,0.0042823961648897,11.879033293126687,5.905007114660983,18.02446981350722,12.119462698846238,280,ok
B0055,2,4,1.319892156462878,1.2572591312230863,first_n_median,104.98171170002648,normal,,0,07318.csv,7318,4,2826.0,3.2904290284649416,2.480538609588174,4.174020568347548,-1.7486007645883601,-1.9904809087057087,0.0053861380226678,12.415262417855027,4.942623651334148,16.633080095446793,11.690456444112645,299,ok
B0055,3,4,1.2769832801132015,1.2572591312230863,first_n_median,101.56882128753576,normal,,0,07320.csv,7320,6,2818.578,3.326231366449631,2.48985034932468,4.1994512899066025,-1.7060235650197326,-1.99068249202928,0.003747548082239,12.360226804144617,5.997529564281996,18.02222405324747,12.024694488965473,296,ok
B0055,4,4,1.2572591312230863,1.2572591312230863,first_n_median,100.0,normal,,0,07322.csv,7322,8,2713.812,3.338535407708074,2.485404008194569,4.201354950378872,-1.7298155313553945,-1.9912233324564588,0.001363995791464,12.182802262813878,5.026960406334869,16.276920867509258,11.249960461174389,284,ok
B0055,5,4,1.206763751299412,1.2572591312230863,first_n_median,95.9836935227067,normal,,0,07324.csv,7324,10,2786.578,3.369050331157636,2.484071154442301,4.2022865042877005,-1.630519419462631,-1.9905957922031048,0.0017320881760283,11.995175259559732,5.865948272472199,17.386184005164274,11.520235732692075,289,ok
B0055,6,4,1.2077322536103197,1.2572591312230863,first_n_median,96.06072635443212,normal,,0,07326.csv,7326,12,2667.89,3.3596802370189534,2.481388096934316,4.202804398571556,-1.6935037519026295,-1.9916252726422965,0.0004260224573474,12.015852590858461,5.190771825672599,16.287370504806514,11.096598679133916,276,ok
B0055,7,4,1.2009614290093835,1.2572591312230863,first_n_median,95.52218784373152,normal,,0,07330.csv,7330,16,2530.172,3.331138062731705,2.4857750442530606,4.194689870235318,-1.796982266620521,-1.9907997928291328,0.0037839412750622,12.31051634460958,4.583842371477875,18.76540773861097,14.181565367133096,260,ok
B0055,8,4,1.189059086549973,1.2572591312230863,first_n_median,94.57549816267654,normal,,0,07332.csv,7332,18,2446.062,3.335155652675837,2.4898705968582,4.203456278554985,-1.8221216958276871,-1.9913346793894355,0.0025079335764194,12.203269426883178,5.053303205495654,17.743208793113464,12.68990558761781,251,ok
B0055,9,4,1.169708782604433,1.2572591312230863,first_n_median,93.03641179098196,normal,,0,07334.csv,7334,20,2713.25,3.3970397549525346,2.486378896244576,4.203931038045003,-1.60517659481492,-1.9910133759936124,0.0032813052512828,11.974188885781311,5.301590477162979,16.27240932778339,10.970818850620411,275,ok
B0055,10,4,1.1483647194613424,1.2572591312230863,first_n_median,91.33874560482936,normal,,0,07336.csv,7336,22,2676.578,3.3803008994123225,2.484196378836121,4.204477051328936,-1.6273590433187917,-1.991488728701696,0.0028535599024067,12.146032186206996,5.8612804541487264,18.496064110315466,12.63478365616674,270,ok
B0055,11,4,1.1527726060972296,1.2572591312230863,first_n_median,91.68934052408034,normal,,0,07338.csv,7338,24,2394.734,3.344612876092421,2.488899766066993,4.204395922551529,-1.8077804758929823,-1.990666668360672,0.0004039487468772,12.075029193191549,5.2119884831744345,17.233592924973692,12.021604441799258,242,ok
B0055,12,4,1.1318370471727228,1.2572591312230863,first_n_median,90.02416598650188,normal,,0,07342.csv,7342,28,2673.0,3.4016962939915634,2.4856427415338582,4.196508158151434,-1.5934585102181222,-1.9902971005145704,0.0024125926743342,11.953480850146518,5.705410445510598,17.25233196126928,11.546921515758683,267,ok
B0055,13,4,1.1326525803383347,1.2572591312230863,first_n_median,90.08903194335667,normal,,0,07344.csv,7344,30,2619.578,3.377782507073848,2.4945204316368925,4.2049198480597365,-1.6457766002423246,-1.990731521433284,0.0019106021357381,12.091243346975185,4.902169412870768,18.84637103862602,13.944201625755253,261,ok
B0055,14,4,1.1160565716574584,1.2572591312230863,first_n_median,88.76901697836442,normal,,0,07346.csv,7346,32,2640.016,3.411152214850695,2.489824423973652,4.204749253288386,-1.5844221226745288,-1.991422567659727,0.0047423574400032,11.84145066042513,5.753127682539503,16.69866695291335,10.945539270373846,261,ok
B0055,15,4,1.0984641825068853,1.2572591312230863,first_n_median,87.36975180592069,normal,,0,07348.csv,7348,34,2621.187,3.4062074380814424,2.4929609831648176,4.205529950993648,-1.5875314249026022,-1.9907556302335792,0.0034910948504664,11.855003538549179,5.968718586088171,17.281200338137296,11.312481752049125,258,ok
B0055,16,4,1.092569410309668,1.2572591312230863,first_n_median,86.90089283716675,normal,,0,07350.csv,7350,36,2616.453,3.4006629565141497,2.4987737122938984,4.205627291462969,-1.5865260183824126,-1.991522785179081,0.0018374760510517,11.91733362745109,6.123949353685871,17.87487048558903,11.75092113190316,257,ok
B0055,17,4,1.109167680712031,1.2572591312230863,first_n_median,88.22108769518428,normal,,0,07354.csv,7354,40,2565.109,3.3734363664560836,2.4960528571959832,4.197933604847559,-1.6558769500299217,-1.9908882502143304,0.0013482790166261,12.135031767584422,4.49280427247954,18.56561933924195,14.072815066762413,251,ok
B0055,18,4,1.107503502890571,1.2572591312230863,first_n_median,88.08872215651917,normal,,0,07356.csv,7356,42,2532.531,3.3751298920141575,2.4950345179419164,4.205390438967899,-1.6682381023500132,-1.9907992030652175,0.0029195283409771,12.085534035682384,4.9201973970875486,18.731388722663795,13.811191325576246,242,ok
B0055,19,4,1.106751675424531,1.2572591312230863,first_n_median,88.02892322984056,normal,,0,07358.csv,7358,44,2556.593,3.3799212171444224,2.499203075422064,4.205435554958762,-1.6518184000413114,-1.9911585440753383,0.002172830590767,12.035133443915594,5.243499809183194,18.85911132920102,13.615611520017826,248,ok
B0055,20,4,1.0726694124582823,1.2572591312230863,first_n_median,85.31808485771492,normal,,0,07360.csv,7360,46,2577.891,3.4131937901660443,2.4858947643408493,4.183847655178161,-1.5631982736121797,-2.0081513637326145,0.0023980838431653,11.694010522378294,5.726221729849384,16.474886676905992,10.748664947056607,248,ok
B0055,21,4,1.0776844021506693,1.2572591312230863,first_n_median,85.71696759937443,normal,,0,07362.csv,7362,48,2572.36,3.3882127771112662,2.490219926603604,4.205811869776469,-1.6102431965480546,-1.990451483901724,0.0023980631984279,12.02595112446758,5.897932892357624,18.429839421941317,12.531906529583694,247,ok
B0055,22,4,1.1981714734535909,1.2572591312230863,first_n_median,95.30028008529844,normal,,0,07366.csv,7366,52,2697.75,3.3833310240018224,2.49591717391522,4.185284066167707,-1.6643817613294818,-1.9908816662096405,0.0023527014541292,11.847288624466861,5.492060015387616,16.79121110894689,11.299151093559274,258,ok
B0055,23,4,1.162538155268093,1.2572591312230863,first_n_median,92.46607373112916,normal,,0,07370.csv,7370,56,2683.406,3.406033299298373,2.493901769830843,4.196690472475704,-1.629380871239606,-1.991512324127019,0.0042422871447303,11.64238700767333,5.668092553976134,16.558207457541112,10.890114903564978,255,ok
B0055,24,4,1.1556827465844224,1.2572591312230863,first_n_median,91.92080756336615,normal,,0,07372.csv,7372,58,2646.156,3.395122860818019,2.490665842720209,4.205348595061986,-1.6480629343875917,-1.991058496787956,0.0009821633720412,11.772012658338625,5.429660968759904,16.176716026227933,10.747055057468028,251,ok
B0055,25,4,1.137444098422356,1.2572591312230863,first_n_median,90.47014017832808,normal,,0,07374.csv,7374,60,2593.531,3.3678744885149583,2.491266216084571,4.205552375701064,-1.6963503354994716,-1.9907463266064145,0.0033936943173849,11.983454214473863,5.220369333730443,18.28920429337146,13.068834959641016,245,ok
B0055,26,4,1.1126375352125493,1.2572591312230863,first_n_median,88.49707332251813,normal,,0,07376.csv,7376,62,2604.125,3.3809383898685605,2.492760704750605,4.2052142034116535,-1.647762002114427,-1.9907919913750125,0.0015718230358572,11.908597488676612,4.059057953389152,18.65863623047158,14.599578277082427,245,ok
B0055,27,4,1.098656067845981,1.2572591312230863,first_n_median,87.38501400082788,normal,,0,07378.csv,7378,64,2588.594,3.41469739374783,2.486626233949432,4.205763745942962,-1.6019969747290892,-1.991007869042188,0.003139047521193,11.5894392622721,6.012193151140061,16.83473057053666,10.8225374193966,242,ok
B0055,28,4,1.098530275888464,1.2572591312230863,first_n_median,87.37500874778236,normal,,0,07382.csv,7382,68,2579.203,3.41231159843661,2.495104294734825,4.198995746839671,-1.607009362096321,-1.990345948099886,0.0034818707960933,11.629714317449922,5.870935139797071,16.756789919207705,10.885854779410634,240,ok
B0055,29,4,1.1029370400968537,1.2572591312230863,first_n_median,87.72551439128503,normal,,0,07384.csv,7384,70,2555.453,3.4043822939909396,2.487763139286609,4.2061133400646735,-1.627589670095513,-1.991281599746559,0.0020568504479771,11.647248561632294,5.731201872960767,16.24699765148442,10.515795778523653,237,ok
B0055,30,4,1.0949644922735318,1.2572591312230863,first_n_median,87.09139310114446,normal,,0,07386.csv,7386,72,2525.609,3.3673428364678033,2.497867584305148,4.20656078786278,-1.6825636345526909,-1.9916328373941732,0.0021452957889262,12.022205345514335,5.019667115044019,19.129984857149815,14.110317742105796,234,ok
B0055,31,4,1.0890679714830998,1.2572591312230863,first_n_median,86.62239505261203,normal,,0,07388.csv,7388,74,2536.172,3.4104196380737455,2.482550786926367,4.205789072356055,-1.612755670182398,-1.9905681770945949,0.0048992280817572,11.542224902228241,5.933226299085981,16.36765160927189,10.434425310185908,233,ok
B0055,32,4,1.073323391636053,1.2572591312230863,first_n_median,85.3701011176513,normal,,0,07390.csv,7390,76,2536.204,3.3875483794093744,2.498794021092515,4.206468698154612,-1.6303240143418964,-1.990833007177876,0.0021630836415904,11.825965633220362,5.144155527321384,18.15665009637772,13.012494569056337,233,ok
B0055,33,4,1.095373856745309,1.2572591312230863,first_n_median,87.12395317262146,normal,,0,07394.csv,7394,80,2488.86,3.3533445639000172,2.4986675609061084,4.19878751718924,-1.71799533716817,-1.990852926244492,0.0028822715331249,12.03863906152037,5.434214970889567,18.80550760238104,13.371292631491475,228,ok
B0055,34,4,1.0639517466243125,1.2572591312230863,first_n_median,84.62469829821633,normal,,0,07396.csv,7396,82,2518.547,3.403128476363774,2.495967983888696,4.205549436509086,-1.6148091574306578,-1.990543780937116,0.0037963361825877,11.59317451081218,6.196484124316794,17.559578387097904,11.363094262781111,229,ok
B0055,35,4,1.085798072407703,1.2572591312230863,first_n_median,86.36231349947862,normal,,0,07398.csv,7398,84,2485.766,3.3737196134296283,2.494521891499824,4.206680085108051,-1.6806946415000543,-1.9908289073916383,0.0028915382938365,11.873598601586018,5.53725249055581,17.467083355342886,11.929830864787077,226,ok
B0055,36,4,1.0588748965507555,1.2572591312230863,first_n_median,84.22089529949656,normal,,0,07400.csv,7400,86,2506.718,3.382746702873388,2.4940939052144744,4.206242808359698,-1.63831200906344,-1.99092503062938,0.0026901014635949,11.809310238880515,5.005149643020689,18.49462899513655,13.489479352115861,227,ok
B0055,37,4,1.0813260035191288,1.2572591312230863,first_n_median,86.00661364592307,normal,,0,07402.csv,7402,88,2459.297,3.3641919383896957,2.488192777263103,4.206501526529983,-1.701910823714865,-1.990154379954445,0.0015151692121164,11.933034010302555,5.491386768106055,17.91164881741511,12.420262049309056,222,ok
B0055,38,4,1.061601862588323,1.2572591312230863,first_n_median,84.43779299145562,normal,,0,07406.csv,7406,92,2488.734,3.408219619852174,2.483590427491968,4.198066617715753,-1.6137161861379503,-1.9913019551390152,0.0040899056863324,11.53732922797716,5.963161321140903,16.71929796179109,10.756136640650187,223,ok
B0055,39,4,1.0593920670581127,1.2572591312230863,first_n_median,84.26203005799731,normal,,0,07408.csv,7408,94,2491.375,3.3720438606583496,2.494836964233761,4.2069940867465805,-1.6587094218378893,-1.9913493608624204,0.0019834896350736,11.942237573488166,4.189009368019207,18.743872075423457,14.55486270740425,223,ok
B0055,40,4,1.0742513141424723,1.2572591312230863,first_n_median,85.44390630891021,normal,,0,07410.csv,7410,96,2467.328,3.3954495279595993,2.495294559262084,4.206185443933068,-1.6449474011417666,-1.9913634315445172,0.0027453667564063,11.654440484569944,5.793714360247393,16.07532193134441,10.281607571097016,220,ok
B0055,41,4,1.04056147341315,1.2572591312230863,first_n_median,82.76428045512554,normal,,0,07412.csv,7412,98,2466.125,3.3886471333647554,2.493930027919102,4.206494698836393,-1.6341793441136752,-1.9918655941270955,0.0029433881304167,11.722702041818202,6.251113028855723,18.1055360480279,11.854423019172177,219,ok
B0055,42,4,1.0575656535324895,1.2572591312230863,first_n_median,84.11676059999414,normal,,0,07414.csv,7414,100,2459.312999999994,3.356819503345258,2.4968794236107965,4.204041730199119,-1.6871055404907072,-1.9909179006012367,0.0021348260516324,12.139105911879911,5.116748649373631,19.22539590220654,14.10864725283291,218,ok
B0055,43,4,1.0983528970914622,1.2572591312230863,first_n_median,87.36090037564198,normal,,0,07418.csv,7418,104,2559.125,3.38173030037378,2.4980844986118784,4.186445589660851,-1.6534663598224018,-1.9901698852064904,0.0027554239621475,11.725785170275977,6.011078978848951,17.79698901775945,11.785910038910501,226,ok
B0055,44,4,1.109758993739737,1.2572591312230863,first_n_median,88.26811960873505,normal,,0,07422.csv,7422,108,2534.156,3.332585578324588,2.497690135885909,4.198472809564929,-1.746935874580489,-1.9895632028305583,0.0016337951411109,12.14093273670559,5.016805714592111,19.90310164984231,14.886295935250198,223,ok
B0055,45,4,1.0793315779206871,1.2572591312230863,first_n_median,85.84798082720563,normal,,0,07424.csv,7424,110,2521.985,3.415794800601349,2.495812780943487,4.205147121886639,-1.6100189784192442,-1.9901409410080384,0.0041302137494647,11.32244979928203,6.003174490550036,16.28428434167548,10.281109851125445,221,ok
B0055,46,4,1.0716159094756148,1.2572591312230863,first_n_median,85.23429123422837,normal,,0,07426.csv,7426,112,2503.172,3.364395338116308,2.497968365806555,4.207061766566151,-1.6797818306005563,-1.990707591128993,0.0024325175728162,11.899725740614361,4.366396831280806,18.858200111612096,14.49180328033129,219,ok
B0055,47,4,1.0746464211019795,1.2572591312230863,first_n_median,85.47533236497891,normal,,0,07428.csv,7428,114,2474.344,3.3556150350421454,2.494850314865808,4.206586679847002,-1.703206082949298,-1.990485251168809,0.0020283573965965,11.9698483506891,5.206133332056047,19.26539604228336,14.059262710227312,216,ok
B0055,48,4,1.08643683065179,1.2572591312230863,first_n_median,86.41311911529988,normal,,0,07430.csv,7430,116,2349.64,3.2813552523710348,2.497025585392751,4.136062355148983,-1.8582921214004526,-1.9905983386514208,0.002499906189932,11.944879920447905,5.259112558612603,19.91574517945343,14.656632620840828,215,ok
B0055,49,4,1.1340138347387958,1.2572591312230863,first_n_median,90.19730352927364,normal,,0,07434.csv,7434,120,2560.688,3.3340325216514985,2.497531566741249,4.194893964041484,-1.7577069451672969,-1.9908092541495772,0.0025191038749758,12.028925123088163,5.216087256419887,19.74476118019262,14.528673923772732,233,ok
B0055,50,4,1.1176964717951587,1.2572591312230863,first_n_median,88.89945151623928,normal,,0,07436.csv,7436,122,2522.375,3.355658576925396,2.4925446639956585,4.205199298124983,-1.7278318736099232,-1.9908548428883857,0.0030767238763984,11.71503135296823,5.744165438234034,18.239458117812696,12.495292679578661,229,ok
B0055,51,4,1.1046468529644289,1.2572591312230863,first_n_median,87.86150965472065,normal,,0,07438.csv,7438,124,2488.719,3.353357049023896,2.497355535023157,4.205853256210238,-1.7321258947169127,-1.9913602598228903,0.0006172357972143,11.810607676487715,5.507329315542777,19.14324542302631,13.635916107483535,225,ok
B0055,52,4,1.089700148407426,1.2572591312230863,first_n_median,86.67267720277715,normal,,0,07440.csv,7440,126,2474.844,3.356165416087441,2.496005450177785,4.205832053797409,-1.720909576078404,-1.9907888064016417,0.0030356138462177,11.765625767571137,5.573561761773879,18.957146305546704,13.383584543772825,223,ok
B0055,53,4,1.075533547538172,1.2572591312230863,first_n_median,85.54589271440581,normal,,0,07442.csv,7442,128,2473.875,3.3655236596965747,2.4945789390502733,4.205960258814088,-1.6928963609340808,-1.990266430302993,0.0013938634104431,11.666664960009529,5.471875013474925,18.569611226697237,13.097736213222312,222,ok
B0055,54,4,1.0609866776144368,1.2572591312230863,first_n_median,84.38886234870994,normal,,0,07446.csv,7446,132,2495.5,3.3657531038090425,2.497451626540361,4.1982654098780685,-1.6674344219063135,-1.991098985092008,0.0018782138053998,11.708939176253061,4.7559665018276,18.389604150481876,13.633637648654275,223,ok
B0055,55,4,1.0518218041615568,1.2572591312230863,first_n_median,83.65990574578878,normal,,0,07448.csv,7448,134,2481.078,3.3849405998756663,2.494771530909891,4.206713417529564,-1.6377223794615257,-1.9906339241312176,0.0022043450938765,11.450092345609722,4.341162665276274,17.859841515218953,13.51867884994268,221,ok
B0055,56,4,1.0553857898132757,1.2572591312230863,first_n_median,83.94337838585238,normal,,0,07450.csv,7450,136,2460.125,3.410105370394735,2.4850759949386982,4.206861671465562,-1.6143852867459763,-1.990683911752466,0.0028249023072608,11.131625464424475,6.07471040588154,15.816276936907297,9.741566531025757,218,ok
B0055,57,4,1.0533102333691788,1.2572591312230863,first_n_median,83.77829257398179,normal,,0,07452.csv,7452,138,2440.547,3.3607031370514133,2.4972833794296387,4.203250203022516,-1.6847849277248685,-1.9905747713276665,0.0005137994958183,11.738832332367679,5.569532980827864,18.755426828419857,13.185893847591993,216,ok
B0055,58,4,1.0315365260084348,1.2572591312230863,first_n_median,82.0464533039371,normal,,0,07454.csv,7454,140,2449.922,3.3928240190547645,2.4994934553850463,4.206868467936627,-1.6204098129461206,-1.9902463993398891,0.0017702403766918,11.33070420089266,4.361361037075223,17.253309886018204,12.891948848942981,216,ok
B0055,59,4,1.0533401053259417,1.2572591312230863,first_n_median,83.78066853260646,normal,,0,07458.csv,7458,144,2408.781,3.3379943082200825,2.496397324750552,4.199652821200027,-1.7350634493263108,-1.990571689998828,0.0022491755572575,11.71743632355557,5.751869487900278,19.044660235871767,13.29279074797149,212,ok
B0055,60,4,1.0317876798810788,1.2572591312230863,first_n_median,82.06642960527442,normal,,0,07460.csv,7460,146,2442.547,3.383748883671106,2.498591356778633,4.206354715936561,-1.6355169727932206,-1.992243974592476,0.0012301642827289,11.448023523006356,4.340189960269769,17.632782962314124,13.292593002044356,214,ok
B0055,61,4,1.0354207912157296,1.2572591312230863,first_n_median,82.35540037068189,normal,,0,07462.csv,7462,148,2420.671,3.4034852057714984,2.4793908002585576,4.207116858721508,-1.620774629606393,-1.9907853647960991,0.0027021133440438,11.113362092407373,6.143775309699732,15.652866929465386,9.509091619765654,211,ok
B0055,62,4,1.0322251791310608,1.2572591312230863,first_n_median,82.10122746349768,normal,,0,07464.csv,7464,150,2409.906,3.3488479010139836,2.495919101086891,4.203805356740808,-1.695046194498669,-1.9905834799687467,0.0025523051765695,11.759912549960136,5.571328973227946,18.851175405607997,13.279846432380051,210,ok
B0055,63,4,1.011543397303472,1.2572591312230863,first_n_median,80.45623787352594,normal,,0,07466.csv,7466,152,2416.672,3.400337322032959,2.487748902505861,4.206451344410812,-1.607752495748955,-1.9921786004311488,0.0020930660281791,11.095152329208846,4.968805766113298,16.682382112943166,11.713576346829868,209,ok
B0055,64,4,1.0413760568150228,1.2572591312230863,first_n_median,82.82907086957894,normal,,0,07470.csv,7470,156,2395.75,3.3343052776040634,2.496210707787105,4.199840856194157,-1.7288529172580396,-1.989844699379149,0.0027024064178281,11.855416870953553,5.660378328396747,19.331265935552995,13.67088760715625,207,ok
B0055,65,4,1.02174193386881,1.2572591312230863,first_n_median,81.2674100743925,normal,,0,07472.csv,7472,158,2410.688,3.3786546268712,2.499306018937951,4.206363005983127,-1.6438464708058846,-1.9901768106891888,0.0023935756065588,11.501464461877692,4.351576620593823,17.796486773673443,13.44491015307962,208,ok
B0055,66,4,1.0133135547969283,1.2572591312230863,first_n_median,80.59703283372912,normal,,0,07474.csv,7474,160,2402.125,3.413323315609648,2.495131192399576,4.206927414011855,-1.5920409233304795,-1.990803712367652,0.0031216492128016,10.922543090852551,5.971615781064481,15.641866781260571,9.670251000196089,206,ok
B0055,67,4,1.029994255962691,1.2572591312230863,first_n_median,81.92378407788475,normal,,0,07476.csv,7476,162,2355.265,3.3358445561886736,2.498865224973231,4.202275822485786,-1.731928125216886,-1.9894496431673536,0.0022943405872625,11.679121657086682,5.84288321199093,18.47501778028561,12.632134568294681,202,ok
B0055,68,4,1.0189349807814327,1.2572591312230863,first_n_median,81.04415036462633,normal,,0,07478.csv,7478,164,2396.719,3.3537094650205534,2.499842473941914,4.20659875616185,-1.6777504908523246,-1.990447808855782,0.0010294081398047,11.716719550648065,5.307125762559343,18.598567041058164,13.291441278498821,205,ok
B0055,69,4,1.0290879520854015,1.2572591312230863,first_n_median,81.85169839126836,normal,,0,07482.csv,7482,168,2442.344,3.3664574186515495,2.4984245148092805,4.18778132479275,-1.6531774202404774,-1.9897273979460817,0.0010693248909807,11.332026451776493,4.793714682634252,17.70296113245331,12.909246449819058,208,ok
B0055,70,4,1.0567629241900045,1.2572591312230863,first_n_median,84.05291303487809,normal,,0,07486.csv,7486,172,2444.703,3.319131030823727,2.498165502515704,4.19944321827157,-1.748766373641858,-1.990141425142264,0.0024530517649134,11.967823512320054,5.442704349708029,19.648490501323845,14.205786151615817,208,ok
B0055,71,4,1.0291668536316647,1.2572591312230863,first_n_median,81.85797407018799,normal,,0,07488.csv,7488,174,2412.25,3.4032103094968886,2.4838403700559373,4.205593767786481,-1.6200178882302807,-1.989425250782484,0.0020891871811015,11.01544977025214,5.773805005802396,16.178060673787062,10.404255667984666,200,ok
B0055,72,4,1.032129844490102,1.2572591312230863,first_n_median,82.09364472748159,normal,,0,07490.csv,7490,176,2403.234,3.343831990901096,2.4989275943849365,4.202887645707948,-1.703990940961131,-1.990115909060455,0.0019185498554081,11.818028778074435,5.4874434269864585,18.88644438182567,13.39900095483921,203,ok
B0055,73,4,1.0409230283951276,1.2572591312230863,first_n_median,82.79303785071717,normal,,0,07492.csv,7492,178,2361.047,3.3724641292622257,2.497716849078165,4.206513407222774,-1.6883184479362592,-1.9926058063871197,0.0025736712210441,11.295282200562326,6.0802173107416,16.020151248713987,9.939933937972388,199,ok
B0055,74,4,1.011161098766987,1.2572591312230863,first_n_median,80.42583057506289,normal,,0,07494.csv,7494,180,2392.468,3.3553714698756965,2.497475666164784,4.203597448523021,-1.671488542905288,-1.990141813358955,0.0016074549539084,11.589249198689654,5.04978045716812,18.292174814306744,13.242394357138624,201,ok
B0055,75,4,1.0337876112911784,1.2572591312230863,first_n_median,82.22550034577911,normal,,0,07498.csv,7498,184,2373.89,3.327985568079429,2.499631738732727,4.19879054583806,-1.738115100941277,-1.989834931537412,0.0031801191906238,11.857143843844957,5.684780648332787,19.26049129848449,13.575710650151702,199,ok
B0055,76,4,1.003994224020383,1.2572591312230863,first_n_median,79.85579098906028,normal,,1,07500.csv,7500,186,2383.234,3.380340612404249,2.499611198369732,4.206474987547079,-1.6383784100519558,-1.9899806169770808,0.0025505804709288,11.276289724634314,4.098023303253593,17.24384546974176,13.145822166488166,199,ok
B0055,77,4,1.0334195479955004,1.2572591312230863,first_n_median,82.19622529129454,normal,,0,07502.csv,7502,188,2342.453,3.3795059063602477,2.4972946109355068,4.203906513751972,-1.6720302030703613,-1.9903659110556824,0.0030844110871244,11.220787392479364,6.154043751745358,15.900824096276386,9.746780344531029,195,ok
B0055,78,4,1.009893656411646,1.2572591312230863,first_n_median,80.32502062078497,normal,,0,07504.csv,7504,190,2359.296,3.3419486124359232,2.4950143445404667,4.203458601351602,-1.7040964736723387,-1.9909373483293216,0.0010004868661221,11.759447806620914,5.071936740792496,18.94850032004803,13.876563579255535,196,ok
B0055,79,4,1.0126262447940628,1.2572591312230863,first_n_median,80.54236550335969,normal,,0,07506.csv,7506,192,2345.453,3.3994343538904057,2.496127080556164,4.206479388387375,-1.6294399730001765,-1.990502094790344,0.0021262594521734,10.988248985047367,6.25364067071202,14.95747625778177,8.70383558706975,194,ok
B0055,80,4,0.9948742055727694,1.2572591312230863,first_n_median,79.13040206794413,normal,,1,07510.csv,7510,196,2360.172,3.3674537565378784,2.498292598142556,4.200091561431062,-1.6515379727772603,-1.989645979871128,0.0030464662893548,11.355681286808547,3.8800548728711344,17.70459844093717,13.824543568066034,195,ok
B0055,81,4,1.0240799556179332,1.2572591312230863,first_n_median,81.45337187741784,normal,,0,07512.csv,7512,198,2315.407,3.3529430513041807,2.4995493131113817,4.203624990778383,-1.7174483877318063,-1.9914645709614995,0.0026884006882836,11.443287391092776,6.148340867351155,16.746714545942115,10.59837367859096,191,ok
B0055,82,4,1.0208889510043029,1.2572591312230863,first_n_median,81.19956543971664,normal,,0,07514.csv,7514,200,2322.156,3.313138824967226,2.4954991257797223,4.203121026339225,-1.7693261826528028,-1.9904890532016013,0.0017931896221138,11.785825239943042,5.787016143586005,19.20127329879016,13.414257155204155,191,ok
B0055,83,4,1.016100815944114,1.2572591312230863,first_n_median,80.81872628402638,normal,,0,07516.csv,7516,202,2327.1570000000065,3.331207681083792,2.495394779769103,4.206360725269558,-1.7382171562180335,-1.9905162279081985,0.0015693472491334,11.72640480534808,5.641238888974559,18.921215014535083,13.279976125560523,191,ok
B0055,84,4,0.9987875345106276,1.2572591312230863,first_n_median,79.44166080853894,normal,,1,07518.csv,7518,204,2335.0,3.361184494584018,2.4987692806726884,4.206662505631524,-1.6759841309858239,-1.9908925129030703,0.0017426438602133,11.472788708066494,4.756256149278372,17.83845317353606,13.082197024257688,191,ok
B0055,85,4,1.0158868294923784,1.2572591312230863,first_n_median,80.80170620865596,normal,,0,07522.csv,7522,208,2329.375,3.317225424194071,2.4984561833393784,4.198906004577256,-1.7579493131782606,-1.9908017427512696,0.0035235815041069,11.802235485150675,5.698404620370843,19.413252469388496,13.714847849017653,190,ok
B0055,86,4,0.9963437517762594,1.2572591312230863,first_n_median,79.24728697790381,normal,,1,07524.csv,7524,210,2333.875,3.3671948983953452,2.495225392424711,4.2063268655944,-1.6637548048231787,-1.9912354426427308,0.002721909037869,11.363194027921853,4.512189814493232,17.555469742468727,13.043279927975494,190,ok
B0055,87,4,1.0053777381419529,1.2572591312230863,first_n_median,79.96583307085642,normal,,1,07526.csv,7526,212,2317.453,3.394889434849019,2.48261274521935,4.207127040760322,-1.6389209925149488,-1.990118242201512,0.0025048898448595,10.949818258159802,6.211606004685817,15.18160164516741,8.969995640481592,188,ok
B0055,88,4,1.009132291002791,1.2572591312230863,first_n_median,80.26446306427596,normal,,0,07528.csv,7528,214,2295.109,3.310050856120256,2.497894652809196,4.202430409703646,-1.7742280928785612,-1.990653705320796,0.0002211101454508,11.706437723845246,5.940874439372288,19.119001932657707,13.17812749328542,186,ok
B0055,89,4,0.9984581240784204,1.2572591312230863,first_n_median,79.41546012929736,normal,,1,07530.csv,7530,216,2326.657,3.3458687278652697,2.498867447840723,4.206373386837717,-1.6962395390509193,-1.9910685168887925,0.0025384475979368,11.583533228310797,5.136537248585617,18.259385299695204,13.122848051109587,184,ok
B0055,90,4,1.0892389324114138,1.2572591312230863,first_n_median,86.63599295968373,normal,,0,07534.csv,7534,220,2479.297,3.2453384054657453,2.49494387511604,4.181574605333568,-1.8679808387813042,-1.9898551893530096,0.0019286316389317,11.961499960858754,5.168854919273502,20.334330441428275,15.165475522154772,200,ok
B0055,91,4,1.0793936031703524,1.2572591312230863,first_n_median,85.85291419759244,normal,,0,07538.csv,7538,224,2463.578,3.3032859676964024,2.499224528115884,4.194441045655941,-1.7868262879672983,-1.989802834953792,0.0016730136650589,11.522596039987194,5.778759295022704,18.82433959610769,13.045580301084987,198,ok
B0055,92,4,1.032614295314224,1.2572591312230863,first_n_median,82.13217702461041,normal,,0,07540.csv,7540,226,2458.812,3.3954172971180325,2.492495487385769,4.204880578247997,-1.61471261152207,-1.990332615385347,0.0021399166713433,10.721858182752005,4.90935771345217,16.215064274032724,11.305706560580553,197,ok
B0055,93,4,1.0498572649026638,1.2572591312230863,first_n_median,83.50365002967544,normal,,0,07542.csv,7542,228,2400.672,3.319390417324327,2.495661665849974,4.202840264863921,-1.7601408237271083,-1.9905492967668528,0.0021684043207868,11.411543894379703,5.843736618132186,18.624861324787787,12.7811247066556,192,ok
B0055,94,4,1.0453902697248565,1.2572591312230863,first_n_median,83.14835372942413,normal,,0,07544.csv,7544,230,2396.407,3.384442477808506,2.498900329146198,4.205754690488186,-1.6551157920024593,-1.98999253160494,0.0014848417196671,10.810513729948518,6.247749132704212,15.137573162785118,8.889824030080906,191,ok
B0055,95,4,1.0001607736713514,1.2572591312230863,first_n_median,79.55088563949226,normal,,1,07546.csv,7546,232,2392.375,3.396001919549735,2.489889091081545,4.207084563921945,-1.6115078715312525,-1.9901197988107224,0.0018180403797146,10.714176302518482,4.553234100913507,16.113386903826303,11.560152802912796,190,ok
B0055,96,4,1.0084094786878155,1.2572591312230863,first_n_median,80.20697194752644,normal,,0,07550.csv,7550,236,2373.687,3.4091500642055776,2.498768290819146,4.198111672339926,-1.5964976013167924,-1.9897475031713527,0.0030381689253116,10.478734086554464,5.225750777207206,14.51027225857862,9.284521481371414,188,ok
B0055,97,4,1.003655158082039,1.2572591312230863,first_n_median,79.82882232922529,normal,,1,07552.csv,7552,238,2385.922,3.318069571504016,2.4975933279193185,4.203133911551857,-1.724633006126093,-1.9897262444197572,0.0058359026979377,11.577446477629389,5.149777395390148,18.79688115527297,13.647103759882823,189,ok
B0055,98,4,1.028526967659532,1.2572591312230863,first_n_median,81.8070787570229,normal,,0,07554.csv,7554,240,2345.0,3.3705488423522825,2.495932540383024,4.206432255358412,-1.6761541599227183,-1.9919373010273944,0.0019369491435675,10.889278314878903,6.180586109765796,15.51511607516065,9.334529965394854,185,ok
B0055,99,4,0.9816844358987022,1.2572591312230863,first_n_median,78.0813128749123,normal,,1,07556.csv,7556,242,2363.047000000006,3.358032061134384,2.493973960448579,4.203481073295822,-1.6566423606087435,-1.9911024104896389,0.0015022496896493,11.125862267460422,4.230529685833689,17.410882869971065,13.180353184137376,186,ok
B0055,100,4,1.0127121434171131,1.2572591312230863,first_n_median,80.54919771645858,normal,,0,07558.csv,7558,244,2316.687,3.3305932142592156,2.4945849403498523,4.20306302939134,-1.7366403960823258,-1.9901681479381788,0.0025435201299524,11.180258248103398,6.030631603343591,17.541633082707207,11.511001479363618,182,ok
B0055,101,4,1.0201379996149256,1.2572591312230863,first_n_median,81.13983619450951,normal,,0,07562.csv,7562,248,2322.0,3.345081227582777,2.4970956728658367,4.197674431245264,-1.7132159087232544,-1.9909302972480336,0.0033791207132014,11.102809730123198,6.114851213625412,16.68412644043965,10.569275226814236,181,ok
B0055,102,4,0.9907591663373164,1.2572591312230863,first_n_median,78.8030996739301,normal,,1,07564.csv,7564,250,2357.687,3.3411218242164646,2.496842059818817,4.20280430699626,-1.6853564371512757,-1.9899104414591309,0.0015846798064991,11.41292758502581,4.948656251290236,18.127312484256297,13.17865623296606,184,ok
B0056,1,4,0.7852781208785192,1.2973654679476911,first_n_median,60.528674477574505,normal,,1,07062.csv,7062,0,2660.313,3.2954766160397124,2.689656173110366,3.8387228819147694,-1.082554743304369,-1.998659884695217,0.004623557553845,9.97935642991351,6.293379384392066,15.737541036017063,9.444161651624999,280,ok
B0056,2,4,1.3443555553017368,1.2973654679476911,first_n_median,103.62196223924316,normal,,0,07066.csv,7066,4,2826.0,3.278114932402385,2.686775295531401,4.14918086948454,-1.7199163116216973,-1.9959503490046475,0.0074926515555551,11.067443145348815,5.134434306769039,14.09017680302044,8.955742496251402,299,ok
B0056,3,4,1.317502710734752,1.2973654679476911,first_n_median,101.5521642347176,normal,,0,07068.csv,7068,6,2818.578,3.3106158390566507,2.698313212370538,4.17533419262966,-1.6905155460333223,-1.996169566048845,0.0027426893502046,10.889462468094056,6.309523595846732,14.9073664521439,8.597842856297168,296,ok
B0056,4,4,1.2973654679476911,1.2973654679476911,first_n_median,100.0,normal,,0,07070.csv,7070,8,2713.812,3.3172843725733268,2.692589583576849,4.177469814791119,-1.726708354723348,-1.996337766770787,0.0042138769813703,10.764459531712715,5.211287405874109,14.04619289990165,8.834905494027542,284,ok
B0056,5,4,1.263960414854898,1.2973654679476911,first_n_median,97.42516246053344,normal,,0,07072.csv,7072,10,2786.578,3.344030455029123,2.6980823652266586,4.177333358996554,-1.6420112923998627,-1.9969110305254825,0.002802622353711,10.65574896441831,6.178935155399547,14.458798502682042,8.279863347282495,289,ok
B0056,6,4,1.2589496187032136,1.2973654679476911,first_n_median,97.0389338861279,normal,,0,07074.csv,7074,12,2667.89,3.336353669510842,2.699291592092144,4.178105672730461,-1.7046338232855287,-1.9971248669228028,0.0032332126433805,10.604398240583924,5.39439129102979,13.79068771013097,8.39629641910118,276,ok
B0056,7,4,1.28061976902026,1.2973654679476911,first_n_median,98.70925353409312,normal,,0,07078.csv,7078,16,2530.172,3.3009005971377725,2.6902918098264004,4.169426750713255,-1.8247670015083761,-1.997374519568108,0.0034146019954467,10.747618198190096,4.426819588312324,14.881216824496482,10.454397236184157,260,ok
B0056,8,4,1.2572786868607095,1.2973654679476911,first_n_median,96.91013965784096,normal,,0,07080.csv,7080,18,2446.062,3.3051103949821674,2.6937716432028966,4.178499777464705,-1.8506548604930126,-1.9974455810197207,0.0059064642800569,10.642275000961929,5.312147533516523,14.283153326557814,8.971005793041291,251,ok
B0056,9,4,1.2226260041048898,1.2973654679476911,first_n_median,94.23913571855492,normal,,0,07082.csv,7082,20,2713.25,3.3671071393351695,2.6912557599593363,4.178690194193401,-1.6314150295742418,-1.997549921598698,0.0010713774774085,10.449432487805073,5.6515867328868215,13.24625881226546,7.594672079378638,275,ok
B0056,10,4,1.2292772249257495,1.2973654679476911,first_n_median,94.75180705020225,normal,,0,07084.csv,7084,22,2676.578,3.350670766767032,2.698815560187372,4.178597106977031,-1.6616088416098966,-1.9978221218978045,0.0027056703241456,10.535109718676143,5.220334657606481,14.784638313108044,9.564303655501563,270,ok
B0056,11,4,1.2275780135689456,1.2973654679476911,first_n_median,94.62083305723075,normal,,0,07086.csv,7086,24,2394.734,3.316178080747263,2.698364593875605,4.179016949083667,-1.8455069420958794,-1.9994834284107947,0.0038419532959405,10.596589405147556,5.570469230692195,13.967206000860529,8.396736770168333,242,ok
B0056,12,4,1.2133872888296768,1.2973654679476911,first_n_median,93.527022169716,normal,,0,07090.csv,7090,28,2673.0,3.3637533511944144,2.690491235069901,4.170255325585353,-1.6426461298564279,-1.9966769679348089,0.0031136212733109,10.518875176620943,6.084434485536904,14.10183741263998,8.017402927103078,267,ok
B0056,13,4,1.230223614493081,1.2973654679476911,first_n_median,94.82475407944824,normal,,0,07092.csv,7092,30,2619.578,3.345736483227564,2.695326027100301,4.1791853671260935,-1.6956317121625684,-1.9987446420077768,0.0034177533469387,10.55326910161315,4.921795521823371,15.014735099158155,10.092939577334786,261,ok
B0056,14,4,1.1927530108462678,1.2973654679476911,first_n_median,91.93654681846049,normal,,0,07094.csv,7094,32,2640.016,3.373106355519255,2.69100578312218,4.179445713445421,-1.6346840292281264,-1.996670402669732,0.0022451805638626,10.414707663905276,6.116609695035815,13.814334631047265,7.69772493601145,261,ok
B0056,15,4,1.18671066359878,1.2973654679476911,first_n_median,91.47080702525892,normal,,0,07096.csv,7096,34,2621.187,3.3697897239570302,2.6980104623652483,4.1797547856645245,-1.6381228999586526,-1.997770382383616,0.0032653842932197,10.394183210718758,6.316690675392846,14.16755708920704,7.850866413814194,258,ok
B0056,16,4,1.1914875140242167,1.2973654679476911,first_n_median,91.83900323083492,normal,,0,07098.csv,7098,36,2616.453,3.3623304120622954,2.6918100210263542,4.179854576648961,-1.6445053548128659,-1.996548124766132,0.0030588278959838,10.441904510807989,6.052444172595308,14.498480751440637,8.446036578845328,257,ok
B0056,17,4,1.214178606017816,1.2973654679476911,first_n_median,93.58801633116774,normal,,0,07102.csv,7102,40,2565.109,3.3440747440292173,2.6994455277907243,4.171853041375375,-1.7073520267726885,-1.9978026678137104,0.0037009288855311,10.556505695788386,4.304297219399819,14.957470899011565,10.653173679611745,251,ok
B0056,18,4,1.2094387558721402,1.2973654679476911,first_n_median,93.22267208062485,normal,,0,07104.csv,7104,42,2532.531,3.344993026252809,2.6974370448855804,4.179639783717689,-1.7217523886019717,-1.9976555316387103,0.003158961945327,10.536326582207261,5.213080935275404,15.001521036754518,9.788440101479114,242,ok
B0056,19,4,1.207072299940321,1.2973654679476911,first_n_median,93.0402673542556,normal,,0,07106.csv,7106,44,2556.593,3.350361911675404,2.687185471488668,4.180054992180052,-1.7041819303581027,-1.9970386663902504,0.0041274895103375,10.495199596430949,5.597688862446929,14.338173356663557,8.740484494216627,248,ok
B0056,20,4,1.162961249391913,1.2973654679476911,first_n_median,89.64021920759208,normal,,0,07108.csv,7108,46,2577.891,3.37818787285201,2.687470388534462,4.174069945070663,-1.6317327720996542,-1.9977714431306908,0.0015311077226198,10.301909086360435,6.078427429770419,13.436612124692124,7.358184694921705,248,ok
B0056,21,4,1.17887968705904,1.2973654679476911,first_n_median,90.86720096873825,normal,,0,07110.csv,7110,48,2572.36,3.3620625284471575,2.699656546174108,4.180243969445706,-1.654732613269804,-1.9978617916136057,0.0031207697291047,10.453998023862313,5.116793486932669,14.639269846531356,9.522476359598688,247,ok
B0056,22,4,1.2945104146044433,1.2973654679476911,first_n_median,99.77993453550414,normal,,0,07114.csv,7114,52,2697.75,3.346029829980996,2.6854368250416094,4.160878235645104,-1.7304356189135515,-1.9980492124102964,0.0022851607635622,10.390292640584766,5.8914322039769536,13.577353530338334,7.68592132636138,258,ok
B0056,23,4,1.2602567563003473,1.2973654679476911,first_n_median,97.13968711483848,normal,,0,07118.csv,7118,56,2683.406,3.3654291392154736,2.690427787524509,4.170401928183799,-1.69638971406972,-1.9972356722093,0.003737113994385,10.29031089579849,6.05311982524561,13.568274326866668,7.5151545016210575,255,ok
B0056,24,4,1.2408721291565108,1.2973654679476911,first_n_median,95.64553395424132,normal,,0,07120.csv,7120,58,2646.156,3.3689721031647792,2.6939728433831345,4.179668272690069,-1.6918741720619472,-1.9980211141662236,0.003260175405835,10.263087503889402,5.823430858098223,13.222923404873027,7.3994925467748045,251,ok
B0056,25,4,1.252197340273113,1.2973654679476911,first_n_median,96.51847310642314,normal,,0,07122.csv,7122,60,2593.531,3.3465295769688743,2.6814059367851253,4.179757059071528,-1.7414082441068879,-1.9972921065349984,0.0060114207639521,10.400005286038285,5.53869752832389,14.117236767649958,8.578539239326068,245,ok
B0056,26,4,1.2279025700477384,1.2973654679476911,first_n_median,94.64584963789451,normal,,0,07124.csv,7124,62,2604.125,3.352812339869088,2.695307365997281,4.179381275805115,-1.7007572591990596,-1.99764011344434,0.0024761417614236,10.409833153074386,3.424938930685151,14.72590749283402,11.300968562148869,245,ok
B0056,27,4,1.1917170308946994,1.2973654679476911,first_n_median,91.8566942266378,normal,,0,07126.csv,7126,64,2588.594,3.3743035968482755,2.687952325629709,4.179761909304835,-1.6642520477871068,-1.9963245471931028,0.0033035605274213,10.249617197163523,6.350021063353402,13.782905674311683,7.432884610958281,242,ok
B0056,28,4,1.1858570240011006,1.2973654679476911,first_n_median,91.4050090971678,normal,,0,07130.csv,7130,68,2579.203,3.3764282291064944,2.696650296000414,4.17225893612502,-1.661218424865919,-1.9964370552261024,0.0020006615524911,10.237028804942252,6.212494977901734,13.53465268656202,7.322157708660285,240,ok
B0056,29,4,1.1840938286611429,1.2973654679476911,first_n_median,91.26910326465423,normal,,0,07132.csv,7132,70,2555.453,3.375019443182964,2.683210476599473,4.180576245666881,-1.6741395350666335,-1.9977877783000189,0.0022855211247853,10.198234922837491,6.0965420969346615,12.997563677985069,6.901021581050407,237,ok
B0056,30,4,1.2059829135917657,1.2973654679476911,first_n_median,92.95629823564798,normal,,0,07134.csv,7134,72,2525.609,3.3500962120625943,2.6972876615572554,4.180487517962948,-1.7210677294448378,-1.9977122672890133,0.0030058078747593,10.430944576015767,5.21139627291658,14.9075480868495,9.696151813932921,234,ok
B0056,31,4,1.165428493679393,1.2973654679476911,first_n_median,89.83039262814589,normal,,0,07136.csv,7136,74,2536.172,3.379062729502439,2.683737907365728,4.18039553298969,-1.660218253465555,-1.9993057278946789,0.0032857943579778,10.139534423823738,6.255965125187059,13.20576446654183,6.949799341354771,233,ok
B0056,32,4,1.1790060613193858,1.2973654679476911,first_n_median,90.87694180610968,normal,,0,07138.csv,7138,76,2536.204,3.3612064036489087,2.69363443342256,4.180559366384886,-1.6771366747493928,-1.997237284045861,0.0041197457254577,10.308440154694576,4.436574189222228,14.51158708545384,10.075012896231613,233,ok
B0056,33,4,1.2013113747183153,1.2973654679476911,first_n_median,92.59621936898596,normal,,0,07142.csv,7142,80,2488.86,3.3463562838477823,2.6943722854819816,4.172113004233132,-1.7399898086415906,-1.997516578108804,0.0027730294767697,10.36840954285901,5.843254805327094,14.30233008977442,8.459075284447326,228,ok
B0056,34,4,1.165597803317432,1.2973654679476911,first_n_median,89.84344289364329,normal,,0,07144.csv,7144,82,2518.547,3.368266919681875,2.688897787724772,4.180373353367004,-1.6716395639461556,-1.9971577867500607,0.0027418357980324,10.204673365751807,5.851530999861755,14.15321706372225,8.301686063860496,229,ok
B0056,35,4,1.180303335055002,1.2973654679476911,first_n_median,90.97693473544734,normal,,0,07146.csv,7146,84,2485.766,3.3594964247247177,2.6882331708894665,4.180733041897962,-1.7116000565977858,-1.998331732478157,0.0027201717102978,10.315613775538878,5.91378656366684,13.855287867564956,7.941501303898115,226,ok
B0056,36,4,1.1658134189695046,1.2973654679476911,first_n_median,89.86006239349894,normal,,0,07148.csv,7148,86,2506.718,3.361567624174783,2.689459077872609,4.180279081248084,-1.6774896727466349,-1.9970287986633808,0.0045186068602737,10.276786926763112,4.383632932786695,14.492855960891132,10.109223028104438,227,ok
B0056,37,4,1.176396051577376,1.2973654679476911,first_n_median,90.67576412668996,normal,,0,07150.csv,7150,88,2459.297,3.355757582090394,2.6894641263415138,4.180999495499183,-1.7243823805848957,-1.9978411043695117,0.0023823699703963,10.32641766409495,5.890742770262958,14.065463723343733,8.174720953080776,222,ok
B0056,38,4,1.1458325512940766,1.2973654679476911,first_n_median,88.31995144025798,normal,,0,07154.csv,7154,92,2488.734,3.377027547912211,2.6842747820981163,4.172470795694908,-1.6629834811063648,-1.996969373310469,0.0017083176668616,10.173012177291527,6.294398176572229,13.412858944276625,7.118460767704396,223,ok
B0056,39,4,1.167557759980296,1.2973654679476911,first_n_median,89.99451494783975,normal,,0,07156.csv,7156,94,2491.375,3.357651728668808,2.6890536637756743,4.181062785086551,-1.689827294587583,-1.9983414092740528,0.0041022435179154,10.359918034435648,3.4706366198583978,14.60610388019012,11.135467260331723,223,ok
B0056,40,4,1.145636654711916,1.2973654679476911,first_n_median,88.3048518721717,normal,,0,07158.csv,7158,96,2467.328,3.3773583743313456,2.697570405713833,4.181144967626914,-1.6766143500201733,-1.9966505293094987,0.0016751730449656,10.160882493726476,6.181852228029927,13.208123302069437,7.02627107403951,220,ok
B0056,41,4,1.1443667002824445,1.2973654679476911,first_n_median,88.2069646953625,normal,,0,07160.csv,7160,98,2466.125,3.365617870156837,2.6861014784430512,4.1812569980664405,-1.675151077790599,-1.9978856754777936,0.0014068645796714,10.194404833993097,5.4282756124962095,14.33986737197622,8.911591759480011,219,ok
B0056,42,4,1.1605177686388095,1.2973654679476911,first_n_median,89.45187746322848,normal,,0,07162.csv,7162,100,2459.312999999994,3.356825640396486,2.6984158813975863,4.181218970555332,-1.7007993161787647,-1.9982856792977777,0.0042307276659578,10.45640074188921,5.462658317326679,14.869194370874,9.40653605354732,218,ok
B0056,43,4,1.227201304260248,1.2973654679476911,first_n_median,94.59179657383388,normal,,0,07166.csv,7166,104,2559.125,3.3493744607237104,2.6966170938157865,4.162741220330822,-1.7280902642659892,-1.997330304637193,0.0038058283996317,10.313619268601707,6.346473966012052,14.255223899564948,7.908749933552896,226,ok
B0056,44,4,1.2454797202045476,1.2973654679476911,first_n_median,96.00068376837392,normal,,0,07170.csv,7170,108,2534.156,3.3378261700959464,2.6938401614375964,4.171908005371084,-1.7697668005317093,-1.998225530162105,0.0021531070220713,10.450923975542697,5.330043312887019,15.145967765545794,9.815924452658775,223,ok
B0056,45,4,1.1722288849037228,1.2973654679476911,first_n_median,90.35456190753077,normal,,0,07172.csv,7172,110,2521.985,3.379813223194436,2.694145271746648,4.1801184107331695,-1.6776635778147013,-1.9969891662839132,0.0032148263578494,10.066401247840554,6.34658464709465,13.36575567843813,7.019171031343481,221,ok
B0056,46,4,1.1953514999944956,1.2973654679476911,first_n_median,92.13683649877224,normal,,0,07174.csv,7174,112,2503.172,3.3529139626798687,2.6949310922042096,4.180978585892375,-1.7206408430840379,-1.997363772478968,0.0043096716981464,10.43749851062521,4.116504475200627,14.761564527480054,10.645060052279426,219,ok
B0056,47,4,1.1919514716203925,1.2973654679476911,first_n_median,91.8747647496697,normal,,0,07176.csv,7176,114,2474.344,3.3506050479395064,2.698968781686075,4.180622872978541,-1.7353946887212042,-1.99808080514684,0.0014162939162654,10.413907415221043,5.58901887421474,14.927522519928406,9.338503645713665,216,ok
B0056,48,4,1.2296223665252586,1.2973654679476911,first_n_median,94.77841031721032,normal,,0,07178.csv,7178,116,2349.64,3.282678428854045,2.69347301500386,4.109379346813982,-1.8819520327756425,-1.9983807330397183,0.003967090750038,10.513733364328893,5.665521103919391,15.38684146714604,9.72132036322665,215,ok
B0056,49,4,1.2774519419396988,1.2973654679476911,first_n_median,98.46507969419798,normal,,0,07182.csv,7182,120,2560.688,3.33124930750755,2.6975073541494394,4.169898025659996,-1.7966492983038744,-1.99817268738769,0.0031118017365223,10.477654553290117,5.573068872747025,15.06186195706642,9.488793084319394,233,ok
B0056,50,4,1.2433879751668584,1.2973654679476911,first_n_median,95.83945356074416,normal,,0,07184.csv,7184,122,2522.375,3.3452443163116463,2.68847764541694,4.18030832398499,-1.7761136080338402,-1.997470740297483,0.0019168976886098,10.31728183321325,6.1258339997928415,14.19417584217932,8.068341842386477,229,ok
B0056,51,4,1.230802542912592,1.2973654679476911,first_n_median,94.86937746690644,normal,,0,07186.csv,7186,124,2488.719,3.341356791517586,2.695809647268888,4.1803883737342336,-1.7812712509429693,-1.9980970694464453,0.0023496058284812,10.380685727786513,5.9005666328317705,14.670219241896357,8.769652609064586,225,ok
B0056,52,4,1.2162358534094664,1.2973654679476911,first_n_median,93.7465874849772,normal,,0,07188.csv,7188,126,2474.844,3.3435875505910966,2.6988862295180773,4.180539223969872,-1.770178297141129,-1.997256112978706,0.0026045242510488,10.36448134266215,5.903527281130212,14.756439650219583,8.85291236908937,223,ok
B0056,53,4,1.2088335726499548,1.2973654679476911,first_n_median,93.1760249918024,normal,,0,07190.csv,7190,128,2473.875,3.3430796751998537,2.6881817818985594,4.180613197410378,-1.7603312590728741,-1.9977292149583488,0.0022368027077908,10.418606978035179,5.8489381468345405,15.074941469247385,9.226003322412843,222,ok
B0056,54,4,1.1946181162240357,1.2973654679476911,first_n_median,92.08030780361436,normal,,0,07194.csv,7194,132,2495.5,3.3475631632118508,2.693866336049454,4.171995741541347,-1.725357477499951,-1.9968867131079735,0.0034084547288534,10.467474839092922,4.845099517773972,14.772345213065618,9.927245695291646,223,ok
B0056,55,4,1.1734248134794991,1.2973654679476911,first_n_median,90.446743224617,normal,,0,07196.csv,7196,134,2481.078,3.3573308617480517,2.692863343941837,4.180481328623388,-1.7049184863619542,-1.9974954691900964,0.005005383573287,10.24758606535621,3.728912857451424,14.624267787138264,10.895354929686839,221,ok
B0056,56,4,1.1404596305913128,1.2973654679476911,first_n_median,87.90581056511482,normal,,0,07198.csv,7198,136,2460.125,3.382778882292665,2.6912645328393867,4.181058054860729,-1.6737250543608966,-1.9970688320372325,0.0021237016379272,10.06027633089391,6.373094745752049,12.974017575008304,6.600922829256255,218,ok
B0056,57,4,1.1821716406845988,1.2973654679476911,first_n_median,91.12094239371748,normal,,0,07200.csv,7200,138,2440.547,3.3460645335108428,2.6880196285337377,4.18149130108492,-1.7445639059237334,-1.9973808016244436,0.0028396049015322,10.46181981941412,5.93429573355944,14.962343761280408,9.028048027720967,216,ok
B0056,58,4,1.1480663382055174,1.2973654679476911,first_n_median,88.49213013366614,normal,,0,07202.csv,7202,140,2449.922,3.3641915924918147,2.6997902360046213,4.180595098911064,-1.6890678369808096,-1.9972649359124228,0.0044539558153769,10.21776828052081,3.743950457401352,14.288936379622092,10.54498592222074,216,ok
B0056,59,4,1.1825381935034152,1.2973654679476911,first_n_median,91.14919602215696,normal,,0,07206.csv,7206,144,2408.781,3.340090097397974,2.6973629105606647,4.173047661044039,-1.7678866953516275,-1.99737218946031,0.0025138288953142,10.382854030148234,6.114072720010311,14.731654795183925,8.617582075173614,212,ok
B0056,60,4,1.15520928628466,1.2973654679476911,first_n_median,89.0427034497913,normal,,0,07208.csv,7208,146,2442.547,3.35648490646885,2.691300691707842,4.180864505746636,-1.704950103976557,-1.9971710052373428,0.0035031383941846,10.344585715881983,4.3307844113005975,14.530184451529058,10.199400040228461,214,ok
B0056,61,4,1.1216816712671696,1.2973654679476911,first_n_median,86.4584189250515,normal,,0,07210.csv,7210,148,2420.671,3.3822432790887746,2.689936372979849,4.181146414659693,-1.6727370538477788,-1.9985618755593448,0.001167977176898,10.028217431506214,6.442077206808246,12.920963346782584,6.478886139974337,211,ok
B0056,62,4,1.162666262561457,1.2973654679476911,first_n_median,89.61748183421935,normal,,0,07212.csv,7212,150,2409.906,3.3475849268060007,2.6913240152919484,4.181695073360697,-1.7375416574771907,-1.9981998904229497,0.0026416556786705,10.497532395250285,5.941505902318034,14.975497658516607,9.033991756198574,210,ok
B0056,63,4,1.124695615744926,1.2973654679476911,first_n_median,86.69073160426318,normal,,0,07214.csv,7214,152,2416.672,3.368899621618762,2.686923064348457,4.180846468482689,-1.6790843732728173,-1.996923639616402,0.0020681754728745,10.078456668334661,4.463108983552895,14.006665059857031,9.543556076304135,209,ok
B0056,64,4,1.1664177948797931,1.2973654679476911,first_n_median,89.90664725529925,normal,,0,07218.csv,7218,156,2395.75,3.340217809060051,2.6874437664677444,4.17358432175774,-1.7528301920007388,-1.9980323886030191,0.0048090818704853,10.437586290235986,6.0438417076765605,15.065495014920012,9.02165330724345,207,ok
B0056,65,4,1.1346745156379463,1.2973654679476911,first_n_median,87.45989805269701,normal,,0,07220.csv,7220,158,2410.688,3.3606706640426602,2.699800435335948,4.181103233539769,-1.696361090547745,-1.998026842266808,0.0032740801973608,10.327680053270171,4.395353055146922,14.438517748547325,10.043164693400403,208,ok
B0056,66,4,1.1012231317092755,1.2973654679476911,first_n_median,84.88148936562231,normal,,0,07222.csv,7222,160,2402.125,3.384477709863685,2.697960709571132,4.181672942091641,-1.6547810696984198,-1.9970444217112648,0.0021371517886426,9.931318938388468,5.467033052002404,13.194289211464437,7.727256159462033,206,ok
B0056,67,4,1.1560733948472832,1.2973654679476911,first_n_median,89.1093083181936,normal,,0,07224.csv,7224,162,2355.265,3.3408256322235093,2.6834783907862354,4.181798435766776,-1.7665140217971276,-1.9970743538086635,0.0041515968391919,10.341385046767083,6.1840581710617695,14.482501609291248,8.298443438229478,202,ok
B0056,68,4,1.1385609898764002,1.2973654679476911,first_n_median,87.75946470022016,normal,,0,07226.csv,7226,164,2396.719,3.3541889238828593,2.699619006890264,4.181361272735532,-1.7114334458397396,-1.9974408693161616,0.0020928520034813,10.494744894336083,5.706523784496858,14.720749328790644,9.014225544293787,205,ok
B0056,69,4,1.1757265448773706,1.2973654679476911,first_n_median,90.62415903032,normal,,0,07230.csv,7230,168,2442.344,3.340961153961277,2.689809371052332,4.16432577440784,-1.7341386416649764,-1.9965313509817573,0.0036443826698351,10.206418347273608,4.307718499726119,14.529077890794348,10.22135939106823,208,ok
B0056,70,4,1.1969385632452556,1.2973654679476911,first_n_median,92.25916619614507,normal,,0,07234.csv,7234,172,2444.703,3.3371235826921466,2.688916524535636,4.172633979258993,-1.76327611270095,-1.9980007270295648,0.0034020074710463,10.592911474763564,5.891844878630556,15.244128605525711,9.352283726895156,208,ok
B0056,71,4,1.1267457988726266,1.2973654679476911,first_n_median,86.84875824967281,normal,,0,07236.csv,7236,174,2412.25,3.376237517393404,2.698695743312111,4.180507540870247,-1.684432789415394,-1.9963931274279252,0.0023369148883525,9.984423245892257,5.246700336751547,13.512900564234096,8.26620022748255,200,ok
B0056,72,4,1.1601031368559531,1.2973654679476911,first_n_median,89.41991794271556,normal,,0,07238.csv,7238,176,2403.234,3.348647645780763,2.697889593175275,4.181900407397767,-1.7382277088571685,-1.9973201800320188,0.0039821980126532,10.532756069231716,5.874849632040624,14.862132323599852,8.987282691559228,203,ok
B0056,73,4,1.1361458729690277,1.2973654679476911,first_n_median,87.57330922074738,normal,,0,07240.csv,7240,178,2361.047,3.362242476728691,2.695993320018532,4.181297616479253,-1.7328967687649997,-1.9964731697990847,0.0025962369202408,10.144690849516095,6.410388406245794,13.378405270944848,6.968016864699054,199,ok
B0056,74,4,1.1397253894261876,1.2973654679476911,first_n_median,87.84921578259092,normal,,0,07242.csv,7242,180,2392.468,3.351293107048021,2.6955474945092024,4.181657232676167,-1.7156881587629866,-1.9984147436126416,0.0037626166712808,10.418716582380117,5.384732504738278,14.806201026240291,9.421468521502014,201,ok
B0056,75,4,1.1560010024767575,1.2973654679476911,first_n_median,89.10372836618207,normal,,0,07246.csv,7246,184,2373.89,3.3414098071318334,2.699727848412594,4.172972784971319,-1.7530374056679272,-1.997322036385649,0.0023322700554823,10.532972017810645,6.101848075316235,15.144104218787898,9.042256143471663,199,ok
B0056,76,4,1.126818619026835,1.2973654679476911,first_n_median,86.85437117494385,normal,,0,07248.csv,7248,186,2383.234,3.35783559274309,2.695330424081241,4.18131610574028,-1.702815564152015,-1.9984597486368607,0.0033477922608708,10.294250246042282,4.084166515359861,14.39832488350013,10.31415836814027,199,ok
B0056,77,4,1.116688355680394,1.2973654679476911,first_n_median,86.07353774005476,normal,,0,07250.csv,7250,188,2342.453,3.36675593545663,2.6854130230502054,4.18166924078605,-1.7175512283850776,-1.9966874158615944,0.0025037042003981,10.050387765399135,6.429628140459934,13.069857113335043,6.64022897287511,195,ok
B0056,78,4,1.1330613197666846,1.2973654679476911,first_n_median,87.33555407167418,normal,,0,07252.csv,7252,190,2359.296,3.3487514550466417,2.690400334997493,4.182044120407073,-1.7291690081472488,-1.996813128658143,0.0040630626732428,10.472005861254317,5.451623395786474,14.625776758086843,9.17415336230037,196,ok
B0056,79,4,1.0893839897995972,1.2973654679476911,first_n_median,83.96893679642167,normal,,0,07254.csv,7254,192,2345.453,3.3810092385566413,2.6887925590382147,4.1815714469098,-1.6749388332386832,-1.996118783382572,0.0025601995835908,9.909401931448466,6.11049109042055,12.585237711150564,6.474746620730014,194,ok
B0056,80,4,1.112083645925937,1.2973654679476911,first_n_median,85.71861001396528,normal,,0,07258.csv,7258,196,2360.172,3.3564306318997588,2.6988640537115023,4.174449328074176,-1.6967956767696222,-1.9966626412426896,0.0026089222798205,10.242760595982558,3.478832252819572,14.409091639662265,10.930259386842692,195,ok
B0056,81,4,1.1279950254648337,1.2973654679476911,first_n_median,86.94504773964844,normal,,0,07260.csv,7260,198,2315.407,3.3508758903963662,2.680924614006194,4.181914870814706,-1.753415191734097,-1.9961541065626969,0.0037956445854832,10.216290881964335,6.434721330714935,13.639615611059916,7.204894280344981,191,ok
B0056,82,4,1.1386774565024178,1.2973654679476911,first_n_median,87.7684418642418,normal,,0,07262.csv,7262,200,2322.156,3.338909543714827,2.689418119708915,4.181346159150703,-1.764019308767849,-1.996805159927613,0.0041820034148517,10.357968672788795,6.134456958282581,14.880692487289394,8.746235529006814,191,ok
B0056,83,4,1.1271136962200643,1.2973654679476911,first_n_median,86.87711551341435,normal,,0,07264.csv,7264,202,2327.1570000000065,3.346321199511455,2.6980519577561664,4.181554177966883,-1.743062159577205,-1.9972871538382808,0.0029903163385119,10.4126408516178,6.005594338757506,14.94384328293818,8.938248944180675,191,ok
B0056,84,4,1.110150886965375,1.2973654679476911,first_n_median,85.56963433916027,normal,,0,07266.csv,7266,204,2335.0,3.3538216131821788,2.690667005796631,4.181615967935099,-1.711553001717173,-1.9961673384143368,0.0031192335725896,10.355563284677743,5.030235174367,14.50969090814752,9.47945573378052,191,ok
B0056,85,4,1.1344632260422465,1.2973654679476911,first_n_median,87.44361200216463,normal,,0,07270.csv,7270,208,2329.375,3.339346853440726,2.690672584400043,4.173516161117117,-1.7522810293736752,-1.9977234858011128,0.0023584820069415,10.41665753464741,6.089161695473585,15.062267575750978,8.973105880277393,190,ok
B0056,86,4,1.108458756302863,1.2973654679476911,first_n_median,85.43920612102767,normal,,0,07272.csv,7272,210,2333.875,3.3536514376808864,2.689574754055628,4.181332312389274,-1.7102152613104593,-1.9961257474747869,0.0021404034834667,10.301294534772044,4.585621214546927,14.468947045350122,9.883325830803194,190,ok
B0056,87,4,1.0768220870214844,1.2973654679476911,first_n_median,83.0006743377342,normal,,0,07274.csv,7274,212,2317.453,3.38120127228625,2.6850453196446677,4.181999698138027,-1.6752482242752484,-1.9962061010235703,0.0036343746368092,9.91165771895873,6.429515302198803,12.508239840028546,6.078724537829743,188,ok
B0056,88,4,1.128398212919817,1.2973654679476911,first_n_median,86.97612513957502,normal,,0,07276.csv,7276,214,2295.109,3.3368543585349384,2.68848533115398,4.182136607973574,-1.7684173466123287,-1.997069949040176,0.0038620864140458,10.349022787330426,6.296641349264367,14.887028438704052,8.590387089439684,186,ok
B0056,89,4,1.1066350346531368,1.2973654679476911,first_n_median,85.29863496395724,normal,,0,07278.csv,7278,216,2326.657,3.3522604662249167,2.695941959305812,4.18160323028519,-1.7117088970464227,-1.9963789398934428,0.0025657471840771,10.403963430415772,5.538086495831655,14.643769942307395,9.10568344647574,184,ok
B0056,90,4,1.271609072217319,1.2973654679476911,first_n_median,98.01471548559742,normal,,0,07282.csv,7282,220,2479.297,3.301853229400361,2.6936113374580533,4.160391647622785,-1.8436644323324185,-1.996869636138654,0.0032817318257988,10.672589964446292,5.589404852949979,15.536147821768504,9.946742968818524,200,ok
B0056,91,4,1.2415767175377967,1.2973654679476911,first_n_median,95.69984312144928,normal,,0,07286.csv,7286,224,2463.578,3.3271853602584223,2.6975058053441106,4.171177372817309,-1.812029971968896,-1.9961823426458585,0.0016095782865167,10.38887188704922,6.148564653472159,14.710321906861784,8.561757253389626,198,ok
B0056,92,4,1.174652904422814,1.2973654679476911,first_n_median,90.54140359393126,normal,,0,07288.csv,7288,226,2458.812,3.357838197685972,2.699681085693745,4.179908499745383,-1.7201885508327548,-1.9964302092493789,0.0036524763126088,10.084749408390376,4.640489034391772,14.282705134297458,9.642216099905687,197,ok
B0056,93,4,1.1989389885187762,1.2973654679476911,first_n_median,92.41335754183312,normal,,0,07290.csv,7290,228,2400.672,3.3341676075284923,2.6932891744671807,4.1812209027547125,-1.7962378329894884,-1.997779900696868,0.0027888064901798,10.365887906876877,6.218879927153501,14.735427526864724,8.516547599711224,192,ok
B0056,94,4,1.1461398965188565,1.2973654679476911,first_n_median,88.34364138980366,normal,,0,07292.csv,7292,230,2396.407,3.3656652776557863,2.680335373836448,4.180715020333036,-1.7222270467266643,-1.9975262926757336,0.0021193941169443,10.019608551209917,6.178865544940476,12.986214565204865,6.807349020264389,191,ok
B0056,95,4,1.129224378671885,1.2973654679476911,first_n_median,87.03980540334642,normal,,0,07294.csv,7294,232,2392.375,3.3651251580925825,2.695500756668203,4.181433629004157,-1.6995424040803295,-1.997646005572408,0.0021600123104716,10.060030313914343,4.377429194705951,14.020906563644123,9.643477368938171,190,ok
B0056,96,4,1.1103432888019913,1.2973654679476911,first_n_median,85.58446453476589,normal,,0,07298.csv,7298,236,2373.687,3.3750175764348014,2.6916361141573137,4.173658812188033,-1.6857958238112818,-1.9965283091685109,0.0015880325830457,9.894806886286887,5.017513490360806,13.158594712143495,8.141081221782688,188,ok
B0056,97,4,1.153909472897475,1.2973654679476911,first_n_median,88.94251476593176,normal,,0,07300.csv,7300,238,2385.922,3.3447811593713976,2.6977127849492053,4.1820632868427365,-1.7402948082227616,-1.997780645919671,0.0027835303868064,10.535153782453834,5.572372622031885,14.942021026324584,9.369648404292699,189,ok
B0056,98,4,1.1302191455340138,1.2973654679476911,first_n_median,87.11648131978671,normal,,0,07302.csv,7302,240,2345.0,3.3605010057610825,2.687276744661873,4.18182200740338,-1.7346003290908105,-1.99655615549846,0.0037933599919961,10.116013026114192,6.4855111247249,13.316711053744784,6.831199929019884,185,ok
B0056,99,4,1.1258719408034097,1.2973654679476911,first_n_median,86.78140189629312,normal,,0,07304.csv,7304,242,2363.047000000006,3.3538264483941607,2.6980124491519586,4.1819501512020345,-1.7146209406772344,-1.9963875537113744,0.0038585927044938,10.332244370257053,4.439395603649657,14.61281089291766,10.173415289268004,186,ok
B0056,100,4,1.1430108283920968,1.2973654679476911,first_n_median,88.10245506227565,normal,,0,07306.csv,7306,244,2316.687,3.341678704653779,2.6927360739353285,4.181791330814548,-1.774352624864773,-1.9966683821433664,0.0031940091638897,10.278021353580035,6.342042334381916,14.205466297575018,7.863423963193102,182,ok
B0056,101,4,1.1372731775310292,1.2973654679476911,first_n_median,87.66020104805835,normal,,0,07310.csv,7310,248,2322.0,3.3456418542105237,2.6899104032044447,4.173014294511639,-1.7619972814702227,-1.9964442856948763,0.002816327829988,10.263503141787313,6.423916307174514,13.862516639323273,7.438600332148759,181,ok
B0056,102,4,1.1290590137779504,1.2973654679476911,first_n_median,87.027059195896,normal,,0,07312.csv,7312,250,2357.687,3.3496423795442105,2.6950189281281465,4.181882887350109,-1.7226331709023301,-1.9969949900194384,0.0030133855931726,10.452748281670244,5.330925832926126,14.899199505524647,9.568273672598522,184,ok
