battery_id,cycle_index,ambient_temperature_c,discharge_capacity_ah,reference_capacity_ah,reference_capacity_method,capacity_retention_percent,retention_quality_flag,internal_resistance_ohm,failed,source_filename,uid,test_id
B0005,1,24,1.8564874208181572,1.835349194223408,first_n_median,101.15172778353458,normal,,0,05122.csv,5122,1
B0005,2,24,1.846327249719927,1.835349194223408,first_n_median,100.59814533011328,normal,,0,05124.csv,5124,3
B0005,3,24,1.835349194223408,1.835349194223408,first_n_median,100.0,normal,,0,05126.csv,5126,5
B0005,4,24,1.8352625275821128,1.835349194223408,first_n_median,99.99527792086825,normal,,0,05128.csv,5128,7
B0005,5,24,1.8346455082120416,1.835349194223408,first_n_median,99.96165928458839,normal,,0,05130.csv,5130,9
B0005,6,24,1.8356616600675493,1.835349194223408,first_n_median,100.01702487162251,normal,,0,05132.csv,5132,11
B0005,7,24,1.8351461429226603,1.835349194223408,first_n_median,99.9889366393389,normal,,0,05134.csv,5134,13
B0005,8,24,1.8257567905665535,1.835349194223408,first_n_median,99.47735266471113,normal,,0,05136.csv,5136,15
B0005,9,24,1.8247738529891333,1.835349194223408,first_n_median,99.42379677570025,normal,,0,05138.csv,5138,17
B0005,10,24,1.824613268496936,1.835349194223408,first_n_median,99.41504724222169,normal,,0,05140.csv,5140,19
B0005,11,24,1.8246195526864504,1.835349194223408,first_n_median,99.41538963970845,normal,,0,05142.csv,5142,21
B0005,12,24,1.814201935767392,1.835349194223408,first_n_median,98.84778011058741,normal,,0,05145.csv,5145,24
B0005,13,24,1.8137521577549052,1.835349194223408,first_n_median,98.8232737107207,normal,,0,05147.csv,5147,26
B0005,14,24,1.8134404914735824,1.835349194223408,first_n_median,98.80629240371364,normal,,0,05149.csv,5149,28
B0005,15,24,1.8025980036306504,1.835349194223408,first_n_median,98.21553355100822,normal,,0,05151.csv,5151,30
B0005,16,24,1.80210690024615,1.835349194223408,first_n_median,98.18877551575008,normal,,0,05153.csv,5153,32
B0005,17,24,1.802579500826209,1.835349194223408,first_n_median,98.21452541563544,normal,,0,05155.csv,5155,34
B0005,18,24,1.8030683142834096,1.835349194223408,first_n_median,98.24115868295802,normal,,0,05157.csv,5157,36
B0005,19,24,1.802777624719604,1.835349194223408,first_n_median,98.22532030382447,normal,,0,05159.csv,5159,38
B0005,20,24,1.8470259949329195,1.835349194223408,first_n_median,100.63621684343576,normal,,0,05162.csv,5162,41
B0005,21,24,1.847417311283644,1.835349194223408,first_n_median,100.65753792783518,normal,,0,05166.csv,5166,45
B0005,22,24,1.8361774213478947,1.835349194223408,first_n_median,100.04512640575938,normal,,0,05170.csv,5170,49
B0005,23,24,1.825780747577624,1.835349194223408,first_n_median,99.47865797550135,normal,,0,05174.csv,5174,53
B0005,24,24,1.8251136435078368,1.835349194223408,first_n_median,99.44231044709167,normal,,0,05178.csv,5178,57
B0005,25,24,1.825581504220376,1.835349194223408,first_n_median,99.46780209271485,normal,,0,05182.csv,5182,61
B0005,26,24,1.814031127508391,1.835349194223408,first_n_median,98.83847352960878,normal,,0,05186.csv,5186,65
B0005,27,24,1.8147691941158937,1.835349194223408,first_n_median,98.87868749051745,normal,,0,05190.csv,5190,69
B0005,28,24,1.813969388710352,1.835349194223408,first_n_median,98.83510965758741,normal,,0,05194.csv,5194,73
B0005,29,24,1.802765665167823,1.835349194223408,first_n_median,98.22466868113499,normal,,0,05198.csv,5198,77
B0005,30,24,1.804077040117352,1.835349194223408,first_n_median,98.29611965916448,normal,,0,05202.csv,5202,81
B0005,31,24,1.8518025516704488,1.835349194223408,first_n_median,100.89647013760793,normal,,0,05206.csv,5206,85
B0005,32,24,1.8307038456739428,1.835349194223408,first_n_median,99.74689565538341,normal,,0,05210.csv,5210,89
B0005,33,24,1.8199041089501269,1.835349194223408,first_n_median,99.1584661206765,normal,,0,05214.csv,5214,93
B0005,34,24,1.809307963702852,1.835349194223408,first_n_median,98.58112937840285,normal,,0,05218.csv,5218,97
B0005,35,24,1.80460990458052,1.835349194223408,first_n_median,98.3251530695283,normal,,0,05222.csv,5222,101
B0005,36,24,1.7993770651972192,1.835349194223408,first_n_median,98.04003896700378,normal,,0,05226.csv,5226,105
B0005,37,24,1.7884432335370462,1.835349194223408,first_n_median,97.444303196689,normal,,0,05230.csv,5230,109
B0005,38,24,1.7829230484252725,1.835349194223408,first_n_median,97.14353290571943,normal,,0,05234.csv,5234,113
B0005,39,24,1.7730337158018288,1.835349194223408,first_n_median,96.60470723403964,normal,,0,05238.csv,5238,117
B0005,40,24,1.773037755078937,1.835349194223408,first_n_median,96.60492731625183,normal,,0,05242.csv,5242,121
B0005,41,24,1.7678721106662054,1.835349194223408,first_n_median,96.32347436827932,normal,,0,05246.csv,5246,125
B0005,42,24,1.762315070409309,1.835349194223408,first_n_median,96.020696004664,normal,,0,05250.csv,5250,129
B0005,43,24,1.7676172924938447,1.835349194223408,first_n_median,96.30959046143681,normal,,0,05254.csv,5254,133
B0005,44,24,1.762668359743147,1.835349194223408,first_n_median,96.0399451663467,normal,,0,05256.csv,5256,135
B0005,45,24,1.7517304870664143,1.835349194223408,first_n_median,95.44398921904475,normal,,0,05260.csv,5260,139
B0005,46,24,1.7418496047960008,1.835349194223408,first_n_median,94.90562396945015,normal,,0,05264.csv,5264,143
B0005,47,24,1.7360913511847138,1.835349194223408,first_n_median,94.59188238668158,normal,,0,05268.csv,5268,147
B0005,48,24,1.7936240148573608,1.835349194223408,first_n_median,97.72658088731163,normal,,0,05270.csv,5270,149
B0005,49,24,1.7831890223273277,1.835349194223408,first_n_median,97.15802463856744,normal,,0,05274.csv,5274,153
B0005,50,24,1.7673642076278957,1.835349194223408,first_n_median,96.29580099473775,normal,,0,05278.csv,5278,157
B0005,51,24,1.7570177850353066,1.835349194223408,first_n_median,95.73207052725213,normal,,0,05282.csv,5282,161
B0005,52,24,1.7468706179837907,1.835349194223408,first_n_median,95.17919660639538,normal,,0,05286.csv,5286,165
B0005,53,24,1.7417172507457144,1.835349194223408,first_n_median,94.89841258696757,normal,,0,05290.csv,5290,169
B0005,54,24,1.7364225056478186,1.835349194223408,first_n_median,94.60992551788226,normal,,0,05294.csv,5294,173
B0005,55,24,1.7263217239235826,1.835349194223408,first_n_median,94.05957892683425,normal,,0,05298.csv,5298,177
B0005,56,24,1.7158065389330133,1.835349194223408,first_n_median,93.48665334822147,normal,,0,05302.csv,5302,181
B0005,57,24,1.710533351135192,1.835349194223408,first_n_median,93.19934084036639,normal,,0,05306.csv,5306,185
B0005,58,24,1.706014499648521,1.835349194223408,first_n_median,92.95312875708034,normal,,0,05310.csv,5310,189
B0005,59,24,1.7003110272642588,1.835349194223408,first_n_median,92.64237195928877,normal,,0,05314.csv,5314,193
B0005,60,24,1.6945798601797897,1.835349194223408,first_n_median,92.3301062006796,normal,,0,05318.csv,5318,197
B0005,61,24,1.6849029086609286,1.835349194223408,first_n_median,91.80285222910196,normal,,0,05322.csv,5322,201
B0005,62,24,1.6744741591159715,1.835349194223408,first_n_median,91.23463613279829,normal,,0,05326.csv,5326,205
B0005,63,24,1.6745692479879102,1.835349194223408,first_n_median,91.23981710175165,normal,,0,05330.csv,5330,209
B0005,64,24,1.663716375981405,1.835349194223408,first_n_median,90.64849246224091,normal,,0,05334.csv,5334,213
B0005,65,24,1.659013868748246,1.835349194223408,first_n_median,90.39227379562641,normal,,0,05336.csv,5336,215
B0005,66,24,1.6538540573335014,1.835349194223408,first_n_median,90.11113866172467,normal,,0,05340.csv,5340,219
B0005,67,24,1.642653782130131,1.835349194223408,first_n_median,89.50088556990855,normal,,0,05344.csv,5344,223
B0005,68,24,1.6378578430223698,1.835349194223408,first_n_median,89.23957621674263,normal,,0,05348.csv,5348,227
B0005,69,24,1.6327350407099108,1.835349194223408,first_n_median,88.96045754392644,normal,,0,05352.csv,5352,231
B0005,70,24,1.6277528915533617,1.835349194223408,first_n_median,88.6890024348807,normal,,0,05356.csv,5356,235
B0005,71,24,1.622125485521159,1.835349194223408,first_n_median,88.38239015369115,normal,,0,05360.csv,5360,239
B0005,72,24,1.6113256603765849,1.835349194223408,first_n_median,87.79395580133108,normal,,0,05364.csv,5364,243
B0005,73,24,1.6065631397488385,1.835349194223408,first_n_median,87.53446727224159,normal,,0,05368.csv,5368,247
B0005,74,24,1.6015142233917594,1.835349194223408,first_n_median,87.25937431592732,normal,,0,05372.csv,5372,251
B0005,75,24,1.590369231400328,1.835349194223408,first_n_median,86.65213336000954,normal,,0,05376.csv,5376,255
B0005,76,24,1.5857889968242211,1.835349194223408,first_n_median,86.40257678567902,normal,,0,05380.csv,5380,259
B0005,77,24,1.5849430707374117,1.835349194223408,first_n_median,86.35648604232227,normal,,0,05384.csv,5384,263
B0005,78,24,1.5955263892495937,1.835349194223408,first_n_median,86.93312391295159,normal,,0,05386.csv,5386,265
B0005,79,24,1.5747301747801037,1.835349194223408,first_n_median,85.80003084625103,normal,,0,05390.csv,5390,269
B0005,80,24,1.5649019950937946,1.835349194223408,first_n_median,85.2645371256423,normal,,0,05394.csv,5394,273
B0005,81,24,1.5597659473370362,1.835349194223408,first_n_median,84.98469676758273,normal,,0,05398.csv,5398,277
B0005,82,24,1.5594815668184234,1.835349194223408,first_n_median,84.96920214021112,normal,,0,05402.csv,5402,281
B0005,83,24,1.55468935359061,1.835349194223408,first_n_median,84.70809579364249,normal,,0,05406.csv,5406,285
B0005,84,24,1.5488741079890418,1.835349194223408,first_n_median,84.39124897125735,normal,,0,05410.csv,5410,289
B0005,85,24,1.538236598942558,1.835349194223408,first_n_median,83.81165849986562,normal,,0,05414.csv,5414,293
B0005,86,24,1.527914258251028,1.835349194223408,first_n_median,83.24924014786924,normal,,0,05418.csv,5418,297
B0005,87,24,1.5285252629756445,1.835349194223408,first_n_median,83.28253107291717,normal,,0,05422.csv,5422,301
B0005,88,24,1.522647325284378,1.835349194223408,first_n_median,82.96226843789563,normal,,0,05426.csv,5426,305
B0005,89,24,1.5174859938489869,1.835349194223408,first_n_median,82.68105048484145,normal,,0,05430.csv,5430,309
B0005,90,24,1.605818899130659,1.835349194223408,first_n_median,87.49391691700008,normal,,0,05433.csv,5433,312
B0005,91,24,1.5638491446744425,1.835349194223408,first_n_median,85.20717199737867,normal,,0,05436.csv,5436,315
B0005,92,24,1.5480915247767786,1.835349194223408,first_n_median,84.34860949890374,normal,,0,05440.csv,5440,319
B0005,93,24,1.5323755631868592,1.835349194223408,first_n_median,83.4923167760048,normal,,0,05444.csv,5444,323
B0005,94,24,1.5269528268489705,1.835349194223408,first_n_median,83.19685603453084,normal,,0,05448.csv,5448,327
B0005,95,24,1.5169573017136326,1.835349194223408,first_n_median,82.65224440602996,normal,,0,05452.csv,5452,331
B0005,96,24,1.511897596014269,1.835349194223408,first_n_median,82.37656358652768,normal,,0,05456.csv,5456,335
B0005,97,24,1.5065638960681105,1.835349194223408,first_n_median,82.08595404132801,normal,,0,05460.csv,5460,339
B0005,98,24,1.5015453526671363,1.835349194223408,first_n_median,81.81251597206197,normal,,0,05464.csv,5464,343
B0005,99,24,1.4908444050400238,1.835349194223408,first_n_median,81.22946901506911,normal,,0,05468.csv,5468,347
B0005,100,24,1.485868384561201,1.835349194223408,first_n_median,80.95834783036572,normal,,0,05472.csv,5472,351
B0005,101,24,1.480413677976106,1.835349194223408,first_n_median,80.66114517256831,normal,,0,05476.csv,5476,355
B0005,102,24,1.4752095869031632,1.835349194223408,first_n_median,80.37759743738407,normal,,0,05480.csv,5480,359
B0005,103,24,1.4859035988304024,1.835349194223408,first_n_median,80.96026649899358,normal,,0,05484.csv,5484,363
B0005,104,24,1.4960918298136696,1.835349194223408,first_n_median,81.51537781052677,normal,,0,05487.csv,5487,366
B0005,105,24,1.4808005946928984,1.835349194223408,first_n_median,80.68222654051782,normal,,0,05491.csv,5491,370
B0005,106,24,1.4697543268466824,1.835349194223408,first_n_median,80.08036462339692,normal,,0,05495.csv,5495,374
B0005,107,24,1.4539012274845928,1.835349194223408,first_n_median,79.21659987432433,normal,,1,05499.csv,5499,378
B0005,108,24,1.454146206723569,1.835349194223408,first_n_median,79.22994770152513,normal,,1,05503.csv,5503,382
B0005,109,24,1.455023751906683,1.835349194223408,first_n_median,79.27776122855727,normal,,1,05507.csv,5507,386
B0005,110,24,1.449042163761236,1.835349194223408,first_n_median,78.95185114211304,normal,,1,05511.csv,5511,390
B0005,111,24,1.4386709371480566,1.835349194223408,first_n_median,78.3867692140624,normal,,1,05515.csv,5515,394
B0005,112,24,1.433445432156979,1.835349194223408,first_n_median,78.10205472989097,normal,,1,05519.csv,5519,398
B0005,113,24,1.4333958900838095,1.835349194223408,first_n_median,78.09935540306392,normal,,1,05523.csv,5523,402
B0005,114,24,1.42806487344776,1.835349194223408,first_n_median,77.80889205947632,normal,,1,05527.csv,5527,406
B0005,115,24,1.4229203181741186,1.835349194223408,first_n_median,77.52858816472794,normal,,1,05531.csv,5531,410
B0005,116,24,1.417429032731308,1.835349194223408,first_n_median,77.22939248795461,normal,,1,05535.csv,5535,414
B0005,117,24,1.412409228794446,1.835349194223408,first_n_median,76.9558857377045,normal,,1,05539.csv,5539,418
B0005,118,24,1.412578792940193,1.835349194223408,first_n_median,76.96512453249518,normal,,1,05543.csv,5543,422
B0005,119,24,1.4075983731469897,1.835349194223408,first_n_median,76.6937636487528,normal,,1,05547.csv,5547,426
B0005,120,24,1.4333920485221476,1.835349194223408,first_n_median,78.09914609348546,normal,,1,05551.csv,5551,430
B0005,121,24,1.4382550176792908,1.835349194223408,first_n_median,78.36410761538271,normal,,1,05553.csv,5553,432
B0005,122,24,1.4173547174485526,1.835349194223408,first_n_median,77.2253433793169,normal,,1,05557.csv,5557,436
B0005,123,24,1.406981663677643,1.835349194223408,first_n_median,76.66016189758264,normal,,1,05561.csv,5561,440
B0005,124,24,1.4012037783587623,1.835349194223408,first_n_median,76.34535067053844,normal,,1,05565.csv,5565,444
B0005,125,24,1.3967008232726328,1.835349194223408,first_n_median,76.1000047112898,normal,,1,05569.csv,5569,448
B0005,126,24,1.391284788852726,1.835349194223408,first_n_median,75.80490912746556,normal,,1,05573.csv,5573,452
B0005,127,24,1.3862287677978349,1.835349194223408,first_n_median,75.52942906782327,normal,,1,05577.csv,5577,456
B0005,128,24,1.3804366761974138,1.835349194223408,first_n_median,75.21384380379553,normal,,1,05581.csv,5581,460
B0005,129,24,1.3752364150256224,1.835349194223408,first_n_median,74.93050474286049,normal,,1,05585.csv,5585,464
B0005,130,24,1.3705128024895008,1.835349194223408,first_n_median,74.67313614232448,normal,,1,05589.csv,5589,468
B0005,131,24,1.37050855662704,1.835349194223408,first_n_median,74.67290480419689,normal,,1,05593.csv,5593,472
B0005,132,24,1.3647355108681518,1.835349194223408,first_n_median,74.35835726321349,normal,,1,05597.csv,5597,476
B0005,133,24,1.375392016895762,1.835349194223408,first_n_median,74.93898279546374,normal,,1,05601.csv,5601,480
B0005,134,24,1.3861115151535393,1.835349194223408,first_n_median,75.52304049366721,normal,,1,05603.csv,5603,482
B0005,135,24,1.369850003583894,1.835349194223408,first_n_median,74.63702318312887,normal,,1,05605.csv,5605,484
B0005,136,24,1.3647827949260758,1.835349194223408,first_n_median,74.36093356085063,normal,,1,05609.csv,5609,488
B0005,137,24,1.3543220466259964,1.835349194223408,first_n_median,73.7909739949542,normal,,1,05613.csv,5613,492
B0005,138,24,1.3546417018378962,1.835349194223408,first_n_median,73.80839058319289,normal,,1,05617.csv,5617,496
B0005,139,24,1.354703921319241,1.835349194223408,first_n_median,73.81178064550585,normal,,1,05621.csv,5621,500
B0005,140,24,1.349314997503458,1.835349194223408,first_n_median,73.51816219770615,normal,,1,05625.csv,5625,504
B0005,141,24,1.3441891937970554,1.835349194223408,first_n_median,73.238879992307,normal,,1,05629.csv,5629,508
B0005,142,24,1.3389913790695755,1.835349194223408,first_n_median,72.95567422722212,normal,,1,05633.csv,5633,512
B0005,143,24,1.3389145230206971,1.835349194223408,first_n_median,72.95148668355903,normal,,1,05637.csv,5637,516
B0005,144,24,1.3340066759761655,1.835349194223408,first_n_median,72.68407996553617,normal,,1,05641.csv,5641,520
B0005,145,24,1.3286444309174914,1.835349194223408,first_n_median,72.3919151243413,normal,,1,05645.csv,5645,524
B0005,146,24,1.323170899227622,1.835349194223408,first_n_median,72.093686770462,normal,,1,05649.csv,5649,528
B0005,147,24,1.3181691588445197,1.835349194223408,first_n_median,71.82116422277218,normal,,1,05653.csv,5653,532
B0005,148,24,1.3184664436640334,1.835349194223408,first_n_median,71.83736194800339,normal,,1,05657.csv,5657,536
B0005,149,24,1.318293040102702,1.835349194223408,first_n_median,71.82791396056443,normal,,1,05661.csv,5661,540
B0005,150,24,1.323872422244268,1.835349194223408,first_n_median,72.13190963392874,normal,,1,05665.csv,5665,544
B0005,151,24,1.3601216766554785,1.835349194223408,first_n_median,74.10696999439321,normal,,1,05668.csv,5668,547
B0005,152,24,1.3395306867947354,1.835349194223408,first_n_median,72.98505870222324,normal,,1,05672.csv,5672,551
B0005,153,24,1.3290286565120697,1.835349194223408,first_n_median,72.41284986503193,normal,,1,05676.csv,5676,555
B0005,154,24,1.3236741274998955,1.835349194223408,first_n_median,72.12110543683117,normal,,1,05680.csv,5680,559
B0005,155,24,1.318633896753293,1.835349194223408,first_n_median,71.84648572073212,normal,,1,05684.csv,5684,563
B0005,156,24,1.3134751321324272,1.835349194223408,first_n_median,71.56540762196474,normal,,1,05688.csv,5688,567
B0005,157,24,1.3132020634442203,1.835349194223408,first_n_median,71.55052932583088,normal,,1,05692.csv,5692,571
B0005,158,24,1.3077959946944353,1.835349194223408,first_n_median,71.2559767269685,normal,,1,05696.csv,5696,575
B0005,159,24,1.3030329186405918,1.835349194223408,first_n_median,70.99645793518572,normal,,1,05700.csv,5700,579
B0005,160,24,1.3033573559038203,1.835349194223408,first_n_median,71.01413507609435,normal,,1,05704.csv,5704,583
B0005,161,24,1.3034100438655642,1.835349194223408,first_n_median,71.01700580837299,normal,,1,05708.csv,5708,587
B0005,162,24,1.2978870806495706,1.835349194223408,first_n_median,70.71608415088258,normal,,1,05712.csv,5712,591
B0005,163,24,1.2980735056918902,1.835349194223408,first_n_median,70.72624162080201,normal,,1,05716.csv,5716,595
B0005,164,24,1.293463613844243,1.835349194223408,first_n_median,70.47506915388637,normal,,1,05720.csv,5720,599
B0005,165,24,1.288003392619118,1.835349194223408,first_n_median,70.1775660279248,normal,,1,05724.csv,5724,603
B0005,166,24,1.2874525221379407,1.835349194223408,first_n_median,70.14755154986739,normal,,1,05728.csv,5728,607
B0005,167,24,1.3090153642307354,1.835349194223408,first_n_median,71.32241473997102,normal,,1,05732.csv,5732,611
B0005,168,24,1.3250793286429356,1.835349194223408,first_n_median,72.19766858609252,normal,,1,05734.csv,5734,613
B0006,1,24,2.035337591005598,2.013326371345464,first_n_median,101.09327628016041,normal,,0,04506.csv,4506,1
B0006,2,24,2.025140246031412,2.013326371345464,first_n_median,100.58678388432638,normal,,0,04508.csv,4508,3
B0006,3,24,2.013326371345464,2.013326371345464,first_n_median,100.0,normal,,0,04510.csv,4510,5
B0006,4,24,2.0132846655407413,2.013326371345464,first_n_median,99.9979285124699,normal,,0,04512.csv,4512,7
B0006,5,24,2.000528337624771,2.013326371345464,first_n_median,99.36433387537956,normal,,0,04514.csv,4514,9
B0006,6,24,2.0138990759931645,2.013326371345464,first_n_median,100.02844569344799,normal,,0,04516.csv,4516,11
B0006,7,24,2.013101105626967,2.013326371345464,first_n_median,99.98881126668269,normal,,0,04518.csv,4518,13
B0006,8,24,1.96878982627284,2.013326371345464,first_n_median,97.78791229745522,normal,,0,04520.csv,4520,15
B0006,9,24,1.9681661764334244,2.013326371345464,first_n_median,97.75693620494029,normal,,0,04522.csv,4522,17
B0006,10,24,1.9572307917560536,2.013326371345464,first_n_median,97.21378608119444,normal,,0,04524.csv,4524,19
B0006,11,24,1.9455991514129352,2.013326371345464,first_n_median,96.63605360281116,normal,,0,04526.csv,4526,21
B0006,12,24,1.934750504484113,2.013326371345464,first_n_median,96.09721166028137,normal,,0,04529.csv,4529,24
B0006,13,24,1.9232799539368028,2.013326371345464,first_n_median,95.5274803583641,normal,,0,04531.csv,4531,26
B0006,14,24,1.911889930948487,2.013326371345464,first_n_median,94.96174878347274,normal,,0,04533.csv,4533,28
B0006,15,24,1.9010667141979305,2.013326371345464,first_n_median,94.42416993363511,normal,,0,04535.csv,4535,30
B0006,16,24,1.8891989948061456,2.013326371345464,first_n_median,93.83471163414173,normal,,0,04537.csv,4537,32
B0006,17,24,1.878278372248849,2.013326371345464,first_n_median,93.2922947308158,normal,,0,04539.csv,4539,34
B0006,18,24,1.8675697161520208,2.013326371345464,first_n_median,92.76040599934939,normal,,0,04541.csv,4541,36
B0006,19,24,1.8675892574453767,2.013326371345464,first_n_median,92.7613765967465,normal,,0,04543.csv,4543,38
B0006,20,24,1.979626548250818,2.013326371345464,first_n_median,98.32616193905388,normal,,0,04546.csv,4546,41
B0006,21,24,1.9575499080884025,2.013326371345464,first_n_median,97.22963628496123,normal,,0,04550.csv,4550,45
B0006,22,24,1.9458150170787551,2.013326371345464,first_n_median,96.64677544448035,normal,,0,04554.csv,4554,49
B0006,23,24,1.9242461121680092,2.013326371345464,first_n_median,95.57546851592053,normal,,0,04558.csv,4558,53
B0006,24,24,1.945981133142164,2.013326371345464,first_n_median,96.65502627086265,normal,,0,04562.csv,4562,57
B0006,25,24,1.901407930553079,2.013326371345464,first_n_median,94.4411178244493,normal,,0,04566.csv,4566,61
B0006,26,24,1.878674213680085,2.013326371345464,first_n_median,93.31195579704278,normal,,0,04570.csv,4570,65
B0006,27,24,1.8683061328264217,2.013326371345464,first_n_median,92.79698311296998,normal,,0,04574.csv,4574,69
B0006,28,24,1.8560244070083,2.013326371345464,first_n_median,92.18696150927373,normal,,0,04578.csv,4578,73
B0006,29,24,1.8451997961855775,2.013326371345464,first_n_median,91.64931341720165,normal,,0,04582.csv,4582,77
B0006,30,24,1.857228890885317,2.013326371345464,first_n_median,92.24678707427697,normal,,0,04586.csv,4586,81
B0006,31,24,1.9247760889090637,2.013326371345464,first_n_median,95.60179195501105,normal,,0,04590.csv,4590,85
B0006,32,24,1.8822317526092551,2.013326371345464,first_n_median,93.48865536149506,normal,,0,04594.csv,4594,89
B0006,33,24,1.855276687885587,2.013326371345464,first_n_median,92.14982301382882,normal,,0,04598.csv,4598,93
B0006,34,24,1.839250891718188,2.013326371345464,first_n_median,91.35383700800855,normal,,0,04602.csv,4602,97
B0006,35,24,1.8185396073994429,2.013326371345464,first_n_median,90.32512727601889,normal,,0,04606.csv,4606,101
B0006,36,24,1.8134770059567056,2.013326371345464,first_n_median,90.07367269246053,normal,,0,04610.csv,4610,105
B0006,37,24,1.7971018450305436,2.013326371345464,first_n_median,89.26033407239274,normal,,0,04614.csv,4614,109
B0006,38,24,1.7810046294120476,2.013326371345464,first_n_median,88.46080073057601,normal,,0,04618.csv,4618,113
B0006,39,24,1.7710130422682329,2.013326371345464,first_n_median,87.96452812986809,normal,,0,04622.csv,4622,117
B0006,40,24,1.7604712448170945,2.013326371345464,first_n_median,87.44092710813739,normal,,0,04626.csv,4626,121
B0006,41,24,1.7502913788006589,2.013326371345464,first_n_median,86.93530287545858,normal,,0,04630.csv,4630,125
B0006,42,24,1.7394925037732578,2.013326371345464,first_n_median,86.39893305578626,normal,,0,04634.csv,4634,129
B0006,43,24,1.7546766553637203,2.013326371345464,first_n_median,87.15311537846229,normal,,0,04638.csv,4638,133
B0006,44,24,1.7659390941842177,2.013326371345464,first_n_median,87.712509969463,normal,,0,04640.csv,4640,135
B0006,45,24,1.7337887419624838,2.013326371345464,first_n_median,86.11563264846271,normal,,0,04644.csv,4644,139
B0006,46,24,1.713325912040734,2.013326371345464,first_n_median,85.09926340932763,normal,,0,04648.csv,4648,143
B0006,47,24,1.7024077813673466,2.013326371345464,first_n_median,84.55697027549802,normal,,0,04652.csv,4652,147
B0006,48,24,1.82371946178183,2.013326371345464,first_n_median,90.58240570122152,normal,,0,04654.csv,4654,149
B0006,49,24,1.8081284050314708,2.013326371345464,first_n_median,89.80801278747154,normal,,0,04658.csv,4658,153
B0006,50,24,1.7757610945034283,2.013326371345464,first_n_median,88.20035935439142,normal,,0,04662.csv,4662,157
B0006,51,24,1.7447409841836798,2.013326371345464,first_n_median,86.659620070327,normal,,0,04666.csv,4666,161
B0006,52,24,1.729207034132373,2.013326371345464,first_n_median,85.88806359183485,normal,,0,04670.csv,4670,165
B0006,53,24,1.7081086552553244,2.013326371345464,first_n_median,84.84012724245156,normal,,0,04674.csv,4674,169
B0006,54,24,1.6975954237461768,2.013326371345464,first_n_median,84.31794506380548,normal,,0,04678.csv,4678,173
B0006,55,24,1.6820634524029463,2.013326371345464,first_n_median,83.54648686585566,normal,,0,04682.csv,4682,177
B0006,56,24,1.6714768322295086,2.013326371345464,first_n_median,83.0206595422726,normal,,0,04686.csv,4686,181
B0006,57,24,1.6607591387047655,2.013326371345464,first_n_median,82.48832193038405,normal,,0,04690.csv,4690,185
B0006,58,24,1.651121015038069,2.013326371345464,first_n_median,82.00960552335384,normal,,0,04694.csv,4694,189
B0006,59,24,1.640134925619093,2.013326371345464,first_n_median,81.46393694346858,normal,,0,04698.csv,4698,193
B0006,60,24,1.629199941616544,2.013326371345464,first_n_median,80.92080672085886,normal,,0,04702.csv,4702,197
B0006,61,24,1.6088496302961666,2.013326371345464,first_n_median,79.91002617330274,normal,,1,04706.csv,4706,201
B0006,62,24,1.6035244898969248,2.013326371345464,first_n_median,79.6455315302567,normal,,1,04710.csv,4710,205
B0006,63,24,1.5989712144027983,2.013326371345464,first_n_median,79.41937468063061,normal,,1,04714.csv,4714,209
B0006,64,24,1.5876273123575604,2.013326371345464,first_n_median,78.85593388897908,normal,,1,04718.csv,4718,213
B0006,65,24,1.5829719744686166,2.013326371345464,first_n_median,78.62470769757759,normal,,1,04720.csv,4720,215
B0006,66,24,1.567137636713563,2.013326371345464,first_n_median,77.8382312484328,normal,,1,04724.csv,4724,219
B0006,67,24,1.5613446139713882,2.013326371345464,first_n_median,77.55049733580822,normal,,1,04728.csv,4728,223
B0006,68,24,1.551171189279042,2.013326371345464,first_n_median,77.04519303755143,normal,,1,04732.csv,4732,227
B0006,69,24,1.5406741606295171,2.013326371345464,first_n_median,76.52381563948406,normal,,1,04736.csv,4736,231
B0006,70,24,1.5253138744624433,2.013326371345464,first_n_median,75.76088488043337,normal,,1,04740.csv,4740,235
B0006,71,24,1.5301570318067428,2.013326371345464,first_n_median,76.00143988498849,normal,,1,04744.csv,4744,239
B0006,72,24,1.524656683447409,2.013326371345464,first_n_median,75.72824282972624,normal,,1,04748.csv,4748,243
B0006,73,24,1.5145492986655429,2.013326371345464,first_n_median,75.22621867081595,normal,,1,04752.csv,4752,247
B0006,74,24,1.509391504602082,2.013326371345464,first_n_median,74.97003596060719,normal,,1,04756.csv,4756,251
B0006,75,24,1.5039974333050703,2.013326371345464,first_n_median,74.70211758563417,normal,,1,04760.csv,4760,255
B0006,76,24,1.4935201918040188,2.013326371345464,first_n_median,74.18172299635307,normal,,1,04764.csv,4764,259
B0006,77,24,1.4876323024497422,2.013326371345464,first_n_median,73.88927714961527,normal,,1,04768.csv,4768,263
B0006,78,24,1.5302876214401704,2.013326371345464,first_n_median,76.0079261474885,normal,,1,04770.csv,4770,265
B0006,79,24,1.5040760088360112,2.013326371345464,first_n_median,74.70602035728905,normal,,1,04774.csv,4774,269
B0006,80,24,1.4887593608730894,2.013326371345464,first_n_median,73.94525706620445,normal,,1,04778.csv,4778,273
B0006,81,24,1.4782779285546637,2.013326371345464,first_n_median,73.42465432302272,normal,,1,04782.csv,4782,277
B0006,82,24,1.478459982215684,2.013326371345464,first_n_median,73.43369675467272,normal,,1,04786.csv,4786,281
B0006,83,24,1.473214844899973,2.013326371345464,first_n_median,73.1731757884567,normal,,1,04790.csv,4790,285
B0006,84,24,1.4675164935067897,2.013326371345464,first_n_median,72.89014411141295,normal,,1,04794.csv,4794,289
B0006,85,24,1.4516292657521337,2.013326371345464,first_n_median,72.10104066644894,normal,,1,04798.csv,4798,293
B0006,86,24,1.4519237720967175,2.013326371345464,first_n_median,72.11566851560323,normal,,1,04802.csv,4802,297
B0006,87,24,1.4471484694777743,2.013326371345464,first_n_median,71.87848379051805,normal,,1,04806.csv,4806,301
B0006,88,24,1.4468538105659885,2.013326371345464,first_n_median,71.8638483634964,normal,,1,04810.csv,4810,305
B0006,89,24,1.4416741930284678,2.013326371345464,first_n_median,71.6065817021523,normal,,1,04814.csv,4814,309
B0006,90,24,1.5935866593100128,2.013326371345464,first_n_median,79.15192896644234,normal,,1,04817.csv,4817,312
B0006,91,24,1.5463902376915637,2.013326371345464,first_n_median,76.80772773358864,normal,,1,04820.csv,4820,315
B0006,92,24,1.51470559175661,2.013326371345464,first_n_median,75.2339815995339,normal,,1,04824.csv,4824,319
B0006,93,24,1.4989786083335404,2.013326371345464,first_n_median,74.45283733763465,normal,,1,04828.csv,4828,323
B0006,94,24,1.4831110745410492,2.013326371345464,first_n_median,73.66471207298184,normal,,1,04832.csv,4832,327
B0006,95,24,1.4729664825468278,2.013326371345464,first_n_median,73.16083986733236,normal,,1,04836.csv,4836,331
B0006,96,24,1.4627604396099307,2.013326371345464,first_n_median,72.65391545198896,normal,,1,04840.csv,4840,335
B0006,97,24,1.4518364681062514,2.013326371345464,first_n_median,72.11133220969134,normal,,1,04844.csv,4844,339
B0006,98,24,1.4468670644030392,2.013326371345464,first_n_median,71.86450666893755,normal,,1,04848.csv,4848,343
B0006,99,24,1.441380399427779,2.013326371345464,first_n_median,71.59198925430726,normal,,1,04852.csv,4852,347
B0006,100,24,1.431210744960774,2.013326371345464,first_n_median,71.0868722195461,normal,,1,04856.csv,4856,351
B0006,101,24,1.4260247179525716,2.013326371345464,first_n_median,70.82928720590836,normal,,1,04860.csv,4860,355
B0006,102,24,1.420487649966195,2.013326371345464,first_n_median,70.55426632180418,normal,,1,04864.csv,4864,359
B0006,103,24,1.4207006230355006,2.013326371345464,first_n_median,70.56484449096429,normal,,1,04868.csv,4868,363
B0006,104,24,1.452255804330839,2.013326371345464,first_n_median,72.13216023988832,normal,,1,04871.csv,4871,366
B0006,105,24,1.431557632772571,2.013326371345464,first_n_median,71.10410180620099,normal,,1,04875.csv,4875,370
B0006,106,24,1.415015751158943,2.013326371345464,first_n_median,70.28248232865084,normal,,1,04879.csv,4879,374
B0006,107,24,1.4097311506517451,2.013326371345464,first_n_median,70.02000126336453,normal,,1,04883.csv,4883,378
B0006,108,24,1.404917318129309,2.013326371345464,first_n_median,69.7809027947333,normal,,1,04887.csv,4887,382
B0006,109,24,1.395164296571563,2.013326371345464,first_n_median,69.29647951907589,normal,,1,04891.csv,4891,386
B0006,110,24,1.3945343832614077,2.013326371345464,first_n_median,69.26519232594512,normal,,1,04895.csv,4895,390
B0006,111,24,1.3893171179312644,2.013326371345464,first_n_median,69.0060557346603,normal,,1,04899.csv,4899,394
B0006,112,24,1.3838379472327809,2.013326371345464,first_n_median,68.7339105536074,normal,,1,04903.csv,4903,398
B0006,113,24,1.3736814238195123,2.013326371345464,first_n_median,68.22944572575732,normal,,1,04907.csv,4907,402
B0006,114,24,1.3786059891863676,2.013326371345464,first_n_median,68.47404418912339,normal,,1,04911.csv,4911,406
B0006,115,24,1.3737600299108574,2.013326371345464,first_n_median,68.2333500153183,normal,,1,04915.csv,4915,410
B0006,116,24,1.3682580583942712,2.013326371345464,first_n_median,67.96007233938394,normal,,1,04919.csv,4919,414
B0006,117,24,1.3633024037317505,2.013326371345464,first_n_median,67.71392970036368,normal,,1,04923.csv,4923,418
B0006,118,24,1.35809661401726,2.013326371345464,first_n_median,67.45536309195973,normal,,1,04927.csv,4927,422
B0006,119,24,1.353269090999531,2.013326371345464,first_n_median,67.21558462948904,normal,,1,04931.csv,4931,426
B0006,120,24,1.3841605738237488,2.013326371345464,first_n_median,68.74993510857075,normal,,1,04935.csv,4935,430
B0006,121,24,1.4051467790651473,2.013326371345464,first_n_median,69.79229990049338,normal,,1,04937.csv,4937,432
B0006,122,24,1.378719022627353,2.013326371345464,first_n_median,68.47965845229473,normal,,1,04941.csv,4941,436
B0006,123,24,1.3682657783199066,2.013326371345464,first_n_median,67.96045578072487,normal,,1,04945.csv,4945,440
B0006,124,24,1.3573151296618016,2.013326371345464,first_n_median,67.41654750961892,normal,,1,04949.csv,4949,444
B0006,125,24,1.3524934638801596,2.013326371345464,first_n_median,67.17705997047645,normal,,1,04953.csv,4953,448
B0006,126,24,1.3474099151661236,2.013326371345464,first_n_median,66.92456495593795,normal,,1,04957.csv,4957,452
B0006,127,24,1.3370075130842318,2.013326371345464,first_n_median,66.40788756920408,normal,,1,04961.csv,4961,456
B0006,128,24,1.3312352966718526,2.013326371345464,first_n_median,66.12118708712964,normal,,1,04965.csv,4965,460
B0006,129,24,1.3259303781727645,2.013326371345464,first_n_median,65.85769684657102,normal,,1,04969.csv,4969,464
B0006,130,24,1.321578743867529,2.013326371345464,first_n_median,65.6415553224163,normal,,1,04973.csv,4973,468
B0006,131,24,1.321225074066109,2.013326371345464,first_n_median,65.62398888080733,normal,,1,04977.csv,4977,472
B0006,132,24,1.3156485301862682,2.013326371345464,first_n_median,65.34700726673776,normal,,1,04981.csv,4981,476
B0006,133,24,1.3209025697502388,2.013326371345464,first_n_median,65.60797039913142,normal,,1,04985.csv,4985,480
B0006,134,24,1.3474328767273906,2.013326371345464,first_n_median,66.92570543477903,normal,,1,04987.csv,4987,482
B0006,135,24,1.3260128072353616,2.013326371345464,first_n_median,65.86179101946671,normal,,1,04989.csv,4989,484
B0006,136,24,1.3101186784831065,2.013326371345464,first_n_median,65.072344808536,normal,,1,04993.csv,4993,488
B0006,137,24,1.30521620229393,2.013326371345464,first_n_median,64.8288434935505,normal,,1,04997.csv,4997,492
B0006,138,24,1.3004061951355774,2.013326371345464,first_n_median,64.58993502710358,normal,,1,05001.csv,5001,496
B0006,139,24,1.300235735841116,2.013326371345464,first_n_median,64.58146847657868,normal,,1,05005.csv,5005,500
B0006,140,24,1.2895066722480757,2.013326371345464,first_n_median,64.04856612424568,normal,,1,05009.csv,5009,504
B0006,141,24,1.279253057384795,2.013326371345464,first_n_median,63.53927885670602,normal,,1,05013.csv,5013,508
B0006,142,24,1.2792078171714618,2.013326371345464,first_n_median,63.537031818472336,normal,,1,05017.csv,5017,512
B0006,143,24,1.274036760902923,2.013326371345464,first_n_median,63.28019038719047,normal,,1,05021.csv,5021,516
B0006,144,24,1.2741273923001468,2.013326371345464,first_n_median,63.284691962221416,normal,,1,05025.csv,5025,520
B0006,145,24,1.263763942644078,2.013326371345464,first_n_median,62.76994930531462,normal,,1,05029.csv,5029,524
B0006,146,24,1.2581373688955233,2.013326371345464,first_n_median,62.49048275539829,normal,,1,05033.csv,5033,528
B0006,147,24,1.253259864055301,2.013326371345464,first_n_median,62.24822174349078,normal,,1,05037.csv,5037,532
B0006,148,24,1.2532313315493426,2.013326371345464,first_n_median,62.246804561141985,normal,,1,05041.csv,5041,536
B0006,149,24,1.2480874960313575,2.013326371345464,first_n_median,61.991315158569485,normal,,1,05045.csv,5045,540
B0006,150,24,1.2534354284944844,2.013326371345464,first_n_median,62.256941861683345,normal,,1,05049.csv,5049,544
B0006,151,24,1.28980487732669,2.013326371345464,first_n_median,64.06337768599039,normal,,1,05052.csv,5052,547
B0006,152,24,1.2635402021758837,2.013326371345464,first_n_median,62.75883632972463,normal,,1,05056.csv,5056,551
B0006,153,24,1.2479761706842851,2.013326371345464,first_n_median,61.985785734793154,normal,,1,05060.csv,5060,555
B0006,154,24,1.2321202877943334,2.013326371345464,first_n_median,61.19823915935364,normal,,1,05064.csv,5064,559
B0006,155,24,1.2271137666213534,2.013326371345464,first_n_median,60.94957002928933,normal,,1,05068.csv,5068,563
B0006,156,24,1.2217397581377356,2.013326371345464,first_n_median,60.68264815511618,normal,,1,05072.csv,5072,567
B0006,157,24,1.211102678915174,2.013326371345464,first_n_median,60.154314578704856,normal,,1,05076.csv,5076,571
B0006,158,24,1.2056159765131735,2.013326371345464,first_n_median,59.88179530512411,normal,,1,05080.csv,5080,575
B0006,159,24,1.2008936262717274,2.013326371345464,first_n_median,59.647240674108644,normal,,1,05084.csv,5084,579
B0006,160,24,1.1905903985558337,2.013326371345464,first_n_median,59.1354891835141,normal,,1,05088.csv,5088,583
B0006,161,24,1.185179251041941,2.013326371345464,first_n_median,58.86672264914061,normal,,1,05092.csv,5092,587
B0006,162,24,1.1796706818144624,2.013326371345464,first_n_median,58.59311727120095,normal,,1,05096.csv,5096,591
B0006,163,24,1.1745952836753917,2.013326371345464,first_n_median,58.34102708794472,normal,,1,05100.csv,5100,595
B0006,164,24,1.15381833159625,2.013326371345464,first_n_median,57.30905570094814,normal,,1,05104.csv,5104,599
B0006,165,24,1.1644009557372264,2.013326371345464,first_n_median,57.83468454541136,normal,,1,05108.csv,5108,603
B0006,166,24,1.1587974947916069,2.013326371345464,first_n_median,57.55636598636548,normal,,1,05112.csv,5112,607
B0006,167,24,1.1749748834769171,2.013326371345464,first_n_median,58.35988144791975,normal,,1,05116.csv,5116,611
B0006,168,24,1.1856752327929356,2.013326371345464,first_n_median,58.89135758950863,normal,,1,05118.csv,5118,613
B0007,1,24,1.89105229539079,1.8806626717011388,first_n_median,100.5524448294735,normal,,0,05738.csv,5738,1
B0007,2,24,1.880637027686859,1.8806626717011388,first_n_median,99.99863643732256,normal,,0,05740.csv,5740,3
B0007,3,24,1.8806626717011388,1.8806626717011388,first_n_median,100.0,normal,,0,05742.csv,5742,5
B0007,4,24,1.8807709009833444,1.8806626717011388,first_n_median,100.0057548482157,normal,,0,05744.csv,5744,7
B0007,5,24,1.8794508728285055,1.8806626717011388,first_n_median,99.93556532541069,normal,,0,05746.csv,5746,9
B0007,6,24,1.8807003517117404,1.8806626717011388,first_n_median,100.00200354966198,normal,,0,05748.csv,5748,11
B0007,7,24,1.8799352523566075,1.8806626717011388,first_n_median,99.96132111539848,normal,,0,05750.csv,5750,13
B0007,8,24,1.88150881240388,1.8806626717011388,first_n_median,100.04499162531768,normal,,0,05752.csv,5752,15
B0007,9,24,1.8696907870385844,1.8806626717011388,first_n_median,99.41659475526093,normal,,0,05754.csv,5754,17
B0007,10,24,1.870052380139199,1.8806626717011388,first_n_median,99.43582165363328,normal,,0,05756.csv,5756,19
B0007,11,24,1.8700442394188577,1.8806626717011388,first_n_median,99.43538878917205,normal,,0,05758.csv,5758,21
B0007,12,24,1.8596518987766364,1.8806626717011388,first_n_median,98.88279949186756,normal,,0,05761.csv,5761,24
B0007,13,24,1.8590746560862208,1.8806626717011388,first_n_median,98.85210591246592,normal,,0,05763.csv,5763,26
B0007,14,24,1.8590084577709232,1.8806626717011388,first_n_median,98.84858596621007,normal,,0,05765.csv,5765,28
B0007,15,24,1.8593622586957048,1.8806626717011388,first_n_median,98.86739853319007,normal,,0,05767.csv,5767,30
B0007,16,24,1.8587355450601035,1.8806626717011388,first_n_median,98.83407444774765,normal,,0,05769.csv,5769,32
B0007,17,24,1.847817291322145,1.8806626717011388,first_n_median,98.25352090658109,normal,,0,05771.csv,5771,34
B0007,18,24,1.8485252916137047,1.8806626717011388,first_n_median,98.29116722679647,normal,,0,05773.csv,5773,36
B0007,19,24,1.848378951850034,1.8806626717011388,first_n_median,98.28338593960059,normal,,0,05775.csv,5775,38
B0007,20,24,1.8807805437609768,1.8806626717011388,first_n_median,100.0062675811889,normal,,0,05778.csv,5778,41
B0007,21,24,1.88147215974436,1.8806626717011388,first_n_median,100.04304270273461,normal,,0,05782.csv,5782,45
B0007,22,24,1.8810954313244783,1.8806626717011388,first_n_median,100.02301101786361,normal,,0,05786.csv,5786,49
B0007,23,24,1.8710089649779995,1.8806626717011388,first_n_median,99.48668589702973,normal,,0,05790.csv,5790,53
B0007,24,24,1.8701995151941373,1.8806626717011388,first_n_median,99.44364522865034,normal,,0,05794.csv,5794,57
B0007,25,24,1.8706715362800983,1.8806626717011388,first_n_median,99.4687438863237,normal,,0,05798.csv,5798,61
B0007,26,24,1.8596124644020169,1.8806626717011388,first_n_median,98.88070265785193,normal,,0,05802.csv,5802,65
B0007,27,24,1.860033909718346,1.8806626717011388,first_n_median,98.90311206293401,normal,,0,05806.csv,5806,69
B0007,28,24,1.8591653109160768,1.8806626717011388,first_n_median,98.85692627877722,normal,,0,05810.csv,5810,73
B0007,29,24,1.8481398178778288,1.8806626717011388,first_n_median,98.2706705294527,normal,,0,05814.csv,5814,77
B0007,30,24,1.849201702126164,1.8806626717011388,first_n_median,98.32713383168726,normal,,0,05818.csv,5818,81
B0007,31,24,1.8834677437950849,1.8806626717011388,first_n_median,100.14915338811979,normal,,0,05822.csv,5822,85
B0007,32,24,1.8628211117905844,1.8806626717011388,first_n_median,99.05131525291476,normal,,0,05826.csv,5826,89
B0007,33,24,1.852085039652352,1.8806626717011388,first_n_median,98.48044880781639,normal,,0,05830.csv,5830,93
B0007,34,24,1.8469504648208708,1.8806626717011388,first_n_median,98.20742936053631,normal,,0,05834.csv,5834,97
B0007,35,24,1.836828431169018,1.8806626717011388,first_n_median,97.66921302838053,normal,,0,05838.csv,5838,101
B0007,36,24,1.8371619619672277,1.8806626717011388,first_n_median,97.68694777705335,normal,,0,05842.csv,5842,105
B0007,37,24,1.8316722583718852,1.8806626717011388,first_n_median,97.39504515794214,normal,,0,05846.csv,5846,109
B0007,38,24,1.8211470951317783,1.8806626717011388,first_n_median,96.83539331827508,normal,,0,05850.csv,5850,113
B0007,39,24,1.816506091511515,1.8806626717011388,first_n_median,96.5886184080215,normal,,0,05854.csv,5854,117
B0007,40,24,1.8113815601504557,1.8806626717011388,first_n_median,96.31613299965083,normal,,0,05858.csv,5858,121
B0007,41,24,1.8116056333939583,1.8806626717011388,first_n_median,96.32804758948528,normal,,0,05862.csv,5862,125
B0007,42,24,1.8060548955557405,1.8806626717011388,first_n_median,96.03289961203343,normal,,0,05866.csv,5866,129
B0007,43,24,1.8132041826994056,1.8806626717011388,first_n_median,96.41304684690137,normal,,0,05870.csv,5870,133
B0007,44,24,1.8062641938283532,1.8806626717011388,first_n_median,96.04402857608223,normal,,0,05872.csv,5872,135
B0007,45,24,1.7958310249900458,1.8806626717011388,first_n_median,95.48926833144621,normal,,0,05876.csv,5876,139
B0007,46,24,1.7858852600390451,1.8806626717011388,first_n_median,94.96042469028411,normal,,0,05880.csv,5880,143
B0007,47,24,1.780326860450275,1.8806626717011388,first_n_median,94.66486931651035,normal,,0,05884.csv,5884,147
B0007,48,24,1.8150756899575575,1.8806626717011388,first_n_median,96.51256002841514,normal,,0,05886.csv,5886,149
B0007,49,24,1.815702515484584,1.8806626717011388,first_n_median,96.54589006343197,normal,,0,05890.csv,5890,153
B0007,50,24,1.800243217805667,1.8806626717011388,first_n_median,95.7238767427266,normal,,0,05894.csv,5894,157
B0007,51,24,1.7904476205609308,1.8806626717011388,first_n_median,95.20301793098255,normal,,0,05898.csv,5898,161
B0007,52,24,1.780343032300132,1.8806626717011388,first_n_median,94.66572921818756,normal,,0,05902.csv,5902,165
B0007,53,24,1.775328769596812,1.8806626717011388,first_n_median,94.39910709723144,normal,,0,05906.csv,5906,169
B0007,54,24,1.770262973473285,1.8806626717011388,first_n_median,94.12974480277249,normal,,0,05910.csv,5910,173
B0007,55,24,1.760081061854204,1.8806626717011388,first_n_median,93.58834459462825,normal,,0,05914.csv,5914,177
B0007,56,24,1.749647593537689,1.8806626717011388,first_n_median,93.03356842591334,normal,,0,05918.csv,5918,181
B0007,57,24,1.749650075059311,1.8806626717011388,first_n_median,93.03370037523415,normal,,0,05922.csv,5922,185
B0007,58,24,1.745028739214683,1.8806626717011388,first_n_median,92.78797125463393,normal,,0,05926.csv,5926,189
B0007,59,24,1.739645745528673,1.8806626717011388,first_n_median,92.50174269450937,normal,,0,05930.csv,5930,193
B0007,60,24,1.7285642277717963,1.8806626717011388,first_n_median,91.91250795700842,normal,,0,05934.csv,5934,197
B0007,61,24,1.723900324588418,1.8806626717011388,first_n_median,91.66451541408419,normal,,0,05938.csv,5938,201
B0007,62,24,1.7139788776485192,1.8806626717011388,first_n_median,91.13696482836833,normal,,0,05942.csv,5942,205
B0007,63,24,1.7139701997004613,1.8806626717011388,first_n_median,91.13650339803378,normal,,0,05946.csv,5946,209
B0007,64,24,1.7036521173638766,1.8806626717011388,first_n_median,90.58786261881039,normal,,0,05950.csv,5950,213
B0007,65,24,1.7040137474382486,1.8806626717011388,first_n_median,90.60709148317898,normal,,0,05952.csv,5952,215
B0007,66,24,1.6935716157343033,1.8806626717011388,first_n_median,90.05185465835807,normal,,0,05956.csv,5956,219
B0007,67,24,1.6876577363877656,1.8806626717011388,first_n_median,89.73739744944307,normal,,0,05960.csv,5960,223
B0007,68,24,1.6830744356583152,1.8806626717011388,first_n_median,89.49369076039049,normal,,0,05964.csv,5964,227
B0007,69,24,1.6779270142025482,1.8806626717011388,first_n_median,89.21998822281044,normal,,0,05968.csv,5968,231
B0007,70,24,1.6732060275966172,1.8806626717011388,first_n_median,88.96896039751412,normal,,0,05972.csv,5972,235
B0007,71,24,1.6674367208253988,1.8806626717011388,first_n_median,88.6621905095363,normal,,0,05976.csv,5976,239
B0007,72,24,1.6622662630667526,1.8806626717011388,first_n_median,88.38726306845675,normal,,0,05980.csv,5980,243
B0007,73,24,1.6574243065763063,1.8806626717011388,first_n_median,88.12980294212444,normal,,0,05984.csv,5984,247
B0007,74,24,1.652538684928734,1.8806626717011388,first_n_median,87.87002101944965,normal,,0,05988.csv,5988,251
B0007,75,24,1.6472174627573322,1.8806626717011388,first_n_median,87.5870770204289,normal,,0,05992.csv,5992,255
B0007,76,24,1.6364136810898071,1.8806626717011388,first_n_median,87.0126102736756,normal,,0,05996.csv,5996,259
B0007,77,24,1.6362554312048496,1.8806626717011388,first_n_median,87.00419569261656,normal,,0,06000.csv,6000,263
B0007,78,24,1.641119179218384,1.8806626717011388,first_n_median,87.26281453408772,normal,,0,06002.csv,6002,265
B0007,79,24,1.6315700789656966,1.8806626717011388,first_n_median,86.7550626444812,normal,,0,06006.csv,6006,269
B0007,80,24,1.621213282987236,1.8806626717011388,first_n_median,86.20436335458183,normal,,0,06010.csv,6010,273
B0007,81,24,1.6164273214762122,1.8806626717011388,first_n_median,85.94988063511067,normal,,0,06014.csv,6014,277
B0007,82,24,1.615823510161921,1.8806626717011388,first_n_median,85.9177743289997,normal,,0,06018.csv,6018,281
B0007,83,24,1.61672418029789,1.8806626717011388,first_n_median,85.96566543406186,normal,,0,06022.csv,6022,285
B0007,84,24,1.6108655863730026,1.8806626717011388,first_n_median,85.65414790287227,normal,,0,06026.csv,6026,289
B0007,85,24,1.6006603374309376,1.8806626717011388,first_n_median,85.11150678516273,normal,,0,06030.csv,6030,293
B0007,86,24,1.5959174487005665,1.8806626717011388,first_n_median,84.85931436374987,normal,,0,06034.csv,6034,297
B0007,87,24,1.5962179519462243,1.8806626717011388,first_n_median,84.87529294673445,normal,,0,06038.csv,6038,301
B0007,88,24,1.5958065114633972,1.8806626717011388,first_n_median,84.85341552613063,normal,,0,06042.csv,6042,305
B0007,89,24,1.5906507821480704,1.8806626717011388,first_n_median,84.57927123683801,normal,,0,06046.csv,6046,309
B0007,90,24,1.6888211161855506,1.8806626717011388,first_n_median,89.79925754882669,normal,,0,06049.csv,6049,312
B0007,91,24,1.6259938279733204,1.8806626717011388,first_n_median,86.458558062544,normal,,0,06052.csv,6052,315
B0007,92,24,1.6157433862812898,1.8806626717011388,first_n_median,85.91351392218476,normal,,0,06056.csv,6056,319
B0007,93,24,1.6056626764846538,1.8806626717011388,first_n_median,85.37749489291794,normal,,0,06060.csv,6060,323
B0007,94,24,1.5949746921524348,1.8806626717011388,first_n_median,84.80918540855139,normal,,0,06064.csv,6064,327
B0007,95,24,1.5904102438871943,1.8806626717011388,first_n_median,84.56648115680422,normal,,0,06068.csv,6068,331
B0007,96,24,1.5853517062988178,1.8806626717011388,first_n_median,84.29750481859675,normal,,0,06072.csv,6072,335
B0007,97,24,1.5799737147242376,1.8806626717011388,first_n_median,84.01154223447656,normal,,0,06076.csv,6076,339
B0007,98,24,1.5752185465278068,1.8806626717011388,first_n_median,83.75869688012445,normal,,0,06080.csv,6080,343
B0007,99,24,1.569798484648868,1.8806626717011388,first_n_median,83.47049730236412,normal,,0,06084.csv,6084,347
B0007,100,24,1.5702565375950357,1.8806626717011388,first_n_median,83.49485323567743,normal,,0,06088.csv,6088,351
B0007,101,24,1.565249873909438,1.8806626717011388,first_n_median,83.22863517536632,normal,,0,06092.csv,6092,355
B0007,102,24,1.559633933561147,1.8806626717011388,first_n_median,82.93002020135766,normal,,0,06096.csv,6096,359
B0007,103,24,1.5649820533392105,1.8806626717011388,first_n_median,83.21439442000612,normal,,0,06100.csv,6100,363
B0007,104,24,1.57497949984227,1.8806626717011388,first_n_median,83.74598611124846,normal,,0,06103.csv,6103,366
B0007,105,24,1.5652811168780458,1.8806626717011388,first_n_median,83.23029644982441,normal,,0,06107.csv,6107,370
B0007,106,24,1.559755497470126,1.8806626717011388,first_n_median,82.93648408830603,normal,,0,06111.csv,6111,374
B0007,107,24,1.549897685670499,1.8806626717011388,first_n_median,82.41231715778945,normal,,0,06115.csv,6115,378
B0007,108,24,1.543877153134502,1.8806626717011388,first_n_median,82.09218890583924,normal,,0,06119.csv,6119,382
B0007,109,24,1.5450187488690073,1.8806626717011388,first_n_median,82.15289068674248,normal,,0,06123.csv,6123,386
B0007,110,24,1.5445940154102908,1.8806626717011388,first_n_median,82.1303064420979,normal,,0,06127.csv,6127,390
B0007,111,24,1.5343086721758876,1.8806626717011388,first_n_median,81.58340649086423,normal,,0,06131.csv,6131,394
B0007,112,24,1.5287603942958483,1.8806626717011388,first_n_median,81.28838931614567,normal,,0,06135.csv,6135,398
B0007,113,24,1.5289260249179843,1.8806626717011388,first_n_median,81.29719635127368,normal,,0,06139.csv,6139,402
B0007,114,24,1.529091650133123,1.8806626717011388,first_n_median,81.3060030988968,normal,,0,06143.csv,6143,406
B0007,115,24,1.5239059324661248,1.8806626717011388,first_n_median,81.03026424657472,normal,,0,06147.csv,6147,410
B0007,116,24,1.5186675419100617,1.8806626717011388,first_n_median,80.75172463206083,normal,,0,06151.csv,6151,414
B0007,117,24,1.5136482266426952,1.8806626717011388,first_n_median,80.48483385239611,normal,,0,06155.csv,6155,418
B0007,118,24,1.5136050185229033,1.8806626717011388,first_n_median,80.48253635798406,normal,,0,06159.csv,6159,422
B0007,119,24,1.5139470614867965,1.8806626717011388,first_n_median,80.50072372188721,normal,,0,06163.csv,6163,426
B0007,120,24,1.5339599193158786,1.8806626717011388,first_n_median,81.56486234335406,normal,,0,06167.csv,6167,430
B0007,121,24,1.5391372798653098,1.8806626717011388,first_n_median,81.84015682478002,normal,,0,06169.csv,6169,432
B0007,122,24,1.5236247972838737,1.8806626717011388,first_n_median,81.01531551672106,normal,,0,06173.csv,6173,436
B0007,123,24,1.5135813035589147,1.8806626717011388,first_n_median,80.48127536820925,normal,,0,06177.csv,6177,440
B0007,124,24,1.5077850749847914,1.8806626717011388,first_n_median,80.173073974023,normal,,0,06181.csv,6181,444
B0007,125,24,1.5031960676037333,1.8806626717011388,first_n_median,79.9290638466296,normal,,1,06185.csv,6185,448
B0007,126,24,1.497822059699588,1.8806626717011388,first_n_median,79.64331308520866,normal,,1,06189.csv,6189,452
B0007,127,24,1.492848534633516,1.8806626717011388,first_n_median,79.37885709632188,normal,,1,06193.csv,6193,456
B0007,128,24,1.492414389867026,1.8806626717011388,first_n_median,79.35577242659228,normal,,1,06197.csv,6197,460
B0007,129,24,1.487482776538081,1.8806626717011388,first_n_median,79.09354499989038,normal,,1,06201.csv,6201,464
B0007,130,24,1.482535148640411,1.8806626717011388,first_n_median,78.83046603458106,normal,,1,06205.csv,6205,468
B0007,131,24,1.4827874322228984,1.8806626717011388,first_n_median,78.84388064562661,normal,,1,06209.csv,6209,472
B0007,132,24,1.476971179775059,1.8806626717011388,first_n_median,78.53461452707393,normal,,1,06213.csv,6213,476
B0007,133,24,1.4819015554137276,1.8806626717011388,first_n_median,78.79677614238418,normal,,1,06217.csv,6217,480
B0007,134,24,1.4981366198874824,1.8806626717011388,first_n_median,79.66003911442314,normal,,1,06219.csv,6219,482
B0007,135,24,1.4820775214392872,1.8806626717011388,first_n_median,78.80613273930118,normal,,1,06221.csv,6221,484
B0007,136,24,1.4771155312812152,1.8806626717011388,first_n_median,78.54229009315647,normal,,1,06225.csv,6225,488
B0007,137,24,1.4720772783056488,1.8806626717011388,first_n_median,78.27439234352926,normal,,1,06229.csv,6229,492
B0007,138,24,1.472248013656454,1.8806626717011388,first_n_median,78.2834708111021,normal,,1,06233.csv,6233,496
B0007,139,24,1.4670106672274663,1.8806626717011388,first_n_median,78.00498671569278,normal,,1,06237.csv,6237,500
B0007,140,24,1.461767249533538,1.8806626717011388,first_n_median,77.72617979445022,normal,,1,06241.csv,6241,504
B0007,141,24,1.4566952670489708,1.8806626717011388,first_n_median,77.45648855418226,normal,,1,06245.csv,6245,508
B0007,142,24,1.451354972758956,1.8806626717011388,first_n_median,77.17253043822815,normal,,1,06249.csv,6249,512
B0007,143,24,1.451615926257375,1.8806626717011388,first_n_median,77.18640605251802,normal,,1,06253.csv,6253,516
B0007,144,24,1.4468161332173683,1.8806626717011388,first_n_median,76.93118787265885,normal,,1,06257.csv,6257,520
B0007,145,24,1.4467570607768785,1.8806626717011388,first_n_median,76.92804682873967,normal,,1,06261.csv,6261,524
B0007,146,24,1.4413797481446793,1.8806626717011388,first_n_median,76.64212034585077,normal,,1,06265.csv,6265,528
B0007,147,24,1.4362456252208178,1.8806626717011388,first_n_median,76.36912492774013,normal,,1,06269.csv,6269,532
B0007,148,24,1.4368154153924828,1.8806626717011388,first_n_median,76.39942223624945,normal,,1,06273.csv,6273,536
B0007,149,24,1.4362945145860049,1.8806626717011388,first_n_median,76.37172450957492,normal,,1,06277.csv,6277,540
B0007,150,24,1.4418575315878015,1.8806626717011388,first_n_median,76.66752540388227,normal,,1,06281.csv,6281,544
B0007,151,24,1.4672063484781797,1.8806626717011388,first_n_median,78.01539162528438,normal,,1,06284.csv,6284,547
B0007,152,24,1.4518640367848883,1.8806626717011388,first_n_median,77.19959877076818,normal,,1,06288.csv,6288,551
B0007,153,24,1.44713797527485,1.8806626717011388,first_n_median,76.94830109888089,normal,,1,06292.csv,6292,555
B0007,154,24,1.441790586562399,1.8806626717011388,first_n_median,76.6639657529991,normal,,1,06296.csv,6296,559
B0007,155,24,1.431630947911111,1.8806626717011388,first_n_median,76.1237498597311,normal,,1,06300.csv,6300,563
B0007,156,24,1.4318084249673686,1.8806626717011388,first_n_median,76.13318680230078,normal,,1,06304.csv,6304,567
B0007,157,24,1.4262562585106868,1.8806626717011388,first_n_median,75.83796286128111,normal,,1,06308.csv,6308,571
B0007,158,24,1.4260877528924911,1.8806626717011388,first_n_median,75.82900295471566,normal,,1,06312.csv,6312,575
B0007,159,24,1.4212633510031694,1.8806626717011388,first_n_median,75.57247625474358,normal,,1,06316.csv,6316,579
B0007,160,24,1.4163272748795108,1.8806626717011388,first_n_median,75.31001152898851,normal,,1,06320.csv,6320,583
B0007,161,24,1.4165781829175994,1.8806626717011388,first_n_median,75.32335299856005,normal,,1,06324.csv,6324,587
B0007,162,24,1.4108401729425175,1.8806626717011388,first_n_median,75.01824724719788,normal,,1,06328.csv,6328,591
B0007,163,24,1.4109949628347804,1.8806626717011388,first_n_median,75.02647785094155,normal,,1,06332.csv,6332,595
B0007,164,24,1.40617142903988,1.8806626717011388,first_n_median,74.7699973099343,normal,,1,06336.csv,6336,599
B0007,165,24,1.4063358479692922,1.8806626717011388,first_n_median,74.77873991603194,normal,,1,06340.csv,6340,603
B0007,166,24,1.4004552399066514,1.8806626717011388,first_n_median,74.46605183267026,normal,,1,06344.csv,6344,607
B0007,167,24,1.4217865046055154,1.8806626717011388,first_n_median,75.60029376876234,normal,,1,06348.csv,6348,611
B0007,168,24,1.4324552720625434,1.8806626717011388,first_n_median,76.16758143909068,normal,,1,06350.csv,6350,613
B0018,1,24,1.8550045207910817,1.8396018424355425,first_n_median,100.83728326424955,normal,,0,06355.csv,6355,2
B0018,2,24,1.8431955317089987,1.8396018424355425,first_n_median,100.19535147174557,normal,,0,06359.csv,6359,6
B0018,3,24,1.8396018424355425,1.8396018424355425,first_n_median,100.0,normal,,0,06363.csv,6363,10
B0018,4,24,1.8306736044962053,1.8396018424355425,first_n_median,99.51466465550412,normal,,0,06367.csv,6367,14
B0018,5,24,1.8327002069419656,1.8396018424355425,first_n_median,99.62482993143563,normal,,0,06370.csv,6370,17
B0018,6,24,1.8285288846046388,1.8396018424355425,first_n_median,99.39807856376989,normal,,0,06372.csv,6372,19
B0018,7,24,1.8212011895697924,1.8396018424355425,first_n_median,98.99974807367073,normal,,0,06374.csv,6374,21
B0018,8,24,1.815170010643328,1.8396018424355425,first_n_median,98.67189566629983,normal,,0,06376.csv,6376,23
B0018,9,24,1.8042980520967649,1.8396018424355425,first_n_median,98.0809004685472,normal,,0,06379.csv,6379,26
B0018,10,24,1.8231002302844224,1.8396018424355425,first_n_median,99.10297914633132,normal,,0,06382.csv,6382,29
B0018,11,24,1.8121253520255491,1.8396018424355425,first_n_median,98.5063892753219,normal,,0,06384.csv,6384,31
B0018,12,24,1.8046916382117768,1.8396018424355425,first_n_median,98.10229564797858,normal,,0,06386.csv,6386,33
B0018,13,24,1.790844349786295,1.8396018424355425,first_n_median,97.34956274099535,normal,,0,06388.csv,6388,35
B0018,14,24,1.783470722841926,1.8396018424355425,first_n_median,96.94873541117454,normal,,0,06391.csv,6391,38
B0018,15,24,1.7809386125310702,1.8396018424355425,first_n_median,96.81109093548173,normal,,0,06394.csv,6394,41
B0018,16,24,1.771209039672698,1.8396018424355425,first_n_median,96.28219535416991,normal,,0,06396.csv,6396,43
B0018,17,24,1.7686303996707076,1.8396018424355425,first_n_median,96.1420215435927,normal,,0,06398.csv,6398,45
B0018,18,24,1.7536304801917124,1.8396018424355425,first_n_median,95.32663208632101,normal,,0,06400.csv,6400,47
B0018,19,24,1.7462197416415093,1.8396018424355425,first_n_median,94.9237873848615,normal,,0,06403.csv,6403,50
B0018,20,24,1.7376647337053737,1.8396018424355425,first_n_median,94.45874066992621,normal,,0,06406.csv,6406,53
B0018,21,24,1.7315166735475835,1.8396018424355425,first_n_median,94.12453464686361,normal,,0,06408.csv,6408,55
B0018,22,24,1.7085949894470602,1.8396018424355425,first_n_median,92.87852132094869,normal,,0,06410.csv,6410,57
B0018,23,24,1.711469957068211,1.8396018424355425,first_n_median,93.03480337910017,normal,,0,06412.csv,6412,59
B0018,24,24,1.7075021373272627,1.8396018424355425,first_n_median,92.81911432892532,normal,,0,06415.csv,6415,62
B0018,25,24,1.7492382064360228,1.8396018424355425,first_n_median,95.08786989037353,normal,,0,06418.csv,6418,65
B0018,26,24,1.7327697147429957,1.8396018424355425,first_n_median,94.19264945119285,normal,,0,06420.csv,6420,67
B0018,27,24,1.7222313328292376,1.8396018424355425,first_n_median,93.61978734208527,normal,,0,06422.csv,6422,69
B0018,28,24,1.711846298984729,1.8396018424355425,first_n_median,93.05526117098951,normal,,0,06424.csv,6424,71
B0018,29,24,1.699267835126687,1.8396018424355425,first_n_median,92.37150104595133,normal,,0,06427.csv,6427,74
B0018,30,24,1.6940366439243106,1.8396018424355425,first_n_median,92.08713564243278,normal,,0,06430.csv,6430,77
B0018,31,24,1.6819027078768087,1.8396018424355425,first_n_median,91.42753986645567,normal,,0,06432.csv,6432,79
B0018,32,24,1.6769770618433686,1.8396018424355425,first_n_median,91.15978377272842,normal,,0,06434.csv,6434,81
B0018,33,24,1.6655229306478936,1.8396018424355425,first_n_median,90.53714190907871,normal,,0,06436.csv,6436,83
B0018,34,24,1.6571924575832084,1.8396018424355425,first_n_median,90.08430081746206,normal,,0,06439.csv,6439,86
B0018,35,24,1.6482241555294048,1.8396018424355425,first_n_median,89.59678760417184,normal,,0,06442.csv,6442,89
B0018,36,24,1.6387701497987262,1.8396018424355425,first_n_median,89.0828717386516,normal,,0,06444.csv,6444,91
B0018,37,24,1.6276486907262062,1.8396018424355425,first_n_median,88.47831379486331,normal,,0,06446.csv,6446,93
B0018,38,24,1.62215370227252,1.8396018424355425,first_n_median,88.17960848119549,normal,,0,06448.csv,6448,95
B0018,39,24,1.6140066510467586,1.8396018424355425,first_n_median,87.73673812534852,normal,,0,06451.csv,6451,98
B0018,40,24,1.6760516154424625,1.8396018424355425,first_n_median,91.1094768867731,normal,,0,06454.csv,6454,101
B0018,41,24,1.649300642552199,1.8396018424355425,first_n_median,89.65530499624886,normal,,0,06456.csv,6456,103
B0018,42,24,1.63238299185809,1.8396018424355425,first_n_median,88.7356684583929,normal,,0,06458.csv,6458,105
B0018,43,24,1.6164159719025777,1.8396018424355425,first_n_median,87.86770781673725,normal,,0,06460.csv,6460,107
B0018,44,24,1.6109028378249377,1.8396018424355425,first_n_median,87.56801611440991,normal,,0,06463.csv,6463,110
B0018,45,24,1.5954638693695655,1.8396018424355425,first_n_median,86.72876013525023,normal,,0,06466.csv,6466,113
B0018,46,24,1.726707440085764,1.8396018424355425,first_n_median,93.86310669267912,normal,,0,06469.csv,6469,116
B0018,47,24,1.7165673917429751,1.8396018424355425,first_n_median,93.31189783275734,normal,,0,06471.csv,6471,118
B0018,48,24,1.6958235570934848,1.8396018424355425,first_n_median,92.18427150781159,normal,,0,06473.csv,6473,120
B0018,49,24,1.6777783190792557,1.8396018424355425,first_n_median,91.20333978672035,normal,,0,06475.csv,6475,122
B0018,50,24,1.6606586897774192,1.8396018424355425,first_n_median,90.27272377477013,normal,,0,06477.csv,6477,124
B0018,51,24,1.6664109274827466,1.8396018424355425,first_n_median,90.58541305201675,normal,,0,06480.csv,6480,127
B0018,52,24,1.6468336174407805,1.8396018424355425,first_n_median,89.52119852524466,normal,,0,06482.csv,6482,129
B0018,53,24,1.6257639928779952,1.8396018424355425,first_n_median,88.37586239452574,normal,,0,06484.csv,6484,131
B0018,54,24,1.6121577411874597,1.8396018424355425,first_n_median,87.63623214537783,normal,,0,06486.csv,6486,133
B0018,55,24,1.6057366823755344,1.8396018424355425,first_n_median,87.28718602769054,normal,,0,06488.csv,6488,135
B0018,56,24,1.673645314879889,1.8396018424355425,first_n_median,90.97867137728373,normal,,0,06493.csv,6493,140
B0018,57,24,1.6404348572349936,1.8396018424355425,first_n_median,89.17336455062137,normal,,0,06495.csv,6495,142
B0018,58,24,1.6132653317422077,1.8396018424355425,first_n_median,87.69644031266698,normal,,0,06497.csv,6497,144
B0018,59,24,1.5920964324686278,1.8396018424355425,first_n_median,86.5457076494754,normal,,0,06499.csv,6499,146
B0018,60,24,1.5866011820698824,1.8396018424355425,first_n_median,86.24698809658183,normal,,0,06502.csv,6502,149
B0018,61,24,1.580076649033625,1.8396018424355425,first_n_median,85.89231716259216,normal,,0,06505.csv,6505,152
B0018,62,24,1.5641732953289167,1.8396018424355425,first_n_median,85.02781739216069,normal,,0,06507.csv,6507,154
B0018,63,24,1.555618272193922,1.8396018424355425,first_n_median,84.56276985102167,normal,,0,06509.csv,6509,156
B0018,64,24,1.5402045278637395,1.8396018424355425,first_n_median,83.72488504493909,normal,,0,06511.csv,6511,158
B0018,65,24,1.5321613015959863,1.8396018424355425,first_n_median,83.28765857113298,normal,,0,06514.csv,6514,161
B0018,66,24,1.5316232403693415,1.8396018424355425,first_n_median,83.25840978401867,normal,,0,06517.csv,6517,164
B0018,67,24,1.5222595950771978,1.8396018424355425,first_n_median,82.74940587479522,normal,,0,06519.csv,6519,166
B0018,68,24,1.5065267126851285,1.8396018424355425,first_n_median,81.89417285484782,normal,,0,06521.csv,6521,168
B0018,69,24,1.5014219556532926,1.8396018424355425,first_n_median,81.61668036087003,normal,,0,06523.csv,6523,170
B0018,70,24,1.4963534117486457,1.8396018424355425,first_n_median,81.34115639760108,normal,,0,06526.csv,6526,173
B0018,71,24,1.5334262000312422,1.8396018424355425,first_n_median,83.35641793014629,normal,,0,06529.csv,6529,176
B0018,72,24,1.523845267514426,1.8396018424355425,first_n_median,82.83560237670396,normal,,0,06531.csv,6531,178
B0018,73,24,1.501192099426124,1.8396018424355425,first_n_median,81.60418547084186,normal,,0,06533.csv,6533,180
B0018,74,24,1.492417671450291,1.8396018424355425,first_n_median,81.1272111727396,normal,,0,06535.csv,6535,182
B0018,75,24,1.483323851940123,1.8396018424355425,first_n_median,80.63287488211445,normal,,0,06537.csv,6537,184
B0018,76,24,1.4807376792294196,1.8396018424355425,first_n_median,80.49229159658786,normal,,0,06540.csv,6540,187
B0018,77,24,1.4735077809902477,1.8396018424355425,first_n_median,80.09927730010293,normal,,0,06542.csv,6542,189
B0018,78,24,1.46801928526661,1.8396018424355425,first_n_median,79.80092492857175,normal,,1,06544.csv,6544,191
B0018,79,24,1.458092355711902,1.8396018424355425,first_n_median,79.26130111836915,normal,,1,06546.csv,6546,193
B0018,80,24,1.44786609888914,1.8396018424355425,first_n_median,78.7054060009114,normal,,1,06549.csv,6549,196
B0018,81,24,1.4527808777541982,1.8396018424355425,first_n_median,78.97257135983227,normal,,1,06552.csv,6552,199
B0018,82,24,1.4425356364492432,1.8396018424355425,first_n_median,78.41564425372594,normal,,1,06554.csv,6554,201
B0018,83,24,1.4392712877203313,1.8396018424355425,first_n_median,78.23819559860881,normal,,1,06556.csv,6556,203
B0018,84,24,1.4286475681888218,1.8396018424355425,first_n_median,77.66069457167767,normal,,1,06558.csv,6558,205
B0018,85,24,1.4249026750004896,1.8396018424355425,first_n_median,77.45712371727072,normal,,1,06561.csv,6561,208
B0018,86,24,1.4698115324524124,1.8396018424355425,first_n_median,79.89835074890195,normal,,1,06564.csv,6564,211
B0018,87,24,1.4525819651050202,1.8396018424355425,first_n_median,78.96175854998455,normal,,1,06566.csv,6566,213
B0018,88,24,1.442834198908794,1.8396018424355425,first_n_median,78.43187398630523,normal,,1,06568.csv,6568,215
B0018,89,24,1.428376058807949,1.8396018424355425,first_n_median,77.64593543333537,normal,,1,06570.csv,6570,217
B0018,90,24,1.4154547844370715,1.8396018424355425,first_n_median,76.94354026972918,normal,,1,06572.csv,6572,219
B0018,91,24,1.454576670077708,1.8396018424355425,first_n_median,79.07018989239106,normal,,1,06575.csv,6575,222
B0018,92,24,1.4283179548274056,1.8396018424355425,first_n_median,77.64277692483623,normal,,1,06577.csv,6577,224
B0018,93,24,1.4197026883204058,1.8396018424355425,first_n_median,77.17445457875762,normal,,1,06579.csv,6579,226
B0018,94,24,1.4155606630306516,1.8396018424355425,first_n_median,76.94929578655557,normal,,1,06581.csv,6581,228
B0018,95,24,1.405680035419228,1.8396018424355425,first_n_median,76.41218893095784,normal,,1,06584.csv,6584,231
B0018,96,24,1.4084461071166137,1.8396018424355425,first_n_median,76.56255145145431,normal,,1,06587.csv,6587,234
B0018,97,24,1.3968547782872414,1.8396018424355425,first_n_median,75.93245158082003,normal,,1,06589.csv,6589,236
B0018,98,24,1.3935670371440676,1.8396018424355425,first_n_median,75.75373132367889,normal,,1,06591.csv,6591,238
B0018,99,24,1.3893644292809475,1.8396018424355425,first_n_median,75.52527928769072,normal,,1,06593.csv,6593,240
B0018,100,24,1.378565141566671,1.8396018424355425,first_n_median,74.93823444651036,normal,,1,06596.csv,6596,243
B0018,101,24,1.384901110085747,1.8396018424355425,first_n_median,75.2826550908541,normal,,1,06599.csv,6599,246
B0018,102,24,1.3703251814242443,1.8396018424355425,first_n_median,74.49031360014301,normal,,1,06601.csv,6601,248
B0018,103,24,1.3733464385229082,1.8396018424355425,first_n_median,74.65454789416088,normal,,1,06603.csv,6603,250
B0018,104,24,1.3679487285504814,1.8396018424355425,first_n_median,74.36113059874873,normal,,1,06605.csv,6605,252
B0018,105,24,1.3567141087089647,1.8396018424355425,first_n_median,73.75042128207167,normal,,1,06608.csv,6608,255
B0018,106,24,1.4604310209194575,1.8396018424355425,first_n_median,79.38842999776074,normal,,1,06611.csv,6611,258
B0018,107,24,1.4500998937104097,1.8396018424355425,first_n_median,78.82683416921068,normal,,1,06613.csv,6613,260
B0018,108,24,1.4381406901824496,1.8396018424355425,first_n_median,78.17673678117336,normal,,1,06615.csv,6615,262
B0018,109,24,1.4283681980964316,1.8396018424355425,first_n_median,77.64550812828837,normal,,1,06617.csv,6617,264
B0018,110,24,1.4147874517552432,1.8396018424355425,first_n_median,76.90726433944718,normal,,1,06619.csv,6619,266
B0018,111,24,1.413889163393182,1.8396018424355425,first_n_median,76.85843375332036,normal,,1,06622.csv,6622,269
B0018,112,24,1.3989331662177225,1.8396018424355425,first_n_median,76.04543189441492,normal,,1,06624.csv,6624,271
B0018,113,24,1.3953322584033976,1.8396018424355425,first_n_median,75.84968802575487,normal,,1,06626.csv,6626,273
B0018,114,24,1.390046129540245,1.8396018424355425,first_n_median,75.56233623357825,normal,,1,06628.csv,6628,275
B0018,115,24,1.3860271454209647,1.8396018424355425,first_n_median,75.34386590882801,normal,,1,06631.csv,6631,278
B0018,116,24,1.388215260193751,1.8396018424355425,first_n_median,75.4628109284682,normal,,1,06634.csv,6634,281
B0018,117,24,1.3761826562394497,1.8396018424355425,first_n_median,74.80872352342567,normal,,1,06636.csv,6636,283
B0018,118,24,1.3647168898640163,1.8396018424355425,first_n_median,74.18544917617598,normal,,1,06638.csv,6638,285
B0018,119,24,1.3589854739373584,1.8396018424355425,first_n_median,73.87389176225918,normal,,1,06640.csv,6640,287
B0018,120,24,1.34623087640088,1.8396018424355425,first_n_median,73.18055708285965,normal,,1,06643.csv,6643,290
B0018,121,24,1.4268427818454643,1.8396018424355425,first_n_median,77.5625871278969,normal,,1,06646.csv,6646,293
B0018,122,24,1.4064481483279665,1.8396018424355425,first_n_median,76.45394323294971,normal,,1,06648.csv,6648,295
B0018,123,24,1.3934907492075153,1.8396018424355425,first_n_median,75.74958434280549,normal,,1,06650.csv,6650,297
B0018,124,24,1.3882493512249316,1.8396018424355425,first_n_median,75.46466410291032,normal,,1,06652.csv,6652,299
B0018,125,24,1.3701878338420928,1.8396018424355425,first_n_median,74.48284744203296,normal,,1,06654.csv,6654,301
B0018,126,24,1.379695166560862,1.8396018424355425,first_n_median,74.99966214070614,normal,,1,06657.csv,6657,304
B0018,127,24,1.3686586323935683,1.8396018424355425,first_n_median,74.39972067985818,normal,,1,06659.csv,6659,306
B0018,128,24,1.3627371779096438,1.8396018424355425,first_n_median,74.07783284808231,normal,,1,06661.csv,6661,308
B0018,129,24,1.3634051133928071,1.8396018424355425,first_n_median,74.11414154639712,normal,,1,06663.csv,6663,310
B0018,130,24,1.3518646035305233,1.8396018424355425,first_n_median,73.486804173925,normal,,1,06666.csv,6666,313
B0018,131,24,1.3547969729652622,1.8396018424355425,first_n_median,73.64620657106853,normal,,1,06669.csv,6669,316
B0018,132,24,1.341051440640485,1.8396018424355425,first_n_median,72.89900508389351,normal,,1,06671.csv,6671,318
B0025,1,24,1.847011162956716,1.847111177186175,first_n_median,99.9945853703505,normal,,0,04003.csv,4003,3
B0025,2,24,1.8485654344528384,1.847111177186175,first_n_median,100.07873144208237,normal,,0,04005.csv,4005,5
B0025,3,24,1.847111177186175,1.847111177186175,first_n_median,100.0,normal,,0,04007.csv,4007,7
B0025,4,24,1.8489837601535537,1.847111177186175,first_n_median,100.10137900687882,normal,,0,04009.csv,4009,9
B0025,5,24,1.837012071856044,1.847111177186175,first_n_median,99.45324864822076,normal,,0,04011.csv,4011,11
B0025,6,24,1.817549211247137,1.847111177186175,first_n_median,98.39955676170659,normal,,0,04015.csv,4015,15
B0025,7,24,1.839863822522073,1.847111177186175,first_n_median,99.60763841648436,normal,,0,04019.csv,4019,19
B0025,8,24,1.8430595619731431,1.847111177186175,first_n_median,99.7806512535318,normal,,0,04022.csv,4022,22
B0025,9,24,1.8401871729536057,1.847111177186175,first_n_median,99.62514415385016,normal,,0,04024.csv,4024,24
B0025,10,24,1.8281265632888255,1.847111177186175,first_n_median,98.97219971749237,normal,,0,04026.csv,4026,26
B0025,11,24,1.8253563336445804,1.847111177186175,first_n_median,98.82222338263715,normal,,0,04030.csv,4030,30
B0025,12,24,1.8214180552626156,1.847111177186175,first_n_median,98.6090105327228,normal,,0,04034.csv,4034,34
B0025,13,24,1.830315627968932,1.847111177186175,first_n_median,99.0907125989661,normal,,0,04036.csv,4036,36
B0025,14,24,1.8175491643824844,1.847111177186175,first_n_median,98.39955422452023,normal,,0,04038.csv,4038,38
B0025,15,24,1.810901200296979,1.847111177186175,first_n_median,98.039642803507,normal,,0,04040.csv,4040,40
B0025,16,24,1.8083032603084237,1.847111177186175,first_n_median,97.89899398817617,normal,,0,04042.csv,4042,42
B0025,17,24,1.7928016149381063,1.847111177186175,first_n_median,97.05975672071878,normal,,0,04046.csv,4046,46
B0025,18,24,1.812563150045885,1.847111177186175,first_n_median,98.12961842432682,normal,,0,04050.csv,4050,50
B0025,19,24,1.807772607491239,1.847111177186175,first_n_median,97.8702651913534,normal,,0,04052.csv,4052,52
B0025,20,24,1.8048055175003967,1.847111177186175,first_n_median,97.70963111434227,normal,,0,04054.csv,4054,54
B0025,21,24,1.800538555899242,1.847111177186175,first_n_median,97.47862381744231,normal,,0,04056.csv,4056,56
B0025,22,24,1.7942356098033032,1.847111177186175,first_n_median,97.13739118489767,normal,,0,04058.csv,4058,58
B0025,23,24,1.807409052434889,1.847111177186175,first_n_median,97.85058283217327,normal,,0,04065.csv,4065,65
B0025,24,24,1.7902504816962077,1.847111177186175,first_n_median,96.9216419567886,normal,,0,04067.csv,4067,67
B0025,25,24,1.7961223845359495,1.847111177186175,first_n_median,97.23953851397835,normal,,0,04069.csv,4069,69
B0025,26,24,1.7912236690350776,1.847111177186175,first_n_median,96.97432894991007,normal,,0,04071.csv,4071,71
B0025,27,24,1.7854822365303245,1.847111177186175,first_n_median,96.66349587306738,normal,,0,04073.csv,4073,73
B0025,28,24,1.7677890780323615,1.847111177186175,first_n_median,95.70561316863179,normal,,0,04077.csv,4077,77
B0026,1,24,1.8132504303869896,1.81429130140682,first_n_median,99.94262933306116,normal,,0,04083.csv,4083,3
B0026,2,24,1.8149760087078304,1.81429130140682,first_n_median,100.03773965627678,normal,,0,04085.csv,4085,5
B0026,3,24,1.8135354175561995,1.81429130140682,first_n_median,99.95833723889685,normal,,0,04087.csv,4087,7
B0026,4,24,1.815149273310334,1.81429130140682,first_n_median,100.04728964432827,normal,,0,04089.csv,4089,9
B0026,5,24,1.81429130140682,1.81429130140682,first_n_median,100.0,normal,,0,04091.csv,4091,11
B0026,6,24,1.3863373424430123,1.81429130140682,first_n_median,76.41205915323698,normal,,1,04095.csv,4095,15
B0026,7,24,1.8165277958816064,1.81429130140682,first_n_median,100.12327096938911,normal,,0,04099.csv,4099,19
B0026,8,24,1.8085638576011065,1.81429130140682,first_n_median,99.6843150931015,normal,,0,04102.csv,4102,22
B0026,9,24,1.804936077644182,1.81429130140682,first_n_median,99.48435933328987,normal,,0,04104.csv,4104,24
B0026,10,24,1.8049315924982108,1.81429130140682,first_n_median,99.4841121212811,normal,,0,04106.csv,4106,26
B0026,11,24,1.717679232699393,1.81429130140682,first_n_median,94.67494174543454,normal,,0,04110.csv,4110,30
B0026,12,24,1.809804813280106,1.81429130140682,first_n_median,99.75271401437932,normal,,0,04114.csv,4114,34
B0026,13,24,1.806556213274488,1.81429130140682,first_n_median,99.57365787256246,normal,,0,04116.csv,4116,36
B0026,14,24,1.7938155707698509,1.81429130140682,first_n_median,98.87141989706437,normal,,0,04118.csv,4118,38
B0026,15,24,1.799304949381792,1.81429130140682,first_n_median,99.17398314077748,normal,,0,04120.csv,4120,40
B0026,16,24,1.7842197448470132,1.81429130140682,first_n_median,98.34251773480428,normal,,0,04122.csv,4122,42
B0026,17,24,1.6818819918515189,1.81429130140682,first_n_median,92.70187155432924,normal,,0,04126.csv,4126,46
B0026,18,24,1.8007519383961936,1.81429130140682,first_n_median,99.25373819517694,normal,,0,04130.csv,4130,50
B0026,19,24,1.795972684272296,1.81429130140682,first_n_median,98.99031555074316,normal,,0,04132.csv,4132,52
B0026,20,24,1.7931026940553298,1.81429130140682,first_n_median,98.83212760072982,normal,,0,04134.csv,4134,54
B0026,21,24,1.8010267542068712,1.81429130140682,first_n_median,99.26888547667822,normal,,0,04136.csv,4136,56
B0026,22,24,1.7824572301269948,1.81429130140682,first_n_median,98.24537155333651,normal,,0,04138.csv,4138,58
B0026,23,24,1.7959303030608789,1.81429130140682,first_n_median,98.98797958565397,normal,,0,04145.csv,4145,65
B0026,24,24,1.7783142127341005,1.81429130140682,first_n_median,98.01701696718588,normal,,0,04147.csv,4147,67
B0026,25,24,1.771719092984802,1.81429130140682,first_n_median,97.65350754925589,normal,,0,04149.csv,4149,69
B0026,26,24,1.7790749489536772,1.81429130140682,first_n_median,98.05894718087245,normal,,0,04151.csv,4151,71
B0026,27,24,1.7733229782464677,1.81429130140682,first_n_median,97.74191040167666,normal,,0,04153.csv,4153,73
B0026,28,24,1.768754111010884,1.81429130140682,first_n_median,97.49008384923489,normal,,0,04157.csv,4157,77
B0027,1,24,1.8233077742149364,1.814238465116796,first_n_median,100.49989619735884,normal,,0,03162.csv,3162,3
B0027,2,24,1.814238465116796,1.814238465116796,first_n_median,100.0,normal,,0,03164.csv,3164,5
B0027,3,24,1.812859679313087,1.814238465116796,first_n_median,99.92400195287337,normal,,0,03166.csv,3166,7
B0027,4,24,1.814424244673997,1.814238465116796,first_n_median,100.01024008479442,normal,,0,03168.csv,3168,9
B0027,5,24,1.812800333853042,1.814238465116796,first_n_median,99.92073085807596,normal,,0,03170.csv,3170,11
B0027,6,24,1.7946038703195293,1.814238465116796,first_n_median,98.9177500546488,normal,,0,03174.csv,3174,15
B0027,7,24,1.816519171293833,1.814238465116796,first_n_median,100.12571148836767,normal,,0,03178.csv,3178,19
B0027,8,24,1.819833556519024,1.814238465116796,first_n_median,100.30839889627563,normal,,0,03181.csv,3181,22
B0027,9,24,1.816980986440728,1.814238465116796,first_n_median,100.15116652946476,normal,,0,03183.csv,3183,24
B0027,10,24,1.8047602710768988,1.814238465116796,first_n_median,99.4775662504054,normal,,0,03185.csv,3185,26
B0027,11,24,1.802177888140868,1.814238465116796,first_n_median,99.33522647613188,normal,,0,03189.csv,3189,30
B0027,12,24,1.810054375611175,1.814238465116796,first_n_median,99.76937488725599,normal,,0,03193.csv,3193,34
B0027,13,24,1.8191618703574552,1.814238465116796,first_n_median,100.27137586019279,normal,,0,03195.csv,3195,36
B0027,14,24,1.806344581230731,1.814238465116796,first_n_median,99.5648927063424,normal,,0,03197.csv,3197,38
B0027,15,24,1.8120006378747944,1.814238465116796,first_n_median,99.87665197905186,normal,,0,03199.csv,3199,40
B0027,16,24,1.809238569578753,1.814238465116796,first_n_median,99.72440802936447,normal,,0,03201.csv,3201,42
B0027,17,24,1.7820717716005336,1.814238465116796,first_n_median,98.22698646651219,normal,,0,03205.csv,3205,46
B0027,18,24,1.8145504562341048,1.814238465116796,first_n_median,100.01719680865044,normal,,0,03209.csv,3209,50
B0027,19,24,1.809153485164282,1.814238465116796,first_n_median,99.71971821509217,normal,,0,03211.csv,3211,52
B0027,20,24,1.806555150809371,1.814238465116796,first_n_median,99.57649920585658,normal,,0,03213.csv,3213,54
B0027,21,24,1.802401655959492,1.814238465116796,first_n_median,99.34756045663809,normal,,0,03215.csv,3215,56
B0027,22,24,1.7964331683322998,1.814238465116796,first_n_median,99.01858013007403,normal,,0,03217.csv,3217,58
B0027,23,24,1.8088036930508289,1.814238465116796,first_n_median,99.700437832707,normal,,0,03224.csv,3224,65
B0027,24,24,1.7915527748749651,1.814238465116796,first_n_median,98.74957505983811,normal,,0,03226.csv,3226,67
B0027,25,24,1.7853375192239571,1.814238465116796,first_n_median,98.40699299190648,normal,,0,03228.csv,3228,69
B0027,26,24,1.793209210325309,1.814238465116796,first_n_median,98.84087702935275,normal,,0,03230.csv,3230,71
B0027,27,24,1.7873097711102113,1.814238465116796,first_n_median,98.51570261989507,normal,,0,03232.csv,3232,73
B0027,28,24,1.7700926253324452,1.814238465116796,first_n_median,97.5667013662667,normal,,0,03236.csv,3236,77
B0028,1,24,1.8046847720100736,1.797618668222458,first_n_median,100.39308135326625,normal,,0,01453.csv,1453,3
B0028,2,24,1.804783321452588,1.797618668222458,first_n_median,100.39856357506649,normal,,0,01455.csv,1455,5
B0028,3,24,1.797618668222458,1.797618668222458,first_n_median,100.0,normal,,0,01457.csv,1457,7
B0028,4,24,1.7929913687761174,1.797618668222458,first_n_median,99.74258726123955,normal,,0,01459.csv,1459,9
B0028,5,24,1.7919180081592216,1.797618668222458,first_n_median,99.6828771216048,normal,,0,01461.csv,1461,11
B0028,6,24,1.775026135903797,1.797618668222458,first_n_median,98.7431966123827,normal,,0,01465.csv,1465,15
B0028,7,24,1.7920487852223417,1.797618668222458,first_n_median,99.69015213857209,normal,,0,01469.csv,1469,19
B0028,8,24,1.790475801581265,1.797618668222458,first_n_median,99.60264839437521,normal,,0,01472.csv,1472,22
B0028,9,24,1.7868365091987264,1.797618668222458,first_n_median,99.40019764957195,normal,,0,01474.csv,1474,24
B0028,10,24,1.7871529619962183,1.797618668222458,first_n_median,99.41780164996904,normal,,0,01476.csv,1476,26
B0028,11,24,1.7816340617009505,1.797618668222458,first_n_median,99.11078991311803,normal,,0,01480.csv,1480,30
B0028,12,24,1.7850235136604733,1.797618668222458,first_n_median,99.29934224734997,normal,,0,01484.csv,1484,34
B0028,13,24,1.7803865429693038,1.797618668222458,first_n_median,99.04139150545238,normal,,0,01486.csv,1486,36
B0028,14,24,1.7789060856417256,1.797618668222458,first_n_median,98.95903492150336,normal,,0,01488.csv,1488,38
B0028,15,24,1.7738387518973049,1.797618668222458,first_n_median,98.67714344841183,normal,,0,01490.csv,1490,40
B0028,16,24,1.769682881523146,1.797618668222458,first_n_median,98.4459559086057,normal,,0,01492.csv,1492,42
B0028,17,24,1.7408787283206992,1.797618668222458,first_n_median,96.84360532604698,normal,,0,01496.csv,1496,46
B0028,18,24,1.7648189744011906,1.797618668222458,first_n_median,98.17538088577481,normal,,0,01500.csv,1500,50
B0028,19,24,1.7617857390844025,1.797618668222458,first_n_median,98.00664458088387,normal,,0,01502.csv,1502,52
B0028,20,24,1.75770610357021,1.797618668222458,first_n_median,97.77969792160009,normal,,0,01504.csv,1504,54
B0028,21,24,1.7519375960601256,1.797618668222458,first_n_median,97.45880074735187,normal,,0,01506.csv,1506,56
B0028,22,24,1.7521244035832175,1.797618668222458,first_n_median,97.46919269122708,normal,,0,01508.csv,1508,58
B0028,23,24,1.759771413398964,1.797618668222458,first_n_median,97.89458935354078,normal,,0,01515.csv,1515,65
B0028,24,24,1.7483011320324189,1.797618668222458,first_n_median,97.25650734152612,normal,,0,01517.csv,1517,67
B0028,25,24,1.7411482627836237,1.797618668222458,first_n_median,96.85859929933449,normal,,0,01519.csv,1519,69
B0028,26,24,1.7363833316311177,1.797618668222458,first_n_median,96.59353022563502,normal,,0,01521.csv,1521,71
B0028,27,24,1.736559066269527,1.797618668222458,first_n_median,96.60330619433827,normal,,0,01523.csv,1523,73
B0028,28,24,1.7172335652295243,1.797618668222458,first_n_median,95.5282449824344,normal,,0,01527.csv,1527,77
B0029,1,43,1.697507332205763,1.815750429913437,first_n_median,93.48792126056051,normal,,0,01354.csv,1354,1
B0029,2,43,1.844701206961174,1.815750429913437,first_n_median,101.59442490392895,normal,,0,01356.csv,1356,3
B0029,3,43,1.8254376674722927,1.815750429913437,first_n_median,100.53351151123326,normal,,0,01358.csv,1358,5
B0029,4,43,1.815750429913437,1.815750429913437,first_n_median,100.0,normal,,0,01360.csv,1360,7
B0029,5,43,1.8132993337127028,1.815750429913437,first_n_median,99.86500919067105,normal,,0,01362.csv,1362,9
B0029,6,43,1.8151647619660576,1.815750429913437,first_n_median,99.96774512963175,normal,,0,01366.csv,1366,13
B0029,7,43,1.8143317955190057,1.815750429913437,first_n_median,99.9218706287461,normal,,0,01368.csv,1368,15
B0029,8,43,1.801343601809866,1.815750429913437,first_n_median,99.20656342048848,normal,,0,01370.csv,1370,17
B0029,9,43,1.7881558802945825,1.815750429913437,first_n_median,98.48026748807268,normal,,0,01372.csv,1372,19
B0029,10,43,1.7760714604539518,1.815750429913437,first_n_median,97.81473440370453,normal,,0,01374.csv,1374,21
B0029,11,43,1.7852807447597443,1.815750429913437,first_n_median,98.32192328572681,normal,,0,01378.csv,1378,25
B0029,12,43,1.7698116401111978,1.815750429913437,first_n_median,97.4699832617179,normal,,0,01380.csv,1380,27
B0029,13,43,1.7565231680521758,1.815750429913437,first_n_median,96.73813862932226,normal,,0,01382.csv,1382,29
B0029,14,43,1.7543413277348154,1.815750429913437,first_n_median,96.61797672373129,normal,,0,01384.csv,1384,31
B0029,15,43,1.7392875506998715,1.815750429913437,first_n_median,95.78891030651107,normal,,0,01386.csv,1386,33
B0029,16,43,1.7797845109331345,1.815750429913437,first_n_median,98.019225638734,normal,,0,01390.csv,1390,37
B0029,17,43,1.7657088508465202,1.815750429913437,first_n_median,97.24402769001121,normal,,0,01392.csv,1392,39
B0029,18,43,1.7523941408724169,1.815750429913437,first_n_median,96.51073803991662,normal,,0,01394.csv,1394,41
B0029,19,43,1.7380191225603103,1.815750429913437,first_n_median,95.71905334166257,normal,,0,01396.csv,1396,43
B0029,20,43,1.7312214443143976,1.815750429913437,first_n_median,95.3446804028531,normal,,0,01398.csv,1398,45
B0029,21,43,1.7379128985265808,1.815750429913437,first_n_median,95.71320319662175,normal,,0,01402.csv,1402,49
B0029,22,43,1.7224270683625882,1.815750429913437,first_n_median,94.86034203746283,normal,,0,01404.csv,1404,51
B0029,23,43,1.7184213765608034,1.815750429913437,first_n_median,94.63973397724743,normal,,0,01406.csv,1406,53
B0029,24,43,1.7010220930648232,1.815750429913437,first_n_median,93.68149196285287,normal,,0,01408.csv,1408,55
B0029,25,43,1.693698739563104,1.815750429913437,first_n_median,93.27816817005234,normal,,0,01410.csv,1410,57
B0029,26,43,1.713072721286705,1.815750429913437,first_n_median,94.34516401950532,normal,,0,01414.csv,1414,61
B0029,27,43,1.6976972688567131,1.815750429913437,first_n_median,93.4983817648138,normal,,0,01416.csv,1416,63
B0029,28,43,1.6899314034061208,1.815750429913437,first_n_median,93.07068722471324,normal,,0,01418.csv,1418,65
B0029,29,43,1.685023551367069,1.815750429913437,first_n_median,92.80039390916734,normal,,0,01420.csv,1420,67
B0029,30,43,1.678389965463405,1.815750429913437,first_n_median,92.43505813425138,normal,,0,01422.csv,1422,69
B0029,31,43,1.6737947494868326,1.815750429913437,first_n_median,92.18198282715693,normal,,0,01426.csv,1426,73
B0029,32,43,1.6687898927884717,1.815750429913437,first_n_median,91.90634711115165,normal,,0,01428.csv,1428,75
B0029,33,43,1.6492566306631429,1.815750429913437,first_n_median,90.83057910892349,normal,,0,01430.csv,1430,77
B0029,34,43,1.6409676757039668,1.815750429913437,first_n_median,90.37407612136418,normal,,0,01432.csv,1432,79
B0029,35,43,1.6456360229757092,1.815750429913437,first_n_median,90.63117903566528,normal,,0,01434.csv,1434,81
B0029,36,43,1.654547743574037,1.815750429913437,first_n_median,91.12197999881046,normal,,0,01438.csv,1438,85
B0029,37,43,1.6461201520877546,1.815750429913437,first_n_median,90.65784179195985,normal,,0,01440.csv,1440,87
B0029,38,43,1.6275119188151763,1.815750429913437,first_n_median,89.63301850314117,normal,,0,01442.csv,1442,89
B0029,39,43,1.6200530533464497,1.815750429913437,first_n_median,89.22223157197232,normal,,0,01444.csv,1444,91
B0029,40,43,1.612079811711934,1.815750429913437,first_n_median,88.78311606891852,normal,,0,01446.csv,1446,93
B0030,1,43,1.6560706096175404,1.751755031874225,first_n_median,94.53779663733515,normal,,0,02900.csv,2900,1
B0030,2,43,1.7815548749509116,1.751755031874225,first_n_median,101.70114214227792,normal,,0,02902.csv,2902,3
B0030,3,43,1.761969227822918,1.751755031874225,first_n_median,100.58308357977226,normal,,0,02904.csv,2904,5
B0030,4,43,1.751755031874225,1.751755031874225,first_n_median,100.0,normal,,0,02906.csv,2906,7
B0030,5,43,1.7381688070362076,1.751755031874225,first_n_median,99.2244221029306,normal,,0,02908.csv,2908,9
B0030,6,43,1.750674529346134,1.751755031874225,first_n_median,99.9383188568932,normal,,0,02912.csv,2912,13
B0030,7,43,1.7491047649061158,1.751755031874225,first_n_median,99.84870790036928,normal,,0,02914.csv,2914,15
B0030,8,43,1.7252544028765475,1.751755031874225,first_n_median,98.48719549734508,normal,,0,02916.csv,2916,17
B0030,9,43,1.7112621367644252,1.751755031874225,first_n_median,97.68843848751636,normal,,0,02918.csv,2918,19
B0030,10,43,1.6990418392711273,1.751755031874225,first_n_median,96.99083538257635,normal,,0,02920.csv,2920,21
B0030,11,43,1.7185770039532977,1.751755031874225,first_n_median,98.10601212399945,normal,,0,02924.csv,2924,25
B0030,12,43,1.70324722921867,1.751755031874225,first_n_median,97.23090262206036,normal,,0,02926.csv,2926,27
B0030,13,43,1.689458044662304,1.751755031874225,first_n_median,96.44373864619253,normal,,0,02928.csv,2928,29
B0030,14,43,1.6756136292719177,1.751755031874225,first_n_median,95.65342178461776,normal,,0,02930.csv,2930,31
B0030,15,43,1.6718407140871654,1.751755031874225,first_n_median,95.43804262965021,normal,,0,02932.csv,2932,33
B0030,16,43,1.7233056681204446,1.751755031874225,first_n_median,98.37595079014318,normal,,0,02936.csv,2936,37
B0030,17,43,1.709207290507283,1.751755031874225,first_n_median,97.57113634082617,normal,,0,02938.csv,2938,39
B0030,18,43,1.684001734344571,1.751755031874225,first_n_median,96.13226185757469,normal,,0,02940.csv,2940,41
B0030,19,43,1.66898698813004,1.751755031874225,first_n_median,95.27513595005175,normal,,0,02942.csv,2942,43
B0030,20,43,1.6620689362837142,1.751755031874225,first_n_median,94.88021475842119,normal,,0,02944.csv,2944,45
B0030,21,43,1.6687049625248174,1.751755031874225,first_n_median,95.25903634707696,normal,,0,02948.csv,2948,49
B0030,22,43,1.652762183550463,1.751755031874225,first_n_median,94.34893312577796,normal,,0,02950.csv,2950,51
B0030,23,43,1.648481366235244,1.751755031874225,first_n_median,94.10456006919603,normal,,0,02952.csv,2952,53
B0030,24,43,1.6307406443132095,1.751755031874225,first_n_median,93.091820182669,normal,,0,02954.csv,2954,55
B0030,25,43,1.62323023017929,1.751755031874225,first_n_median,92.66308363005388,normal,,0,02956.csv,2956,57
B0030,26,43,1.654190654039439,1.751755031874225,first_n_median,94.43047823128555,normal,,0,02960.csv,2960,61
B0030,27,43,1.638514396616985,1.751755031874225,first_n_median,93.53558955466038,normal,,0,02962.csv,2962,63
B0030,28,43,1.618847673357618,1.751755031874225,first_n_median,92.41290271195011,normal,,0,02964.csv,2964,65
B0030,29,43,1.6134212267751404,1.751755031874225,first_n_median,92.10313071279839,normal,,0,02966.csv,2966,67
B0030,30,43,1.6066443601761986,1.751755031874225,first_n_median,91.71626916676982,normal,,0,02968.csv,2968,69
B0030,31,43,1.6138387876938998,1.751755031874225,first_n_median,92.12696743146975,normal,,0,02972.csv,2972,73
B0030,32,43,1.596329501327274,1.751755031874225,first_n_median,91.1274391841958,normal,,0,02974.csv,2974,75
B0030,33,43,1.589078586740699,1.751755031874225,first_n_median,90.71351632085928,normal,,0,02976.csv,2976,77
B0030,34,43,1.5805481432309574,1.751755031874225,first_n_median,90.22655077176567,normal,,0,02978.csv,2978,79
B0030,35,43,1.584613105427081,1.751755031874225,first_n_median,90.45860160776495,normal,,0,02980.csv,2980,81
B0030,36,43,1.5936651221220737,1.751755031874225,first_n_median,90.97534147893904,normal,,0,02984.csv,2984,85
B0030,37,43,1.5849874126960888,1.751755031874225,first_n_median,90.47996916556824,normal,,0,02986.csv,2986,87
B0030,38,43,1.5787064969416462,1.751755031874225,first_n_median,90.12141927473547,normal,,0,02988.csv,2988,89
B0030,39,43,1.570705516096967,1.751755031874225,first_n_median,89.66467842346935,normal,,0,02990.csv,2990,91
B0030,40,43,1.562780404428482,1.751755031874225,first_n_median,89.2122686102088,normal,,0,02992.csv,2992,93
B0031,1,43,1.6666751942525773,1.8044387333514835,first_n_median,92.36529694510433,normal,,0,04161.csv,4161,1
B0031,2,43,1.8328583629543171,1.8044387333514835,first_n_median,101.5749844579122,normal,,0,04163.csv,4163,3
B0031,3,43,1.8139835002945135,1.8044387333514835,first_n_median,100.52896043332555,normal,,0,04165.csv,4165,5
B0031,4,43,1.8044387333514835,1.8044387333514835,first_n_median,100.0,normal,,0,04167.csv,4167,7
B0031,5,43,1.802147684291295,1.8044387333514835,first_n_median,99.8730325935792,normal,,0,04169.csv,4169,9
B0031,6,43,1.7715647509798835,1.8044387333514835,first_n_median,98.1781602354245,normal,,0,04173.csv,4173,13
B0031,7,43,1.8139928165779544,1.8044387333514835,first_n_median,100.52947673145573,normal,,0,04175.csv,4175,15
B0031,8,43,1.8013261041198854,1.8044387333514835,first_n_median,99.82750152864337,normal,,0,04177.csv,4177,17
B0031,9,43,1.7883722583933568,1.8044387333514835,first_n_median,99.10961371748624,normal,,0,04179.csv,4179,19
B0031,10,43,1.776540165737316,1.8044387333514835,first_n_median,98.45389222152475,normal,,0,04181.csv,4181,21
B0031,11,43,1.7856209131823229,1.8044387333514835,first_n_median,98.95713720719077,normal,,0,04185.csv,4185,25
B0031,12,43,1.781363403668594,1.8044387333514835,first_n_median,98.72119073613375,normal,,0,04187.csv,4187,27
B0031,13,43,1.768489838397124,1.8044387333514835,first_n_median,98.00775197905503,normal,,0,04189.csv,4189,29
B0031,14,43,1.766505238291406,1.8044387333514835,first_n_median,97.89776763494643,normal,,0,04191.csv,4191,31
B0031,15,43,1.751740527921767,1.8044387333514835,first_n_median,97.07952370697357,normal,,0,04193.csv,4193,33
B0031,16,43,1.7352349314055016,1.8044387333514835,first_n_median,96.16480179310682,normal,,0,04197.csv,4197,37
B0031,17,43,1.7782778274549178,1.8044387333514835,first_n_median,98.55019151312632,normal,,0,04199.csv,4199,39
B0031,18,43,1.7649894859707391,1.8044387333514835,first_n_median,97.81376631682733,normal,,0,04201.csv,4201,41
B0031,19,43,1.762591283533551,1.8044387333514835,first_n_median,97.68086058869913,normal,,0,04203.csv,4203,43
B0031,20,43,1.744314576121582,1.8044387333514835,first_n_median,96.66798566675469,normal,,0,04205.csv,4205,45
B0031,21,43,1.7628373753518478,1.8044387333514835,first_n_median,97.69449872524255,normal,,0,04209.csv,4209,49
B0031,22,43,1.747857930947971,1.8044387333514835,first_n_median,96.86435447445633,normal,,0,04211.csv,4211,51
B0031,23,43,1.7441167338864991,1.8044387333514835,first_n_median,96.65702146877855,normal,,0,04213.csv,4213,53
B0031,24,43,1.7268422932817389,1.8044387333514835,first_n_median,95.69969106539735,normal,,0,04215.csv,4215,55
B0031,25,43,1.7203093493042263,1.8044387333514835,first_n_median,95.33764253159214,normal,,0,04217.csv,4217,57
B0031,26,43,1.7394245516699778,1.8044387333514835,first_n_median,96.39698591701413,normal,,0,04221.csv,4221,61
B0031,27,43,1.7367384416372014,1.8044387333514835,first_n_median,96.24812466818761,normal,,0,04223.csv,4223,63
B0031,28,43,1.716963468448543,1.8044387333514835,first_n_median,95.15221751306193,normal,,0,04225.csv,4225,65
B0031,29,43,1.7127773558366357,1.8044387333514835,first_n_median,94.92022777938267,normal,,0,04227.csv,4227,67
B0031,30,43,1.7061083466554066,1.8044387333514835,first_n_median,94.55063866239213,normal,,0,04229.csv,4229,69
B0031,31,43,1.713732696207521,1.8044387333514835,first_n_median,94.97317168671671,normal,,0,04233.csv,4233,73
B0031,32,43,1.7093475797926974,1.8044387333514835,first_n_median,94.73015338225598,normal,,0,04235.csv,4235,75
B0031,33,43,1.690100045411559,1.8044387333514835,first_n_median,93.66347630281928,normal,,0,04237.csv,4237,77
B0031,34,43,1.6946883343387664,1.8044387333514835,first_n_median,93.91775420333217,normal,,0,04239.csv,4239,79
B0031,35,43,1.687010991299212,1.8044387333514835,first_n_median,93.49228433851192,normal,,0,04241.csv,4241,81
B0031,36,43,1.6957069027070075,1.8044387333514835,first_n_median,93.97420213638829,normal,,0,04245.csv,4245,85
B0031,37,43,1.687696889615565,1.8044387333514835,first_n_median,93.53029606502142,normal,,0,04247.csv,4247,87
B0031,38,43,1.6819617127259294,1.8044387333514835,first_n_median,93.21245890138532,normal,,0,04249.csv,4249,89
B0031,39,43,1.6750033888978846,1.8044387333514835,first_n_median,92.82683628647277,normal,,0,04251.csv,4251,91
B0031,40,43,1.6672987794846676,1.8044387333514835,first_n_median,92.39985534936405,normal,,0,04253.csv,4253,93
B0032,1,43,1.704864107351214,1.8654947184112376,first_n_median,91.3893826943222,normal,,0,01013.csv,1013,1
B0032,2,43,1.8940319526948568,1.8654947184112376,first_n_median,101.52974082434942,normal,,0,01015.csv,1015,3
B0032,3,43,1.8747686491853093,1.8654947184112376,first_n_median,100.49712983277539,normal,,0,01017.csv,1017,5
B0032,4,43,1.8654947184112376,1.8654947184112376,first_n_median,100.0,normal,,0,01019.csv,1019,7
B0032,5,43,1.8527398169018068,1.8654947184112376,first_n_median,99.3162724405731,normal,,0,01021.csv,1021,9
B0032,6,43,1.844174397003866,1.8654947184112376,first_n_median,98.85712239241667,normal,,0,01025.csv,1025,13
B0032,7,43,1.8430238477512757,1.8654947184112376,first_n_median,98.79544710375275,normal,,0,01027.csv,1027,15
B0032,8,43,1.8302818174911863,1.8654947184112376,first_n_median,98.11240950872053,normal,,0,01029.csv,1029,17
B0032,9,43,1.8173838456081812,1.8654947184112376,first_n_median,97.42101264998325,normal,,0,01031.csv,1031,19
B0032,10,43,1.805799298110468,1.8654947184112376,first_n_median,96.80002201498542,normal,,0,01033.csv,1033,21
B0032,11,43,1.8149829605049184,1.8654947184112376,first_n_median,97.29231300374101,normal,,0,01037.csv,1037,25
B0032,12,43,1.7995150369321795,1.8654947184112376,first_n_median,96.4631536702902,normal,,0,01039.csv,1039,27
B0032,13,43,1.7866516942518147,1.8654947184112376,first_n_median,95.77361311284922,normal,,0,01041.csv,1041,29
B0032,14,43,1.7735550719416031,1.8654947184112376,first_n_median,95.07156758139013,normal,,0,01043.csv,1043,31
B0032,15,43,1.769995333364443,1.8654947184112376,first_n_median,94.88074749800806,normal,,0,01045.csv,1045,33
B0032,16,43,1.799526080374287,1.8654947184112376,first_n_median,96.46374565492562,normal,,0,01049.csv,1049,37
B0032,17,43,1.7968530684449833,1.8654947184112376,first_n_median,96.32045862747263,normal,,0,01051.csv,1051,39
B0032,18,43,1.7838265504081745,1.8654947184112376,first_n_median,95.6221710414374,normal,,0,01053.csv,1053,41
B0032,19,43,1.7696444491040102,1.8654947184112376,first_n_median,94.86193831795681,normal,,0,01055.csv,1055,43
B0032,20,43,1.7512940457049684,1.8654947184112376,first_n_median,93.87826341296055,normal,,0,01057.csv,1057,45
B0032,21,43,1.7697554297961993,1.8654947184112376,first_n_median,94.86788744721962,normal,,0,01061.csv,1061,49
B0032,22,43,1.7547726933914918,1.8654947184112376,first_n_median,94.06473661238543,normal,,0,01063.csv,1063,51
B0032,23,43,1.7389166355812984,1.8654947184112376,first_n_median,93.2147713107577,normal,,0,01065.csv,1065,53
B0032,24,43,1.7337200518764075,1.8654947184112376,first_n_median,92.93620800775803,normal,,0,01067.csv,1067,55
B0032,25,43,1.7150972597500092,1.8654947184112376,first_n_median,91.93793168230916,normal,,0,01069.csv,1069,57
B0032,26,43,1.7462926148815636,1.8654947184112376,first_n_median,93.61016129645259,normal,,0,01073.csv,1073,61
B0032,27,43,1.719149261914565,1.8654947184112376,first_n_median,92.15513959635818,normal,,0,01075.csv,1075,63
B0032,28,43,1.711582246191498,1.8654947184112376,first_n_median,91.74950908728275,normal,,0,01077.csv,1077,65
B0032,29,43,1.69510511952259,1.8654947184112376,first_n_median,90.86625133767406,normal,,0,01079.csv,1079,67
B0032,30,43,1.7005124371100973,1.8654947184112376,first_n_median,91.1561110480308,normal,,0,01081.csv,1081,69
B0032,31,43,1.7080989351250158,1.8654947184112376,first_n_median,91.56278590698615,normal,,0,01085.csv,1085,73
B0032,32,43,1.691435430587127,1.8654947184112376,first_n_median,90.66953735616312,normal,,0,01087.csv,1087,75
B0032,33,43,1.6844494328889932,1.8654947184112376,first_n_median,90.29505236678274,normal,,0,01089.csv,1089,77
B0032,34,43,1.664037581688075,1.8654947184112376,first_n_median,89.20087338040094,normal,,0,01091.csv,1091,79
B0032,35,43,1.6686372014231974,1.8654947184112376,first_n_median,89.44743638000244,normal,,0,01093.csv,1093,81
B0032,36,43,1.6899344075625968,1.8654947184112376,first_n_median,90.58907489171784,normal,,0,01097.csv,1097,85
B0032,37,43,1.669431712846442,1.8654947184112376,first_n_median,89.49002623112361,normal,,0,01099.csv,1099,87
B0032,38,43,1.6634226761839213,1.8654947184112376,first_n_median,89.16791131955536,normal,,0,01101.csv,1101,89
B0032,39,43,1.643615219594737,1.8654947184112376,first_n_median,88.10613095675414,normal,,0,01103.csv,1103,91
B0032,40,43,1.6358000873538243,1.8654947184112376,first_n_median,87.68720014104171,normal,,0,01105.csv,1105,93
B0033,1,24,0.0684257224060181,1.1610848192311252,first_n_median,5.893257863049995,normal,,1,02413.csv,2413,0
B0033,2,24,0.6895699007862814,1.1610848192311252,first_n_median,59.39014009699285,normal,,1,02417.csv,2417,4
B0033,3,24,1.1610848192311252,1.1610848192311252,first_n_median,100.0,normal,,0,02419.csv,2419,6
B0033,4,24,1.2529393053824995,1.1610848192311252,first_n_median,107.91109181947627,normal,,0,02421.csv,2421,8
B0033,5,24,1.302918002447558,1.1610848192311252,first_n_median,112.21557468216278,normal,,0,02423.csv,2423,10
B0033,6,24,1.3218773211472523,1.1610848192311252,first_n_median,113.84847164073719,normal,,0,02425.csv,2425,12
B0033,7,24,1.2884694418301417,1.1610848192311252,first_n_median,110.97117286257958,normal,,0,02429.csv,2429,16
B0033,111,24,1.382633397996189,1.1610848192311252,first_n_median,119.08117090978538,normal,,0,02683.csv,2683,270
B0033,112,24,1.3699403583067564,1.1610848192311252,first_n_median,117.98796570382655,normal,,0,02685.csv,2685,272
B0033,113,24,1.3786129327882322,1.1610848192311252,first_n_median,118.73490290753736,normal,,0,02689.csv,2689,276
B0033,118,24,1.384968608315797,1.1610848192311252,first_n_median,119.28229405608184,normal,,0,02701.csv,2701,288
B0033,119,24,1.3715114742475478,1.1610848192311252,first_n_median,118.12328018858847,normal,,0,02703.csv,2703,290
B0033,120,24,1.3616865084879255,1.1610848192311252,first_n_median,117.27709172785839,normal,,0,02707.csv,2707,294
B0033,121,24,1.3796301360966086,1.1610848192311252,first_n_median,118.82251091786773,normal,,0,02709.csv,2709,296
B0033,122,24,1.364231776003204,1.1610848192311252,first_n_median,117.49630633415771,normal,,0,02711.csv,2711,298
B0033,123,24,1.3418414512081456,1.1610848192311252,first_n_median,115.56790933643575,normal,,0,02713.csv,2713,300
B0033,124,24,1.355221569579225,1.1610848192311252,first_n_median,116.72029012287473,normal,,0,02715.csv,2715,302
B0033,125,24,1.3403860264029774,1.1610848192311252,first_n_median,115.44255890715944,normal,,0,02719.csv,2719,306
B0033,126,24,1.3594078914195438,1.1610848192311252,first_n_median,117.08084275184554,normal,,0,02721.csv,2721,308
B0033,127,24,1.3457100861355502,1.1610848192311252,first_n_median,115.90110075047615,normal,,0,02723.csv,2723,310
B0033,128,24,1.3477611420854358,1.1610848192311252,first_n_median,116.07775071746511,normal,,0,02725.csv,2725,312
B0033,129,24,1.335482103134067,1.1610848192311252,first_n_median,115.02020188485697,normal,,0,02727.csv,2727,314
B0033,130,24,1.353154941842234,1.1610848192311252,first_n_median,116.54229901466616,normal,,0,02731.csv,2731,318
B0033,131,24,1.3709677706044292,1.1610848192311252,first_n_median,118.07645297716401,normal,,0,02733.csv,2733,320
B0033,132,24,1.357426672491866,1.1610848192311252,first_n_median,116.91020759282334,normal,,0,02735.csv,2735,322
B0033,133,24,1.3443678821106904,1.1610848192311252,first_n_median,115.7855016139937,normal,,0,02737.csv,2737,324
B0033,134,24,1.33005823859453,1.1610848192311252,first_n_median,114.5530642175909,normal,,0,02739.csv,2739,326
B0033,136,24,1.3865570950229378,1.1610848192311252,first_n_median,119.41910462158323,normal,,0,02747.csv,2747,334
B0033,137,24,1.3704138176872631,1.1610848192311252,first_n_median,118.0287430331538,normal,,0,02749.csv,2749,336
B0033,138,24,1.325319393635713,1.1610848192311252,first_n_median,114.14492478795344,normal,,0,02751.csv,2751,338
B0033,139,24,0.8439684993200656,1.1610848192311252,first_n_median,72.68792816350357,normal,,1,02753.csv,2753,340
B0033,140,24,0.298661803715835,1.1610848192311252,first_n_median,25.722651676180732,normal,,1,02755.csv,2755,342
B0033,141,24,0.2344867974702557,1.1610848192311252,first_n_median,20.19549248999171,normal,,1,02759.csv,2759,346
B0033,142,24,0.2025633038072582,1.1610848192311252,first_n_median,17.44603843338477,normal,,1,02761.csv,2761,348
B0033,143,24,0.2353199565407024,1.1610848192311252,first_n_median,20.267249441477684,normal,,1,02763.csv,2763,350
B0033,144,24,0.2355042783748287,1.1610848192311252,first_n_median,20.283124408669863,normal,,1,02765.csv,2765,352
B0033,145,24,0.4304242256752923,1.1610848192311252,first_n_median,37.07086842805514,normal,,1,02767.csv,2767,354
B0033,146,24,0.4643633320269643,1.1610848192311252,first_n_median,39.99391985285515,normal,,1,02771.csv,2771,358
B0033,147,24,0.3994839380247729,1.1610848192311252,first_n_median,34.40609431870039,normal,,1,02773.csv,2773,360
B0033,150,24,1.383632373873956,1.1610848192311252,first_n_median,119.1672090580086,normal,,0,02779.csv,2779,366
B0033,151,24,1.3705402893609833,1.1610848192311252,first_n_median,118.03963557705977,normal,,0,02783.csv,2783,370
B0033,152,24,1.3557042566115398,1.1610848192311252,first_n_median,116.761862196191,normal,,0,02785.csv,2785,372
B0033,153,24,1.3578385793919765,1.1610848192311252,first_n_median,116.9456836315492,normal,,0,02787.csv,2787,374
B0033,154,24,1.3609083979571397,1.1610848192311252,first_n_median,117.21007590628378,normal,,0,02789.csv,2789,376
B0033,155,24,1.3495626547684758,1.1610848192311252,first_n_median,116.23290843318075,normal,,0,02791.csv,2791,378
B0033,156,24,1.1888877132486642,1.1610848192311252,first_n_median,102.39456184053377,normal,,0,02795.csv,2795,382
B0033,166,24,1.3911104661211642,1.1610848192311252,first_n_median,119.81126986419157,normal,,0,02819.csv,2819,406
B0033,170,24,1.3831900026575588,1.1610848192311252,first_n_median,119.12910923885065,normal,,0,02829.csv,2829,416
B0033,171,24,1.3646098107432565,1.1610848192311252,first_n_median,117.52886508729883,normal,,0,02831.csv,2831,418
B0033,172,24,1.369751365782437,1.1610848192311252,first_n_median,117.97168846712607,normal,,0,02835.csv,2835,422
B0033,173,24,1.3867946911071662,1.1610848192311252,first_n_median,119.43956790559945,normal,,0,02837.csv,2837,424
B0033,174,24,1.3918615875742792,1.1610848192311252,first_n_median,119.87596121495889,normal,,0,02839.csv,2839,426
B0033,175,24,1.377162352180965,1.1610848192311252,first_n_median,118.6099696913553,normal,,0,02841.csv,2841,428
B0033,176,24,1.3599525359390852,1.1610848192311252,first_n_median,117.1277509975241,normal,,0,02843.csv,2843,430
B0033,177,24,1.379779043170725,1.1610848192311252,first_n_median,118.83533574096852,normal,,0,02847.csv,2847,434
B0033,178,24,1.3631373661966442,1.1610848192311252,first_n_median,117.40204880977765,normal,,0,02851.csv,2851,438
B0033,179,24,1.3652295228794809,1.1610848192311252,first_n_median,117.58223863296577,normal,,0,02853.csv,2853,440
B0033,180,24,1.3498620694059131,1.1610848192311252,first_n_median,116.25869592367913,normal,,0,02855.csv,2855,442
B0033,181,24,1.3529504172332432,1.1610848192311252,first_n_median,116.52468405617189,normal,,0,02857.csv,2857,444
B0033,182,24,1.3535740542605128,1.1610848192311252,first_n_median,116.5783956383871,normal,,0,02859.csv,2859,446
B0033,183,24,1.3432225183905024,1.1610848192311252,first_n_median,115.68685561490585,normal,,0,02863.csv,2863,450
B0033,184,24,1.3412081769053426,1.1610848192311252,first_n_median,115.51336773083432,normal,,0,02865.csv,2865,452
B0033,185,24,1.3277389969987805,1.1610848192311252,first_n_median,114.35331639922863,normal,,0,02867.csv,2867,454
B0033,186,24,1.329778900445409,1.1610848192311252,first_n_median,114.52900584179488,normal,,0,02869.csv,2869,456
B0033,187,24,1.3356045028702497,1.1610848192311252,first_n_median,115.03074372763673,normal,,0,02871.csv,2871,458
B0033,188,24,1.3177489685711123,1.1610848192311252,first_n_median,113.49291169302609,normal,,0,02875.csv,2875,462
B0033,189,24,1.317605472474197,1.1610848192311252,first_n_median,113.48055289765311,normal,,0,02877.csv,2877,464
B0033,190,24,1.3185279522072382,1.1610848192311252,first_n_median,113.56000271197865,normal,,0,02879.csv,2879,466
B0033,191,24,1.3215397269813982,1.1610848192311252,first_n_median,113.81939588673005,normal,,0,02881.csv,2881,468
B0033,192,24,1.3046615372928705,1.1610848192311252,first_n_median,112.36573897821025,normal,,0,02883.csv,2883,470
B0033,193,24,1.3280324770208678,1.1610848192311252,first_n_median,114.37859276295559,normal,,0,02887.csv,2887,474
B0033,194,24,1.3634549770713926,1.1610848192311252,first_n_median,117.42940347581823,normal,,0,02889.csv,2889,476
B0033,195,24,1.3291316747402466,1.1610848192311252,first_n_median,114.47326265280108,normal,,0,02891.csv,2891,478
B0033,196,24,1.3124201086917682,1.1610848192311252,first_n_median,113.03395643057826,normal,,0,02893.csv,2893,480
B0033,197,24,1.3152825503676355,1.1610848192311252,first_n_median,113.28048809032063,normal,,0,02895.csv,2895,482
B0034,1,24,0.7459302957645664,1.620729289277574,first_n_median,46.02436080470035,normal,,1,01805.csv,1805,0
B0034,2,24,1.6623217152845853,1.620729289277574,first_n_median,102.56627842059612,normal,,0,01809.csv,1809,4
B0034,3,24,1.645087369694532,1.620729289277574,first_n_median,101.5029086336692,normal,,0,01811.csv,1811,6
B0034,4,24,1.620729289277574,1.620729289277574,first_n_median,100.0,normal,,0,01813.csv,1813,8
B0034,5,24,1.5967402025126003,1.620729289277574,first_n_median,98.51985850297883,normal,,0,01815.csv,1815,10
B0034,6,24,1.4856500618812698,1.620729289277574,first_n_median,91.6655280872653,normal,,0,01817.csv,1817,12
B0034,7,24,1.4866702197497013,1.620729289277574,first_n_median,91.72847245898615,normal,,0,01821.csv,1821,16
B0034,8,24,1.4701330958405268,1.620729289277574,first_n_median,90.70812168118624,normal,,0,01823.csv,1823,18
B0034,9,24,1.4565041801019636,1.620729289277574,first_n_median,89.8672091470123,normal,,0,01825.csv,1825,20
B0034,10,24,1.4418961035576472,1.620729289277574,first_n_median,88.96588178525235,normal,,0,01827.csv,1827,22
B0034,11,24,1.4370949588970292,1.620729289277574,first_n_median,88.66964818890895,normal,,0,01829.csv,1829,24
B0034,12,24,1.4458703624967404,1.620729289277574,first_n_median,89.21109602092923,normal,,0,01833.csv,1833,28
B0034,13,24,1.432104054561837,1.620729289277574,first_n_median,88.36170630322755,normal,,0,01835.csv,1835,30
B0034,14,24,1.426720633302465,1.620729289277574,first_n_median,88.02954588044825,normal,,0,01837.csv,1837,32
B0034,15,24,1.4230846885129826,1.620729289277574,first_n_median,87.80520583713954,normal,,0,01839.csv,1839,34
B0034,16,24,1.4409479522418909,1.620729289277574,first_n_median,88.90738026238675,normal,,0,01841.csv,1841,36
B0034,17,24,1.486901544051865,1.620729289277574,first_n_median,91.74274531156516,normal,,0,01845.csv,1845,40
B0034,18,24,1.5245313226850703,1.620729289277574,first_n_median,94.06452593724748,normal,,0,01847.csv,1847,42
B0034,19,24,1.4629049605190707,1.620729289277574,first_n_median,90.26214125933072,normal,,0,01849.csv,1849,44
B0034,20,24,1.423079450854989,1.620729289277574,first_n_median,87.80488267040046,normal,,0,01851.csv,1851,46
B0034,21,24,1.4051040863603437,1.620729289277574,first_n_median,86.69579155854316,normal,,0,01853.csv,1853,48
B0034,22,24,1.6329463925070862,1.620729289277574,first_n_median,100.75380282878443,normal,,0,01857.csv,1857,52
B0034,23,24,1.5687138208259117,1.620729289277574,first_n_median,96.79061341114853,normal,,0,01861.csv,1861,56
B0034,24,24,1.5149520966053402,1.620729289277574,first_n_median,93.47348176083231,normal,,0,01863.csv,1863,58
B0034,25,24,1.4855182940634626,1.620729289277574,first_n_median,91.6573979313732,normal,,0,01865.csv,1865,60
B0034,26,24,1.480771929049074,1.620729289277574,first_n_median,91.36454427309789,normal,,0,01867.csv,1867,62
B0034,27,24,1.484026357317059,1.620729289277574,first_n_median,91.56534451096091,normal,,0,01869.csv,1869,64
B0034,28,24,1.4922153055506522,1.620729289277574,first_n_median,92.07060768401331,normal,,0,01873.csv,1873,68
B0034,29,24,1.473312924099279,1.620729289277574,first_n_median,90.90431905231968,normal,,0,01875.csv,1875,70
B0034,30,24,1.441593178980006,1.620729289277574,first_n_median,88.94719115137258,normal,,0,01877.csv,1877,72
B0034,31,24,1.4225873198015788,1.620729289277574,first_n_median,87.77451787989126,normal,,0,01879.csv,1879,74
B0034,32,24,1.4266489379486664,1.620729289277574,first_n_median,88.02512223275627,normal,,0,01881.csv,1881,76
B0034,33,24,1.4596775560238575,1.620729289277574,first_n_median,90.0630084049691,normal,,0,01885.csv,1885,80
B0034,34,24,1.4396159938545154,1.620729289277574,first_n_median,88.82519760571562,normal,,0,01887.csv,1887,82
B0034,35,24,1.4195512657848512,1.620729289277574,first_n_median,87.58719146845331,normal,,0,01889.csv,1889,84
B0034,36,24,1.4118101714470452,1.620729289277574,first_n_median,87.1095611578876,normal,,0,01891.csv,1891,86
B0034,37,24,1.4044196701845313,1.620729289277574,first_n_median,86.65356265700234,normal,,0,01893.csv,1893,88
B0034,38,24,1.4735059098606866,1.620729289277574,first_n_median,90.91622639321149,normal,,0,01897.csv,1897,92
B0034,39,24,1.492658600645149,1.620729289277574,first_n_median,92.09795926563952,normal,,0,01899.csv,1899,94
B0034,40,24,1.4820260149945934,1.620729289277574,first_n_median,91.44192215192172,normal,,0,01901.csv,1901,96
B0034,41,24,1.423575357658995,1.620729289277574,first_n_median,87.8354804270577,normal,,0,01903.csv,1903,98
B0034,42,24,1.403825219724535,1.620729289277574,first_n_median,86.61688469579505,normal,,0,01905.csv,1905,100
B0034,43,24,1.5363173478836123,1.620729289277574,first_n_median,94.79173098478478,normal,,0,01909.csv,1909,104
B0034,44,24,1.5440367168176732,1.620729289277574,first_n_median,95.26802082449649,normal,,0,01913.csv,1913,108
B0034,45,24,1.507892155360249,1.620729289277574,first_n_median,93.03787901756121,normal,,0,01915.csv,1915,110
B0034,46,24,1.8203060058691087,1.620729289277574,first_n_median,112.31400690490972,normal,,0,01917.csv,1917,112
B0034,47,24,1.5936575758226643,1.620729289277574,first_n_median,98.32965852878634,normal,,0,01921.csv,1921,116
B0034,48,24,1.533070464968097,1.620729289277574,first_n_median,94.59139629983795,normal,,0,01923.csv,1923,118
B0034,49,24,1.4862143093107285,1.620729289277574,first_n_median,91.70034250279981,normal,,0,01925.csv,1925,120
B0034,50,24,1.5029318848267783,1.620729289277574,first_n_median,92.73182725640116,normal,,0,01927.csv,1927,122
B0034,51,24,1.5202185406928062,1.620729289277574,first_n_median,93.79842461972353,normal,,0,01929.csv,1929,124
B0034,52,24,1.5118194735004464,1.620729289277574,first_n_median,93.28019697690087,normal,,0,01933.csv,1933,128
B0034,53,24,1.464601301820905,1.620729289277574,first_n_median,90.36680656729159,normal,,0,01935.csv,1935,130
B0034,54,24,1.4546140961511749,1.620729289277574,first_n_median,89.75058979772966,normal,,0,01937.csv,1937,132
B0034,55,24,1.4333400490204142,1.620729289277574,first_n_median,88.43796792611263,normal,,0,01939.csv,1939,134
B0034,56,24,1.449326234639616,1.620729289277574,first_n_median,89.42432547051955,normal,,0,01941.csv,1941,136
B0034,57,24,1.495199821798908,1.620729289277574,first_n_median,92.25475418324675,normal,,0,01945.csv,1945,140
B0034,58,24,1.4720590241846008,1.620729289277574,first_n_median,90.82695265171387,normal,,0,01947.csv,1947,142
B0034,59,24,1.4097383014648728,1.620729289277574,first_n_median,86.98172549798564,normal,,0,01949.csv,1949,144
B0034,60,24,1.3861944181384176,1.620729289277574,first_n_median,85.52905332859763,normal,,0,01951.csv,1951,146
B0034,61,24,1.3624125407550536,1.620729289277574,first_n_median,84.06169677863582,normal,,0,01953.csv,1953,148
B0034,62,24,1.4471377445077278,1.620729289277574,first_n_median,89.28929427521958,normal,,0,01957.csv,1957,152
B0034,63,24,1.4554483390450048,1.620729289277574,first_n_median,89.8020631004798,normal,,0,01959.csv,1959,154
B0034,64,24,1.4423952167302958,1.620729289277574,first_n_median,88.99667737683885,normal,,0,01961.csv,1961,156
B0034,65,24,1.377541945989605,1.620729289277574,first_n_median,84.99519044316355,normal,,0,01963.csv,1963,158
B0034,66,24,1.3539935892900532,1.620729289277574,first_n_median,83.54224226388752,normal,,0,01965.csv,1965,160
B0034,67,24,1.5509038861664448,1.620729289277574,first_n_median,95.69172942248404,normal,,0,01969.csv,1969,164
B0034,68,24,1.5562932697752867,1.620729289277574,first_n_median,96.02425772591492,normal,,0,01973.csv,1973,168
B0034,69,24,1.5067526605064707,1.620729289277574,first_n_median,92.96757148000285,normal,,0,01975.csv,1975,170
B0034,70,24,1.444138733302766,1.620729289277574,first_n_median,89.10425342818839,normal,,0,01977.csv,1977,172
B0034,71,24,1.4144103811292437,1.620729289277574,first_n_median,87.26999570419962,normal,,0,01979.csv,1979,174
B0034,72,24,1.3897574212362729,1.620729289277574,first_n_median,85.74889282439915,normal,,0,01981.csv,1981,176
B0034,73,24,1.449968311475299,1.620729289277574,first_n_median,89.46394200857627,normal,,0,01985.csv,1985,180
B0034,74,24,1.4678653068012166,1.620729289277574,first_n_median,90.5681976942309,normal,,0,01987.csv,1987,182
B0034,75,24,1.4290644310445066,1.620729289277574,first_n_median,88.17415965139371,normal,,0,01989.csv,1989,184
B0034,76,24,1.376744834668327,1.620729289277574,first_n_median,84.9460081814156,normal,,0,01991.csv,1991,186
B0034,77,24,1.3515813262521057,1.620729289277574,first_n_median,83.39340414182071,normal,,0,01993.csv,1993,188
B0034,78,24,1.353993472828928,1.620729289277574,first_n_median,83.54223507816403,normal,,0,01997.csv,1997,192
B0034,79,24,1.3577165116893766,1.620729289277574,first_n_median,83.77194887954218,normal,,0,01999.csv,1999,194
B0034,80,24,1.334169315351027,1.620729289277574,first_n_median,82.31907229527032,normal,,0,02001.csv,2001,196
B0034,81,24,1.3372147888783987,1.620729289277574,first_n_median,82.5069798963435,normal,,0,02003.csv,2003,198
B0034,82,24,1.339045224276927,1.620729289277574,first_n_median,82.61991889304319,normal,,0,02005.csv,2005,200
B0034,83,24,1.3439244604756322,1.620729289277574,first_n_median,82.92097078560694,normal,,0,02009.csv,2009,204
B0034,84,24,1.3454786192090245,1.620729289277574,first_n_median,83.01686334111726,normal,,0,02011.csv,2011,206
B0034,85,24,1.3482263029682544,1.620729289277574,first_n_median,83.186397129234,normal,,0,02013.csv,2013,208
B0034,86,24,1.3373192299576058,1.620729289277574,first_n_median,82.51342397555511,normal,,0,02015.csv,2015,210
B0034,87,24,1.3402523341553034,1.620729289277574,first_n_median,82.69439831945712,normal,,0,02017.csv,2017,212
B0034,88,24,1.329096568237912,1.620729289277574,first_n_median,82.00608065954957,normal,,0,02021.csv,2021,216
B0034,89,24,1.3323485655766352,1.620729289277574,first_n_median,82.20673090757296,normal,,0,02023.csv,2023,218
B0034,90,24,1.3501541310555516,1.620729289277574,first_n_median,83.30534531509399,normal,,0,02025.csv,2025,220
B0034,91,24,1.381523441054128,1.620729289277574,first_n_median,85.24085115225691,normal,,0,02027.csv,2027,222
B0034,92,24,1.3835971952817807,1.620729289277574,first_n_median,85.3688030712709,normal,,0,02029.csv,2029,224
B0034,93,24,1.33011618620809,1.620729289277574,first_n_median,82.06899171921411,normal,,0,02033.csv,2033,228
B0034,94,24,1.3176982121703231,1.620729289277574,first_n_median,81.30279503726841,normal,,0,02035.csv,2035,230
B0034,95,24,1.3063657719651272,1.620729289277574,first_n_median,80.60357646448337,normal,,0,02037.csv,2037,232
B0034,96,24,1.3381567383793782,1.620729289277574,first_n_median,82.5650987633999,normal,,0,02039.csv,2039,234
B0034,97,24,1.3563258092165067,1.620729289277574,first_n_median,83.68614167644722,normal,,0,02041.csv,2041,236
B0034,98,24,1.3648997529550058,1.620729289277574,first_n_median,84.21515931037428,normal,,0,02045.csv,2045,240
B0034,99,24,1.3337639975535058,1.620729289277574,first_n_median,82.29406393636654,normal,,0,02047.csv,2047,242
B0034,100,24,1.3060123668658763,1.620729289277574,first_n_median,80.58177115118465,normal,,0,02049.csv,2049,244
B0034,101,24,1.3101868361375808,1.620729289277574,first_n_median,80.83933848826692,normal,,0,02051.csv,2051,246
B0034,102,24,1.3567668941696105,1.620729289277574,first_n_median,83.71335689098194,normal,,0,02053.csv,2053,248
B0034,103,24,1.3916857433587717,1.620729289277574,first_n_median,85.86787149253676,normal,,0,02057.csv,2057,252
B0034,104,24,1.3629935079344777,1.620729289277574,first_n_median,84.09754281308881,normal,,0,02059.csv,2059,254
B0034,105,24,1.3211711973900628,1.620729289277574,first_n_median,81.51708037429023,normal,,0,02061.csv,2061,256
B0034,106,24,1.3074869015593356,1.620729289277574,first_n_median,80.67275085416247,normal,,0,02063.csv,2063,258
B0034,107,24,1.3105881895483489,1.620729289277574,first_n_median,80.864102242055,normal,,0,02065.csv,2065,260
B0034,108,24,1.376312668196664,1.620729289277574,first_n_median,84.91934324270424,normal,,0,02069.csv,2069,264
B0034,109,24,1.391764929132287,1.620729289277574,first_n_median,85.87275730376011,normal,,0,02071.csv,2071,266
B0034,110,24,1.3649746353453525,1.620729289277574,first_n_median,84.21977960019332,normal,,0,02073.csv,2073,268
B0034,111,24,1.3219093937291897,1.620729289277574,first_n_median,81.56262754518488,normal,,0,02075.csv,2075,270
B0034,112,24,1.3090033888073913,1.620729289277574,first_n_median,80.7663190557177,normal,,0,02077.csv,2077,272
B0034,113,24,1.3327005721973733,1.620729289277574,first_n_median,82.2284499338821,normal,,0,02081.csv,2081,276
B0034,114,24,1.7423975189669398,1.620729289277574,first_n_median,107.5070050559522,normal,,0,02083.csv,2083,278
B0034,115,24,1.37734756281946,1.620729289277574,first_n_median,84.98319688128798,normal,,0,02087.csv,2087,282
B0034,116,24,1.34875988767775,1.620729289277574,first_n_median,83.21931963597376,normal,,0,02089.csv,2089,284
B0034,117,24,1.3501504559881146,1.620729289277574,first_n_median,83.30511856115912,normal,,0,02091.csv,2091,286
B0034,118,24,1.3387814875085953,1.620729289277574,first_n_median,82.60364617124588,normal,,0,02093.csv,2093,288
B0034,119,24,1.3253371210402685,1.620729289277574,first_n_median,81.77412044123827,normal,,0,02095.csv,2095,290
B0034,120,24,1.3308160596334049,1.620729289277574,first_n_median,82.11217434261367,normal,,0,02099.csv,2099,294
B0034,121,24,1.333083376618503,1.620729289277574,first_n_median,82.25206920353205,normal,,0,02101.csv,2101,296
B0034,122,24,1.3333226534895923,1.620729289277574,first_n_median,82.26683273453455,normal,,0,02103.csv,2103,298
B0034,123,24,1.3264281097516477,1.620729289277574,first_n_median,81.84143511979669,normal,,0,02105.csv,2105,300
B0034,124,24,1.323971040986857,1.620729289277574,first_n_median,81.6898324566594,normal,,0,02107.csv,2107,302
B0034,125,24,1.3249364225071156,1.620729289277574,first_n_median,81.74939709380426,normal,,0,02111.csv,2111,306
B0034,126,24,1.3283067675570923,1.620729289277574,first_n_median,81.9573494688415,normal,,0,02113.csv,2113,308
B0034,127,24,1.314584348909226,1.620729289277574,first_n_median,81.11066774730718,normal,,0,02115.csv,2115,310
B0034,128,24,1.3166841798543305,1.620729289277574,first_n_median,81.24022861592334,normal,,0,02117.csv,2117,312
B0034,129,24,1.3041727649654071,1.620729289277574,first_n_median,80.46826657564328,normal,,0,02119.csv,2119,314
B0034,130,24,1.3534450073572306,1.620729289277574,first_n_median,83.50839441918872,normal,,0,02123.csv,2123,318
B0034,131,24,1.371294082513786,1.620729289277574,first_n_median,84.60969340074236,normal,,0,02125.csv,2125,320
B0034,132,24,1.357699321922511,1.620729289277574,first_n_median,83.77088826029015,normal,,0,02127.csv,2127,322
B0034,133,24,1.3286903090919502,1.620729289277574,first_n_median,81.98101421886454,normal,,0,02129.csv,2129,324
B0034,134,24,1.3143943268181724,1.620729289277574,first_n_median,81.09894326671002,normal,,0,02131.csv,2131,326
B0034,135,24,1.3866783030110723,1.620729289277574,first_n_median,85.55890932465175,normal,,0,02135.csv,2135,330
B0034,136,24,1.3868330458429208,1.620729289277574,first_n_median,85.56845705312635,normal,,0,02139.csv,2139,334
B0034,137,24,1.3548037379291014,1.620729289277574,first_n_median,83.59222893620893,normal,,0,02141.csv,2141,336
B0034,138,24,1.3255787669951669,1.620729289277574,first_n_median,81.78903014617772,normal,,0,02143.csv,2143,338
B0034,139,24,1.3119728676377551,1.620729289277574,first_n_median,80.94953773696257,normal,,0,02145.csv,2145,340
B0034,140,24,1.3064487948795198,1.620729289277574,first_n_median,80.60869902967312,normal,,0,02147.csv,2147,342
B0034,141,24,1.3418431880549024,1.620729289277574,first_n_median,82.7925549894281,normal,,0,02151.csv,2151,346
B0034,142,24,1.3609210170759327,1.620729289277574,first_n_median,83.96966884473048,normal,,0,02153.csv,2153,348
B0034,143,24,1.329960367739497,1.620729289277574,first_n_median,82.05937762328682,normal,,0,02155.csv,2155,350
B0034,144,24,1.299069387625936,1.620729289277574,first_n_median,80.15338503600346,normal,,0,02157.csv,2157,352
B0034,145,24,1.2984544371955695,1.620729289277574,first_n_median,80.11544221393964,normal,,0,02159.csv,2159,354
B0034,146,24,1.317648609161009,1.620729289277574,first_n_median,81.29973450090108,normal,,0,02163.csv,2163,358
B0034,147,24,1.3360648564106594,1.620729289277574,first_n_median,82.4360283515453,normal,,0,02165.csv,2165,360
B0034,148,24,1.3635797361860138,1.620729289277574,first_n_median,84.13371345894647,normal,,0,02167.csv,2167,362
B0034,149,24,1.3333112541544827,1.620729289277574,first_n_median,82.26612938850477,normal,,0,02169.csv,2169,364
B0034,150,24,1.3023273463118925,1.620729289277574,first_n_median,80.35440310283981,normal,,0,02171.csv,2171,366
B0034,151,24,1.2888728444455877,1.620729289277574,first_n_median,79.52425201250553,normal,,1,02175.csv,2175,370
B0034,152,24,1.2902746194203034,1.620729289277574,first_n_median,79.61074239581566,normal,,1,02177.csv,2177,372
B0034,153,24,1.292407565676824,1.620729289277574,first_n_median,79.7423464996368,normal,,1,02179.csv,2179,374
B0034,154,24,1.295409150510234,1.620729289277574,first_n_median,79.92754614113574,normal,,1,02181.csv,2181,376
B0034,155,24,1.283229881592695,1.620729289277574,first_n_median,79.17607771281061,normal,,1,02183.csv,2183,378
B0034,156,24,1.4557454024367815,1.620729289277574,first_n_median,89.82039209556504,normal,,0,02187.csv,2187,382
B0034,157,24,1.454676342673242,1.620729289277574,first_n_median,89.75443044665722,normal,,0,02191.csv,2191,386
B0034,158,24,1.423427718198495,1.620729289277574,first_n_median,87.82637098099063,normal,,0,02193.csv,2193,388
B0034,159,24,1.392551210363313,1.620729289277574,first_n_median,85.9212713422382,normal,,0,02195.csv,2195,390
B0034,160,24,1.3765732493746907,1.620729289277574,first_n_median,84.93542126262716,normal,,0,02197.csv,2197,392
B0034,161,24,1.3810190828982352,1.620729289277574,first_n_median,85.20973194195882,normal,,0,02199.csv,2199,394
B0034,162,24,1.4007568321672863,1.620729289277574,first_n_median,86.42756328490006,normal,,0,02203.csv,2203,398
B0034,163,24,1.374645303479972,1.620729289277574,first_n_median,84.81646580797637,normal,,0,02205.csv,2205,400
B0034,164,24,1.3345924114397838,1.620729289277574,first_n_median,82.34517758574394,normal,,0,02207.csv,2207,402
B0034,165,24,1.336396621564738,1.620729289277574,first_n_median,82.45649846683682,normal,,0,02209.csv,2209,404
B0034,166,24,1.3069152971756248,1.620729289277574,first_n_median,80.63748250999838,normal,,0,02211.csv,2211,406
B0034,167,24,1.341539456674081,1.620729289277574,first_n_median,82.77381457529287,normal,,0,02215.csv,2215,410
B0034,168,24,1.346388970161922,1.620729289277574,first_n_median,83.0730325582049,normal,,0,02217.csv,2217,412
B0034,169,24,1.344989807277774,1.620729289277574,first_n_median,82.98670334249907,normal,,0,02219.csv,2219,414
B0034,170,24,1.3158760805047784,1.620729289277574,first_n_median,81.19036838603188,normal,,0,02221.csv,2221,416
B0034,171,24,1.2972766889740088,1.620729289277574,first_n_median,80.04277441991924,normal,,0,02223.csv,2223,418
B0034,172,24,1.2851255211005648,1.620729289277574,first_n_median,79.29303984340274,normal,,1,02227.csv,2227,422
B0034,173,24,1.3190209156530253,1.620729289277574,first_n_median,81.38440666059459,normal,,0,02229.csv,2229,424
B0034,174,24,1.3410097849290994,1.620729289277574,first_n_median,82.74113350088483,normal,,0,02231.csv,2231,426
B0034,175,24,1.326126983882746,1.620729289277574,first_n_median,81.82285546735912,normal,,0,02233.csv,2233,428
B0034,176,24,1.3091442679990724,1.620729289277574,first_n_median,80.77501138901563,normal,,0,02235.csv,2235,430
B0034,177,24,1.363001289617145,1.620729289277574,first_n_median,84.09802294772442,normal,,0,02239.csv,2239,434
B0034,178,24,1.329285701687194,1.620729289277574,first_n_median,82.01775031039955,normal,,0,02243.csv,2243,438
B0034,179,24,1.2969085930621855,1.620729289277574,first_n_median,80.02006267439464,normal,,0,02245.csv,2245,440
B0034,180,24,1.2986285924941396,1.620729289277574,first_n_median,80.12618770362273,normal,,0,02247.csv,2247,442
B0034,181,24,1.2840657611821942,1.620729289277574,first_n_median,79.22765200069625,normal,,1,02249.csv,2249,444
B0034,182,24,1.3021015914136362,1.620729289277574,first_n_median,80.34047388592803,normal,,0,02251.csv,2251,446
B0034,183,24,1.3089076351731337,1.620729289277574,first_n_median,80.76041099723494,normal,,0,02255.csv,2255,450
B0034,184,24,1.2722519696513912,1.620729289277574,first_n_median,78.4987337532776,normal,,1,02257.csv,2257,452
B0034,185,24,1.276011534360331,1.620729289277574,first_n_median,78.7307012221086,normal,,1,02259.csv,2259,454
B0034,186,24,1.2605053003103004,1.620729289277574,first_n_median,77.7739569864971,normal,,1,02261.csv,2261,456
B0034,187,24,1.2660681251347117,1.620729289277574,first_n_median,78.11718672024806,normal,,1,02263.csv,2263,458
B0034,188,24,1.265829016865281,1.620729289277574,first_n_median,78.1024335920722,normal,,1,02267.csv,2267,462
B0034,189,24,1.2655873898206993,1.620729289277574,first_n_median,78.087525053911,normal,,1,02269.csv,2269,464
B0034,190,24,1.2663598323027554,1.620729289277574,first_n_median,78.13518523301471,normal,,1,02271.csv,2271,466
B0034,191,24,1.2868479432728903,1.620729289277574,first_n_median,79.39931435721086,normal,,1,02273.csv,2273,468
B0034,192,24,1.270026164613209,1.620729289277574,first_n_median,78.3614002051701,normal,,1,02275.csv,2275,470
B0034,193,24,1.34598253292492,1.620729289277574,first_n_median,83.04795512919249,normal,,0,02279.csv,2279,474
B0034,194,24,1.3286875315413778,1.620729289277574,first_n_median,81.98084284227556,normal,,0,02281.csv,2281,476
B0034,195,24,1.31203071983408,1.620729289277574,first_n_median,80.95310725327278,normal,,0,02283.csv,2283,478
B0034,196,24,1.295125492961198,1.620729289277574,first_n_median,79.91004429484265,normal,,1,02285.csv,2285,480
B0034,197,24,1.2802601605963335,1.620729289277574,first_n_median,78.99284408977383,normal,,1,02287.csv,2287,482
B0036,1,24,1.001982588175331,1.8011007566288924,first_n_median,55.63167882127454,normal,,1,03514.csv,3514,0
B0036,2,24,1.8011007566288924,1.8011007566288924,first_n_median,100.0,normal,,0,03518.csv,3518,4
B0036,3,24,1.8044229856020628,1.8011007566288924,first_n_median,100.18445547596065,normal,,0,03520.csv,3520,6
B0036,4,24,1.804388833772829,1.8011007566288924,first_n_median,100.18255931167843,normal,,0,03522.csv,3522,8
B0036,5,24,1.7989248871784247,1.8011007566288924,first_n_median,99.87919224160784,normal,,0,03524.csv,3524,10
B0036,6,24,1.792996521672392,1.8011007566288924,first_n_median,99.55003988940247,normal,,0,03526.csv,3526,12
B0036,7,24,1.7885507985621891,1.8011007566288924,first_n_median,99.3032062187241,normal,,0,03530.csv,3530,16
B0036,8,24,1.7890856930727703,1.8011007566288924,first_n_median,99.33290441903925,normal,,0,03532.csv,3532,18
B0036,9,24,1.7893137312833287,1.8011007566288924,first_n_median,99.34556546588624,normal,,0,03534.csv,3534,20
B0036,10,24,1.7860759459480868,1.8011007566288924,first_n_median,99.16579843601157,normal,,0,03536.csv,3536,22
B0036,11,24,1.7836324249650817,1.8011007566288924,first_n_median,99.03013023566177,normal,,0,03538.csv,3538,24
B0036,12,24,1.782972873807272,1.8011007566288924,first_n_median,98.99351089854905,normal,,0,03542.csv,3542,28
B0036,13,24,1.7813775963259668,1.8011007566288924,first_n_median,98.90493853659575,normal,,0,03544.csv,3544,30
B0036,14,24,1.7785359545932946,1.8011007566288924,first_n_median,98.74716603429604,normal,,0,03546.csv,3546,32
B0036,15,24,1.7759043090943398,1.8011007566288924,first_n_median,98.60105285937959,normal,,0,03548.csv,3548,34
B0036,16,24,1.7780426649905914,1.8011007566288924,first_n_median,98.71977780513187,normal,,0,03550.csv,3550,36
B0036,17,24,1.7830029333591657,1.8011007566288924,first_n_median,98.99517985303609,normal,,0,03554.csv,3554,40
B0036,18,24,1.7883000424613875,1.8011007566288924,first_n_median,99.28928383820882,normal,,0,03556.csv,3556,42
B0036,19,24,1.779294712578026,1.8011007566288924,first_n_median,98.78929349340342,normal,,0,03558.csv,3558,44
B0036,20,24,1.7709235500451854,1.8011007566288924,first_n_median,98.32451313605634,normal,,0,03560.csv,3560,46
B0036,21,24,1.7659050180801104,1.8011007566288924,first_n_median,98.0458761999158,normal,,0,03562.csv,3562,48
B0036,22,24,1.7826929241469245,1.8011007566288924,first_n_median,98.9779676448295,normal,,0,03566.csv,3566,52
B0036,23,24,1.7964662072920203,1.8011007566288924,first_n_median,99.74268239465145,normal,,0,03570.csv,3570,56
B0036,24,24,1.7909083533422898,1.8011007566288924,first_n_median,99.4341014377408,normal,,0,03572.csv,3572,58
B0036,25,24,1.78518002808874,1.8011007566288924,first_n_median,99.11605564088757,normal,,0,03574.csv,3574,60
B0036,26,24,1.7811343176546524,1.8011007566288924,first_n_median,98.89143131494703,normal,,0,03576.csv,3576,62
B0036,27,24,1.7755577789223569,1.8011007566288924,first_n_median,98.58181294896883,normal,,0,03578.csv,3578,64
B0036,28,24,1.776885870616115,1.8011007566288924,first_n_median,98.65555072787265,normal,,0,03582.csv,3582,68
B0036,29,24,1.7713083410378214,1.8011007566288924,first_n_median,98.34587734853694,normal,,0,03584.csv,3584,70
B0036,30,24,1.7713348840874137,1.8011007566288924,first_n_median,98.34735106118154,normal,,0,03586.csv,3586,72
B0036,31,24,1.766084286640505,1.8011007566288924,first_n_median,98.0558294776397,normal,,0,03588.csv,3588,74
B0036,32,24,1.7592793663412327,1.8011007566288924,first_n_median,97.67800939876699,normal,,0,03590.csv,3590,76
B0036,33,24,1.7610368813762425,1.8011007566288924,first_n_median,97.77558944966314,normal,,0,03594.csv,3594,80
B0036,34,24,1.760242767365706,1.8011007566288924,first_n_median,97.73149896735038,normal,,0,03596.csv,3596,82
B0036,35,24,1.7555899416034395,1.8011007566288924,first_n_median,97.47316662557873,normal,,0,03598.csv,3598,84
B0036,36,24,1.7545602176655593,1.8011007566288924,first_n_median,97.41599470257052,normal,,0,03600.csv,3600,86
B0036,37,24,1.7499108336094895,1.8011007566288924,first_n_median,97.15785344984171,normal,,0,03602.csv,3602,88
B0036,38,24,1.7610225525303758,1.8011007566288924,first_n_median,97.77479388918083,normal,,0,03606.csv,3606,92
B0036,39,24,1.7624094574337117,1.8011007566288924,first_n_median,97.85179707171969,normal,,0,03608.csv,3608,94
B0036,40,24,1.7536170397120676,1.8011007566288924,first_n_median,97.36362795129243,normal,,0,03610.csv,3610,96
B0036,41,24,1.746204477519168,1.8011007566288924,first_n_median,96.95207062083117,normal,,0,03612.csv,3612,98
B0036,42,24,1.7406176172769725,1.8011007566288924,first_n_median,96.64187918808464,normal,,0,03614.csv,3614,100
B0036,43,24,1.750690404425682,1.8011007566288924,first_n_median,97.20113647070121,normal,,0,03618.csv,3618,104
B0036,44,24,1.765112055153915,1.8011007566288924,first_n_median,98.00184962765009,normal,,0,03622.csv,3622,108
B0036,45,24,1.763188826756488,1.8011007566288924,first_n_median,97.89506890534186,normal,,0,03624.csv,3624,110
B0036,46,24,1.985492952897096,1.8011007566288924,first_n_median,110.23775019745865,normal,,0,03626.csv,3626,112
B0036,47,24,1.765355730813324,1.8011007566288924,first_n_median,98.01537889071392,normal,,0,03630.csv,3630,116
B0036,48,24,1.7571880383127276,1.8011007566288924,first_n_median,97.56189551558704,normal,,0,03632.csv,3632,118
B0036,49,24,1.7573770661844437,1.8011007566288924,first_n_median,97.57239064591333,normal,,0,03634.csv,3634,120
B0036,50,24,1.7617376127979814,1.8011007566288924,first_n_median,97.81449518101437,normal,,0,03636.csv,3636,122
B0036,51,24,1.7606892547636663,1.8011007566288924,first_n_median,97.75628866311378,normal,,0,03638.csv,3638,124
B0036,52,24,1.760669562156983,1.8011007566288924,first_n_median,97.75519529803628,normal,,0,03642.csv,3642,128
B0036,53,24,1.752963802649152,1.8011007566288924,first_n_median,97.32735918284561,normal,,0,03644.csv,3644,130
B0036,54,24,1.750535708024147,1.8011007566288924,first_n_median,97.19254747861038,normal,,0,03646.csv,3646,132
B0036,55,24,1.7500761995337284,1.8011007566288924,first_n_median,97.16703483092938,normal,,0,03648.csv,3648,134
B0036,56,24,1.7465957802278385,1.8011007566288924,first_n_median,96.97379637422003,normal,,0,03650.csv,3650,136
B0036,57,24,1.753614286788707,1.8011007566288924,first_n_median,97.36347510457631,normal,,0,03654.csv,3654,140
B0036,58,24,1.750725029920349,1.8011007566288924,first_n_median,97.20305893364726,normal,,0,03656.csv,3656,142
B0036,59,24,1.743305349081011,1.8011007566288924,first_n_median,96.79110636452918,normal,,0,03658.csv,3658,144
B0036,60,24,1.733662505277619,1.8011007566288924,first_n_median,96.25572022536389,normal,,0,03660.csv,3660,146
B0036,61,24,1.7319207051538927,1.8011007566288924,first_n_median,96.15901269152296,normal,,0,03662.csv,3662,148
B0036,62,24,1.7428604522751463,1.8011007566288924,first_n_median,96.76640498098763,normal,,0,03666.csv,3666,152
B0036,63,24,1.743306971099712,1.8011007566288924,first_n_median,96.7911964216065,normal,,0,03668.csv,3668,154
B0036,64,24,1.738524506272696,1.8011007566288924,first_n_median,96.52566631123291,normal,,0,03670.csv,3670,156
B0036,65,24,1.7295622663746972,1.8011007566288924,first_n_median,96.02806839146005,normal,,0,03672.csv,3672,158
B0036,66,24,1.7273036765742085,1.8011007566288924,first_n_median,95.90266786668785,normal,,0,03674.csv,3674,160
B0036,67,24,1.7449370491071912,1.8011007566288924,first_n_median,96.88170096453558,normal,,0,03678.csv,3678,164
B0036,68,24,1.7642432071133691,1.8011007566288924,first_n_median,97.95360979224121,normal,,0,03682.csv,3682,168
B0036,69,24,1.7504882032049596,1.8011007566288924,first_n_median,97.1899099349298,normal,,0,03684.csv,3684,170
B0036,70,24,1.7442710815479925,1.8011007566288924,first_n_median,96.84472537853642,normal,,0,03686.csv,3686,172
B0036,71,24,1.7365413923373951,1.8011007566288924,first_n_median,96.41556064790441,normal,,0,03688.csv,3688,174
B0036,72,24,1.733223093105756,1.8011007566288924,first_n_median,96.23132335749041,normal,,0,03690.csv,3690,176
B0036,73,24,1.73860622908762,1.8011007566288924,first_n_median,96.53020369286598,normal,,0,03694.csv,3694,180
B0036,74,24,1.7432134953746192,1.8011007566288924,first_n_median,96.78600649956861,normal,,0,03696.csv,3696,182
B0036,75,24,1.7332698214832971,1.8011007566288924,first_n_median,96.23391779188667,normal,,0,03698.csv,3698,184
B0036,76,24,1.7298906291663272,1.8011007566288924,first_n_median,96.04629961980314,normal,,0,03700.csv,3700,186
B0036,77,24,1.7204403348841348,1.8011007566288924,first_n_median,95.5216041385864,normal,,0,03702.csv,3702,188
B0036,78,24,1.724420729012913,1.8011007566288924,first_n_median,95.74260199859663,normal,,0,03706.csv,3706,192
B0036,79,24,1.7214872814061166,1.8011007566288924,first_n_median,95.57973228706051,normal,,0,03708.csv,3708,194
B0036,80,24,1.7197448773569262,1.8011007566288924,first_n_median,95.4829912223101,normal,,0,03710.csv,3710,196
B0036,81,24,1.7164304142145894,1.8011007566288924,first_n_median,95.29896691772093,normal,,0,03712.csv,3712,198
B0036,82,24,1.711202925329962,1.8011007566288924,first_n_median,95.00872835858493,normal,,0,03714.csv,3714,200
B0036,83,24,1.7102343231599222,1.8011007566288924,first_n_median,94.9549500140656,normal,,0,03718.csv,3718,204
B0036,84,24,1.713096882151029,1.8011007566288924,first_n_median,95.11388387607035,normal,,0,03720.csv,3720,206
B0036,85,24,1.7103708617208135,1.8011007566288924,first_n_median,94.96253085374872,normal,,0,03722.csv,3722,208
B0036,86,24,1.7064617296121434,1.8011007566288924,first_n_median,94.7454895752815,normal,,0,03724.csv,3724,210
B0036,87,24,1.7029429979110946,1.8011007566288924,first_n_median,94.55012395300311,normal,,0,03726.csv,3726,212
B0036,88,24,1.7072612643840062,1.8011007566288924,first_n_median,94.78988102694905,normal,,0,03730.csv,3730,216
B0036,89,24,1.7038637196766078,1.8011007566288924,first_n_median,94.60124390074198,normal,,0,03732.csv,3732,218
B0036,90,24,1.7079617948422274,1.8011007566288924,first_n_median,94.82877560048377,normal,,0,03734.csv,3734,220
B0036,91,24,1.711302283362779,1.8011007566288924,first_n_median,95.01424487577316,normal,,0,03736.csv,3736,222
B0036,92,24,1.714122057472244,1.8011007566288924,first_n_median,95.17080325259283,normal,,0,03738.csv,3738,224
B0036,93,24,1.7053324925701605,1.8011007566288924,first_n_median,94.68279252527878,normal,,0,03742.csv,3742,228
B0036,94,24,1.6934609472531408,1.8011007566288924,first_n_median,94.02366530691928,normal,,0,03744.csv,3744,230
B0036,95,24,1.6905244127230223,1.8011007566288924,first_n_median,93.860624204454,normal,,0,03746.csv,3746,232
B0036,96,24,1.7007774858498304,1.8011007566288924,first_n_median,94.42989125345566,normal,,0,03748.csv,3748,234
B0036,97,24,1.6971104467944576,1.8011007566288924,first_n_median,94.22629136922508,normal,,0,03750.csv,3750,236
B0036,98,24,1.6997924522951835,1.8011007566288924,first_n_median,94.37520061213417,normal,,0,03754.csv,3754,240
B0036,99,24,1.691270477395412,1.8011007566288924,first_n_median,93.90204691052104,normal,,0,03756.csv,3756,242
B0036,100,24,1.6857127009469863,1.8011007566288924,first_n_median,93.59347025660702,normal,,0,03758.csv,3758,244
B0036,101,24,1.6832093771286156,1.8011007566288924,first_n_median,93.4544817070127,normal,,0,03760.csv,3760,246
B0036,102,24,1.692886364169521,1.8011007566288924,first_n_median,93.99176353343411,normal,,0,03762.csv,3762,248
B0036,103,24,1.6984668174144633,1.8011007566288924,first_n_median,94.30159923942688,normal,,0,03766.csv,3766,252
B0036,104,24,1.6935813413828429,1.8011007566288924,first_n_median,94.03034978191377,normal,,0,03768.csv,3768,254
B0036,105,24,1.6830951253781283,1.8011007566288924,first_n_median,93.44813826675448,normal,,0,03770.csv,3770,256
B0036,106,24,1.6850462226942986,1.8011007566288924,first_n_median,93.55646631608705,normal,,0,03772.csv,3772,258
B0036,107,24,1.6803098840017598,1.8011007566288924,first_n_median,93.29349720260981,normal,,0,03774.csv,3774,260
B0036,108,24,1.6944038437227715,1.8011007566288924,first_n_median,94.07601642976239,normal,,0,03778.csv,3778,264
B0036,109,24,1.6955686127180103,1.8011007566288924,first_n_median,94.14068627074447,normal,,0,03780.csv,3780,266
B0036,110,24,1.6841854728350405,1.8011007566288924,first_n_median,93.50867610467938,normal,,0,03782.csv,3782,268
B0036,111,24,1.6722180144870118,1.8011007566288924,first_n_median,92.84422364115213,normal,,0,03784.csv,3784,270
B0036,112,24,1.6675976965747183,1.8011007566288924,first_n_median,92.58769618729988,normal,,0,03786.csv,3786,272
B0036,113,24,1.6781873787039017,1.8011007566288924,first_n_median,93.17565230747852,normal,,0,03790.csv,3790,276
B0036,115,24,1.6913403148932205,1.8011007566288924,first_n_median,93.90592440030342,normal,,0,03796.csv,3796,282
B0036,116,24,1.6802787096613283,1.8011007566288924,first_n_median,93.29176635327688,normal,,0,03798.csv,3798,284
B0036,117,24,1.673147301023026,1.8011007566288924,first_n_median,92.89581911867296,normal,,0,03800.csv,3800,286
B0036,118,24,1.6704292090032429,1.8011007566288924,first_n_median,92.74490629440263,normal,,0,03802.csv,3802,288
B0036,119,24,1.6659903350115992,1.8011007566288924,first_n_median,92.49845289776134,normal,,0,03804.csv,3804,290
B0036,120,24,1.664241575272447,1.8011007566288924,first_n_median,92.40135895492023,normal,,0,03808.csv,3808,294
B0036,121,24,1.6668450767774965,1.8011007566288924,first_n_median,92.54590953019857,normal,,0,03810.csv,3810,296
B0036,122,24,1.6594501560667536,1.8011007566288924,first_n_median,92.13533168309445,normal,,0,03812.csv,3812,298
B0036,123,24,1.662412523067319,1.8011007566288924,first_n_median,92.29980704571157,normal,,0,03814.csv,3814,300
B0036,124,24,1.66035260832257,1.8011007566288924,first_n_median,92.18543727838082,normal,,0,03816.csv,3816,302
B0036,125,24,1.6610231379633236,1.8011007566288924,first_n_median,92.22266615845794,normal,,0,03820.csv,3820,306
B0036,126,24,1.6575187557321611,1.8011007566288924,first_n_median,92.02809724174051,normal,,0,03822.csv,3822,308
B0036,127,24,1.6507877959674548,1.8011007566288924,first_n_median,91.6543835702575,normal,,0,03824.csv,3824,310
B0036,128,24,1.653257006211014,1.8011007566288924,first_n_median,91.79147807951641,normal,,0,03826.csv,3826,312
B0036,129,24,1.6494214846772686,1.8011007566288924,first_n_median,91.57852377811885,normal,,0,03828.csv,3828,314
B0036,130,24,1.6678591915666705,1.8011007566288924,first_n_median,92.6022148082593,normal,,0,03832.csv,3832,318
B0036,131,24,1.670862764324967,1.8011007566288924,first_n_median,92.76897798057168,normal,,0,03834.csv,3834,320
B0036,132,24,1.6658118164053368,1.8011007566288924,first_n_median,92.48854125869255,normal,,0,03836.csv,3836,322
B0036,133,24,1.6532998517617,1.8011007566288924,first_n_median,91.79385693314403,normal,,0,03838.csv,3838,324
B0036,134,24,1.6468787023528522,1.8011007566288924,first_n_median,91.43734442904258,normal,,0,03840.csv,3840,326
B0036,135,24,1.6718953249703756,1.8011007566288924,first_n_median,92.82630740212726,normal,,0,03844.csv,3844,330
B0036,136,24,1.6807743463585727,1.8011007566288924,first_n_median,93.31928489689084,normal,,0,03848.csv,3848,334
B0036,137,24,1.6737717086703074,1.8011007566288924,first_n_median,92.93048723176899,normal,,0,03850.csv,3850,336
B0036,138,24,1.6605773762487392,1.8011007566288924,first_n_median,92.1979167537984,normal,,0,03852.csv,3852,338
B0036,139,24,1.655987781146086,1.8011007566288924,first_n_median,91.94309507956604,normal,,0,03854.csv,3854,340
B0036,140,24,1.646862318389844,1.8011007566288924,first_n_median,91.43643476516354,normal,,0,03856.csv,3856,342
B0036,141,24,1.6574621175432849,1.8011007566288924,first_n_median,92.02495259873996,normal,,0,03860.csv,3860,346
B0036,142,24,1.6603991175216894,1.8011007566288924,first_n_median,92.1880195436399,normal,,0,03862.csv,3862,348
B0036,143,24,1.6460789092837111,1.8011007566288924,first_n_median,91.39293863629625,normal,,0,03864.csv,3864,350
B0036,144,24,1.6408366462659327,1.8011007566288924,first_n_median,91.10187979361439,normal,,0,03866.csv,3866,352
B0036,145,24,1.63444089202816,1.8011007566288924,first_n_median,90.74677727010295,normal,,0,03868.csv,3868,354
B0036,146,24,1.6374039186504212,1.8011007566288924,first_n_median,90.9112892559736,normal,,0,03872.csv,3872,358
B0036,147,24,1.64738207540524,1.8011007566288924,first_n_median,91.46529250749045,normal,,0,03874.csv,3874,360
B0036,148,24,1.6545646441622357,1.8011007566288924,first_n_median,91.86408023386058,normal,,0,03876.csv,3876,362
B0036,149,24,1.640896560729935,1.8011007566288924,first_n_median,91.10520634065968,normal,,0,03878.csv,3878,364
B0036,150,24,1.6265229979339637,1.8011007566288924,first_n_median,90.30716310276364,normal,,0,03880.csv,3880,366
B0036,151,24,1.6217349144630455,1.8011007566288924,first_n_median,90.04132103627758,normal,,0,03884.csv,3884,370
B0036,152,24,1.6248200059639546,1.8011007566288924,first_n_median,90.21261025980127,normal,,0,03886.csv,3886,372
B0036,153,24,1.61880119736137,1.8011007566288924,first_n_median,89.87843636195394,normal,,0,03888.csv,3888,374
B0036,154,24,1.6137350490334217,1.8011007566288924,first_n_median,89.59715568904863,normal,,0,03890.csv,3890,376
B0036,155,24,1.612012823654141,1.8011007566288924,first_n_median,89.50153497638489,normal,,0,03892.csv,3892,378
B0036,156,24,1.6671032556887178,1.8011007566288924,first_n_median,92.56024403704228,normal,,0,03896.csv,3896,382
B0036,157,24,1.6850133383886254,1.8011007566288924,first_n_median,93.55464052674394,normal,,0,03900.csv,3900,386
B0036,158,24,1.6786654987614698,1.8011007566288924,first_n_median,93.20219829918989,normal,,0,03902.csv,3902,388
B0036,159,24,1.6729763502191373,1.8011007566288924,first_n_median,92.88632765611821,normal,,0,03904.csv,3904,390
B0036,160,24,1.666489034299654,1.8011007566288924,first_n_median,92.52614148132444,normal,,0,03906.csv,3906,392
B0036,161,24,1.6698420840710908,1.8011007566288924,first_n_median,92.7123081773905,normal,,0,03908.csv,3908,394
B0036,162,24,1.6746744228027035,1.8011007566288924,first_n_median,92.98060736686269,normal,,0,03912.csv,3912,398
B0036,163,24,1.6665045335145643,1.8011007566288924,first_n_median,92.52700202257141,normal,,0,03914.csv,3914,400
B0036,164,24,1.652222084834727,1.8011007566288924,first_n_median,91.73401758639976,normal,,0,03916.csv,3916,402
B0036,165,24,1.6462718275099526,1.8011007566288924,first_n_median,91.4036497653395,normal,,0,03918.csv,3918,404
B0036,166,24,1.642399234692521,1.8011007566288924,first_n_median,91.18863720687054,normal,,0,03920.csv,3920,406
B0036,167,24,1.651178607099992,1.8011007566288924,first_n_median,91.67608203055178,normal,,0,03924.csv,3924,410
B0036,168,24,1.6481683120281931,1.8011007566288924,first_n_median,91.50894562462226,normal,,0,03926.csv,3926,412
B0036,169,24,1.6478887725428395,1.8011007566288924,first_n_median,91.49342514447561,normal,,0,03928.csv,3928,414
B0036,170,24,1.635843650915682,1.8011007566288924,first_n_median,90.82466069124744,normal,,0,03930.csv,3930,416
B0036,171,24,1.6332362811945516,1.8011007566288924,first_n_median,90.67989534641407,normal,,0,03932.csv,3932,418
B0036,172,24,1.629926467682987,1.8011007566288924,first_n_median,90.4961291967757,normal,,0,03936.csv,3936,422
B0036,173,24,1.6387862629287224,1.8011007566288924,first_n_median,90.98803922530281,normal,,0,03938.csv,3938,424
B0036,174,24,1.6359654863840771,1.8011007566288924,first_n_median,90.83142519167569,normal,,0,03940.csv,3940,426
B0036,175,24,1.631137043967566,1.8011007566288924,first_n_median,90.56334233186121,normal,,0,03942.csv,3942,428
B0036,176,24,1.6220189720888465,1.8011007566288924,first_n_median,90.05709237082151,normal,,0,03944.csv,3944,430
B0036,177,24,1.6416044978422155,1.8011007566288924,first_n_median,91.1445121434958,normal,,0,03948.csv,3948,434
B0036,178,24,1.6253090231457803,1.8011007566288924,first_n_median,90.23976127731243,normal,,0,03952.csv,3952,438
B0036,179,24,1.6196134522239485,1.8011007566288924,first_n_median,89.92353405344005,normal,,0,03954.csv,3954,440
B0036,180,24,1.6124236174774371,1.8011007566288924,first_n_median,89.52434290768936,normal,,0,03956.csv,3956,442
B0036,181,24,1.6077701029913394,1.8011007566288924,first_n_median,89.265972326867,normal,,0,03958.csv,3958,444
B0036,182,24,1.6088077531981582,1.8011007566288924,first_n_median,89.32358432902734,normal,,0,03960.csv,3960,446
B0036,183,24,1.6083556258734268,1.8011007566288924,first_n_median,89.2984814954925,normal,,0,03964.csv,3964,450
B0036,184,24,1.606820251901154,1.8011007566288924,first_n_median,89.213235072347,normal,,0,03966.csv,3966,452
B0036,185,24,1.601770977206713,1.8011007566288924,first_n_median,88.93289125061146,normal,,0,03968.csv,3968,454
B0036,186,24,1.594911734692208,1.8011007566288924,first_n_median,88.55205511530588,normal,,0,03970.csv,3970,456
B0036,187,24,1.5938139125387372,1.8011007566288924,first_n_median,88.49110227025096,normal,,0,03972.csv,3972,458
B0036,188,24,1.5920273129504596,1.8011007566288924,first_n_median,88.39190739835378,normal,,0,03976.csv,3976,462
B0036,189,24,1.5847361549778751,1.8011007566288924,first_n_median,87.98709062473633,normal,,0,03978.csv,3978,464
B0036,190,24,1.5763429363936798,1.8011007566288924,first_n_median,87.52108568007655,normal,,0,03980.csv,3980,466
B0036,191,24,1.5720229174642286,1.8011007566288924,first_n_median,87.28123130693548,normal,,0,03982.csv,3982,468
B0036,192,24,1.5729874285512353,1.8011007566288924,first_n_median,87.33478250796945,normal,,0,03984.csv,3984,470
B0036,193,24,1.596985400389019,1.8011007566288924,first_n_median,88.66718835752894,normal,,0,03988.csv,3988,474
B0036,194,24,1.595726023703856,1.8011007566288924,first_n_median,88.59726574600775,normal,,0,03990.csv,3990,476
B0036,195,24,1.579500338340559,1.8011007566288924,first_n_median,87.69638969542709,normal,,0,03992.csv,3992,478
B0036,196,24,1.5629469877520186,1.8011007566288924,first_n_median,86.77732114650685,normal,,0,03994.csv,3994,480
B0036,197,24,1.5591129431541175,1.8011007566288924,first_n_median,86.56444884695392,normal,,0,03996.csv,3996,482
B0038,1,24,0.8980573709676724,1.0613249847591086,first_n_median,84.61662392424564,normal,,0,02291.csv,2291,0
B0038,2,24,1.1026236331914077,1.0613249847591086,first_n_median,103.89123492100516,normal,,0,02295.csv,2295,4
B0038,3,24,1.0885801879473431,1.0613249847591086,first_n_median,102.56803557624912,normal,,0,02297.csv,2297,6
B0038,4,24,1.0613249847591086,1.0613249847591086,first_n_median,100.0,normal,,0,02299.csv,2299,8
B0038,5,24,1.0347062057983545,1.0613249847591086,first_n_median,97.491929489741,normal,,0,02301.csv,2301,10
B0038,6,24,1.0269978594353013,1.0613249847591086,first_n_median,96.76563486050424,normal,,0,02303.csv,2303,12
B0038,7,24,1.078501971098942,1.0613249847591086,first_n_median,101.61844737347177,normal,,0,02307.csv,2307,16
B0038,8,24,1.0638897478802845,1.0613249847591086,first_n_median,100.24165671759417,normal,,0,02311.csv,2311,20
B0038,9,24,1.0366551223324425,1.0613249847591086,first_n_median,97.67556000462332,normal,,0,02313.csv,2313,22
B0038,10,24,1.030941327482094,1.0613249847591086,first_n_median,97.13719570222773,normal,,0,02315.csv,2315,24
B0038,11,24,1.0140084541034655,1.0613249847591086,first_n_median,95.54174910276114,normal,,0,02317.csv,2317,26
B0038,12,24,1.008516095994519,1.0613249847591086,first_n_median,95.02424897906499,normal,,0,02319.csv,2319,28
B0039,1,24,0.1190383185934176,0.4711383364607152,first_n_median,25.266107506270263,normal,,1,01109.csv,1109,0
B0039,2,24,0.4729861500927512,0.4711383364607152,first_n_median,100.39220192649087,normal,,0,01113.csv,1113,4
B0039,3,24,0.1628079382920206,0.4711383364607152,first_n_median,34.55629179214457,normal,,1,01115.csv,1115,6
B0039,4,24,0.4787632853388766,0.4711383364607152,first_n_median,101.61840977226382,normal,,0,01117.csv,1117,8
B0039,5,24,0.4711383364607152,0.4711383364607152,first_n_median,100.0,normal,,0,01119.csv,1119,10
B0039,6,24,0.4668172561120673,0.4711383364607152,first_n_median,99.08284255085064,normal,,0,01121.csv,1121,12
B0039,7,24,0.4699932676625547,0.4711383364607152,first_n_median,99.75695698915898,normal,,0,01125.csv,1125,16
B0039,8,24,0.4627052684317185,0.4711383364607152,first_n_median,98.21006541468319,normal,,0,01129.csv,1129,20
B0039,9,24,0.4604944782656097,0.4711383364607152,first_n_median,97.74082103463194,normal,,0,01131.csv,1131,22
B0039,10,24,0.4412227248835694,0.4711383364607152,first_n_median,93.65035505242945,normal,,0,01133.csv,1133,24
B0039,11,24,0.4435442194396584,0.4711383364607152,first_n_median,94.1430966479295,normal,,0,01135.csv,1135,26
B0039,12,24,0.4126655541164234,0.4711383364607152,first_n_median,87.58904172741472,normal,,0,01137.csv,1137,28
B0040,1,24,0.6734628137095633,0.7795871426061582,first_n_median,86.38711144698699,normal,,0,01231.csv,1231,0
B0040,2,24,0.7913062105760345,0.7795871426061582,first_n_median,101.50324028314517,normal,,0,01235.csv,1235,4
B0040,3,24,0.7865824034601745,0.7795871426061582,first_n_median,100.89730326113782,normal,,0,01237.csv,1237,6
B0040,4,24,0.7795871426061582,0.7795871426061582,first_n_median,100.0,normal,,0,01239.csv,1239,8
B0040,5,24,0.7628241523125163,0.7795871426061582,first_n_median,97.84976054920514,normal,,0,01241.csv,1241,10
B0040,6,24,0.7405021514606399,0.7795871426061582,first_n_median,94.98645000546605,normal,,0,01243.csv,1243,12
B0040,7,24,0.7783970881100656,0.7795871426061582,first_n_median,99.84734811144854,normal,,0,01247.csv,1247,16
B0040,8,24,0.7733165409025605,0.7795871426061582,first_n_median,99.19565095921989,normal,,0,01251.csv,1251,20
B0040,9,24,0.7589575236409498,0.7795871426061582,first_n_median,97.35377639807609,normal,,0,01253.csv,1253,22
B0040,10,24,0.7407399462256391,0.7795871426061582,first_n_median,95.01695265898653,normal,,0,01255.csv,1255,24
B0040,11,24,0.7446218752617147,0.7795871426061582,first_n_median,95.5148994341345,normal,,0,01257.csv,1257,26
B0040,12,24,0.7149875629820736,0.7795871426061582,first_n_median,91.71361659350507,normal,,0,01259.csv,1259,28
B0040,46,44,0.425812451177779,0.7795871426061582,first_n_median,54.62025063090302,normal,,1,01347.csv,1347,116
B0040,47,44,0.5569902643736575,0.7795871426061582,first_n_median,71.44682536857138,normal,,1,01351.csv,1351,120
B0041,1,4,0.055620243768194,0.0558390162918539,first_n_median,99.60820849257723,normal,,0,02996.csv,2996,0
B0041,2,4,0.0556974726122768,0.0558390162918539,first_n_median,99.74651473292921,normal,,0,02999.csv,2999,3
B0041,3,4,0.0558390162918539,0.0558390162918539,first_n_median,100.0,normal,,0,03001.csv,3001,5
B0041,4,4,0.056148059974053,0.0558390162918539,first_n_median,100.5534547395746,normal,,0,03003.csv,3003,7
B0041,5,4,0.056470531599139,0.0558390162918539,first_n_median,101.130957078442,normal,,0,03005.csv,3005,9
B0041,6,4,0.0440922918408019,0.0558390162918539,first_n_median,78.96323174882707,normal,,1,03007.csv,3007,11
B0041,7,4,0.0567719130814178,0.0558390162918539,first_n_median,101.67068987155491,normal,,0,03011.csv,3011,15
B0041,8,4,0.0569383765007572,0.0558390162918539,first_n_median,101.96880296593562,normal,,0,03013.csv,3013,17
B0041,9,4,0.0444014841131225,0.0558390162918539,first_n_median,79.51695259287732,normal,,1,03015.csv,3015,19
B0041,10,4,0.0446343581849161,0.0558390162918539,first_n_median,79.93399803396537,normal,,1,03017.csv,3017,21
B0041,11,4,0.0447987224365748,0.0558390162918539,first_n_median,80.22835180767733,normal,,0,03019.csv,3019,23
B0041,12,4,0.0467089878078547,0.0558390162918539,first_n_median,83.64937441541007,normal,,0,03023.csv,3023,27
B0041,13,4,0.0449537153308952,0.0558390162918539,first_n_median,80.5059227690107,normal,,0,03025.csv,3025,29
B0041,14,4,0.0452193290195426,0.0558390162918539,first_n_median,80.98160036200251,normal,,0,03027.csv,3027,31
B0041,15,4,0.0454022241469497,0.0558390162918539,first_n_median,81.30914038608023,normal,,0,03029.csv,3029,33
B0041,16,4,0.0456790122497417,0.0558390162918539,first_n_median,81.80482981826025,normal,,0,03031.csv,3031,35
B0041,17,4,0.0455208025703398,0.0558390162918539,first_n_median,81.52149803717195,normal,,0,03035.csv,3035,39
B0041,18,4,0.0457285414602425,0.0558390162918539,first_n_median,81.89352982372226,normal,,0,03037.csv,3037,41
B0041,19,4,0.045860512192502,0.0558390162918539,first_n_median,82.12987125848129,normal,,0,03039.csv,3039,43
B0041,20,4,0.045983556030275,0.0558390162918539,first_n_median,82.3502258527132,normal,,0,03041.csv,3041,45
B0041,21,4,0.046128762966734,0.0558390162918539,first_n_median,82.61027150914103,normal,,0,03043.csv,3043,47
B0041,22,4,0.0463714545530443,0.0558390162918539,first_n_median,83.04489876876505,normal,,0,03047.csv,3047,51
B0041,23,4,0.0464238542531432,0.0558390162918539,first_n_median,83.1387394263888,normal,,0,03051.csv,3051,55
B0041,24,4,0.0465794695305646,0.0558390162918539,first_n_median,83.41742499027488,normal,,0,03053.csv,3053,57
B0041,25,4,0.0467260089483965,0.0558390162918539,first_n_median,83.6798569376179,normal,,0,03055.csv,3055,59
B0041,26,4,0.0468634724324437,0.0558390162918539,first_n_median,83.92603513554447,normal,,0,03057.csv,3057,61
B0041,27,4,0.0471230704848885,0.0558390162918539,first_n_median,84.39093955128124,normal,,0,03059.csv,3059,63
B0041,28,4,0.047089685801538,0.0558390162918539,first_n_median,84.33115217398216,normal,,0,03063.csv,3063,67
B0041,29,4,0.0471681699068244,0.0558390162918539,first_n_median,84.47170641454433,normal,,0,03065.csv,3065,69
B0041,30,4,0.0474166233958466,0.0558390162918539,first_n_median,84.91665244963133,normal,,0,03067.csv,3067,71
B0041,31,4,0.0474736581861432,0.0558390162918539,first_n_median,85.0187939164482,normal,,0,03069.csv,3069,73
B0041,32,4,0.047671071688296,0.0558390162918539,first_n_median,85.3723343533373,normal,,0,03071.csv,3071,75
B0041,33,4,0.0477561486679362,0.0558390162918539,first_n_median,85.52469552530982,normal,,0,03075.csv,3075,79
B0041,34,4,0.0478336905290522,0.0558390162918539,first_n_median,85.66356233612669,normal,,0,03077.csv,3077,81
B0041,35,4,0.0479228171589379,0.0558390162918539,first_n_median,85.82317587483922,normal,,0,03079.csv,3079,83
B0041,36,4,0.0481080249716144,0.0558390162918539,first_n_median,86.1548576002272,normal,,0,03081.csv,3081,85
B0041,37,4,0.0480878273582587,0.0558390162918539,first_n_median,86.11868645199256,normal,,0,03083.csv,3083,87
B0041,38,4,0.0484226192632661,0.0558390162918539,first_n_median,86.71825271809142,normal,,0,03087.csv,3087,91
B0041,39,4,0.0479864952546282,0.0558390162918539,first_n_median,85.93721458812435,normal,,0,03089.csv,3089,93
B0041,40,4,0.0482217520049512,0.0558390162918539,first_n_median,86.35852707882688,normal,,0,03091.csv,3091,95
B0041,41,4,0.0478773156676534,0.0558390162918539,first_n_median,85.74168896065957,normal,,0,03093.csv,3093,97
B0041,42,4,0.0482903205557941,0.0558390162918539,first_n_median,86.48132392482523,normal,,0,03095.csv,3095,99
B0042,1,22,1.7287126633755356,1.7282350363146088,first_n_median,100.02763669587127,normal,,0,01532.csv,1532,2
B0042,2,22,1.7314706281853145,1.7282350363146088,first_n_median,100.18721943501421,normal,,0,01534.csv,1534,4
B0042,3,22,1.7282350363146088,1.7282350363146088,first_n_median,100.0,normal,,0,01536.csv,1536,6
B0042,4,22,1.720344742291621,1.7282350363146088,first_n_median,99.54344786113042,normal,,0,01538.csv,1538,8
B0042,5,22,1.7221734367707635,1.7282350363146088,first_n_median,99.64926069565333,normal,,0,01540.csv,1540,10
B0042,7,22,1.708669577331945,1.7282350363146088,first_n_median,98.86789362722408,normal,,0,01546.csv,1546,16
B0042,8,22,1.7036476485918646,1.7282350363146088,first_n_median,98.57731227488735,normal,,0,01548.csv,1548,18
B0042,9,22,1.6958375743577971,1.7282350363146088,first_n_median,98.12540185356397,normal,,0,01550.csv,1550,20
B0042,10,22,1.6949064846676911,1.7282350363146088,first_n_median,98.07152667625641,normal,,0,01552.csv,1552,22
B0042,11,22,1.6874768094352457,1.7282350363146088,first_n_median,97.64162709221088,normal,,0,01556.csv,1556,26
B0042,12,22,1.685989172917945,1.7282350363146088,first_n_median,97.55554872404673,normal,,0,01558.csv,1558,28
B0042,13,22,1.6782864747774933,1.7282350363146088,first_n_median,97.10985135195332,normal,,0,01560.csv,1560,30
B0042,14,22,1.6739647640901527,1.7282350363146088,first_n_median,96.85978636677883,normal,,0,01562.csv,1562,32
B0042,15,22,1.6722378801237066,1.7282350363146088,first_n_median,96.75986454305927,normal,,0,01564.csv,1564,34
B0042,16,22,1.675989790049197,1.7282350363146088,first_n_median,96.97695943158155,normal,,0,01568.csv,1568,38
B0042,17,22,1.6618247672847988,1.7282350363146088,first_n_median,96.15733580014513,normal,,0,01570.csv,1570,40
B0042,18,22,1.6606710352566112,1.7282350363146088,first_n_median,96.09057798052312,normal,,0,01572.csv,1572,42
B0042,19,22,1.6530644874507203,1.7282350363146088,first_n_median,95.65044410717499,normal,,0,01574.csv,1574,44
B0042,20,22,1.649953986270456,1.7282350363146088,first_n_median,95.47046273225173,normal,,0,01576.csv,1576,46
B0042,21,22,1.681297805444492,1.7282350363146088,first_n_median,97.28409447304062,normal,,0,01580.csv,1580,50
B0042,22,22,1.6700520424481298,1.7282350363146088,first_n_median,96.63338651028901,normal,,0,01584.csv,1584,54
B0042,23,22,1.667181860354792,1.7282350363146088,first_n_median,96.46731059856243,normal,,0,01586.csv,1586,56
B0042,24,22,1.6568865613275168,1.7282350363146088,first_n_median,95.8715988573383,normal,,0,01588.csv,1588,58
B0042,25,22,1.6449819446579936,1.7282350363146088,first_n_median,95.1827679738429,normal,,0,01590.csv,1590,60
B0042,26,22,1.639214585000014,1.7282350363146088,first_n_median,94.84905412492809,normal,,0,01592.csv,1592,62
B0042,27,22,1.6410599890208055,1.7282350363146088,first_n_median,94.95583381530672,normal,,0,01596.csv,1596,66
B0042,28,22,1.643269651219848,1.7282350363146088,first_n_median,95.08369039456889,normal,,0,01598.csv,1598,68
B0042,29,22,1.6298673102402297,1.7282350363146088,first_n_median,94.30819743799753,normal,,0,01600.csv,1600,70
B0042,30,22,1.6238536344658807,1.7282350363146088,first_n_median,93.9602311227692,normal,,0,01602.csv,1602,72
B0042,31,22,1.6186308887044174,1.7282350363146088,first_n_median,93.65802999550814,normal,,0,01604.csv,1604,74
B0042,32,22,1.6193418112441196,1.7282350363146088,first_n_median,93.69916575104857,normal,,0,01608.csv,1608,78
B0042,33,22,1.614593271326993,1.7282350363146088,first_n_median,93.42440335951339,normal,,0,01610.csv,1610,80
B0042,34,22,1.6072040891927848,1.7282350363146088,first_n_median,92.99684680736958,normal,,0,01612.csv,1612,82
B0042,35,22,1.6012663590062357,1.7282350363146088,first_n_median,92.6532748937246,normal,,0,01614.csv,1614,84
B0042,36,22,1.594040741063104,1.7282350363146088,first_n_median,92.23518257460694,normal,,0,01616.csv,1616,86
B0042,37,22,1.5946888289374477,1.7282350363146088,first_n_median,92.27268255931537,normal,,0,01620.csv,1620,90
B0042,38,22,1.5882100957302596,1.7282350363146088,first_n_median,91.89780685832254,normal,,0,01622.csv,1622,92
B0042,39,22,1.587985558077698,1.7282350363146088,first_n_median,91.88481454837375,normal,,0,01624.csv,1624,94
B0042,40,22,1.5799165406650344,1.7282350363146088,first_n_median,91.4179210273472,normal,,0,01626.csv,1626,96
B0042,41,22,1.5655946193652834,1.7282350363146088,first_n_median,90.58921885438977,normal,,0,01628.csv,1628,98
B0042,42,4,0.0707012773734017,1.7282350363146088,first_n_median,4.090952670660427,normal,,1,01632.csv,1632,102
B0042,43,4,0.0841687853013907,1.7282350363146088,first_n_median,4.870216349789854,normal,,1,01636.csv,1636,106
B0042,44,4,0.0844378562146582,1.7282350363146088,first_n_median,4.885785465541684,normal,,1,01638.csv,1638,108
B0042,45,4,0.0847891906059033,1.7282350363146088,first_n_median,4.906114551798048,normal,,1,01640.csv,1640,110
B0042,46,4,0.0933425818344258,1.7282350363146088,first_n_median,5.401035152803931,normal,,1,01642.csv,1642,112
B0042,47,4,0.1060318013139778,1.7282350363146088,first_n_median,6.1352651164905385,normal,,1,01645.csv,1645,115
B0042,48,4,0.106505866207118,1.7282350363146088,first_n_median,6.16269569642781,normal,,1,01647.csv,1647,117
B0042,49,4,0.0943911158551295,1.7282350363146088,first_n_median,5.4617059527050635,normal,,1,01649.csv,1649,119
B0042,50,4,0.0945059592738711,1.7282350363146088,first_n_median,5.468351080036037,normal,,1,01651.csv,1651,121
B0042,51,4,0.0821145610821562,1.7282350363146088,first_n_median,4.751353800653305,normal,,1,01653.csv,1653,123
B0042,52,4,0.0951847063194674,1.7282350363146088,first_n_median,5.507625081044817,normal,,1,01657.csv,1657,127
B0042,53,4,0.0953912999865905,1.7282350363146088,first_n_median,5.51957910713398,normal,,1,01659.csv,1659,129
B0042,54,4,0.0828966456585456,1.7282350363146088,first_n_median,4.796607169550233,normal,,1,01661.csv,1661,131
B0042,55,4,0.083431990364526,1.7282350363146088,first_n_median,4.827583552665461,normal,,1,01663.csv,1663,133
B0042,56,4,0.0962477215649569,1.7282350363146088,first_n_median,5.569133800816887,normal,,1,01665.csv,1665,135
B0042,57,4,0.0871279249656989,1.7282350363146088,first_n_median,5.04143956897759,normal,,1,01669.csv,1669,139
B0042,58,4,0.0968191218275757,1.7282350363146088,first_n_median,5.602196448582512,normal,,1,01671.csv,1671,141
B0042,59,4,0.084400548913451,1.7282350363146088,first_n_median,4.883626771821023,normal,,1,01673.csv,1673,143
B0042,60,4,0.0977012171667452,1.7282350363146088,first_n_median,5.653236690253028,normal,,1,01675.csv,1675,145
B0042,61,4,0.0851742647657266,1.7282350363146088,first_n_median,4.928395905417892,normal,,1,01677.csv,1677,147
B0042,62,4,0.0847199354487912,1.7282350363146088,first_n_median,4.902107275261184,normal,,1,01681.csv,1681,151
B0042,63,4,0.0854883696989364,1.7282350363146088,first_n_median,4.946570802154138,normal,,1,01683.csv,1683,153
B0042,64,4,0.085777499334335,1.7282350363146088,first_n_median,4.96330056571773,normal,,1,01685.csv,1685,155
B0042,65,4,0.0859555325524583,1.7282350363146088,first_n_median,4.973602012823151,normal,,1,01687.csv,1687,157
B0042,66,4,0.0861479697965832,1.7282350363146088,first_n_median,4.984736912884849,normal,,1,01689.csv,1689,159
B0042,67,4,0.0865245080899333,1.7282350363146088,first_n_median,5.006524359929846,normal,,1,01693.csv,1693,163
B0042,68,4,0.0867603642868573,1.7282350363146088,first_n_median,5.020171589153189,normal,,1,01697.csv,1697,167
B0042,69,4,0.0866202538937107,1.7282350363146088,first_n_median,5.012064451512618,normal,,1,01699.csv,1699,169
B0042,70,4,0.0869802394927499,1.7282350363146088,first_n_median,5.032894118281026,normal,,1,01701.csv,1701,171
B0042,71,4,0.0738778711347396,1.7282350363146088,first_n_median,4.2747583275641245,normal,,1,01703.csv,1703,173
B0042,72,4,0.0877586570223188,1.7282350363146088,first_n_median,5.077935302680854,normal,,1,01705.csv,1705,175
B0042,73,4,0.0879057630027299,1.7282350363146088,first_n_median,5.0864472224903725,normal,,1,01709.csv,1709,179
B0042,74,4,0.0880878488220017,1.7282350363146088,first_n_median,5.096983163230243,normal,,1,01711.csv,1711,181
B0042,75,4,0.0883425026815871,1.7282350363146088,first_n_median,5.11171807221163,normal,,1,01713.csv,1713,183
B0042,76,4,0.0746305533274507,1.7282350363146088,first_n_median,4.318310401031871,normal,,1,01715.csv,1715,185
B0042,77,4,0.0748569866512269,1.7282350363146088,first_n_median,4.33141239925655,normal,,1,01717.csv,1717,187
B0042,78,4,0.0752757364314176,1.7282350363146088,first_n_median,4.355642308464018,normal,,1,01721.csv,1721,191
B0042,79,4,0.0753235186048872,1.7282350363146088,first_n_median,4.358407104482244,normal,,1,01723.csv,1723,193
B0042,80,4,0.0755376530236719,1.7282350363146088,first_n_median,4.370797457315347,normal,,1,01725.csv,1725,195
B0042,81,4,0.0758428560612825,1.7282350363146088,first_n_median,4.3884572681163965,normal,,1,01727.csv,1727,197
B0042,82,4,0.0759921803489148,1.7282350363146088,first_n_median,4.397097544727773,normal,,1,01729.csv,1729,199
B0042,83,4,0.0762165260959199,1.7282350363146088,first_n_median,4.4100787505412775,normal,,1,01733.csv,1733,203
B0042,84,4,0.0621692314155252,1.7282350363146088,first_n_median,3.597267160379908,normal,,1,01735.csv,1735,205
B0042,85,4,0.0759822277461493,1.7282350363146088,first_n_median,4.396521662249038,normal,,1,01737.csv,1737,207
B0042,86,4,0.0622701354894356,1.7282350363146088,first_n_median,3.6031057223688823,normal,,1,01739.csv,1739,209
B0042,87,4,0.0625944660879844,1.7282350363146088,first_n_median,3.6218723016670555,normal,,1,01741.csv,1741,211
B0042,88,4,1.4377344766079456,1.7282350363146088,first_n_median,83.19091132846468,normal,,0,01745.csv,1745,215
B0042,89,4,1.5246019289244055,1.7282350363146088,first_n_median,88.21727929874383,normal,,0,01749.csv,1749,219
B0042,90,4,1.5215273965539478,1.7282350363146088,first_n_median,88.03937916908242,normal,,0,01751.csv,1751,221
B0042,91,4,1.5155323631175952,1.7282350363146088,first_n_median,87.69249154613868,normal,,0,01753.csv,1753,223
B0042,92,4,1.5044249661534554,1.7282350363146088,first_n_median,87.04978978794347,normal,,0,01755.csv,1755,225
B0042,93,4,1.5001507149498807,1.7282350363146088,first_n_median,86.80247092715418,normal,,0,01757.csv,1757,227
B0042,94,4,1.489011227320312,1.7282350363146088,first_n_median,86.15791232282665,normal,,0,01761.csv,1761,231
B0042,95,4,1.4810149357562843,1.7282350363146088,first_n_median,85.6952269012257,normal,,0,01763.csv,1763,233
B0042,96,4,1.476262027748574,1.7282350363146088,first_n_median,85.4202117610486,normal,,0,01765.csv,1765,235
B0042,97,4,1.466255102543896,1.7282350363146088,first_n_median,84.84118605016975,normal,,0,01767.csv,1767,237
B0042,98,4,1.459328259381702,1.7282350363146088,first_n_median,84.44038158685062,normal,,0,01769.csv,1769,239
B0042,99,4,1.445704157754381,1.7282350363146088,first_n_median,83.65205700477445,normal,,0,01773.csv,1773,243
B0042,100,4,1.4400686089389023,1.7282350363146088,first_n_median,83.32597006074997,normal,,0,01775.csv,1775,245
B0042,101,4,1.4290313659547842,1.7282350363146088,first_n_median,82.68732758723233,normal,,0,01777.csv,1777,247
B0042,102,4,1.414172188151386,1.7282350363146088,first_n_median,81.82753840976693,normal,,0,01779.csv,1779,249
B0042,103,4,1.415603079129078,1.7282350363146088,first_n_median,81.91033333913853,normal,,0,01781.csv,1781,251
B0042,104,4,1.3994410223300702,1.7282350363146088,first_n_median,80.97515632563042,normal,,0,01785.csv,1785,255
B0042,105,4,1.395963528579491,1.7282350363146088,first_n_median,80.77393984306246,normal,,0,01787.csv,1787,257
B0042,106,4,1.3929784652630588,1.7282350363146088,first_n_median,80.60121661655054,normal,,0,01789.csv,1789,259
B0042,107,4,1.3740772023800918,1.7282350363146088,first_n_median,79.50754229067452,normal,,1,01791.csv,1791,261
B0042,108,4,1.3752493030002435,1.7282350363146088,first_n_median,79.57536296295132,normal,,1,01793.csv,1793,263
B0042,109,4,1.3671966130854505,1.7282350363146088,first_n_median,79.10941419177232,normal,,1,01797.csv,1797,267
B0042,110,4,1.356887600783644,1.7282350363146088,first_n_median,78.51290896619894,normal,,1,01799.csv,1799,269
B0042,111,4,1.3449320225969348,1.7282350363146088,first_n_median,77.82112932190913,normal,,1,01801.csv,1801,271
B0042,112,4,1.3374691704584258,1.7282350363146088,first_n_median,77.38931003913244,normal,,1,01803.csv,1803,273
B0043,1,22,1.713782642126885,1.6814906372051954,first_n_median,101.92043917505018,normal,,0,00739.csv,739,2
B0043,2,22,1.6955681658647108,1.6814906372051954,first_n_median,100.83720529558902,normal,,0,00741.csv,741,4
B0043,3,22,1.6814906372051954,1.6814906372051954,first_n_median,100.0,normal,,0,00743.csv,743,6
B0043,4,22,1.6786372409532953,1.6814906372051954,first_n_median,99.83030555218299,normal,,0,00745.csv,745,8
B0043,5,22,1.6694168550864992,1.6814906372051954,first_n_median,99.28195959873057,normal,,0,00747.csv,747,10
B0043,7,22,1.6611938521224778,1.6814906372051954,first_n_median,98.79292904559654,normal,,0,00753.csv,753,16
B0043,8,22,1.6506423382064332,1.6814906372051954,first_n_median,98.16541952026357,normal,,0,00755.csv,755,18
B0043,9,22,1.6424273190907783,1.6814906372051954,first_n_median,97.6768637749096,normal,,0,00757.csv,757,20
B0043,10,22,1.6353664801041328,1.6814906372051954,first_n_median,97.25694832427223,normal,,0,00759.csv,759,22
B0043,11,22,1.633232875930849,1.6814906372051954,first_n_median,97.1300606612621,normal,,0,00763.csv,763,26
B0043,12,22,1.6258840554387932,1.6814906372051954,first_n_median,96.69301865047397,normal,,0,00765.csv,765,28
B0043,13,22,1.617976174654771,1.6814906372051954,first_n_median,96.22272874168412,normal,,0,00767.csv,767,30
B0043,14,22,1.6136652707273988,1.6814906372051954,first_n_median,95.96635479395061,normal,,0,00769.csv,769,32
B0043,15,22,1.605821026619692,1.6814906372051954,first_n_median,95.499849424599,normal,,0,00771.csv,771,34
B0043,16,22,1.6033527961961531,1.6814906372051954,first_n_median,95.35306118986692,normal,,0,00775.csv,775,38
B0043,17,22,1.5951342406182645,1.6814906372051954,first_n_median,94.86429512741957,normal,,0,00777.csv,777,40
B0043,18,22,1.5878135544728509,1.6814906372051954,first_n_median,94.42892629553708,normal,,0,00779.csv,779,42
B0043,19,22,1.5800601969084245,1.6814906372051954,first_n_median,93.9678260436015,normal,,0,00781.csv,781,44
B0043,20,22,1.575565087879128,1.6814906372051954,first_n_median,93.70049722654858,normal,,0,00783.csv,783,46
B0043,21,22,1.5950169012164208,1.6814906372051954,first_n_median,94.85731683094575,normal,,0,00787.csv,787,50
B0043,22,22,1.5898075522577595,1.6814906372051954,first_n_median,94.54751142118624,normal,,0,00791.csv,791,54
B0043,23,22,1.5807953202097411,1.6814906372051954,first_n_median,94.0115445921947,normal,,0,00793.csv,793,56
B0043,24,22,1.5704333289187615,1.6814906372051954,first_n_median,93.39530617482222,normal,,0,00795.csv,795,58
B0043,25,22,1.5643368431897875,1.6814906372051954,first_n_median,93.03274181709811,normal,,0,00797.csv,797,60
B0043,26,22,1.558307017802491,1.6814906372051954,first_n_median,92.67414181934144,normal,,0,00799.csv,799,62
B0043,27,22,1.5537149289772467,1.6814906372051954,first_n_median,92.4010455127883,normal,,0,00803.csv,803,66
B0043,28,22,1.549528250585513,1.6814906372051954,first_n_median,92.15205938707949,normal,,0,00805.csv,805,68
B0043,29,22,1.5424430535161062,1.6814906372051954,first_n_median,91.73069533588364,normal,,0,00807.csv,807,70
B0043,30,22,1.54256227031715,1.6814906372051954,first_n_median,91.7377852832438,normal,,0,00809.csv,809,72
B0043,31,22,1.5309356452520158,1.6814906372051954,first_n_median,91.04633777780546,normal,,0,00811.csv,811,74
B0043,32,22,1.5247733176952427,1.6814906372051954,first_n_median,90.67985773798702,normal,,0,00815.csv,815,78
B0043,33,22,1.5196742408779502,1.6814906372051954,first_n_median,90.3766103273581,normal,,0,00817.csv,817,80
B0043,34,22,1.5123696925788683,1.6814906372051954,first_n_median,89.94220123000964,normal,,0,00819.csv,819,82
B0043,35,22,1.499914486202397,1.6814906372051954,first_n_median,89.20147713075607,normal,,0,00821.csv,821,84
B0043,36,22,1.492410627118825,1.6814906372051954,first_n_median,88.75521481340864,normal,,0,00823.csv,823,86
B0043,37,22,1.492624987952706,1.6814906372051954,first_n_median,88.76796307552429,normal,,0,00827.csv,827,90
B0043,38,22,1.4924024018806028,1.6814906372051954,first_n_median,88.75472564992238,normal,,0,00829.csv,829,92
B0043,39,22,1.4853020201751674,1.6814906372051954,first_n_median,88.33245855260229,normal,,0,00831.csv,831,94
B0043,40,22,1.477208127101587,1.6814906372051954,first_n_median,87.85110629916166,normal,,0,00833.csv,833,96
B0043,41,22,1.4694738525181406,1.6814906372051954,first_n_median,87.39114093198593,normal,,0,00835.csv,835,98
B0043,42,4,0.0570343910426537,1.6814906372051954,first_n_median,3.391894654700577,normal,,1,00839.csv,839,102
B0043,43,4,0.0571536334895882,1.6814906372051954,first_n_median,3.398986127248572,normal,,1,00843.csv,843,106
B0043,44,4,0.0572936600593766,1.6814906372051954,first_n_median,3.4073136532359385,normal,,1,00845.csv,845,108
B0043,45,4,0.0574420318527805,1.6814906372051954,first_n_median,3.416137478365914,normal,,1,00847.csv,847,110
B0043,46,4,0.0671306210772112,1.6814906372051954,first_n_median,3.992327973279052,normal,,1,00849.csv,849,112
B0043,47,4,0.0671478192023473,1.6814906372051954,first_n_median,3.993350763698194,normal,,1,00852.csv,852,115
B0043,48,4,0.0673200121169029,1.6814906372051954,first_n_median,4.003591255720309,normal,,1,00854.csv,854,117
B0043,49,4,0.0678403805161331,1.6814906372051954,first_n_median,4.0345381065511345,normal,,1,00856.csv,856,119
B0043,50,4,0.0679960492721063,1.6814906372051954,first_n_median,4.043795889647206,normal,,1,00858.csv,858,121
B0043,51,4,0.0682801114788655,1.6814906372051954,first_n_median,4.060689365023991,normal,,1,00860.csv,860,123
B0043,52,4,0.0684463294312597,1.6814906372051954,first_n_median,4.070574519821549,normal,,1,00864.csv,864,127
B0043,53,4,0.0685136191478808,1.6814906372051954,first_n_median,4.074576309372572,normal,,1,00866.csv,866,129
B0043,54,4,0.0688740243561668,1.6814906372051954,first_n_median,4.096009982585587,normal,,1,00868.csv,868,131
B0043,55,4,0.0565443893216957,1.6814906372051954,first_n_median,3.3627537418631186,normal,,1,00870.csv,870,133
B0043,56,4,0.0691835316418984,1.6814906372051954,first_n_median,4.114416703317975,normal,,1,00872.csv,872,135
B0043,57,4,0.0591220864554366,1.6814906372051954,first_n_median,3.5160520758951943,normal,,1,00876.csv,876,139
B0043,58,4,0.0695612008414022,1.6814906372051954,first_n_median,4.13687708407463,normal,,1,00878.csv,878,141
B0043,59,4,0.0701789780437661,1.6814906372051954,first_n_median,4.173616937909958,normal,,1,00880.csv,880,143
B0043,60,4,0.0702814818386252,1.6814906372051954,first_n_median,4.179712945380416,normal,,1,00882.csv,882,145
B0043,61,4,0.0578736420287837,1.6814906372051954,first_n_median,3.441805785191611,normal,,1,00884.csv,884,147
B0043,62,4,0.0705661855429337,1.6814906372051954,first_n_median,4.19664457128478,normal,,1,00888.csv,888,151
B0043,63,4,0.057989410208958,1.6814906372051954,first_n_median,3.4486906394758265,normal,,1,00890.csv,890,153
B0043,64,4,0.0712926644680078,1.6814906372051954,first_n_median,4.239849029816979,normal,,1,00892.csv,892,155
B0043,65,4,0.0714654655766428,1.6814906372051954,first_n_median,4.250125691774621,normal,,1,00894.csv,894,157
B0043,66,4,0.0716254973792324,1.6814906372051954,first_n_median,4.259642949798466,normal,,1,00896.csv,896,159
B0043,67,4,0.0719259635627201,1.6814906372051954,first_n_median,4.277511986761235,normal,,1,00900.csv,900,163
B0043,68,4,0.0588400951113647,1.6814906372051954,first_n_median,3.499281756879883,normal,,1,00904.csv,904,167
B0043,69,4,0.0721385348010396,1.6814906372051954,first_n_median,4.290153819764409,normal,,1,00906.csv,906,169
B0043,70,4,0.0723183571187791,1.6814906372051954,first_n_median,4.300848040342312,normal,,1,00908.csv,908,171
B0043,71,4,0.0593817062666809,1.6814906372051954,first_n_median,3.5314919365462063,normal,,1,00910.csv,910,173
B0043,72,4,0.0729448848562527,1.6814906372051954,first_n_median,4.338108297617068,normal,,1,00912.csv,912,175
B0043,73,4,0.0730691773407958,1.6814906372051954,first_n_median,4.34550010116286,normal,,1,00916.csv,916,179
B0043,74,4,0.0731705412812827,1.6814906372051954,first_n_median,4.351528320306286,normal,,1,00918.csv,918,181
B0043,75,4,0.0734743029330489,1.6814906372051954,first_n_median,4.369593342200852,normal,,1,00920.csv,920,183
B0043,76,4,0.0601069759183187,1.6814906372051954,first_n_median,3.5746244783273053,normal,,1,00922.csv,922,185
B0043,77,4,0.0738316250995573,1.6814906372051954,first_n_median,4.390843663707388,normal,,1,00924.csv,924,187
B0043,78,4,0.0604952153074282,1.6814906372051954,first_n_median,3.5977134792720142,normal,,1,00928.csv,928,191
B0043,79,4,0.0606040102376181,1.6814906372051954,first_n_median,3.604183627114807,normal,,1,00930.csv,930,193
B0043,80,4,0.0607343843223521,1.6814906372051954,first_n_median,3.6119371097598663,normal,,1,00932.csv,932,195
B0043,81,4,0.0609965304823779,1.6814906372051954,first_n_median,3.6275272150049074,normal,,1,00934.csv,934,197
B0043,82,4,0.0611304592598731,1.6814906372051954,first_n_median,3.635492098931815,normal,,1,00936.csv,936,199
B0043,83,4,0.0612912441098759,1.6814906372051954,first_n_median,3.645054141469859,normal,,1,00940.csv,940,203
B0043,84,4,0.0613032906580409,1.6814906372051954,first_n_median,3.6457705622395293,normal,,1,00942.csv,942,205
B0043,85,4,0.0611516615740909,1.6814906372051954,first_n_median,3.6367530226472775,normal,,1,00944.csv,944,207
B0043,86,4,0.0614053871920573,1.6814906372051954,first_n_median,3.651842349483382,normal,,1,00946.csv,946,209
B0043,87,4,0.0617578076594285,1.6814906372051954,first_n_median,3.6728011618355554,normal,,1,00948.csv,948,211
B0043,88,4,1.5250840516518187,1.6814906372051954,first_n_median,90.6983374101125,normal,,0,00952.csv,952,215
B0043,89,4,1.552568811301301,1.6814906372051954,first_n_median,92.33288470055501,normal,,0,00956.csv,956,219
B0043,90,4,1.5427752626774387,1.6814906372051954,first_n_median,91.7504521608092,normal,,0,00958.csv,958,221
B0043,91,4,1.533193283126468,1.6814906372051954,first_n_median,91.1806018542445,normal,,0,00960.csv,960,223
B0043,92,4,1.515272194917202,1.6814906372051954,first_n_median,90.11481606794642,normal,,0,00962.csv,962,225
B0043,93,4,1.5074989761997712,1.6814906372051954,first_n_median,89.65253465254997,normal,,0,00964.csv,964,227
B0043,94,4,1.4896288908647644,1.6814906372051954,first_n_median,88.58978206031975,normal,,0,00968.csv,968,231
B0043,95,4,1.4780778852088083,1.6814906372051954,first_n_median,87.90283171992684,normal,,0,00970.csv,970,233
B0043,96,4,1.4700035345334466,1.6814906372051954,first_n_median,87.42264167326786,normal,,0,00972.csv,972,235
B0043,97,4,1.4565623180137075,1.6814906372051954,first_n_median,86.6232785235521,normal,,0,00974.csv,974,237
B0043,98,4,1.445976962830235,1.6814906372051954,first_n_median,85.9937564227888,normal,,0,00976.csv,976,239
B0043,99,4,1.4325855992469252,1.6814906372051954,first_n_median,85.19735807914012,normal,,0,00980.csv,980,243
B0043,100,4,1.4197344854662963,1.6814906372051954,first_n_median,84.43308895409825,normal,,0,00982.csv,982,245
B0043,101,4,1.401262575071573,1.6814906372051954,first_n_median,83.33454519857516,normal,,0,00984.csv,984,247
B0043,102,4,1.3862945308535968,1.6814906372051954,first_n_median,82.44438001497029,normal,,0,00986.csv,986,249
B0043,103,4,1.384130256052478,1.6814906372051954,first_n_median,82.31566833776964,normal,,0,00988.csv,988,251
B0043,104,4,1.3651743201871416,1.6814906372051954,first_n_median,81.18833908324325,normal,,0,00992.csv,992,255
B0043,105,4,1.361508332192898,1.6814906372051954,first_n_median,80.97031895793724,normal,,0,00994.csv,994,257
B0043,106,4,1.351001663879717,1.6814906372051954,first_n_median,80.34547644732748,normal,,0,00996.csv,996,259
B0043,107,4,1.3282588067265129,1.6814906372051954,first_n_median,78.99293503853289,normal,,1,00998.csv,998,261
B0043,108,4,1.3257206687421472,1.6814906372051954,first_n_median,78.84198932832756,normal,,1,01000.csv,1000,263
B0043,109,4,1.314290971597844,1.6814906372051954,first_n_median,78.16225333150389,normal,,1,01004.csv,1004,267
B0043,110,4,1.300326009481109,1.6814906372051954,first_n_median,77.33174248548777,normal,,1,01006.csv,1006,269
B0043,111,4,1.2881071401556836,1.6814906372051954,first_n_median,76.60507359687983,normal,,1,01008.csv,1008,271
B0043,112,4,1.2767801501201566,1.6814906372051954,first_n_median,75.9314456988171,normal,,1,01010.csv,1010,273
B0044,1,22,1.686525555152074,1.6534010755700512,first_n_median,102.00341466274917,normal,,0,03241.csv,3241,2
B0044,2,22,1.6624606531639186,1.6534010755700512,first_n_median,100.54793587156364,normal,,0,03243.csv,3243,4
B0044,3,22,1.6534010755700512,1.6534010755700512,first_n_median,100.0,normal,,0,03245.csv,3245,6
B0044,4,22,1.6452145903490936,1.6534010755700512,first_n_median,99.50486997124185,normal,,0,03247.csv,3247,8
B0044,5,22,1.635664062367341,1.6534010755700512,first_n_median,98.92724073639573,normal,,0,03249.csv,3249,10
B0044,7,22,1.6267769765146465,1.6534010755700512,first_n_median,98.38973740559437,normal,,0,03255.csv,3255,16
B0044,8,22,1.6159715504743064,1.6534010755700512,first_n_median,97.73621018827268,normal,,0,03257.csv,3257,18
B0044,9,22,1.6076028386649623,1.6534010755700512,first_n_median,97.23005884163352,normal,,0,03259.csv,3259,20
B0044,10,22,1.6003360401431612,1.6534010755700512,first_n_median,96.79055274543144,normal,,0,03261.csv,3261,22
B0044,11,22,1.5978700914991917,1.6534010755700512,first_n_median,96.64140873673293,normal,,0,03265.csv,3265,26
B0044,12,22,1.5900310265163515,1.6534010755700512,first_n_median,96.16729116788247,normal,,0,03267.csv,3267,28
B0044,13,22,1.5816311155652092,1.6534010755700512,first_n_median,95.65925285369144,normal,,0,03269.csv,3269,30
B0044,14,22,1.5714556311034702,1.6534010755700512,first_n_median,95.0438253804614,normal,,0,03271.csv,3271,32
B0044,15,22,1.563220798569978,1.6534010755700512,first_n_median,94.54577123890031,normal,,0,03273.csv,3273,34
B0044,16,22,1.5606775388245586,1.6534010755700512,first_n_median,94.39195134710289,normal,,0,03277.csv,3277,38
B0044,17,22,1.5523886011314287,1.6534010755700512,first_n_median,93.89062485012623,normal,,0,03279.csv,3279,40
B0044,18,22,1.5444592876561969,1.6534010755700512,first_n_median,93.41104892675276,normal,,0,03281.csv,3281,42
B0044,19,22,1.536558134180655,1.6534010755700512,first_n_median,92.93317615938335,normal,,0,03283.csv,3283,44
B0044,20,22,1.5307255867941072,1.6534010755700512,first_n_median,92.58041556954663,normal,,0,03285.csv,3285,46
B0044,21,22,1.545242808242328,1.6534010755700512,first_n_median,93.45843734313327,normal,,0,03289.csv,3289,50
B0044,22,22,1.5397144491816253,1.6534010755700512,first_n_median,93.12407448693418,normal,,0,03293.csv,3293,54
B0044,23,22,1.5305357077773765,1.6534010755700512,first_n_median,92.56893142214065,normal,,0,03295.csv,3295,56
B0044,24,22,1.5199735224097084,1.6534010755700512,first_n_median,91.93011573950136,normal,,0,03297.csv,3297,58
B0044,25,22,1.5136629526844203,1.6534010755700512,first_n_median,91.54844369280136,normal,,0,03299.csv,3299,60
B0044,26,22,1.501287000699295,1.6534010755700512,first_n_median,90.79992887882264,normal,,0,03301.csv,3301,62
B0044,27,22,1.5023814734911674,1.6534010755700512,first_n_median,90.86612411771802,normal,,0,03305.csv,3305,66
B0044,28,22,1.4980955154277502,1.6534010755700512,first_n_median,90.60690340432036,normal,,0,03307.csv,3307,68
B0044,29,22,1.4906542391377111,1.6534010755700512,first_n_median,90.15684464967285,normal,,0,03309.csv,3309,70
B0044,30,22,1.484397163943621,1.6534010755700512,first_n_median,89.77840802672988,normal,,0,03311.csv,3311,72
B0044,31,22,1.4725321936230114,1.6534010755700512,first_n_median,89.06079809554491,normal,,0,03313.csv,3313,74
B0044,32,22,1.4663149382113208,1.6534010755700512,first_n_median,88.68476982850468,normal,,0,03317.csv,3317,78
B0044,33,22,1.4671298468877776,1.6534010755700512,first_n_median,88.73405664030719,normal,,0,03319.csv,3319,80
B0044,34,22,1.4593858997633138,1.6534010755700512,first_n_median,88.26569193201681,normal,,0,03321.csv,3321,82
B0044,35,22,1.4467901368505207,1.6534010755700512,first_n_median,87.50388264696778,normal,,0,03323.csv,3323,84
B0044,36,22,1.4390669859638228,1.6534010755700512,first_n_median,87.03677572410363,normal,,0,03325.csv,3325,86
B0044,37,22,1.4389892550462602,1.6534010755700512,first_n_median,87.03207444994148,normal,,0,03329.csv,3329,90
B0044,38,22,1.4386198779578576,1.6534010755700512,first_n_median,87.00973400914582,normal,,0,03331.csv,3331,92
B0044,39,22,1.4313412096653504,1.6534010755700512,first_n_median,86.56951001267855,normal,,0,03333.csv,3333,94
B0044,40,22,1.422973037663468,1.6534010755700512,first_n_median,86.06339131434655,normal,,0,03335.csv,3335,96
B0044,41,22,1.4150153099745095,1.6534010755700512,first_n_median,85.58209685975,normal,,0,03337.csv,3337,98
B0044,42,4,0.0572172710622218,1.6534010755700512,first_n_median,3.4605802492595283,normal,,1,03341.csv,3341,102
B0044,43,4,0.0573587470253984,1.6534010755700512,first_n_median,3.469136912568086,normal,,1,03345.csv,3345,106
B0044,44,4,0.0574968754544523,1.6534010755700512,first_n_median,3.47749111235027,normal,,1,03347.csv,3347,108
B0044,45,4,0.0576308880988852,1.6534010755700512,first_n_median,3.4855963837458805,normal,,1,03349.csv,3349,110
B0044,46,4,0.0551169133397871,1.6534010755700512,first_n_median,3.33354768871093,normal,,1,03351.csv,3351,112
B0044,47,4,0.0674075526574801,1.6534010755700512,first_n_median,4.076902673735086,normal,,1,03354.csv,3354,115
B0044,48,4,0.0675676530317139,1.6534010755700512,first_n_median,4.086585767365506,normal,,1,03356.csv,3356,117
B0044,49,4,0.0556373104491564,1.6534010755700512,first_n_median,3.3650220307237944,normal,,1,03358.csv,3358,119
B0044,50,4,0.0682243327610682,1.6534010755700512,first_n_median,4.12630267205712,normal,,1,03360.csv,3360,121
B0044,51,4,0.0560524534315144,1.6534010755700512,first_n_median,3.390130456531179,normal,,1,03362.csv,3362,123
B0044,52,4,0.0686822013010505,1.6534010755700512,first_n_median,4.15399519910017,normal,,1,03366.csv,3366,127
B0044,53,4,0.0687475535334652,1.6534010755700512,first_n_median,4.157947793142857,normal,,1,03368.csv,3368,129
B0044,54,4,0.0565143989134748,1.6534010755700512,first_n_median,3.4180695627036566,normal,,1,03370.csv,3370,131
B0044,55,4,0.0567330718538736,1.6534010755700512,first_n_median,3.4312952067188816,normal,,1,03372.csv,3372,133
B0044,56,4,0.0694133756360175,1.6534010755700512,first_n_median,4.198217641299496,normal,,1,03374.csv,3374,135
B0044,57,4,0.0593176644466495,1.6534010755700512,first_n_median,3.587614966695135,normal,,1,03378.csv,3378,139
B0044,58,4,0.0698170725362273,1.6534010755700512,first_n_median,4.222633792115814,normal,,1,03380.csv,3380,141
B0044,59,4,0.0574643508969407,1.6534010755700512,first_n_median,3.475523981809945,normal,,1,03382.csv,3382,143
B0044,60,4,0.0705377438399369,1.6534010755700512,first_n_median,4.266220996355482,normal,,1,03384.csv,3384,145
B0044,61,4,0.0580546605234449,1.6534010755700512,first_n_median,3.5112267302371936,normal,,1,03386.csv,3386,147
B0044,62,4,0.0708399201529106,1.6534010755700512,first_n_median,4.284497040652207,normal,,1,03390.csv,3390,151
B0044,63,4,0.0581718361305258,1.6534010755700512,first_n_median,3.518313674162188,normal,,1,03392.csv,3392,153
B0044,64,4,0.0583051571279828,1.6534010755700512,first_n_median,3.526377113785332,normal,,1,03394.csv,3394,155
B0044,65,4,0.0584559266936776,1.6534010755700512,first_n_median,3.5354958671188395,normal,,1,03396.csv,3396,157
B0044,66,4,0.058629861106387,1.6534010755700512,first_n_median,3.5460156626650856,normal,,1,03398.csv,3398,159
B0044,67,4,0.0589003321838338,1.6534010755700512,first_n_median,3.562374130156317,normal,,1,03402.csv,3402,163
B0044,68,4,0.0590646770201104,1.6534010755700512,first_n_median,3.5723139347630086,normal,,1,03406.csv,3406,167
B0044,69,4,0.0724057998284407,1.6534010755700512,first_n_median,4.379203624473087,normal,,1,03408.csv,3408,169
B0044,70,4,0.0725563284689165,1.6534010755700512,first_n_median,4.388307806313777,normal,,1,03410.csv,3410,171
B0044,71,4,0.0595922298890959,1.6534010755700512,first_n_median,3.6042210670844033,normal,,1,03412.csv,3412,173
B0044,72,4,0.0732170902276858,1.6534010755700512,first_n_median,4.42827159783009,normal,,1,03414.csv,3414,175
B0044,73,4,0.0598410084998697,1.6534010755700512,first_n_median,3.619267543976771,normal,,1,03418.csv,3418,179
B0044,74,4,0.0734434705697157,1.6534010755700512,first_n_median,4.441963396231265,normal,,1,03420.csv,3420,181
B0044,75,4,0.0737373960592326,1.6534010755700512,first_n_median,4.459740419233113,normal,,1,03422.csv,3422,183
B0044,76,4,0.0603231248972743,1.6534010755700512,first_n_median,3.648426615210493,normal,,1,03424.csv,3424,185
B0044,77,4,0.0740961197823434,1.6534010755700512,first_n_median,4.4814365296573255,normal,,1,03426.csv,3426,187
B0044,78,4,0.0607171505329549,1.6534010755700512,first_n_median,3.6722578344774055,normal,,1,03430.csv,3430,191
B0044,79,4,0.0608284422939796,1.6534010755700512,first_n_median,3.678988915197571,normal,,1,03432.csv,3432,193
B0044,80,4,0.0609288444479822,1.6534010755700512,first_n_median,3.6850613773173864,normal,,1,03434.csv,3434,195
B0044,81,4,0.0612203873656202,1.6534010755700512,first_n_median,3.702694299053419,normal,,1,03436.csv,3436,197
B0044,82,4,0.061336775826916,1.6534010755700512,first_n_median,3.7097336353049495,normal,,1,03438.csv,3438,199
B0044,83,4,0.0615021959933087,1.6534010755700512,first_n_median,3.719738477374843,normal,,1,03442.csv,3442,203
B0044,84,4,0.0615436456229027,1.6534010755700512,first_n_median,3.7222454087060513,normal,,1,03444.csv,3444,205
B0044,85,4,0.0613682829819075,1.6534010755700512,first_n_median,3.711639231923764,normal,,1,03446.csv,3446,207
B0044,86,4,0.0616335088887399,1.6534010755700512,first_n_median,3.7276804641904695,normal,,1,03448.csv,3448,209
B0044,87,4,0.0619810308759487,1.6534010755700512,first_n_median,3.7486990780249254,normal,,1,03450.csv,3450,211
B0044,88,4,1.4779954511171076,1.6534010755700512,first_n_median,89.39122351831855,normal,,0,03454.csv,3454,215
B0044,89,4,1.494119871447679,1.6534010755700512,first_n_median,90.3664509189063,normal,,0,03458.csv,3458,219
B0044,90,4,1.488007820113173,1.6534010755700512,first_n_median,89.99678554098831,normal,,0,03460.csv,3460,221
B0044,91,4,1.4748338592717107,1.6534010755700512,first_n_median,89.20000603986693,normal,,0,03462.csv,3462,223
B0044,92,4,1.4604378044785566,1.6534010755700512,first_n_median,88.32931259434643,normal,,0,03464.csv,3464,225
B0044,93,4,1.452380841576719,1.6534010755700512,first_n_median,87.84201625585459,normal,,0,03466.csv,3466,227
B0044,94,4,1.441102888364986,1.6534010755700512,first_n_median,87.15990993704476,normal,,0,03470.csv,3470,231
B0044,95,4,1.4300355978410688,1.6534010755700512,first_n_median,86.49054479101682,normal,,0,03472.csv,3472,233
B0044,96,4,1.413943296719903,1.6534010755700512,first_n_median,85.51726000495135,normal,,0,03474.csv,3474,235
B0044,97,4,1.3972667497450315,1.6534010755700512,first_n_median,84.50863921588348,normal,,0,03476.csv,3476,237
B0044,98,4,1.3865375876825874,1.6534010755700512,first_n_median,83.85972455016966,normal,,0,03478.csv,3478,239
B0044,99,4,1.3724753685724698,1.6534010755700512,first_n_median,83.00922195174421,normal,,0,03482.csv,3482,243
B0044,100,4,1.3598593948812812,1.6534010755700512,first_n_median,82.24619029066712,normal,,0,03484.csv,3484,245
B0044,101,4,1.3486733410392264,1.6534010755700512,first_n_median,81.569642173738,normal,,0,03486.csv,3486,247
B0044,102,4,1.3334258933205057,1.6534010755700512,first_n_median,80.64745529821153,normal,,0,03488.csv,3488,249
B0044,103,4,1.3387793081075827,1.6534010755700512,first_n_median,80.97123728106958,normal,,0,03490.csv,3490,251
B0044,104,4,1.3153320403016997,1.6534010755700512,first_n_median,79.55311386550333,normal,,1,03494.csv,3494,255
B0044,105,4,1.322963328110081,1.6534010755700512,first_n_median,80.01466478143885,normal,,0,03496.csv,3496,257
B0044,106,4,1.3086991524155074,1.6534010755700512,first_n_median,79.15194756748907,normal,,1,03498.csv,3498,259
B0044,107,4,1.2897499583900436,1.6534010755700512,first_n_median,78.0058739193314,normal,,1,03500.csv,3500,261
B0044,108,4,1.2906172590904164,1.6534010755700512,first_n_median,78.05832947371489,normal,,1,03502.csv,3502,263
B0044,109,4,1.2752011253442166,1.6534010755700512,first_n_median,77.12594023229114,normal,,1,03506.csv,3506,267
B0044,110,4,1.268607265737458,1.6534010755700512,first_n_median,76.72713441897781,normal,,1,03508.csv,3508,269
B0044,111,4,1.2565759973225976,1.6534010755700512,first_n_median,75.99946654742327,normal,,1,03510.csv,3510,271
B0044,112,4,1.2486254509320869,1.6534010755700512,first_n_median,75.51860642775935,normal,,1,03512.csv,3512,273
B0045,2,4,0.927952404748273,0.885193608411576,first_n_median,104.8304456709109,normal,,0,00189.csv,189,4
B0045,3,4,0.885193608411576,0.885193608411576,first_n_median,100.0,normal,,0,00191.csv,191,6
B0045,4,4,0.8581010699478283,0.885193608411576,first_n_median,96.93936578322526,normal,,0,00193.csv,193,8
B0045,5,4,0.8409352213456689,0.885193608411576,first_n_median,95.00014610980688,normal,,0,00195.csv,195,10
B0045,6,4,0.8245471942901911,0.885193608411576,first_n_median,93.14879665362574,normal,,0,00197.csv,197,12
B0045,7,4,0.7935960418803983,0.885193608411576,first_n_median,89.65225622273259,normal,,0,00201.csv,201,16
B0045,8,4,0.8183676087159205,0.885193608411576,first_n_median,92.4506911187971,normal,,0,00205.csv,205,20
B0045,9,4,0.7977644276409412,0.885193608411576,first_n_median,90.12315724607176,normal,,0,00207.csv,207,22
B0045,10,4,0.7993777411831636,0.885193608411576,first_n_median,90.30541269017932,normal,,0,00209.csv,209,24
B0045,11,4,0.7783107440628891,0.885193608411576,first_n_median,87.92548168750547,normal,,0,00211.csv,211,26
B0045,12,4,0.7803738231239117,0.885193608411576,first_n_median,88.15854697869354,normal,,0,00213.csv,213,28
B0045,13,4,0.7713058245640294,0.885193608411576,first_n_median,87.13413847938746,normal,,0,00217.csv,217,32
B0045,14,4,0.795279016979026,0.885193608411576,first_n_median,89.84238130753157,normal,,0,00221.csv,221,36
B0045,15,4,0.7824128169919247,0.885193608411576,first_n_median,88.38889137438701,normal,,0,00223.csv,223,38
B0045,16,4,0.7649414992231182,0.885193608411576,first_n_median,86.41516296031072,normal,,0,00225.csv,225,40
B0045,17,4,0.7544899426779375,0.885193608411576,first_n_median,85.23445441860137,normal,,0,00227.csv,227,42
B0045,18,4,0.7504048978314295,0.885193608411576,first_n_median,84.7729683880099,normal,,0,00229.csv,229,44
B0045,19,4,0.7407258109620256,0.885193608411576,first_n_median,83.67952546462816,normal,,0,00233.csv,233,48
B0045,21,4,0.7308525593793626,0.885193608411576,first_n_median,82.56414782420664,normal,,0,00237.csv,237,52
B0045,22,4,0.7287255851177903,0.885193608411576,first_n_median,82.32386431545098,normal,,0,00239.csv,239,54
B0045,23,4,0.7161023377036263,0.885193608411576,first_n_median,80.89782064611003,normal,,0,00241.csv,241,56
B0045,24,4,0.7129204834988017,0.885193608411576,first_n_median,80.5383677338218,normal,,0,00245.csv,245,60
B0045,25,4,0.7141991829499618,0.885193608411576,first_n_median,80.68282194576021,normal,,0,00247.csv,247,62
B0045,26,4,0.7190570819844222,0.885193608411576,first_n_median,81.23161703287992,normal,,0,00249.csv,249,64
B0045,27,4,0.7173975428775917,0.885193608411576,first_n_median,81.04413950355067,normal,,0,00251.csv,251,66
B0045,28,4,0.7071027496463946,0.885193608411576,first_n_median,79.8811404564077,normal,,1,00253.csv,253,68
B0045,29,4,0.703531206505542,0.885193608411576,first_n_median,79.4776645267451,normal,,1,00257.csv,257,72
B0045,30,4,0.6941108278958862,0.885193608411576,first_n_median,78.41344778137567,normal,,1,00259.csv,259,74
B0045,31,4,0.6914114388869608,0.885193608411576,first_n_median,78.10849878679704,normal,,1,00261.csv,261,76
B0045,32,4,0.6971551798505504,0.885193608411576,first_n_median,78.75736711447243,normal,,1,00263.csv,263,78
B0045,33,4,0.6832460217432723,0.885193608411576,first_n_median,77.18605458181223,normal,,1,00265.csv,265,80
B0045,34,4,0.6822029317493292,0.885193608411576,first_n_median,77.06821708456518,normal,,1,00269.csv,269,84
B0045,35,4,0.7289529213213379,0.885193608411576,first_n_median,82.34954640368426,normal,,0,00273.csv,273,88
B0045,36,4,0.7139321758287004,0.885193608411576,first_n_median,80.652658248381,normal,,0,00275.csv,275,90
B0045,37,4,0.6957731747455482,0.885193608411576,first_n_median,78.60124250039144,normal,,1,00277.csv,277,92
B0045,38,4,0.7018312962317095,0.885193608411576,first_n_median,79.28562628136248,normal,,1,00279.csv,279,94
B0045,39,4,0.6911808244378487,0.885193608411576,first_n_median,78.08244635635462,normal,,1,00281.csv,281,96
B0045,40,4,0.6843279752855028,0.885193608411576,first_n_median,77.30828247997476,normal,,1,00285.csv,285,100
B0045,41,4,0.6741394908812485,0.885193608411576,first_n_median,76.15729310234731,normal,,1,00287.csv,287,102
B0045,42,4,0.6670070174301739,0.885193608411576,first_n_median,75.35154017063857,normal,,1,00289.csv,289,104
B0045,43,4,0.6804085117374855,0.885193608411576,first_n_median,76.86550210845236,normal,,1,00291.csv,291,106
B0045,44,4,0.6617864063235485,0.885193608411576,first_n_median,74.76176963264368,normal,,1,00293.csv,293,108
B0045,45,4,0.6623168733492338,0.885193608411576,first_n_median,74.8216962996061,normal,,1,00297.csv,297,112
B0045,46,4,0.6679358357181778,0.885193608411576,first_n_median,75.45646843482596,normal,,1,00299.csv,299,114
B0045,47,4,0.6488990885270688,0.885193608411576,first_n_median,73.30589402825413,normal,,1,00301.csv,301,116
B0045,48,4,0.6503639129625527,0.885193608411576,first_n_median,73.47137471197851,normal,,1,00303.csv,303,118
B0045,49,4,0.6572077690202801,0.885193608411576,first_n_median,74.24452264173009,normal,,1,00305.csv,305,120
B0045,50,4,0.6363517458476216,0.885193608411576,first_n_median,71.88842528918782,normal,,1,00309.csv,309,124
B0045,51,4,0.6536449360948587,0.885193608411576,first_n_median,73.84203070193686,normal,,1,00311.csv,311,126
B0045,52,4,0.6391428272150887,0.885193608411576,first_n_median,72.20373273616268,normal,,1,00313.csv,313,128
B0045,53,4,0.6482206049496236,0.885193608411576,first_n_median,73.2292459852726,normal,,1,00315.csv,315,130
B0045,54,4,0.6287957471922729,0.885193608411576,first_n_median,71.03482686918709,normal,,1,00317.csv,317,132
B0045,55,4,0.6380571850193401,0.885193608411576,first_n_median,72.08108813215375,normal,,1,00321.csv,321,136
B0045,56,4,0.6554825047832906,0.885193608411576,first_n_median,74.0496201683508,normal,,1,00325.csv,325,140
B0045,57,4,0.6484934835397033,0.885193608411576,first_n_median,73.26007298034877,normal,,1,00327.csv,327,142
B0045,58,4,0.6454071687844921,0.885193608411576,first_n_median,72.91141312493596,normal,,1,00329.csv,329,144
B0045,59,4,0.6427008031845645,0.885193608411576,first_n_median,72.60567598740919,normal,,1,00331.csv,331,146
B0045,60,4,0.6352454880802477,0.885193608411576,first_n_median,71.76345175155022,normal,,1,00333.csv,333,148
B0045,61,4,0.6156760019587869,0.885193608411576,first_n_median,69.5526940217721,normal,,1,00337.csv,337,152
B0045,62,4,0.6170833682807023,0.885193608411576,first_n_median,69.71168368330397,normal,,1,00341.csv,341,156
B0045,63,4,0.6434227390858672,0.885193608411576,first_n_median,72.68723282361343,normal,,1,00343.csv,343,158
B0045,64,4,0.6278124433742752,0.885193608411576,first_n_median,70.92374339449253,normal,,1,00345.csv,345,160
B0045,65,4,0.6290078315253372,0.885193608411576,first_n_median,71.05878595915894,normal,,1,00347.csv,347,162
B0045,67,4,0.6266355568292261,0.885193608411576,first_n_median,70.79079094952844,normal,,1,00353.csv,353,168
B0045,68,4,0.6495813516716594,0.885193608411576,first_n_median,73.38296904756149,normal,,1,00357.csv,357,172
B0045,69,4,0.6337485177966306,0.885193608411576,first_n_median,71.59433956305358,normal,,1,00359.csv,359,174
B0045,70,4,0.6298550929085645,0.885193608411576,first_n_median,71.15450076947567,normal,,1,00361.csv,361,176
B0045,71,4,0.6183063778386736,0.885193608411576,first_n_median,69.8498466282631,normal,,1,00363.csv,363,178
B0045,72,4,0.6069476168507777,0.885193608411576,first_n_median,68.56665153060774,normal,,1,00365.csv,365,180
B0046,1,4,1.7282392323598248,1.503121190703977,first_n_median,114.97670600668035,normal,,0,00553.csv,553,0
B0046,2,4,1.5161488467923143,1.503121190703977,first_n_median,100.86670696740268,normal,,0,00557.csv,557,4
B0046,3,4,1.503121190703977,1.503121190703977,first_n_median,100.0,normal,,0,00559.csv,559,6
B0046,4,4,1.48586566102824,1.503121190703977,first_n_median,98.85202006448624,normal,,0,00561.csv,561,8
B0046,5,4,1.4694562316392716,1.503121190703977,first_n_median,97.76032968779194,normal,,0,00563.csv,563,10
B0046,6,4,1.458955459264481,1.503121190703977,first_n_median,97.06173183422348,normal,,0,00565.csv,565,12
B0046,7,4,1.4556853555098297,1.503121190703977,first_n_median,96.84417760274333,normal,,0,00569.csv,569,16
B0046,8,4,1.456232262380321,1.503121190703977,first_n_median,96.88056235161612,normal,,0,00573.csv,573,20
B0046,9,4,1.4440592236675138,1.503121190703977,first_n_median,96.0707115699166,normal,,0,00575.csv,575,22
B0046,10,4,1.428294264765868,1.503121190703977,first_n_median,95.02189667733549,normal,,0,00577.csv,577,24
B0046,11,4,1.4199848948034668,1.503121190703977,first_n_median,94.46908895871704,normal,,0,00579.csv,579,26
B0046,12,4,1.4043226018516568,1.503121190703977,first_n_median,93.42710425058618,normal,,0,00581.csv,581,28
B0046,13,4,1.4234351301615986,1.503121190703977,first_n_median,94.6986270278674,normal,,0,00585.csv,585,32
B0046,14,4,1.4339948857967295,1.503121190703977,first_n_median,95.40114893364834,normal,,0,00589.csv,589,36
B0046,15,4,1.4185177047756572,1.503121190703977,first_n_median,94.37147939557047,normal,,0,00591.csv,591,38
B0046,16,4,1.4056313337829422,1.503121190703977,first_n_median,93.51417187622936,normal,,0,00593.csv,593,40
B0046,17,4,1.3890214025155618,1.503121190703977,first_n_median,92.40914246342457,normal,,0,00595.csv,595,42
B0046,18,4,1.3723339082737365,1.503121190703977,first_n_median,91.29895292281874,normal,,0,00597.csv,597,44
B0046,19,4,1.3615778905990563,1.503121190703977,first_n_median,90.58337404992409,normal,,0,00601.csv,601,48
B0046,21,4,1.4100282016237429,1.503121190703977,first_n_median,93.80668773376586,normal,,0,00605.csv,605,52
B0046,22,4,1.3395671374926488,1.503121190703977,first_n_median,89.11903749193179,normal,,0,00607.csv,607,54
B0046,23,4,1.3291515487117478,1.503121190703977,first_n_median,88.42610675252661,normal,,0,00609.csv,609,56
B0046,24,4,1.3181687033905718,1.503121190703977,first_n_median,87.6954374366325,normal,,0,00613.csv,613,60
B0046,25,4,1.312423708466101,1.503121190703977,first_n_median,87.3132330634921,normal,,0,00615.csv,615,62
B0046,26,4,1.2993237532162487,1.503121190703977,first_n_median,86.44171616047267,normal,,0,00617.csv,617,64
B0046,27,4,1.2877483042174591,1.503121190703977,first_n_median,85.67162196777697,normal,,0,00619.csv,619,66
B0046,28,4,1.2865282739749122,1.503121190703977,first_n_median,85.59045550893838,normal,,0,00621.csv,621,68
B0046,29,4,1.2719636386987183,1.503121190703977,first_n_median,84.62149602874021,normal,,0,00625.csv,625,72
B0046,30,4,1.2714495345417192,1.503121190703977,first_n_median,84.58729358650343,normal,,0,00627.csv,627,74
B0046,31,4,1.2615423884659074,1.503121190703977,first_n_median,83.9281886429312,normal,,0,00629.csv,629,76
B0046,32,4,1.2421201619204132,1.503121190703977,first_n_median,82.63606218861663,normal,,0,00631.csv,631,78
B0046,33,4,1.2402537441669796,1.503121190703977,first_n_median,82.51189270947042,normal,,0,00633.csv,633,80
B0046,34,4,1.2851130012242886,1.503121190703977,first_n_median,85.49629991061562,normal,,0,00637.csv,637,84
B0046,35,4,1.3043327841699193,1.503121190703977,first_n_median,86.77495814951844,normal,,0,00641.csv,641,88
B0046,36,4,1.2778639041619957,1.503121190703977,first_n_median,85.01403027679468,normal,,0,00643.csv,643,90
B0046,37,4,1.272346459165154,1.503121190703977,first_n_median,84.64696439874278,normal,,0,00645.csv,645,92
B0046,38,4,1.2477883952768762,1.503121190703977,first_n_median,83.01315975011188,normal,,0,00647.csv,647,94
B0046,39,4,1.2352499196655526,1.503121190703977,first_n_median,82.17899709650366,normal,,0,00649.csv,649,96
B0046,40,4,1.229251291851949,1.503121190703977,first_n_median,81.77991897487901,normal,,0,00653.csv,653,100
B0046,41,4,1.223890910501634,1.503121190703977,first_n_median,81.4233022640332,normal,,0,00655.csv,655,102
B0046,42,4,1.205423323571373,1.503121190703977,first_n_median,80.1946862985027,normal,,0,00657.csv,657,104
B0046,43,4,1.1957824090008151,1.503121190703977,first_n_median,79.5532932671103,normal,,1,00659.csv,659,106
B0046,44,4,1.190072949669846,1.503121190703977,first_n_median,79.17345301428975,normal,,1,00661.csv,661,108
B0046,45,4,1.179201763233652,1.503121190703977,first_n_median,78.4502121669498,normal,,1,00665.csv,665,112
B0046,46,4,1.169504032514554,1.503121190703977,first_n_median,77.8050392574683,normal,,1,00667.csv,667,114
B0046,47,4,1.16772376849918,1.503121190703977,first_n_median,77.68660143446479,normal,,1,00669.csv,669,116
B0046,48,4,1.1579256145829042,1.503121190703977,first_n_median,77.0347475469092,normal,,1,00671.csv,671,118
B0046,49,4,1.1499812813376982,1.503121190703977,first_n_median,76.5062250768424,normal,,1,00673.csv,673,120
B0046,50,4,1.150285902223034,1.503121190703977,first_n_median,76.52649096672673,normal,,1,00677.csv,677,124
B0046,51,4,1.1349452274085248,1.503121190703977,first_n_median,75.50590294565541,normal,,1,00679.csv,679,126
B0046,52,4,1.1380960963513609,1.503121190703977,first_n_median,75.71552469553976,normal,,1,00681.csv,681,128
B0046,53,4,1.123711172150547,1.503121190703977,first_n_median,74.75852107601945,normal,,1,00683.csv,683,130
B0046,55,4,1.214119211354098,1.503121190703977,first_n_median,80.77320836555256,normal,,0,00689.csv,689,136
B0046,56,4,1.211944797522819,1.503121190703977,first_n_median,80.62854845092116,normal,,0,00693.csv,693,140
B0046,57,4,1.1971248679331925,1.503121190703977,first_n_median,79.64260469061226,normal,,1,00695.csv,695,142
B0046,58,4,1.1822892151870987,1.503121190703977,first_n_median,78.65561489645299,normal,,1,00697.csv,697,144
B0046,59,4,1.1645336676778395,1.503121190703977,first_n_median,77.47436965694283,normal,,1,00699.csv,699,146
B0046,60,4,1.1535559567518647,1.503121190703977,first_n_median,76.7440419232999,normal,,1,00701.csv,701,148
B0046,61,4,1.1601987101282063,1.503121190703977,first_n_median,77.1859725818139,normal,,1,00705.csv,705,152
B0046,62,4,1.1711716308206082,1.503121190703977,first_n_median,77.91598162967136,normal,,1,00709.csv,709,156
B0046,63,4,1.1563410270783216,1.503121190703977,first_n_median,76.92932773682453,normal,,1,00711.csv,711,158
B0046,64,4,1.141082456193516,1.503121190703977,first_n_median,75.91420194529341,normal,,1,00713.csv,713,160
B0046,65,4,1.1352383596118123,1.503121190703977,first_n_median,75.52540451379912,normal,,1,00715.csv,715,162
B0046,67,4,1.2530847858282803,1.503121190703977,first_n_median,83.36551926604176,normal,,0,00721.csv,721,168
B0046,68,4,1.2050453590356518,1.503121190703977,first_n_median,80.16954098500047,normal,,0,00725.csv,725,172
B0046,69,4,1.19119860196273,1.503121190703977,first_n_median,79.24834067470236,normal,,1,00727.csv,727,174
B0046,70,4,1.17463817374538,1.503121190703977,first_n_median,78.1466046124495,normal,,1,00729.csv,729,176
B0046,71,4,1.1555432048235512,1.503121190703977,first_n_median,76.87625003026936,normal,,1,00731.csv,731,178
B0046,72,4,1.1538041170229467,1.503121190703977,first_n_median,76.7605515881637,normal,,1,00733.csv,733,180
B0047,1,4,1.6743047446975208,1.5080762969973425,first_n_median,111.02254892747455,normal,,0,00001.csv,1,0
B0047,2,4,1.5243662105099025,1.5080762969973425,first_n_median,101.08017834011409,normal,,0,00005.csv,5,4
B0047,3,4,1.5080762969973425,1.5080762969973425,first_n_median,100.0,normal,,0,00007.csv,7,6
B0047,4,4,1.4835577960067696,1.5080762969973425,first_n_median,98.37418696657521,normal,,0,00009.csv,9,8
B0047,5,4,1.4671391666146525,1.5080762969973425,first_n_median,97.28547352251356,normal,,0,00011.csv,11,10
B0047,6,4,1.448858156982267,1.5080762969973425,first_n_median,96.07326631066466,normal,,0,00013.csv,13,12
B0047,7,4,1.4458534180949325,1.5080762969973425,first_n_median,95.87402314947202,normal,,0,00017.csv,17,16
B0047,8,4,1.431118266178283,1.5080762969973425,first_n_median,94.89694049483526,normal,,0,00021.csv,21,20
B0047,9,4,1.419274551657853,1.5080762969973425,first_n_median,94.11158802002934,normal,,0,00023.csv,23,22
B0047,10,4,1.3999974221808271,1.5080762969973425,first_n_median,92.83332845747222,normal,,0,00025.csv,25,24
B0047,11,4,1.3885156686114437,1.5080762969973425,first_n_median,92.07197748390116,normal,,0,00027.csv,27,26
B0047,12,4,1.3652234669528964,1.5080762969973425,first_n_median,90.52747992068615,normal,,0,00029.csv,29,28
B0047,13,4,1.4060442272970963,1.5080762969973425,first_n_median,93.2342899425316,normal,,0,00033.csv,33,32
B0047,14,4,1.405754161352578,1.5080762969973425,first_n_median,93.2150557734716,normal,,0,00037.csv,37,36
B0047,15,4,1.3867662881727878,1.5080762969973425,first_n_median,91.95597669255268,normal,,0,00039.csv,39,38
B0047,16,4,1.3705053061420225,1.5080762969973425,first_n_median,90.87771678865116,normal,,0,00041.csv,41,40
B0047,17,4,1.34974311148236,1.5080762969973425,first_n_median,89.50098308485903,normal,,0,00043.csv,43,42
B0047,18,4,1.3251533367939785,1.5080762969973425,first_n_median,87.87044391801841,normal,,0,00045.csv,45,44
B0047,19,4,1.3111943869635805,1.5080762969973425,first_n_median,86.94483094616871,normal,,0,00049.csv,49,48
B0047,21,4,1.3394234405932892,1.5080762969973425,first_n_median,88.81668939828509,normal,,0,00053.csv,53,52
B0047,22,4,1.2849157142560723,1.5080762969973425,first_n_median,85.20230155559143,normal,,0,00055.csv,55,54
B0047,23,4,1.281719159327807,1.5080762969973425,first_n_median,84.99033914131373,normal,,0,00057.csv,57,56
B0047,24,4,1.2600051642942829,1.5080762969973425,first_n_median,83.5504918950731,normal,,0,00061.csv,61,60
B0047,25,4,1.266070385993126,1.5080762969973425,first_n_median,83.95267457713759,normal,,0,00063.csv,63,62
B0047,26,4,1.2413590294280803,1.5080762969973425,first_n_median,82.31407335953028,normal,,0,00065.csv,65,64
B0047,27,4,1.2298873703485311,1.5080762969973425,first_n_median,81.5533917479706,normal,,0,00067.csv,67,66
B0047,28,4,1.228088614506696,1.5080762969973425,first_n_median,81.43411689129282,normal,,0,00069.csv,69,68
B0047,29,4,1.2139857189070042,1.5080762969973425,first_n_median,80.498958926953,normal,,0,00073.csv,73,72
B0047,30,4,1.2173435064564189,1.5080762969973425,first_n_median,80.72161261868597,normal,,0,00075.csv,75,74
B0047,31,4,1.2073445944515917,1.5080762969973425,first_n_median,80.05858833903012,normal,,0,00077.csv,77,76
B0047,32,4,1.18804049227045,1.5080762969973425,first_n_median,78.7785402261079,normal,,1,00079.csv,79,78
B0047,33,4,1.186304749886542,1.5080762969973425,first_n_median,78.6634437692931,normal,,1,00081.csv,81,80
B0047,34,4,1.2613935471028506,1.5080762969973425,first_n_median,83.64255506265499,normal,,0,00085.csv,85,84
B0047,35,4,1.2648246158850651,1.5080762969973425,first_n_median,83.87006800673123,normal,,0,00089.csv,89,88
B0047,36,4,1.24664945489822,1.5080762969973425,first_n_median,82.66487958071906,normal,,0,00091.csv,91,90
B0047,37,4,1.2333924152795082,1.5080762969973425,first_n_median,81.78581002401907,normal,,0,00093.csv,93,92
B0047,38,4,1.2129250072037692,1.5080762969973425,first_n_median,80.42862351319793,normal,,0,00095.csv,95,94
B0047,39,4,1.1999106597943647,1.5080762969973425,first_n_median,79.56564679011589,normal,,1,00097.csv,97,96
B0047,40,4,1.1902559038393383,1.5080762969973425,first_n_median,78.92544337505994,normal,,1,00101.csv,101,100
B0047,41,4,1.1892563795455853,1.5080762969973425,first_n_median,78.85916527654841,normal,,1,00103.csv,103,102
B0047,42,4,1.167069685125939,1.5080762969973425,first_n_median,77.38797350304058,normal,,1,00105.csv,105,104
B0047,43,4,1.1615348403090369,1.5080762969973425,first_n_median,77.02095992236683,normal,,1,00107.csv,107,106
B0047,44,4,1.1555563844349988,1.5080762969973425,first_n_median,76.62453065111964,normal,,1,00109.csv,109,108
B0047,45,4,1.1488524666097713,1.5080762969973425,first_n_median,76.17999625729783,normal,,1,00113.csv,113,112
B0047,46,4,1.143572986788779,1.5080762969973425,first_n_median,75.82991583819012,normal,,1,00115.csv,115,114
B0047,47,4,1.1418015379428537,1.5080762969973425,first_n_median,75.71245169864676,normal,,1,00117.csv,117,116
B0047,48,4,1.136058647502255,1.5080762969973425,first_n_median,75.33164268705809,normal,,1,00119.csv,119,118
B0047,49,4,1.1236364680969286,1.5080762969973425,first_n_median,74.50793241258063,normal,,1,00121.csv,121,120
B0047,50,4,1.1320498900328944,1.5080762969973425,first_n_median,75.06582341270558,normal,,1,00125.csv,125,124
B0047,51,4,1.117010176215815,1.5080762969973425,first_n_median,74.06854536735574,normal,,1,00127.csv,127,126
B0047,52,4,1.120043039721982,1.5080762969973425,first_n_median,74.26965346196644,normal,,1,00129.csv,129,128
B0047,53,4,1.1059773445917065,1.5080762969973425,first_n_median,73.33696224745155,normal,,1,00131.csv,131,130
B0047,55,4,1.1907902374762016,1.5080762969973425,first_n_median,78.96087484745476,normal,,1,00137.csv,137,136
B0047,56,4,1.2012387088454022,1.5080762969973425,first_n_median,79.65370924780996,normal,,1,00141.csv,141,140
B0047,57,4,1.1906909549024802,1.5080762969973425,first_n_median,78.95429145549248,normal,,1,00143.csv,143,142
B0047,58,4,1.1764375730308343,1.5080762969973425,first_n_median,78.00915480026985,normal,,1,00145.csv,145,144
B0047,59,4,1.1628110372792353,1.5080762969973425,first_n_median,77.10558408712158,normal,,1,00147.csv,147,146
B0047,60,4,1.1516152840582583,1.5080762969973425,first_n_median,76.36319769438613,normal,,1,00149.csv,149,148
B0047,61,4,1.1583673498348623,1.5080762969973425,first_n_median,76.81092476164709,normal,,1,00153.csv,153,152
B0047,62,4,1.1692285288386206,1.5080762969973425,first_n_median,77.53112565767493,normal,,1,00157.csv,157,156
B0047,63,4,1.1588148476218465,1.5080762969973425,first_n_median,76.84059817988695,normal,,1,00159.csv,159,158
B0047,64,4,1.1439588147705455,1.5080762969973425,first_n_median,75.85549995369773,normal,,1,00161.csv,161,160
B0047,65,4,1.1383941068159398,1.5080762969973425,first_n_median,75.48650615904123,normal,,1,00163.csv,163,162
B0047,67,4,1.2213102850395667,1.5080762969973425,first_n_median,80.98464828810441,normal,,0,00169.csv,169,168
B0047,68,4,1.2031062978889062,1.5080762969973425,first_n_median,79.77754840947722,normal,,1,00173.csv,173,172
B0047,69,4,1.1897147112197684,1.5080762969973425,first_n_median,78.88955708597447,normal,,1,00175.csv,175,174
B0047,70,4,1.177422568842014,1.5080762969973425,first_n_median,78.074469520297,normal,,1,00177.csv,177,176
B0047,71,4,1.158443027293818,1.5080762969973425,first_n_median,76.8159429068899,normal,,1,00179.csv,179,178
B0047,72,4,1.1567087516841796,1.5080762969973425,first_n_median,76.70094371135242,normal,,1,00181.csv,181,180
B0048,1,4,1.6579955793677608,1.4989223343608031,first_n_median,110.61250749024248,normal,,0,00369.csv,369,0
B0048,2,4,1.5076933476098775,1.4989223343608031,first_n_median,100.58515461728807,normal,,0,00373.csv,373,4
B0048,3,4,1.4989223343608031,1.4989223343608031,first_n_median,100.0,normal,,0,00375.csv,375,6
B0048,4,4,1.4782919502497789,1.4989223343608031,first_n_median,98.62365223079942,normal,,0,00377.csv,377,8
B0048,5,4,1.461856891390611,1.4989223343608031,first_n_median,97.52719389654045,normal,,0,00379.csv,379,10
B0048,6,4,1.4509592706473475,1.4989223343608031,first_n_median,96.80016351655011,normal,,0,00381.csv,381,12
B0048,7,4,1.451746997147108,1.4989223343608031,first_n_median,96.85271637280577,normal,,0,00385.csv,385,16
B0048,8,4,1.444392866287476,1.4989223343608031,first_n_median,96.36208849362563,normal,,0,00389.csv,389,20
B0048,9,4,1.432738323965376,1.4989223343608031,first_n_median,95.58456039527555,normal,,0,00391.csv,391,22
B0048,10,4,1.417241201438662,1.4989223343608031,first_n_median,94.55067610577882,normal,,0,00393.csv,393,24
B0048,11,4,1.4057559944573452,1.4989223343608031,first_n_median,93.7844451465067,normal,,0,00395.csv,395,26
B0048,12,4,1.3902706269897065,1.4989223343608031,first_n_median,92.75134509104304,normal,,0,00397.csv,397,28
B0048,13,4,1.4196659307880326,1.4989223343608031,first_n_median,94.7124409480116,normal,,0,00401.csv,401,32
B0048,14,4,1.4190563985232272,1.4989223343608031,first_n_median,94.67177624839155,normal,,0,00405.csv,405,36
B0048,15,4,1.404272356704056,1.4989223343608031,first_n_median,93.68546485117861,normal,,0,00407.csv,407,38
B0048,16,4,1.3916140490958342,1.4989223343608031,first_n_median,92.8409709559282,normal,,0,00409.csv,409,40
B0048,17,4,1.3749618350294734,1.4989223343608031,first_n_median,91.73002519945831,normal,,0,00411.csv,411,42
B0048,18,4,1.3545155713071164,1.4989223343608031,first_n_median,90.3659609478521,normal,,0,00413.csv,413,44
B0048,19,4,1.3440223073315984,1.4989223343608031,first_n_median,89.66590706680878,normal,,0,00417.csv,417,48
B0048,21,4,1.372384475860572,1.4989223343608031,first_n_median,91.55807772027151,normal,,0,00421.csv,421,52
B0048,22,4,1.318410575267441,1.4989223343608031,first_n_median,87.95723067464071,normal,,0,00423.csv,423,54
B0048,23,4,1.3112727599578604,1.4989223343608031,first_n_median,87.48103420028339,normal,,0,00425.csv,425,56
B0048,24,4,1.2970172419001187,1.4989223343608031,first_n_median,86.5299830530056,normal,,0,00429.csv,429,60
B0048,25,4,1.2995219526631718,1.4989223343608031,first_n_median,86.6970838230479,normal,,0,00431.csv,431,62
B0048,26,4,1.2826154066729571,1.4989223343608031,first_n_median,85.56917041468414,normal,,0,00433.csv,433,64
B0048,27,4,1.2752890152407,1.4989223343608031,first_n_median,85.08039316023209,normal,,0,00435.csv,435,66
B0048,28,4,1.2735572473264072,1.4989223343608031,first_n_median,84.96485896112155,normal,,0,00437.csv,437,68
B0048,29,4,1.2594114333938535,1.4989223343608031,first_n_median,84.0211266803836,normal,,0,00441.csv,441,72
B0048,30,4,1.2631632585495876,1.4989223343608031,first_n_median,84.2714281849865,normal,,0,00443.csv,443,74
B0048,31,4,1.2491717310136363,1.4989223343608031,first_n_median,83.33798905907491,normal,,0,00445.csv,445,76
B0048,32,4,1.233984347835307,1.4989223343608031,first_n_median,82.32476890548998,normal,,0,00447.csv,447,78
B0048,33,4,1.240031992028868,1.4989223343608031,first_n_median,82.7282350527964,normal,,0,00449.csv,449,80
B0048,34,4,1.30370857198071,1.4989223343608031,first_n_median,86.97639244508692,normal,,0,00453.csv,453,84
B0048,35,4,1.315055963470538,1.4989223343608031,first_n_median,87.73342909933538,normal,,0,00457.csv,457,88
B0048,36,4,1.2888738300982074,1.4989223343608031,first_n_median,85.98669861356304,normal,,0,00459.csv,459,90
B0048,37,4,1.2877137595885193,1.4989223343608031,first_n_median,85.90930497660834,normal,,0,00461.csv,461,92
B0048,38,4,1.2673379985315465,1.4989223343608031,first_n_median,84.54994428193552,normal,,0,00463.csv,463,94
B0048,39,4,1.250594345697306,1.4989223343608031,first_n_median,83.43289822488413,normal,,0,00465.csv,465,96
B0048,40,4,1.2487131179395878,1.4989223343608031,first_n_median,83.30739287249904,normal,,0,00469.csv,469,100
B0048,41,4,1.248002326082933,1.4989223343608031,first_n_median,83.25997267998065,normal,,0,00471.csv,471,102
B0048,42,4,1.2300895244599586,1.4989223343608031,first_n_median,82.06492733224333,normal,,0,00473.csv,473,104
B0048,43,4,1.2244197121500937,1.4989223343608031,first_n_median,81.68666808692475,normal,,0,00475.csv,475,106
B0048,44,4,1.2186682845116386,1.4989223343608031,first_n_median,81.30296390782146,normal,,0,00477.csv,477,108
B0048,45,4,1.2037865236033616,1.4989223343608031,first_n_median,80.31013322092512,normal,,0,00481.csv,481,112
B0048,46,4,1.1947642300832226,1.4989223343608031,first_n_median,79.70821454153027,normal,,1,00483.csv,483,114
B0048,47,4,1.2052091893871495,1.4989223343608031,first_n_median,80.40504579585813,normal,,0,00485.csv,485,116
B0048,48,4,1.1955746593628465,1.4989223343608031,first_n_median,79.76228200460329,normal,,1,00487.csv,487,118
B0048,49,4,1.1888497102149884,1.4989223343608031,first_n_median,79.31362972998589,normal,,1,00489.csv,489,120
B0048,50,4,1.1915605250807406,1.4989223343608031,first_n_median,79.49448065225253,normal,,1,00493.csv,493,124
B0048,51,4,1.1726587153109655,1.4989223343608031,first_n_median,78.23345402422277,normal,,1,00495.csv,495,126
B0048,52,4,1.1841133872494156,1.4989223343608031,first_n_median,78.99764785040487,normal,,1,00497.csv,497,128
B0048,53,4,1.1576825122317769,1.4989223343608031,first_n_median,77.23432266592093,normal,,1,00499.csv,499,130
B0048,55,4,1.259355851168598,1.4989223343608031,first_n_median,84.01741853460571,normal,,0,00505.csv,505,136
B0048,56,4,1.265883375278026,1.4989223343608031,first_n_median,84.4528996772769,normal,,0,00509.csv,509,140
B0048,57,4,1.247259867318412,1.4989223343608031,first_n_median,83.21043984245459,normal,,0,00511.csv,511,142
B0048,58,4,1.232808747256218,1.4989223343608031,first_n_median,82.24633918620833,normal,,0,00513.csv,513,144
B0048,59,4,1.2319592783041904,1.4989223343608031,first_n_median,82.1896672071101,normal,,0,00515.csv,515,146
B0048,60,4,1.220785786262778,1.4989223343608031,first_n_median,81.44423218454257,normal,,0,00517.csv,517,148
B0048,61,4,1.2275441303266783,1.4989223343608031,first_n_median,81.89511238753737,normal,,0,00521.csv,521,152
B0048,62,4,1.2386788414290355,1.4989223343608031,first_n_median,82.63796015537088,normal,,0,00525.csv,525,156
B0048,63,4,1.2283577755407058,1.4989223343608031,first_n_median,81.94939440037923,normal,,0,00527.csv,527,158
B0048,64,4,1.2095481507570451,1.4989223343608031,first_n_median,80.69451785658008,normal,,0,00529.csv,529,160
B0048,65,4,1.2082142070681048,1.4989223343608031,first_n_median,80.60552434048111,normal,,0,00531.csv,531,162
B0048,67,4,1.2998734542832149,1.4989223343608031,first_n_median,86.72053411209794,normal,,0,00537.csv,537,168
B0048,68,4,1.2691220651743778,1.4989223343608031,first_n_median,84.66896756966258,normal,,0,00541.csv,541,172
B0048,69,4,1.2555144634690785,1.4989223343608031,first_n_median,83.76114190095628,normal,,0,00543.csv,543,174
B0048,70,4,1.2519876926897655,1.4989223343608031,first_n_median,83.52585480845877,normal,,0,00545.csv,545,176
B0048,71,4,1.2374982003019996,1.4989223343608031,first_n_median,82.55919415796252,normal,,0,00547.csv,547,178
B0048,72,4,1.2231273969878986,1.4989223343608031,first_n_median,81.60045180122599,normal,,0,00549.csv,549,180
B0049,1,4,0.8583727215167135,1.372852133389263,first_n_median,62.52477602213317,normal,,1,04257.csv,4257,0
B0049,2,4,1.4209057149417377,1.372852133389263,first_n_median,103.50027365538932,normal,,0,04261.csv,4261,4
B0049,3,4,1.372852133389263,1.372852133389263,first_n_median,100.0,normal,,0,04263.csv,4263,6
B0049,4,4,1.3643742487429145,1.372852133389263,first_n_median,99.3824619243284,normal,,0,04265.csv,4265,8
B0049,6,4,1.0605357965671216,1.372852133389263,first_n_median,77.25054802143167,normal,,1,04271.csv,4271,14
B0049,7,4,1.0069932376659496,1.372852133389263,first_n_median,73.35045145611639,normal,,1,04273.csv,4273,16
B0049,8,4,0.9298775334359536,1.372852133389263,first_n_median,67.73326207683381,normal,,1,04275.csv,4275,18
B0049,9,4,0.9232377029483808,1.372852133389263,first_n_median,67.24960980824022,normal,,1,04277.csv,4277,20
B0049,10,4,0.9053279121173716,1.372852133389263,first_n_median,65.9450417199936,normal,,1,04279.csv,4279,22
B0049,11,4,0.8595848360639872,1.372852133389263,first_n_median,62.61306772651951,normal,,1,04283.csv,4283,26
B0049,12,4,0.8369614294820705,1.372852133389263,first_n_median,60.96515488640435,normal,,1,04285.csv,4285,28
B0049,13,4,0.8456824187653132,1.372852133389263,first_n_median,61.60040096070024,normal,,1,04287.csv,4287,30
B0049,14,4,0.8071214007577537,1.372852133389263,first_n_median,58.79157566409957,normal,,1,04289.csv,4289,32
B0049,15,4,0.7820744360746734,1.372852133389263,first_n_median,56.96712829107879,normal,,1,04291.csv,4291,34
B0049,16,4,0.7953019444133349,1.372852133389263,first_n_median,57.93063397511816,normal,,1,04295.csv,4295,38
B0049,18,4,0.7752051154719997,1.372852133389263,first_n_median,56.46675972001389,normal,,1,04299.csv,4299,42
B0049,19,4,0.7711865903845158,1.372852133389263,first_n_median,56.17404610652639,normal,,1,04301.csv,4301,44
B0049,20,4,0.7585098914517947,1.372852133389263,first_n_median,55.25066196162033,normal,,1,04303.csv,4303,46
B0049,21,4,0.7349386490499009,1.372852133389263,first_n_median,53.53370775886132,normal,,1,04307.csv,4307,50
B0049,22,4,0.7366758033690756,1.372852133389263,first_n_median,53.660243915008444,normal,,1,04309.csv,4309,52
B0049,23,4,0.7093946599203638,1.372852133389263,first_n_median,51.67305659998706,normal,,1,04311.csv,4311,54
B0049,24,4,0.7186465009220309,1.372852133389263,first_n_median,52.34697047436961,normal,,1,04313.csv,4313,56
B0049,25,4,0.6913885231046639,1.372852133389263,first_n_median,50.361470568413026,normal,,1,04315.csv,4315,58
B0050,1,4,0.8631448527758341,1.5517564797427017,first_n_median,55.62373117455601,normal,,1,04319.csv,4319,0
B0050,2,4,1.648789607776492,1.5517564797427017,first_n_median,106.253115698275,normal,,0,04323.csv,4323,4
B0050,3,4,1.601636485397804,1.5517564797427017,first_n_median,103.21442225673019,normal,,0,04325.csv,4325,6
B0050,4,4,1.5517564797427017,1.5517564797427017,first_n_median,100.0,normal,,0,04327.csv,4327,8
B0050,5,4,0.0325584171083419,1.5517564797427017,first_n_median,2.098165371524045,normal,,1,04329.csv,4329,10
B0050,7,4,1.359027658891632,1.5517564797427017,first_n_median,87.57995707657517,normal,,0,04335.csv,4335,16
B0050,8,4,1.3742172692238257,1.5517564797427017,first_n_median,88.55882267375395,normal,,0,04337.csv,4337,18
B0050,9,4,1.3528030430821978,1.5517564797427017,first_n_median,87.17882352948237,normal,,0,04339.csv,4339,20
B0050,10,4,1.3607406193458431,1.5517564797427017,first_n_median,87.69034556063004,normal,,0,04341.csv,4341,22
B0050,11,4,0.5268786924650971,1.5517564797427017,first_n_median,33.953696945570954,normal,,1,04345.csv,4345,26
B0050,12,4,1.4002714246164416,1.5517564797427017,first_n_median,90.23783324872096,normal,,0,04347.csv,4347,28
B0050,13,4,1.4289274755270829,1.5517564797427017,first_n_median,92.08451804009961,normal,,0,04349.csv,4349,30
B0050,14,4,0.076583541740148,1.5517564797427017,first_n_median,4.935280937434616,normal,,1,04351.csv,4351,32
B0050,15,4,0.5736933387569048,1.5517564797427017,first_n_median,36.970577938365004,normal,,1,04353.csv,4353,34
B0050,16,4,0.3014742035427856,1.5517564797427017,first_n_median,19.42793263494368,normal,,1,04357.csv,4357,38
B0050,18,4,0.1795654263232146,1.5517564797427017,first_n_median,11.571752956558527,normal,,1,04361.csv,4361,42
B0050,19,4,1.179168781562907,1.5517564797427017,first_n_median,75.98929322714515,normal,,1,04363.csv,4363,44
B0050,20,4,0.0961913170505672,1.5517564797427017,first_n_median,6.198866787816912,normal,,1,04365.csv,4365,46
B0050,21,4,0.2780851770910449,1.5517564797427017,first_n_median,17.920671234261867,normal,,1,04369.csv,4369,50
B0051,1,4,0.6434735598158292,1.2288940261191657,first_n_median,52.36200568473035,normal,,1,04443.csv,4443,0
B0051,2,4,1.293180461998278,1.2288940261191657,first_n_median,105.23124325716908,normal,,0,04447.csv,4447,4
B0051,3,4,1.2288940261191657,1.2288940261191657,first_n_median,100.0,normal,,0,04449.csv,4449,6
B0051,4,4,1.2039031789717949,1.2288940261191657,first_n_median,97.9663952614131,normal,,0,04451.csv,4451,8
B0051,6,4,1.0092808819126011,1.2288940261191657,first_n_median,82.12920402094389,normal,,0,04457.csv,4457,14
B0051,7,4,0.9565659895125322,1.2288940261191657,first_n_median,77.83958333114838,normal,,1,04459.csv,4459,16
B0051,8,4,0.901956291365404,1.2288940261191657,first_n_median,73.39577475315528,normal,,1,04461.csv,4461,18
B0051,9,4,0.8897906666138162,1.2288940261191657,first_n_median,72.40580942717784,normal,,1,04463.csv,4463,20
B0051,10,4,0.8830717036634559,1.2288940261191657,first_n_median,71.85906065897211,normal,,1,04465.csv,4465,22
B0051,11,4,0.8431270354481757,1.2288940261191657,first_n_median,68.60860395837076,normal,,1,04469.csv,4469,26
B0051,12,4,0.826559103449663,1.2288940261191657,first_n_median,67.260405363018,normal,,1,04471.csv,4471,28
B0051,13,4,0.8352681546837963,1.2288940261191657,first_n_median,67.96909553882074,normal,,1,04473.csv,4473,30
B0051,14,4,0.8025719464987874,1.2288940261191657,first_n_median,65.30847489211914,normal,,1,04475.csv,4475,32
B0051,15,4,0.7839218784699513,1.2288940261191657,first_n_median,63.7908445975255,normal,,1,04477.csv,4477,34
B0051,16,4,0.7910763493036002,1.2288940261191657,first_n_median,64.37303237625875,normal,,1,04481.csv,4481,38
B0051,18,4,0.7654538269480236,1.2288940261191657,first_n_median,62.288025710835186,normal,,1,04485.csv,4485,42
B0051,19,4,0.773177347633947,1.2288940261191657,first_n_median,62.916519341837216,normal,,1,04487.csv,4487,44
B0051,20,4,0.7605293776416485,1.2288940261191657,first_n_median,61.88730366306623,normal,,1,04489.csv,4489,46
B0051,21,4,0.7376430319247004,1.2288940261191657,first_n_median,60.02495058537873,normal,,1,04493.csv,4493,50
B0051,22,4,0.739179500257907,1.2288940261191657,first_n_median,60.1499791314169,normal,,1,04495.csv,4495,52
B0051,23,4,0.7014575429842594,1.2288940261191657,first_n_median,57.08039327031762,normal,,1,04497.csv,4497,54
B0051,24,4,0.7047349480541781,1.2288940261191657,first_n_median,57.34708877052024,normal,,1,04499.csv,4499,56
B0051,25,4,0.677848893570423,1.2288940261191657,first_n_median,55.15926346481337,normal,,1,04501.csv,4501,58
B0052,1,4,0.8606591508342232,1.361138519065983,first_n_median,63.230827632797414,normal,,1,04381.csv,4381,0
B0052,2,4,1.4183095114360322,1.361138519065983,first_n_median,104.20023322896483,normal,,0,04385.csv,4385,4
B0052,3,4,1.3707123028693164,1.361138519065983,first_n_median,100.70336587123425,normal,,0,04387.csv,4387,6
B0052,4,4,1.3515647352626494,1.361138519065983,first_n_median,99.29663412876573,normal,,0,04389.csv,4389,8
B0053,1,4,1.06914178861943,1.1305863853936766,first_n_median,94.56524529500227,normal,,0,06672.csv,6672,0
B0053,2,4,1.1540727934432229,1.1305863853936766,first_n_median,102.0773651932283,normal,,0,06676.csv,6676,4
B0053,3,4,1.1501525413826983,1.1305863853936766,first_n_median,101.73062016682685,normal,,0,06678.csv,6678,6
B0053,4,4,1.1305863853936766,1.1305863853936766,first_n_median,100.0,normal,,0,06680.csv,6680,8
B0053,5,4,1.121790272357562,1.1305863853936766,first_n_median,99.22198664783568,normal,,0,06682.csv,6682,10
B0053,6,4,1.1135982401443856,1.1305863853936766,first_n_median,98.49740404901695,normal,,0,06684.csv,6684,12
B0053,7,4,1.0864654057095062,1.1305863853936766,first_n_median,96.09751362176476,normal,,0,06688.csv,6688,16
B0053,8,4,1.0647493568993147,1.1305863853936766,first_n_median,94.17673613047825,normal,,0,06690.csv,6690,18
B0053,9,4,1.0809288094959644,1.1305863853936766,first_n_median,95.60780347797827,normal,,0,06692.csv,6692,20
B0053,10,4,1.0852752041846463,1.1305863853936766,first_n_median,95.99224068196676,normal,,0,06694.csv,6694,22
B0053,11,4,1.0504799933740894,1.1305863853936766,first_n_median,92.91461554335861,normal,,0,06696.csv,6696,24
B0053,12,4,1.0853550177054303,1.1305863853936766,first_n_median,95.99930016205737,normal,,0,06700.csv,6700,28
B0053,13,4,1.0508395690790722,1.1305863853936766,first_n_median,92.94641989812781,normal,,0,06702.csv,6702,30
B0053,14,4,1.060906788333118,1.1305863853936766,first_n_median,93.8368621840165,normal,,0,06704.csv,6704,32
B0053,15,4,1.070582461063814,1.1305863853936766,first_n_median,94.69267230659521,normal,,0,06706.csv,6706,34
B0053,16,4,1.024036665663697,1.1305863853936766,first_n_median,90.57571176280543,normal,,0,06708.csv,6708,36
B0053,17,4,1.0670957253433857,1.1305863853936766,first_n_median,94.38427166021613,normal,,0,06712.csv,6712,40
B0053,18,4,1.0279237850447498,1.1305863853936766,first_n_median,90.9195262144273,normal,,0,06714.csv,6714,42
B0053,19,4,1.0325426399701008,1.1305863853936766,first_n_median,91.3280624381978,normal,,0,06716.csv,6716,44
B0053,20,4,1.055948784653705,1.1305863853936766,first_n_median,93.39832836267684,normal,,0,06718.csv,6718,46
B0053,21,4,1.0445313831308718,1.1305863853936766,first_n_median,92.38846289194966,normal,,0,06720.csv,6720,48
B0053,22,4,1.035313906812183,1.1305863853936766,first_n_median,91.57318009376884,normal,,0,06724.csv,6724,52
B0053,23,4,1.076341053101982,1.1305863853936766,first_n_median,95.20201790924573,normal,,0,06728.csv,6728,56
B0053,24,4,1.0352223140423542,1.1305863853936766,first_n_median,91.56507874291127,normal,,0,06730.csv,6730,58
B0053,25,4,1.0514287056908256,1.1305863853936766,first_n_median,92.9985288408291,normal,,0,06732.csv,6732,60
B0053,26,4,1.060332934638968,1.1305863853936766,first_n_median,93.78610501043264,normal,,0,06734.csv,6734,62
B0053,27,4,1.0236966462748538,1.1305863853936766,first_n_median,90.54563715787157,normal,,0,06736.csv,6736,64
B0053,28,4,1.0465884668750889,1.1305863853936766,first_n_median,92.57041128358014,normal,,0,06740.csv,6740,68
B0053,29,4,1.0031121684812232,1.1305863853936766,first_n_median,88.72494675689322,normal,,0,06742.csv,6742,70
B0053,30,4,1.0461578935615607,1.1305863853936766,first_n_median,92.53232721330556,normal,,0,06744.csv,6744,72
B0053,31,4,1.0156263513525603,1.1305863853936766,first_n_median,89.83182218304472,normal,,0,06746.csv,6746,74
B0053,32,4,1.0250054893129452,1.1305863853936766,first_n_median,90.66140390112982,normal,,0,06748.csv,6748,76
B0053,33,4,0.9801331625592912,1.1305863853936766,first_n_median,86.69246111768835,normal,,0,06752.csv,6752,80
B0053,34,4,1.036777776420363,1.1305863853936766,first_n_median,91.70265888699439,normal,,0,06754.csv,6754,82
B0053,35,4,1.026830062058722,1.1305863853936766,first_n_median,90.82278677017449,normal,,0,06756.csv,6756,84
B0053,36,4,1.0150379662805102,1.1305863853936766,first_n_median,89.77977971378705,normal,,0,06758.csv,6758,86
B0053,37,4,0.9904614739486176,1.1305863853936766,first_n_median,87.60599691846929,normal,,0,06760.csv,6760,88
B0053,38,4,1.0145765174582757,1.1305863853936766,first_n_median,89.7389647147568,normal,,0,06764.csv,6764,92
B0053,39,4,0.9811308944080388,1.1305863853936766,first_n_median,86.78071017690554,normal,,0,06766.csv,6766,94
B0053,40,4,1.0041687429386437,1.1305863853936766,first_n_median,88.8184004258097,normal,,0,06768.csv,6768,96
B0053,41,4,1.007820487960787,1.1305863853936766,first_n_median,89.14139609153867,normal,,0,06770.csv,6770,98
B0053,42,4,0.982454133084564,1.1305863853936766,first_n_median,86.89775020972571,normal,,0,06772.csv,6772,100
B0053,43,4,1.1096775355538029,1.1305863853936766,first_n_median,98.15061899647826,normal,,0,06776.csv,6776,104
B0053,44,4,1.1136801589914762,1.1305863853936766,first_n_median,98.50464974453821,normal,,0,06780.csv,6780,108
B0053,45,4,1.0385009100572404,1.1305863853936766,first_n_median,91.85506949967636,normal,,0,06782.csv,6782,110
B0053,46,4,1.0768815902180078,1.1305863853936766,first_n_median,95.24982824227372,normal,,0,06784.csv,6784,112
B0053,47,4,1.0721705505837382,1.1305863853936766,first_n_median,94.83313831082464,normal,,0,06786.csv,6786,114
B0053,48,4,1.0124588999851116,1.1305863853936766,first_n_median,89.55166213438592,normal,,0,06788.csv,6788,116
B0053,49,4,1.0279944857549583,1.1305863853936766,first_n_median,90.92577966937084,normal,,0,06792.csv,6792,120
B0053,50,4,1.0304147279049998,1.1305863853936766,first_n_median,91.13984930450081,normal,,0,06794.csv,6794,122
B0053,51,4,1.0556163273995052,1.1305863853936766,first_n_median,93.36892262610553,normal,,0,06796.csv,6796,124
B0053,52,4,1.0011115418162628,1.1305863853936766,first_n_median,88.54799197565696,normal,,0,06798.csv,6798,126
B0053,53,4,1.0466839215498662,1.1305863853936766,first_n_median,92.57885421868095,normal,,0,06800.csv,6800,128
B0053,54,4,1.047181656018543,1.1305863853936766,first_n_median,92.6228786713992,normal,,0,06804.csv,6804,132
B0053,55,4,1.0102740078425778,1.1305863853936766,first_n_median,89.35840913127524,normal,,0,06806.csv,6806,134
B0054,1,4,0.7399351039859233,1.0960302257185877,first_n_median,67.5104651882024,normal,,1,06809.csv,6809,0
B0054,2,4,1.1665440238116096,1.0960302257185877,first_n_median,106.43356327575648,normal,,0,06813.csv,6813,4
B0054,3,4,1.1052521456138635,1.0960302257185877,first_n_median,100.84139284473015,normal,,0,06815.csv,6815,6
B0054,4,4,1.0960302257185877,1.0960302257185877,first_n_median,100.0,normal,,0,06817.csv,6817,8
B0054,5,4,1.0754450685609742,1.0960302257185877,first_n_median,98.12184402632535,normal,,0,06819.csv,6819,10
B0054,6,4,1.0655493528023796,1.0960302257185877,first_n_median,97.21897515223871,normal,,0,06821.csv,6821,12
B0054,7,4,1.0568368579972396,1.0960302257185877,first_n_median,96.42406141713366,normal,,0,06825.csv,6825,16
B0054,8,4,1.0449064445364842,1.0960302257185877,first_n_median,95.3355500621723,normal,,0,06827.csv,6827,18
B0054,9,4,1.0458363976936966,1.0960302257185877,first_n_median,95.4203974628544,normal,,0,06829.csv,6829,20
B0054,10,4,1.018187920878015,1.0960302257185877,first_n_median,92.89779578938736,normal,,0,06831.csv,6831,22
B0054,11,4,1.0226409233672231,1.0960302257185877,first_n_median,93.3040804323395,normal,,0,06833.csv,6833,24
B0054,12,4,1.03890961861509,1.0960302257185877,first_n_median,94.78840950156754,normal,,0,06837.csv,6837,28
B0054,13,4,1.0173250354350074,1.0960302257185877,first_n_median,92.8190675369396,normal,,0,06839.csv,6839,30
B0054,14,4,1.033183911994548,1.0960302257185877,first_n_median,94.26600542126145,normal,,0,06841.csv,6841,32
B0054,15,4,1.0095232119739597,1.0960302257185877,first_n_median,92.1072419615151,normal,,0,06843.csv,6843,34
B0054,16,4,0.9862483259626476,1.0960302257185877,first_n_median,89.98367953913278,normal,,0,06845.csv,6845,36
B0054,17,4,1.0080048320000436,1.0960302257185877,first_n_median,91.96870746326069,normal,,0,06849.csv,6849,40
B0054,18,4,1.0153387761254196,1.0960302257185877,first_n_median,92.6378444955508,normal,,0,06851.csv,6851,42
B0054,19,4,1.0106786853355956,1.0960302257185877,first_n_median,92.21266545573292,normal,,0,06853.csv,6853,44
B0054,20,4,1.010409656585336,1.0960302257185877,first_n_median,92.18811971384125,normal,,0,06855.csv,6855,46
B0054,21,4,0.9801433323963482,1.0960302257185877,first_n_median,89.42666994003193,normal,,0,06857.csv,6857,48
B0054,22,4,1.1016641723624383,1.0960302257185877,first_n_median,100.51403205054467,normal,,0,06861.csv,6861,52
B0054,23,4,1.0826512239001271,1.0960302257185877,first_n_median,98.77932181936964,normal,,0,06865.csv,6865,56
B0054,24,4,1.0575008387868343,1.0960302257185877,first_n_median,96.48464193526301,normal,,0,06867.csv,6867,58
B0054,25,4,1.0385517331615322,1.0960302257185877,first_n_median,94.75575661981667,normal,,0,06869.csv,6869,60
B0054,26,4,1.0073294901291132,1.0960302257185877,first_n_median,91.90709037870559,normal,,0,06871.csv,6871,62
B0054,27,4,1.0160400308540347,1.0960302257185877,first_n_median,92.70182582673674,normal,,0,06873.csv,6873,64
B0054,28,4,1.0158319636440951,1.0960302257185877,first_n_median,92.68284211578998,normal,,0,06877.csv,6877,68
B0054,29,4,1.0015383803216271,1.0960302257185877,first_n_median,91.37871901890215,normal,,0,06879.csv,6879,70
B0054,30,4,0.981248861591824,1.0960302257185877,first_n_median,89.5275366104516,normal,,0,06881.csv,6881,72
B0054,31,4,0.9987416030110134,1.0960302257185877,first_n_median,91.1235456445748,normal,,0,06883.csv,6883,74
B0054,32,4,0.9584014230949642,1.0960302257185877,first_n_median,87.44297379815504,normal,,0,06885.csv,6885,76
B0054,33,4,0.9800846133894624,1.0960302257185877,first_n_median,89.42131251415917,normal,,0,06889.csv,6889,80
B0054,34,4,0.9720372198962766,1.0960302257185877,first_n_median,88.68708153180557,normal,,0,06891.csv,6891,82
B0054,35,4,0.9693202807518412,1.0960302257185877,first_n_median,88.43919246080354,normal,,0,06893.csv,6893,84
B0054,36,4,0.9479786388506264,1.0960302257185877,first_n_median,86.49201605996818,normal,,0,06895.csv,6895,86
B0054,37,4,0.9638519569071228,1.0960302257185877,first_n_median,87.9402715627842,normal,,0,06897.csv,6897,88
B0054,38,4,0.9682336695484696,1.0960302257185877,first_n_median,88.34005183695265,normal,,0,06901.csv,6901,92
B0054,39,4,0.9407020864603765,1.0960302257185877,first_n_median,85.82811535545257,normal,,0,06903.csv,6903,94
B0054,40,4,0.9618442077038964,1.0960302257185877,first_n_median,87.75708781874924,normal,,0,06905.csv,6905,96
B0054,41,4,0.9332340144199704,1.0960302257185877,first_n_median,85.1467407122022,normal,,0,06907.csv,6907,98
B0054,42,4,0.9313454737145216,1.0960302257185877,first_n_median,84.97443335596934,normal,,0,06909.csv,6909,100
B0054,43,4,0.9976429099116704,1.0960302257185877,first_n_median,91.02330268835316,normal,,0,06913.csv,6913,104
B0054,44,4,0.9833315262972036,1.0960302257185877,first_n_median,89.71755552202077,normal,,0,06917.csv,6917,108
B0054,45,4,0.9904370062777442,1.0960302257185877,first_n_median,90.36584786048088,normal,,0,06919.csv,6919,110
B0054,46,4,0.9499871340436294,1.0960302257185877,first_n_median,86.67526786688676,normal,,0,06921.csv,6921,112
B0054,47,4,0.9526027840900876,1.0960302257185877,first_n_median,86.91391548673167,normal,,0,06923.csv,6923,114
B0054,48,4,0.8850175175465715,1.0960302257185877,first_n_median,80.74754662594543,normal,,0,06925.csv,6925,116
B0054,49,4,0.9937402750241768,1.0960302257185877,first_n_median,90.66723268262545,normal,,0,06929.csv,6929,120
B0054,50,4,0.995507330519279,1.0960302257185877,first_n_median,90.82845592753584,normal,,0,06931.csv,6931,122
B0054,51,4,0.975407870968116,1.0960302257185877,first_n_median,88.9946142067945,normal,,0,06933.csv,6933,124
B0054,52,4,0.965960558373922,1.0960302257185877,first_n_median,88.13265690192182,normal,,0,06935.csv,6935,126
B0054,53,4,0.9573702621688754,1.0960302257185877,first_n_median,87.34889236664957,normal,,0,06937.csv,6937,128
B0054,54,4,0.9294756591964932,1.0960302257185877,first_n_median,84.80383454636056,normal,,0,06941.csv,6941,132
B0054,55,4,0.9323553879823946,1.0960302257185877,first_n_median,85.06657627722964,normal,,0,06943.csv,6943,134
B0054,56,4,0.954568378404969,1.0960302257185877,first_n_median,87.0932530878998,normal,,0,06945.csv,6945,136
B0054,57,4,0.9330242104372936,1.0960302257185877,first_n_median,85.12759854095968,normal,,0,06947.csv,6947,138
B0054,58,4,0.923294184000959,1.0960302257185877,first_n_median,84.23984688885946,normal,,0,06949.csv,6949,140
B0054,59,4,0.9257799164262976,1.0960302257185877,first_n_median,84.46664103805446,normal,,0,06953.csv,6953,144
B0054,60,4,0.9162765793280084,1.0960302257185877,first_n_median,83.5995721493239,normal,,0,06955.csv,6955,146
B0054,61,4,0.9387011679112468,1.0960302257185877,first_n_median,85.64555482909319,normal,,0,06957.csv,6957,148
B0054,62,4,0.9158990586877171,1.0960302257185877,first_n_median,83.56512778534264,normal,,0,06959.csv,6959,150
B0054,63,4,0.9202608990433788,1.0960302257185877,first_n_median,83.96309494476125,normal,,0,06961.csv,6961,152
B0054,64,4,0.9111253917360888,1.0960302257185877,first_n_median,83.12958624281825,normal,,0,06965.csv,6965,156
B0054,65,4,0.8980507043695345,1.0960302257185877,first_n_median,81.93667321361943,normal,,0,06967.csv,6967,158
B0054,66,4,0.9278864624016372,1.0960302257185877,first_n_median,84.65883883752286,normal,,0,06969.csv,6969,160
B0054,67,4,0.9118415396987224,1.0960302257185877,first_n_median,83.194926408247,normal,,0,06971.csv,6971,162
B0054,68,4,0.8936491649329469,1.0960302257185877,first_n_median,81.53508397517466,normal,,0,06973.csv,6973,164
B0054,69,4,0.9100864492604256,1.0960302257185877,first_n_median,83.0347948354935,normal,,0,06977.csv,6977,168
B0054,70,4,0.911490473146094,1.0960302257185877,first_n_median,83.16289567183202,normal,,0,06981.csv,6981,172
B0054,71,4,0.9337172811638196,1.0960302257185877,first_n_median,85.19083317721906,normal,,0,06983.csv,6983,174
B0054,72,4,0.8981517756068776,1.0960302257185877,first_n_median,81.94589478752967,normal,,0,06985.csv,6985,176
B0054,73,4,0.9139367135371254,1.0960302257185877,first_n_median,83.38608663259475,normal,,0,06987.csv,6987,178
B0054,74,4,0.8764848617154279,1.0960302257185877,first_n_median,79.96904110384185,normal,,1,06989.csv,6989,180
B0054,75,4,0.8854917958581964,1.0960302257185877,first_n_median,80.79081900114967,normal,,0,06993.csv,6993,184
B0054,76,4,0.8819074622846708,1.0960302257185877,first_n_median,80.46379028520568,normal,,0,06995.csv,6995,186
B0054,77,4,0.9045809105944796,1.0960302257185877,first_n_median,82.53247851822803,normal,,0,06997.csv,6997,188
B0054,78,4,0.8734606349455996,1.0960302257185877,first_n_median,79.69311561393616,normal,,1,06999.csv,6999,190
B0054,79,4,0.903131190986828,1.0960302257185877,first_n_median,82.40020847916948,normal,,0,07001.csv,7001,192
B0054,80,4,0.8712217754060124,1.0960302257185877,first_n_median,79.48884574189688,normal,,1,07005.csv,7005,196
B0054,81,4,0.8936499043476617,1.0960302257185877,first_n_median,81.5351514381604,normal,,0,07007.csv,7007,198
B0054,82,4,0.8835064014687892,1.0960302257185877,first_n_median,80.60967487365944,normal,,0,07009.csv,7009,200
B0054,83,4,0.8779403705367915,1.0960302257185877,first_n_median,80.10183934126357,normal,,0,07011.csv,7011,202
B0054,84,4,0.8599389109365094,1.0960302257185877,first_n_median,78.45941569473686,normal,,1,07013.csv,7013,204
B0054,85,4,0.8697358119609565,1.0960302257185877,first_n_median,79.35326887456354,normal,,1,07017.csv,7017,208
B0054,86,4,0.8638271814812677,1.0960302257185877,first_n_median,78.81417512139491,normal,,1,07019.csv,7019,210
B0054,87,4,0.8865694537789144,1.0960302257185877,first_n_median,80.88914274217711,normal,,0,07021.csv,7021,212
B0054,88,4,0.8690078572313327,1.0960302257185877,first_n_median,79.286851479081,normal,,1,07023.csv,7023,214
B0054,89,4,0.8474446088377652,1.0960302257185877,first_n_median,77.31945606537968,normal,,1,07025.csv,7025,216
B0054,90,4,0.8799727721580702,1.0960302257185877,first_n_median,80.28727233148481,normal,,0,07029.csv,7029,220
B0054,91,4,0.9110444582768508,1.0960302257185877,first_n_median,83.12220200675075,normal,,0,07033.csv,7033,224
B0054,92,4,0.912172429335506,1.0960302257185877,first_n_median,83.22511623595604,normal,,0,07035.csv,7035,226
B0054,93,4,0.8872043975884799,1.0960302257185877,first_n_median,80.94707397387734,normal,,0,07037.csv,7037,228
B0054,94,4,0.8961236767959215,1.0960302257185877,first_n_median,81.76085437866443,normal,,0,07039.csv,7039,230
B0054,95,4,0.8851334001128452,1.0960302257185877,first_n_median,80.7581195612126,normal,,0,07041.csv,7041,232
B0054,96,4,0.8793386645436118,1.0960302257185877,first_n_median,80.22941739285457,normal,,0,07045.csv,7045,236
B0054,97,4,0.8461224238450626,1.0960302257185877,first_n_median,77.19882207539682,normal,,1,07047.csv,7047,238
B0054,98,4,0.8705933152969343,1.0960302257185877,first_n_median,79.43150607239406,normal,,1,07049.csv,7049,240
B0054,99,4,0.8440520909609104,1.0960302257185877,first_n_median,77.00992829896882,normal,,1,07051.csv,7051,242
B0054,100,4,0.8536244678403578,1.0960302257185877,first_n_median,77.8832962640878,normal,,1,07053.csv,7053,244
B0054,101,4,0.8524519337958137,1.0960302257185877,first_n_median,77.77631618114572,normal,,1,07057.csv,7057,248
B0054,102,4,0.8373919001793014,1.0960302257185877,first_n_median,76.40226341662103,normal,,1,07059.csv,7059,250
B0055,1,4,0.7989997927037011,1.2572591312230863,first_n_median,63.55092382000984,normal,,1,07314.csv,7314,0
B0055,2,4,1.319892156462878,1.2572591312230863,first_n_median,104.98171170002648,normal,,0,07318.csv,7318,4
B0055,3,4,1.2769832801132015,1.2572591312230863,first_n_median,101.56882128753577,normal,,0,07320.csv,7320,6
B0055,4,4,1.2572591312230863,1.2572591312230863,first_n_median,100.0,normal,,0,07322.csv,7322,8
B0055,5,4,1.206763751299412,1.2572591312230863,first_n_median,95.9836935227067,normal,,0,07324.csv,7324,10
B0055,6,4,1.2077322536103197,1.2572591312230863,first_n_median,96.06072635443212,normal,,0,07326.csv,7326,12
B0055,7,4,1.2009614290093835,1.2572591312230863,first_n_median,95.52218784373152,normal,,0,07330.csv,7330,16
B0055,8,4,1.189059086549973,1.2572591312230863,first_n_median,94.57549816267654,normal,,0,07332.csv,7332,18
B0055,9,4,1.169708782604433,1.2572591312230863,first_n_median,93.03641179098197,normal,,0,07334.csv,7334,20
B0055,10,4,1.1483647194613424,1.2572591312230863,first_n_median,91.33874560482936,normal,,0,07336.csv,7336,22
B0055,11,4,1.1527726060972296,1.2572591312230863,first_n_median,91.68934052408034,normal,,0,07338.csv,7338,24
B0055,12,4,1.1318370471727228,1.2572591312230863,first_n_median,90.02416598650188,normal,,0,07342.csv,7342,28
B0055,13,4,1.1326525803383347,1.2572591312230863,first_n_median,90.08903194335667,normal,,0,07344.csv,7344,30
B0055,14,4,1.1160565716574584,1.2572591312230863,first_n_median,88.76901697836442,normal,,0,07346.csv,7346,32
B0055,15,4,1.0984641825068853,1.2572591312230863,first_n_median,87.36975180592069,normal,,0,07348.csv,7348,34
B0055,16,4,1.092569410309668,1.2572591312230863,first_n_median,86.90089283716675,normal,,0,07350.csv,7350,36
B0055,17,4,1.109167680712031,1.2572591312230863,first_n_median,88.22108769518428,normal,,0,07354.csv,7354,40
B0055,18,4,1.107503502890571,1.2572591312230863,first_n_median,88.08872215651917,normal,,0,07356.csv,7356,42
B0055,19,4,1.106751675424531,1.2572591312230863,first_n_median,88.02892322984056,normal,,0,07358.csv,7358,44
B0055,20,4,1.0726694124582823,1.2572591312230863,first_n_median,85.31808485771492,normal,,0,07360.csv,7360,46
B0055,21,4,1.0776844021506693,1.2572591312230863,first_n_median,85.71696759937443,normal,,0,07362.csv,7362,48
B0055,22,4,1.1981714734535909,1.2572591312230863,first_n_median,95.30028008529843,normal,,0,07366.csv,7366,52
B0055,23,4,1.162538155268093,1.2572591312230863,first_n_median,92.46607373112916,normal,,0,07370.csv,7370,56
B0055,24,4,1.1556827465844224,1.2572591312230863,first_n_median,91.92080756336615,normal,,0,07372.csv,7372,58
B0055,25,4,1.137444098422356,1.2572591312230863,first_n_median,90.47014017832808,normal,,0,07374.csv,7374,60
B0055,26,4,1.1126375352125493,1.2572591312230863,first_n_median,88.49707332251813,normal,,0,07376.csv,7376,62
B0055,27,4,1.098656067845981,1.2572591312230863,first_n_median,87.38501400082788,normal,,0,07378.csv,7378,64
B0055,28,4,1.098530275888464,1.2572591312230863,first_n_median,87.37500874778236,normal,,0,07382.csv,7382,68
B0055,29,4,1.1029370400968537,1.2572591312230863,first_n_median,87.72551439128503,normal,,0,07384.csv,7384,70
B0055,30,4,1.0949644922735318,1.2572591312230863,first_n_median,87.09139310114446,normal,,0,07386.csv,7386,72
B0055,31,4,1.0890679714830998,1.2572591312230863,first_n_median,86.62239505261203,normal,,0,07388.csv,7388,74
B0055,32,4,1.073323391636053,1.2572591312230863,first_n_median,85.3701011176513,normal,,0,07390.csv,7390,76
B0055,33,4,1.095373856745309,1.2572591312230863,first_n_median,87.12395317262146,normal,,0,07394.csv,7394,80
B0055,34,4,1.0639517466243125,1.2572591312230863,first_n_median,84.62469829821633,normal,,0,07396.csv,7396,82
B0055,35,4,1.085798072407703,1.2572591312230863,first_n_median,86.36231349947862,normal,,0,07398.csv,7398,84
B0055,36,4,1.0588748965507555,1.2572591312230863,first_n_median,84.22089529949656,normal,,0,07400.csv,7400,86
B0055,37,4,1.0813260035191288,1.2572591312230863,first_n_median,86.00661364592307,normal,,0,07402.csv,7402,88
B0055,38,4,1.061601862588323,1.2572591312230863,first_n_median,84.43779299145562,normal,,0,07406.csv,7406,92
B0055,39,4,1.0593920670581127,1.2572591312230863,first_n_median,84.26203005799731,normal,,0,07408.csv,7408,94
B0055,40,4,1.0742513141424723,1.2572591312230863,first_n_median,85.44390630891021,normal,,0,07410.csv,7410,96
B0055,41,4,1.04056147341315,1.2572591312230863,first_n_median,82.76428045512554,normal,,0,07412.csv,7412,98
B0055,42,4,1.0575656535324895,1.2572591312230863,first_n_median,84.11676059999414,normal,,0,07414.csv,7414,100
B0055,43,4,1.0983528970914622,1.2572591312230863,first_n_median,87.36090037564198,normal,,0,07418.csv,7418,104
B0055,44,4,1.109758993739737,1.2572591312230863,first_n_median,88.26811960873505,normal,,0,07422.csv,7422,108
B0055,45,4,1.0793315779206871,1.2572591312230863,first_n_median,85.84798082720563,normal,,0,07424.csv,7424,110
B0055,46,4,1.0716159094756148,1.2572591312230863,first_n_median,85.23429123422837,normal,,0,07426.csv,7426,112
B0055,47,4,1.0746464211019795,1.2572591312230863,first_n_median,85.47533236497891,normal,,0,07428.csv,7428,114
B0055,48,4,1.08643683065179,1.2572591312230863,first_n_median,86.41311911529988,normal,,0,07430.csv,7430,116
B0055,49,4,1.1340138347387958,1.2572591312230863,first_n_median,90.19730352927363,normal,,0,07434.csv,7434,120
B0055,50,4,1.1176964717951587,1.2572591312230863,first_n_median,88.89945151623928,normal,,0,07436.csv,7436,122
B0055,51,4,1.1046468529644289,1.2572591312230863,first_n_median,87.86150965472065,normal,,0,07438.csv,7438,124
B0055,52,4,1.089700148407426,1.2572591312230863,first_n_median,86.67267720277715,normal,,0,07440.csv,7440,126
B0055,53,4,1.075533547538172,1.2572591312230863,first_n_median,85.54589271440581,normal,,0,07442.csv,7442,128
B0055,54,4,1.0609866776144368,1.2572591312230863,first_n_median,84.38886234870994,normal,,0,07446.csv,7446,132
B0055,55,4,1.0518218041615568,1.2572591312230863,first_n_median,83.65990574578878,normal,,0,07448.csv,7448,134
B0055,56,4,1.0553857898132757,1.2572591312230863,first_n_median,83.94337838585238,normal,,0,07450.csv,7450,136
B0055,57,4,1.0533102333691788,1.2572591312230863,first_n_median,83.77829257398179,normal,,0,07452.csv,7452,138
B0055,58,4,1.0315365260084348,1.2572591312230863,first_n_median,82.0464533039371,normal,,0,07454.csv,7454,140
B0055,59,4,1.0533401053259417,1.2572591312230863,first_n_median,83.78066853260646,normal,,0,07458.csv,7458,144
B0055,60,4,1.0317876798810788,1.2572591312230863,first_n_median,82.06642960527442,normal,,0,07460.csv,7460,146
B0055,61,4,1.0354207912157296,1.2572591312230863,first_n_median,82.35540037068189,normal,,0,07462.csv,7462,148
B0055,62,4,1.0322251791310608,1.2572591312230863,first_n_median,82.10122746349768,normal,,0,07464.csv,7464,150
B0055,63,4,1.011543397303472,1.2572591312230863,first_n_median,80.45623787352594,normal,,0,07466.csv,7466,152
B0055,64,4,1.0413760568150228,1.2572591312230863,first_n_median,82.82907086957894,normal,,0,07470.csv,7470,156
B0055,65,4,1.02174193386881,1.2572591312230863,first_n_median,81.2674100743925,normal,,0,07472.csv,7472,158
B0055,66,4,1.0133135547969283,1.2572591312230863,first_n_median,80.59703283372912,normal,,0,07474.csv,7474,160
B0055,67,4,1.029994255962691,1.2572591312230863,first_n_median,81.92378407788475,normal,,0,07476.csv,7476,162
B0055,68,4,1.0189349807814327,1.2572591312230863,first_n_median,81.04415036462633,normal,,0,07478.csv,7478,164
B0055,69,4,1.0290879520854015,1.2572591312230863,first_n_median,81.85169839126836,normal,,0,07482.csv,7482,168
B0055,70,4,1.0567629241900045,1.2572591312230863,first_n_median,84.05291303487809,normal,,0,07486.csv,7486,172
B0055,71,4,1.0291668536316647,1.2572591312230863,first_n_median,81.85797407018799,normal,,0,07488.csv,7488,174
B0055,72,4,1.032129844490102,1.2572591312230863,first_n_median,82.09364472748159,normal,,0,07490.csv,7490,176
B0055,73,4,1.0409230283951276,1.2572591312230863,first_n_median,82.79303785071717,normal,,0,07492.csv,7492,178
B0055,74,4,1.011161098766987,1.2572591312230863,first_n_median,80.42583057506289,normal,,0,07494.csv,7494,180
B0055,75,4,1.0337876112911784,1.2572591312230863,first_n_median,82.22550034577911,normal,,0,07498.csv,7498,184
B0055,76,4,1.003994224020383,1.2572591312230863,first_n_median,79.85579098906028,normal,,1,07500.csv,7500,186
B0055,77,4,1.0334195479955004,1.2572591312230863,first_n_median,82.19622529129454,normal,,0,07502.csv,7502,188
B0055,78,4,1.009893656411646,1.2572591312230863,first_n_median,80.32502062078497,normal,,0,07504.csv,7504,190
B0055,79,4,1.0126262447940628,1.2572591312230863,first_n_median,80.54236550335969,normal,,0,07506.csv,7506,192
B0055,80,4,0.9948742055727694,1.2572591312230863,first_n_median,79.13040206794413,normal,,1,07510.csv,7510,196
B0055,81,4,1.0240799556179332,1.2572591312230863,first_n_median,81.45337187741784,normal,,0,07512.csv,7512,198
B0055,82,4,1.0208889510043029,1.2572591312230863,first_n_median,81.19956543971664,normal,,0,07514.csv,7514,200
B0055,83,4,1.016100815944114,1.2572591312230863,first_n_median,80.81872628402638,normal,,0,07516.csv,7516,202
B0055,84,4,0.9987875345106276,1.2572591312230863,first_n_median,79.44166080853894,normal,,1,07518.csv,7518,204
B0055,85,4,1.0158868294923784,1.2572591312230863,first_n_median,80.80170620865596,normal,,0,07522.csv,7522,208
B0055,86,4,0.9963437517762594,1.2572591312230863,first_n_median,79.24728697790381,normal,,1,07524.csv,7524,210
B0055,87,4,1.0053777381419529,1.2572591312230863,first_n_median,79.96583307085642,normal,,1,07526.csv,7526,212
B0055,88,4,1.009132291002791,1.2572591312230863,first_n_median,80.26446306427596,normal,,0,07528.csv,7528,214
B0055,89,4,0.9984581240784204,1.2572591312230863,first_n_median,79.41546012929736,normal,,1,07530.csv,7530,216
B0055,90,4,1.0892389324114138,1.2572591312230863,first_n_median,86.63599295968373,normal,,0,07534.csv,7534,220
B0055,91,4,1.0793936031703524,1.2572591312230863,first_n_median,85.85291419759244,normal,,0,07538.csv,7538,224
B0055,92,4,1.032614295314224,1.2572591312230863,first_n_median,82.13217702461041,normal,,0,07540.csv,7540,226
B0055,93,4,1.0498572649026638,1.2572591312230863,first_n_median,83.50365002967544,normal,,0,07542.csv,7542,228
B0055,94,4,1.0453902697248565,1.2572591312230863,first_n_median,83.14835372942413,normal,,0,07544.csv,7544,230
B0055,95,4,1.0001607736713514,1.2572591312230863,first_n_median,79.55088563949226,normal,,1,07546.csv,7546,232
B0055,96,4,1.0084094786878155,1.2572591312230863,first_n_median,80.20697194752644,normal,,0,07550.csv,7550,236
B0055,97,4,1.003655158082039,1.2572591312230863,first_n_median,79.82882232922529,normal,,1,07552.csv,7552,238
B0055,98,4,1.028526967659532,1.2572591312230863,first_n_median,81.8070787570229,normal,,0,07554.csv,7554,240
B0055,99,4,0.9816844358987022,1.2572591312230863,first_n_median,78.0813128749123,normal,,1,07556.csv,7556,242
B0055,100,4,1.0127121434171131,1.2572591312230863,first_n_median,80.54919771645858,normal,,0,07558.csv,7558,244
B0055,101,4,1.0201379996149256,1.2572591312230863,first_n_median,81.13983619450951,normal,,0,07562.csv,7562,248
B0055,102,4,0.9907591663373164,1.2572591312230863,first_n_median,78.8030996739301,normal,,1,07564.csv,7564,250
B0056,1,4,0.7852781208785192,1.2973654679476911,first_n_median,60.528674477574505,normal,,1,07062.csv,7062,0
B0056,2,4,1.3443555553017368,1.2973654679476911,first_n_median,103.62196223924316,normal,,0,07066.csv,7066,4
B0056,3,4,1.317502710734752,1.2973654679476911,first_n_median,101.5521642347176,normal,,0,07068.csv,7068,6
B0056,4,4,1.2973654679476911,1.2973654679476911,first_n_median,100.0,normal,,0,07070.csv,7070,8
B0056,5,4,1.263960414854898,1.2973654679476911,first_n_median,97.42516246053344,normal,,0,07072.csv,7072,10
B0056,6,4,1.2589496187032136,1.2973654679476911,first_n_median,97.0389338861279,normal,,0,07074.csv,7074,12
B0056,7,4,1.28061976902026,1.2973654679476911,first_n_median,98.70925353409312,normal,,0,07078.csv,7078,16
B0056,8,4,1.2572786868607095,1.2973654679476911,first_n_median,96.91013965784097,normal,,0,07080.csv,7080,18
B0056,9,4,1.2226260041048898,1.2973654679476911,first_n_median,94.23913571855492,normal,,0,07082.csv,7082,20
B0056,10,4,1.2292772249257495,1.2973654679476911,first_n_median,94.75180705020223,normal,,0,07084.csv,7084,22
B0056,11,4,1.2275780135689456,1.2973654679476911,first_n_median,94.62083305723077,normal,,0,07086.csv,7086,24
B0056,12,4,1.2133872888296768,1.2973654679476911,first_n_median,93.527022169716,normal,,0,07090.csv,7090,28
B0056,13,4,1.230223614493081,1.2973654679476911,first_n_median,94.82475407944824,normal,,0,07092.csv,7092,30
B0056,14,4,1.1927530108462678,1.2973654679476911,first_n_median,91.93654681846047,normal,,0,07094.csv,7094,32
B0056,15,4,1.18671066359878,1.2973654679476911,first_n_median,91.47080702525892,normal,,0,07096.csv,7096,34
B0056,16,4,1.1914875140242167,1.2973654679476911,first_n_median,91.83900323083492,normal,,0,07098.csv,7098,36
B0056,17,4,1.214178606017816,1.2973654679476911,first_n_median,93.58801633116774,normal,,0,07102.csv,7102,40
B0056,18,4,1.2094387558721402,1.2973654679476911,first_n_median,93.22267208062485,normal,,0,07104.csv,7104,42
B0056,19,4,1.207072299940321,1.2973654679476911,first_n_median,93.04026735425559,normal,,0,07106.csv,7106,44
B0056,20,4,1.162961249391913,1.2973654679476911,first_n_median,89.64021920759208,normal,,0,07108.csv,7108,46
B0056,21,4,1.17887968705904,1.2973654679476911,first_n_median,90.86720096873825,normal,,0,07110.csv,7110,48
B0056,22,4,1.2945104146044433,1.2973654679476911,first_n_median,99.77993453550414,normal,,0,07114.csv,7114,52
B0056,23,4,1.2602567563003473,1.2973654679476911,first_n_median,97.13968711483848,normal,,0,07118.csv,7118,56
B0056,24,4,1.2408721291565108,1.2973654679476911,first_n_median,95.64553395424133,normal,,0,07120.csv,7120,58
B0056,25,4,1.252197340273113,1.2973654679476911,first_n_median,96.51847310642314,normal,,0,07122.csv,7122,60
B0056,26,4,1.2279025700477384,1.2973654679476911,first_n_median,94.64584963789451,normal,,0,07124.csv,7124,62
B0056,27,4,1.1917170308946994,1.2973654679476911,first_n_median,91.8566942266378,normal,,0,07126.csv,7126,64
B0056,28,4,1.1858570240011006,1.2973654679476911,first_n_median,91.40500909716779,normal,,0,07130.csv,7130,68
B0056,29,4,1.1840938286611429,1.2973654679476911,first_n_median,91.26910326465423,normal,,0,07132.csv,7132,70
B0056,30,4,1.2059829135917657,1.2973654679476911,first_n_median,92.95629823564798,normal,,0,07134.csv,7134,72
B0056,31,4,1.165428493679393,1.2973654679476911,first_n_median,89.83039262814589,normal,,0,07136.csv,7136,74
B0056,32,4,1.1790060613193858,1.2973654679476911,first_n_median,90.87694180610968,normal,,0,07138.csv,7138,76
B0056,33,4,1.2013113747183153,1.2973654679476911,first_n_median,92.59621936898596,normal,,0,07142.csv,7142,80
B0056,34,4,1.165597803317432,1.2973654679476911,first_n_median,89.84344289364329,normal,,0,07144.csv,7144,82
B0056,35,4,1.180303335055002,1.2973654679476911,first_n_median,90.97693473544734,normal,,0,07146.csv,7146,84
B0056,36,4,1.1658134189695046,1.2973654679476911,first_n_median,89.86006239349894,normal,,0,07148.csv,7148,86
B0056,37,4,1.176396051577376,1.2973654679476911,first_n_median,90.67576412668996,normal,,0,07150.csv,7150,88
B0056,38,4,1.1458325512940766,1.2973654679476911,first_n_median,88.31995144025798,normal,,0,07154.csv,7154,92
B0056,39,4,1.167557759980296,1.2973654679476911,first_n_median,89.99451494783975,normal,,0,07156.csv,7156,94
B0056,40,4,1.145636654711916,1.2973654679476911,first_n_median,88.3048518721717,normal,,0,07158.csv,7158,96
B0056,41,4,1.1443667002824445,1.2973654679476911,first_n_median,88.2069646953625,normal,,0,07160.csv,7160,98
B0056,42,4,1.1605177686388095,1.2973654679476911,first_n_median,89.45187746322848,normal,,0,07162.csv,7162,100
B0056,43,4,1.227201304260248,1.2973654679476911,first_n_median,94.59179657383389,normal,,0,07166.csv,7166,104
B0056,44,4,1.2454797202045476,1.2973654679476911,first_n_median,96.00068376837393,normal,,0,07170.csv,7170,108
B0056,45,4,1.1722288849037228,1.2973654679476911,first_n_median,90.35456190753077,normal,,0,07172.csv,7172,110
B0056,46,4,1.1953514999944956,1.2973654679476911,first_n_median,92.13683649877224,normal,,0,07174.csv,7174,112
B0056,47,4,1.1919514716203925,1.2973654679476911,first_n_median,91.8747647496697,normal,,0,07176.csv,7176,114
B0056,48,4,1.2296223665252586,1.2973654679476911,first_n_median,94.77841031721033,normal,,0,07178.csv,7178,116
B0056,49,4,1.2774519419396988,1.2973654679476911,first_n_median,98.46507969419798,normal,,0,07182.csv,7182,120
B0056,50,4,1.2433879751668584,1.2973654679476911,first_n_median,95.83945356074415,normal,,0,07184.csv,7184,122
B0056,51,4,1.230802542912592,1.2973654679476911,first_n_median,94.86937746690643,normal,,0,07186.csv,7186,124
B0056,52,4,1.2162358534094664,1.2973654679476911,first_n_median,93.74658748497721,normal,,0,07188.csv,7188,126
B0056,53,4,1.2088335726499548,1.2973654679476911,first_n_median,93.1760249918024,normal,,0,07190.csv,7190,128
B0056,54,4,1.1946181162240357,1.2973654679476911,first_n_median,92.08030780361435,normal,,0,07194.csv,7194,132
B0056,55,4,1.1734248134794991,1.2973654679476911,first_n_median,90.44674322461701,normal,,0,07196.csv,7196,134
B0056,56,4,1.1404596305913128,1.2973654679476911,first_n_median,87.90581056511482,normal,,0,07198.csv,7198,136
B0056,57,4,1.1821716406845988,1.2973654679476911,first_n_median,91.12094239371747,normal,,0,07200.csv,7200,138
B0056,58,4,1.1480663382055174,1.2973654679476911,first_n_median,88.49213013366614,normal,,0,07202.csv,7202,140
B0056,59,4,1.1825381935034152,1.2973654679476911,first_n_median,91.14919602215697,normal,,0,07206.csv,7206,144
B0056,60,4,1.15520928628466,1.2973654679476911,first_n_median,89.0427034497913,normal,,0,07208.csv,7208,146
B0056,61,4,1.1216816712671696,1.2973654679476911,first_n_median,86.4584189250515,normal,,0,07210.csv,7210,148
B0056,62,4,1.162666262561457,1.2973654679476911,first_n_median,89.61748183421935,normal,,0,07212.csv,7212,150
B0056,63,4,1.124695615744926,1.2973654679476911,first_n_median,86.69073160426318,normal,,0,07214.csv,7214,152
B0056,64,4,1.1664177948797931,1.2973654679476911,first_n_median,89.90664725529925,normal,,0,07218.csv,7218,156
B0056,65,4,1.1346745156379463,1.2973654679476911,first_n_median,87.45989805269701,normal,,0,07220.csv,7220,158
B0056,66,4,1.1012231317092755,1.2973654679476911,first_n_median,84.88148936562231,normal,,0,07222.csv,7222,160
B0056,67,4,1.1560733948472832,1.2973654679476911,first_n_median,89.1093083181936,normal,,0,07224.csv,7224,162
B0056,68,4,1.1385609898764002,1.2973654679476911,first_n_median,87.75946470022016,normal,,0,07226.csv,7226,164
B0056,69,4,1.1757265448773706,1.2973654679476911,first_n_median,90.62415903031999,normal,,0,07230.csv,7230,168
B0056,70,4,1.1969385632452556,1.2973654679476911,first_n_median,92.25916619614507,normal,,0,07234.csv,7234,172
B0056,71,4,1.1267457988726266,1.2973654679476911,first_n_median,86.84875824967281,normal,,0,07236.csv,7236,174
B0056,72,4,1.1601031368559531,1.2973654679476911,first_n_median,89.41991794271556,normal,,0,07238.csv,7238,176
B0056,73,4,1.1361458729690277,1.2973654679476911,first_n_median,87.57330922074738,normal,,0,07240.csv,7240,178
B0056,74,4,1.1397253894261876,1.2973654679476911,first_n_median,87.84921578259092,normal,,0,07242.csv,7242,180
B0056,75,4,1.1560010024767575,1.2973654679476911,first_n_median,89.10372836618207,normal,,0,07246.csv,7246,184
B0056,76,4,1.126818619026835,1.2973654679476911,first_n_median,86.85437117494385,normal,,0,07248.csv,7248,186
B0056,77,4,1.116688355680394,1.2973654679476911,first_n_median,86.07353774005476,normal,,0,07250.csv,7250,188
B0056,78,4,1.1330613197666846,1.2973654679476911,first_n_median,87.33555407167418,normal,,0,07252.csv,7252,190
B0056,79,4,1.0893839897995972,1.2973654679476911,first_n_median,83.96893679642167,normal,,0,07254.csv,7254,192
B0056,80,4,1.112083645925937,1.2973654679476911,first_n_median,85.71861001396528,normal,,0,07258.csv,7258,196
B0056,81,4,1.1279950254648337,1.2973654679476911,first_n_median,86.94504773964844,normal,,0,07260.csv,7260,198
B0056,82,4,1.1386774565024178,1.2973654679476911,first_n_median,87.7684418642418,normal,,0,07262.csv,7262,200
B0056,83,4,1.1271136962200643,1.2973654679476911,first_n_median,86.87711551341435,normal,,0,07264.csv,7264,202
B0056,84,4,1.110150886965375,1.2973654679476911,first_n_median,85.56963433916027,normal,,0,07266.csv,7266,204
B0056,85,4,1.1344632260422465,1.2973654679476911,first_n_median,87.44361200216463,normal,,0,07270.csv,7270,208
B0056,86,4,1.108458756302863,1.2973654679476911,first_n_median,85.43920612102767,normal,,0,07272.csv,7272,210
B0056,87,4,1.0768220870214844,1.2973654679476911,first_n_median,83.0006743377342,normal,,0,07274.csv,7274,212
B0056,88,4,1.128398212919817,1.2973654679476911,first_n_median,86.97612513957502,normal,,0,07276.csv,7276,214
B0056,89,4,1.1066350346531368,1.2973654679476911,first_n_median,85.29863496395724,normal,,0,07278.csv,7278,216
B0056,90,4,1.271609072217319,1.2973654679476911,first_n_median,98.01471548559742,normal,,0,07282.csv,7282,220
B0056,91,4,1.2415767175377967,1.2973654679476911,first_n_median,95.69984312144928,normal,,0,07286.csv,7286,224
B0056,92,4,1.174652904422814,1.2973654679476911,first_n_median,90.54140359393126,normal,,0,07288.csv,7288,226
B0056,93,4,1.1989389885187762,1.2973654679476911,first_n_median,92.41335754183312,normal,,0,07290.csv,7290,228
B0056,94,4,1.1461398965188565,1.2973654679476911,first_n_median,88.34364138980366,normal,,0,07292.csv,7292,230
B0056,95,4,1.129224378671885,1.2973654679476911,first_n_median,87.03980540334642,normal,,0,07294.csv,7294,232
B0056,96,4,1.1103432888019913,1.2973654679476911,first_n_median,85.58446453476589,normal,,0,07298.csv,7298,236
B0056,97,4,1.153909472897475,1.2973654679476911,first_n_median,88.94251476593176,normal,,0,07300.csv,7300,238
B0056,98,4,1.1302191455340138,1.2973654679476911,first_n_median,87.11648131978671,normal,,0,07302.csv,7302,240
B0056,99,4,1.1258719408034097,1.2973654679476911,first_n_median,86.78140189629312,normal,,0,07304.csv,7304,242
B0056,100,4,1.1430108283920968,1.2973654679476911,first_n_median,88.10245506227565,normal,,0,07306.csv,7306,244
B0056,101,4,1.1372731775310292,1.2973654679476911,first_n_median,87.66020104805835,normal,,0,07310.csv,7310,248
B0056,102,4,1.1290590137779504,1.2973654679476911,first_n_median,87.027059195896,normal,,0,07312.csv,7312,250
