case_study_version,source_artifact,source_sha256,split_id,split_type,validation_type,claim_scope,feature_set,weighting_policy,model_name,model_type,split_rows,top_fraction,top_n,positive_rows_in_top,precision_at_top_fraction,lift_over_prevalence,failed_asset_capture_rate,status
v1.5.4,data/processed/reliability_v1_5_horizon_7d_lookback_7d_dataset.csv,a0635ebba0a310e9ab1cbefb28182c028e9ea6102c57f662ef310deba3414c91,asset_disjoint_stratified_80_20,asset_disjoint,primary_asset_disjoint,unseen_asset_generalization,smart_only_conservative,asset_balanced,dummy_prior,dummy_prior,974858,0.001,975,0,0.0,0.0,0.0,valid
v1.5.4,data/processed/reliability_v1_5_horizon_7d_lookback_7d_dataset.csv,a0635ebba0a310e9ab1cbefb28182c028e9ea6102c57f662ef310deba3414c91,asset_disjoint_stratified_80_20,asset_disjoint,primary_asset_disjoint,unseen_asset_generalization,smart_only_conservative,asset_balanced,dummy_prior,dummy_prior,974858,0.005,4875,14,0.002871794871794872,2.907157014671034,0.014184397163120567,valid
v1.5.4,data/processed/reliability_v1_5_horizon_7d_lookback_7d_dataset.csv,a0635ebba0a310e9ab1cbefb28182c028e9ea6102c57f662ef310deba3414c91,asset_disjoint_stratified_80_20,asset_disjoint,primary_asset_disjoint,unseen_asset_generalization,smart_only_conservative,asset_balanced,dummy_prior,dummy_prior,974858,0.01,9749,14,0.0014360447225356446,1.4537276076029633,0.014184397163120567,valid
v1.5.4,data/processed/reliability_v1_5_horizon_7d_lookback_7d_dataset.csv,a0635ebba0a310e9ab1cbefb28182c028e9ea6102c57f662ef310deba3414c91,asset_disjoint_stratified_80_20,asset_disjoint,primary_asset_disjoint,unseen_asset_generalization,smart_only_conservative,asset_balanced,dummy_prior,dummy_prior,974858,0.05,48743,96,0.0019695135711794514,1.9937653800341202,0.09929078014184398,valid
v1.5.4,data/processed/reliability_v1_5_horizon_7d_lookback_7d_dataset.csv,a0635ebba0a310e9ab1cbefb28182c028e9ea6102c57f662ef310deba3414c91,asset_disjoint_stratified_80_20,asset_disjoint,primary_asset_disjoint,unseen_asset_generalization,smart_only_conservative,asset_balanced,logistic_regression,logistic_regression,974858,0.001,975,45,0.046153846153846156,46.722166307213044,0.07092198581560284,valid
v1.5.4,data/processed/reliability_v1_5_horizon_7d_lookback_7d_dataset.csv,a0635ebba0a310e9ab1cbefb28182c028e9ea6102c57f662ef310deba3414c91,asset_disjoint_stratified_80_20,asset_disjoint,primary_asset_disjoint,unseen_asset_generalization,smart_only_conservative,asset_balanced,logistic_regression,logistic_regression,974858,0.005,4875,334,0.06851282051282051,69.3564602071518,0.49645390070921985,valid
v1.5.4,data/processed/reliability_v1_5_horizon_7d_lookback_7d_dataset.csv,a0635ebba0a310e9ab1cbefb28182c028e9ea6102c57f662ef310deba3414c91,asset_disjoint_stratified_80_20,asset_disjoint,primary_asset_disjoint,unseen_asset_generalization,smart_only_conservative,asset_balanced,logistic_regression,logistic_regression,974858,0.01,9749,412,0.04226074469176326,42.78112673803006,0.5886524822695035,valid
v1.5.4,data/processed/reliability_v1_5_horizon_7d_lookback_7d_dataset.csv,a0635ebba0a310e9ab1cbefb28182c028e9ea6102c57f662ef310deba3414c91,asset_disjoint_stratified_80_20,asset_disjoint,primary_asset_disjoint,unseen_asset_generalization,smart_only_conservative,asset_balanced,logistic_regression,logistic_regression,974858,0.05,48743,526,0.010791293108754077,10.92417281143695,0.7163120567375887,valid
v1.5.4,data/processed/reliability_v1_5_horizon_7d_lookback_7d_dataset.csv,a0635ebba0a310e9ab1cbefb28182c028e9ea6102c57f662ef310deba3414c91,asset_disjoint_stratified_80_20,asset_disjoint,primary_asset_disjoint,unseen_asset_generalization,smart_only_conservative,asset_balanced,random_forest,random_forest,974858,0.001,975,148,0.1517948717948718,153.66401363261178,0.3404255319148936,valid
v1.5.4,data/processed/reliability_v1_5_horizon_7d_lookback_7d_dataset.csv,a0635ebba0a310e9ab1cbefb28182c028e9ea6102c57f662ef310deba3414c91,asset_disjoint_stratified_80_20,asset_disjoint,primary_asset_disjoint,unseen_asset_generalization,smart_only_conservative,asset_balanced,random_forest,random_forest,974858,0.005,4875,364,0.07466666666666667,75.58608238144689,0.5531914893617021,valid
v1.5.4,data/processed/reliability_v1_5_horizon_7d_lookback_7d_dataset.csv,a0635ebba0a310e9ab1cbefb28182c028e9ea6102c57f662ef310deba3414c91,asset_disjoint_stratified_80_20,asset_disjoint,primary_asset_disjoint,unseen_asset_generalization,smart_only_conservative,asset_balanced,random_forest,random_forest,974858,0.01,9749,486,0.049851266796594525,50.465115521074296,0.7021276595744681,valid
v1.5.4,data/processed/reliability_v1_5_horizon_7d_lookback_7d_dataset.csv,a0635ebba0a310e9ab1cbefb28182c028e9ea6102c57f662ef310deba3414c91,asset_disjoint_stratified_80_20,asset_disjoint,primary_asset_disjoint,unseen_asset_generalization,smart_only_conservative,asset_balanced,random_forest,random_forest,974858,0.05,48743,722,0.014812383316578791,14.994777129006613,0.9078014184397163,valid
v1.5.4,data/processed/reliability_v1_5_horizon_7d_lookback_7d_dataset.csv,a0635ebba0a310e9ab1cbefb28182c028e9ea6102c57f662ef310deba3414c91,asset_disjoint_stratified_80_20,asset_disjoint,primary_asset_disjoint,unseen_asset_generalization,smart_only_conservative,asset_balanced,hist_gradient_boosting,hist_gradient_boosting,974858,0.001,975,74,0.0758974358974359,76.83200681630589,0.11347517730496454,valid
v1.5.4,data/processed/reliability_v1_5_horizon_7d_lookback_7d_dataset.csv,a0635ebba0a310e9ab1cbefb28182c028e9ea6102c57f662ef310deba3414c91,asset_disjoint_stratified_80_20,asset_disjoint,primary_asset_disjoint,unseen_asset_generalization,smart_only_conservative,asset_balanced,hist_gradient_boosting,hist_gradient_boosting,974858,0.005,4875,333,0.0683076923076923,69.1488061346753,0.48936170212765956,valid
v1.5.4,data/processed/reliability_v1_5_horizon_7d_lookback_7d_dataset.csv,a0635ebba0a310e9ab1cbefb28182c028e9ea6102c57f662ef310deba3414c91,asset_disjoint_stratified_80_20,asset_disjoint,primary_asset_disjoint,unseen_asset_generalization,smart_only_conservative,asset_balanced,hist_gradient_boosting,hist_gradient_boosting,974858,0.01,9749,444,0.04554313262898759,46.10393269826541,0.6099290780141844,valid
v1.5.4,data/processed/reliability_v1_5_horizon_7d_lookback_7d_dataset.csv,a0635ebba0a310e9ab1cbefb28182c028e9ea6102c57f662ef310deba3414c91,asset_disjoint_stratified_80_20,asset_disjoint,primary_asset_disjoint,unseen_asset_generalization,smart_only_conservative,asset_balanced,hist_gradient_boosting,hist_gradient_boosting,974858,0.05,48743,712,0.014607225652914264,14.787093235253058,0.8723404255319149,valid
v1.5.4,data/processed/reliability_v1_5_horizon_7d_lookback_7d_dataset.csv,a0635ebba0a310e9ab1cbefb28182c028e9ea6102c57f662ef310deba3414c91,asset_disjoint_stratified_80_20,asset_disjoint,primary_asset_disjoint,unseen_asset_generalization,smart_only_conservative,raw_row,dummy_prior,dummy_prior,974858,0.001,975,0,0.0,0.0,0.0,valid
v1.5.4,data/processed/reliability_v1_5_horizon_7d_lookback_7d_dataset.csv,a0635ebba0a310e9ab1cbefb28182c028e9ea6102c57f662ef310deba3414c91,asset_disjoint_stratified_80_20,asset_disjoint,primary_asset_disjoint,unseen_asset_generalization,smart_only_conservative,raw_row,dummy_prior,dummy_prior,974858,0.005,4875,14,0.002871794871794872,2.907157014671034,0.014184397163120567,valid
v1.5.4,data/processed/reliability_v1_5_horizon_7d_lookback_7d_dataset.csv,a0635ebba0a310e9ab1cbefb28182c028e9ea6102c57f662ef310deba3414c91,asset_disjoint_stratified_80_20,asset_disjoint,primary_asset_disjoint,unseen_asset_generalization,smart_only_conservative,raw_row,dummy_prior,dummy_prior,974858,0.01,9749,14,0.0014360447225356446,1.4537276076029633,0.014184397163120567,valid
v1.5.4,data/processed/reliability_v1_5_horizon_7d_lookback_7d_dataset.csv,a0635ebba0a310e9ab1cbefb28182c028e9ea6102c57f662ef310deba3414c91,asset_disjoint_stratified_80_20,asset_disjoint,primary_asset_disjoint,unseen_asset_generalization,smart_only_conservative,raw_row,dummy_prior,dummy_prior,974858,0.05,48743,96,0.0019695135711794514,1.9937653800341202,0.09929078014184398,valid
v1.5.4,data/processed/reliability_v1_5_horizon_7d_lookback_7d_dataset.csv,a0635ebba0a310e9ab1cbefb28182c028e9ea6102c57f662ef310deba3414c91,asset_disjoint_stratified_80_20,asset_disjoint,primary_asset_disjoint,unseen_asset_generalization,smart_only_conservative,raw_row,logistic_regression,logistic_regression,974858,0.001,975,67,0.06871794871794872,69.5641142796283,0.11347517730496454,valid
v1.5.4,data/processed/reliability_v1_5_horizon_7d_lookback_7d_dataset.csv,a0635ebba0a310e9ab1cbefb28182c028e9ea6102c57f662ef310deba3414c91,asset_disjoint_stratified_80_20,asset_disjoint,primary_asset_disjoint,unseen_asset_generalization,smart_only_conservative,raw_row,logistic_regression,logistic_regression,974858,0.005,4875,343,0.07035897435897435,71.22534685944032,0.5177304964539007,valid
v1.5.4,data/processed/reliability_v1_5_horizon_7d_lookback_7d_dataset.csv,a0635ebba0a310e9ab1cbefb28182c028e9ea6102c57f662ef310deba3414c91,asset_disjoint_stratified_80_20,asset_disjoint,primary_asset_disjoint,unseen_asset_generalization,smart_only_conservative,raw_row,logistic_regression,logistic_regression,974858,0.01,9749,422,0.043286490922145864,43.81950360060361,0.6028368794326241,valid
v1.5.4,data/processed/reliability_v1_5_horizon_7d_lookback_7d_dataset.csv,a0635ebba0a310e9ab1cbefb28182c028e9ea6102c57f662ef310deba3414c91,asset_disjoint_stratified_80_20,asset_disjoint,primary_asset_disjoint,unseen_asset_generalization,smart_only_conservative,raw_row,logistic_regression,logistic_regression,974858,0.05,48743,512,0.01050407237962374,10.633415360181974,0.7092198581560284,valid
v1.5.4,data/processed/reliability_v1_5_horizon_7d_lookback_7d_dataset.csv,a0635ebba0a310e9ab1cbefb28182c028e9ea6102c57f662ef310deba3414c91,asset_disjoint_stratified_80_20,asset_disjoint,primary_asset_disjoint,unseen_asset_generalization,smart_only_conservative,raw_row,random_forest,random_forest,974858,0.001,975,129,0.13230769230769232,133.93687674734406,0.2695035460992908,valid
v1.5.4,data/processed/reliability_v1_5_horizon_7d_lookback_7d_dataset.csv,a0635ebba0a310e9ab1cbefb28182c028e9ea6102c57f662ef310deba3414c91,asset_disjoint_stratified_80_20,asset_disjoint,primary_asset_disjoint,unseen_asset_generalization,smart_only_conservative,raw_row,random_forest,random_forest,974858,0.005,4875,322,0.06605128205128205,66.86461133743377,0.5177304964539007,valid
v1.5.4,data/processed/reliability_v1_5_horizon_7d_lookback_7d_dataset.csv,a0635ebba0a310e9ab1cbefb28182c028e9ea6102c57f662ef310deba3414c91,asset_disjoint_stratified_80_20,asset_disjoint,primary_asset_disjoint,unseen_asset_generalization,smart_only_conservative,raw_row,random_forest,random_forest,974858,0.01,9749,440,0.04513283413683455,45.68858195323599,0.624113475177305,valid
v1.5.4,data/processed/reliability_v1_5_horizon_7d_lookback_7d_dataset.csv,a0635ebba0a310e9ab1cbefb28182c028e9ea6102c57f662ef310deba3414c91,asset_disjoint_stratified_80_20,asset_disjoint,primary_asset_disjoint,unseen_asset_generalization,smart_only_conservative,raw_row,random_forest,random_forest,974858,0.05,48743,698,0.014320004923783929,14.496335783998083,0.8936170212765957,valid
v1.5.4,data/processed/reliability_v1_5_horizon_7d_lookback_7d_dataset.csv,a0635ebba0a310e9ab1cbefb28182c028e9ea6102c57f662ef310deba3414c91,asset_disjoint_stratified_80_20,asset_disjoint,primary_asset_disjoint,unseen_asset_generalization,smart_only_conservative,raw_row,hist_gradient_boosting,hist_gradient_boosting,974858,0.001,975,116,0.11897435897435897,120.43936203637139,0.2198581560283688,valid
v1.5.4,data/processed/reliability_v1_5_horizon_7d_lookback_7d_dataset.csv,a0635ebba0a310e9ab1cbefb28182c028e9ea6102c57f662ef310deba3414c91,asset_disjoint_stratified_80_20,asset_disjoint,primary_asset_disjoint,unseen_asset_generalization,smart_only_conservative,raw_row,hist_gradient_boosting,hist_gradient_boosting,974858,0.005,4875,338,0.06933333333333333,70.1870764970578,0.5319148936170213,valid
v1.5.4,data/processed/reliability_v1_5_horizon_7d_lookback_7d_dataset.csv,a0635ebba0a310e9ab1cbefb28182c028e9ea6102c57f662ef310deba3414c91,asset_disjoint_stratified_80_20,asset_disjoint,primary_asset_disjoint,unseen_asset_generalization,smart_only_conservative,raw_row,hist_gradient_boosting,hist_gradient_boosting,974858,0.01,9749,448,0.04595343112114063,46.519283443294825,0.6382978723404256,valid
v1.5.4,data/processed/reliability_v1_5_horizon_7d_lookback_7d_dataset.csv,a0635ebba0a310e9ab1cbefb28182c028e9ea6102c57f662ef310deba3414c91,asset_disjoint_stratified_80_20,asset_disjoint,primary_asset_disjoint,unseen_asset_generalization,smart_only_conservative,raw_row,hist_gradient_boosting,hist_gradient_boosting,974858,0.05,48743,711,0.014586709886547812,14.766324845877703,0.8439716312056738,valid
v1.5.4,data/processed/reliability_v1_5_horizon_7d_lookback_7d_dataset.csv,a0635ebba0a310e9ab1cbefb28182c028e9ea6102c57f662ef310deba3414c91,asset_disjoint_stratified_80_20,asset_disjoint,primary_asset_disjoint,unseen_asset_generalization,smart_plus_safe_operational_metadata,asset_balanced,dummy_prior,dummy_prior,974858,0.001,975,0,0.0,0.0,0.0,valid
v1.5.4,data/processed/reliability_v1_5_horizon_7d_lookback_7d_dataset.csv,a0635ebba0a310e9ab1cbefb28182c028e9ea6102c57f662ef310deba3414c91,asset_disjoint_stratified_80_20,asset_disjoint,primary_asset_disjoint,unseen_asset_generalization,smart_plus_safe_operational_metadata,asset_balanced,dummy_prior,dummy_prior,974858,0.005,4875,14,0.002871794871794872,2.907157014671034,0.014184397163120567,valid
v1.5.4,data/processed/reliability_v1_5_horizon_7d_lookback_7d_dataset.csv,a0635ebba0a310e9ab1cbefb28182c028e9ea6102c57f662ef310deba3414c91,asset_disjoint_stratified_80_20,asset_disjoint,primary_asset_disjoint,unseen_asset_generalization,smart_plus_safe_operational_metadata,asset_balanced,dummy_prior,dummy_prior,974858,0.01,9749,14,0.0014360447225356446,1.4537276076029633,0.014184397163120567,valid
v1.5.4,data/processed/reliability_v1_5_horizon_7d_lookback_7d_dataset.csv,a0635ebba0a310e9ab1cbefb28182c028e9ea6102c57f662ef310deba3414c91,asset_disjoint_stratified_80_20,asset_disjoint,primary_asset_disjoint,unseen_asset_generalization,smart_plus_safe_operational_metadata,asset_balanced,dummy_prior,dummy_prior,974858,0.05,48743,96,0.0019695135711794514,1.9937653800341202,0.09929078014184398,valid
v1.5.4,data/processed/reliability_v1_5_horizon_7d_lookback_7d_dataset.csv,a0635ebba0a310e9ab1cbefb28182c028e9ea6102c57f662ef310deba3414c91,asset_disjoint_stratified_80_20,asset_disjoint,primary_asset_disjoint,unseen_asset_generalization,smart_plus_safe_operational_metadata,asset_balanced,logistic_regression,logistic_regression,974858,0.001,975,50,0.05128205128205128,51.9135181191256,0.0851063829787234,valid
v1.5.4,data/processed/reliability_v1_5_horizon_7d_lookback_7d_dataset.csv,a0635ebba0a310e9ab1cbefb28182c028e9ea6102c57f662ef310deba3414c91,asset_disjoint_stratified_80_20,asset_disjoint,primary_asset_disjoint,unseen_asset_generalization,smart_plus_safe_operational_metadata,asset_balanced,logistic_regression,logistic_regression,974858,0.005,4875,301,0.06174358974358975,62.50387581542722,0.4397163120567376,valid
v1.5.4,data/processed/reliability_v1_5_horizon_7d_lookback_7d_dataset.csv,a0635ebba0a310e9ab1cbefb28182c028e9ea6102c57f662ef310deba3414c91,asset_disjoint_stratified_80_20,asset_disjoint,primary_asset_disjoint,unseen_asset_generalization,smart_plus_safe_operational_metadata,asset_balanced,logistic_regression,logistic_regression,974858,0.01,9749,435,0.04461996102164324,45.16939352194921,0.5602836879432624,valid
v1.5.4,data/processed/reliability_v1_5_horizon_7d_lookback_7d_dataset.csv,a0635ebba0a310e9ab1cbefb28182c028e9ea6102c57f662ef310deba3414c91,asset_disjoint_stratified_80_20,asset_disjoint,primary_asset_disjoint,unseen_asset_generalization,smart_plus_safe_operational_metadata,asset_balanced,logistic_regression,logistic_regression,974858,0.05,48743,555,0.011386250333381203,11.526456103322257,0.723404255319149,valid
v1.5.4,data/processed/reliability_v1_5_horizon_7d_lookback_7d_dataset.csv,a0635ebba0a310e9ab1cbefb28182c028e9ea6102c57f662ef310deba3414c91,asset_disjoint_stratified_80_20,asset_disjoint,primary_asset_disjoint,unseen_asset_generalization,smart_plus_safe_operational_metadata,asset_balanced,random_forest,random_forest,974858,0.001,975,142,0.14564102564102563,147.4343914583167,0.2765957446808511,valid
v1.5.4,data/processed/reliability_v1_5_horizon_7d_lookback_7d_dataset.csv,a0635ebba0a310e9ab1cbefb28182c028e9ea6102c57f662ef310deba3414c91,asset_disjoint_stratified_80_20,asset_disjoint,primary_asset_disjoint,unseen_asset_generalization,smart_plus_safe_operational_metadata,asset_balanced,random_forest,random_forest,974858,0.005,4875,367,0.07528205128205129,76.20904459887639,0.574468085106383,valid
v1.5.4,data/processed/reliability_v1_5_horizon_7d_lookback_7d_dataset.csv,a0635ebba0a310e9ab1cbefb28182c028e9ea6102c57f662ef310deba3414c91,asset_disjoint_stratified_80_20,asset_disjoint,primary_asset_disjoint,unseen_asset_generalization,smart_plus_safe_operational_metadata,asset_balanced,random_forest,random_forest,974858,0.01,9749,507,0.05200533388039799,52.645706932478745,0.6950354609929078,valid
v1.5.4,data/processed/reliability_v1_5_horizon_7d_lookback_7d_dataset.csv,a0635ebba0a310e9ab1cbefb28182c028e9ea6102c57f662ef310deba3414c91,asset_disjoint_stratified_80_20,asset_disjoint,primary_asset_disjoint,unseen_asset_generalization,smart_plus_safe_operational_metadata,asset_balanced,random_forest,random_forest,974858,0.05,48743,749,0.015366309008473012,15.555523642141209,0.8794326241134752,valid
v1.5.4,data/processed/reliability_v1_5_horizon_7d_lookback_7d_dataset.csv,a0635ebba0a310e9ab1cbefb28182c028e9ea6102c57f662ef310deba3414c91,asset_disjoint_stratified_80_20,asset_disjoint,primary_asset_disjoint,unseen_asset_generalization,smart_plus_safe_operational_metadata,asset_balanced,hist_gradient_boosting,hist_gradient_boosting,974858,0.001,975,104,0.10666666666666667,107.98011768778126,0.14893617021276595,valid
v1.5.4,data/processed/reliability_v1_5_horizon_7d_lookback_7d_dataset.csv,a0635ebba0a310e9ab1cbefb28182c028e9ea6102c57f662ef310deba3414c91,asset_disjoint_stratified_80_20,asset_disjoint,primary_asset_disjoint,unseen_asset_generalization,smart_plus_safe_operational_metadata,asset_balanced,hist_gradient_boosting,hist_gradient_boosting,974858,0.005,4875,319,0.06543589743589744,66.24164912000427,0.475177304964539,valid
v1.5.4,data/processed/reliability_v1_5_horizon_7d_lookback_7d_dataset.csv,a0635ebba0a310e9ab1cbefb28182c028e9ea6102c57f662ef310deba3414c91,asset_disjoint_stratified_80_20,asset_disjoint,primary_asset_disjoint,unseen_asset_generalization,smart_plus_safe_operational_metadata,asset_balanced,hist_gradient_boosting,hist_gradient_boosting,974858,0.01,9749,450,0.04615858036721715,46.72695881580953,0.6170212765957447,valid
v1.5.4,data/processed/reliability_v1_5_horizon_7d_lookback_7d_dataset.csv,a0635ebba0a310e9ab1cbefb28182c028e9ea6102c57f662ef310deba3414c91,asset_disjoint_stratified_80_20,asset_disjoint,primary_asset_disjoint,unseen_asset_generalization,smart_plus_safe_operational_metadata,asset_balanced,hist_gradient_boosting,hist_gradient_boosting,974858,0.05,48743,710,0.014566194120181359,14.745556456502348,0.8439716312056738,valid
v1.5.4,data/processed/reliability_v1_5_horizon_7d_lookback_7d_dataset.csv,a0635ebba0a310e9ab1cbefb28182c028e9ea6102c57f662ef310deba3414c91,asset_disjoint_stratified_80_20,asset_disjoint,primary_asset_disjoint,unseen_asset_generalization,smart_plus_safe_operational_metadata,raw_row,dummy_prior,dummy_prior,974858,0.001,975,0,0.0,0.0,0.0,valid
v1.5.4,data/processed/reliability_v1_5_horizon_7d_lookback_7d_dataset.csv,a0635ebba0a310e9ab1cbefb28182c028e9ea6102c57f662ef310deba3414c91,asset_disjoint_stratified_80_20,asset_disjoint,primary_asset_disjoint,unseen_asset_generalization,smart_plus_safe_operational_metadata,raw_row,dummy_prior,dummy_prior,974858,0.005,4875,14,0.002871794871794872,2.907157014671034,0.014184397163120567,valid
v1.5.4,data/processed/reliability_v1_5_horizon_7d_lookback_7d_dataset.csv,a0635ebba0a310e9ab1cbefb28182c028e9ea6102c57f662ef310deba3414c91,asset_disjoint_stratified_80_20,asset_disjoint,primary_asset_disjoint,unseen_asset_generalization,smart_plus_safe_operational_metadata,raw_row,dummy_prior,dummy_prior,974858,0.01,9749,14,0.0014360447225356446,1.4537276076029633,0.014184397163120567,valid
v1.5.4,data/processed/reliability_v1_5_horizon_7d_lookback_7d_dataset.csv,a0635ebba0a310e9ab1cbefb28182c028e9ea6102c57f662ef310deba3414c91,asset_disjoint_stratified_80_20,asset_disjoint,primary_asset_disjoint,unseen_asset_generalization,smart_plus_safe_operational_metadata,raw_row,dummy_prior,dummy_prior,974858,0.05,48743,96,0.0019695135711794514,1.9937653800341202,0.09929078014184398,valid
v1.5.4,data/processed/reliability_v1_5_horizon_7d_lookback_7d_dataset.csv,a0635ebba0a310e9ab1cbefb28182c028e9ea6102c57f662ef310deba3414c91,asset_disjoint_stratified_80_20,asset_disjoint,primary_asset_disjoint,unseen_asset_generalization,smart_plus_safe_operational_metadata,raw_row,logistic_regression,logistic_regression,974858,0.001,975,65,0.06666666666666667,67.48757355486327,0.10638297872340426,valid
v1.5.4,data/processed/reliability_v1_5_horizon_7d_lookback_7d_dataset.csv,a0635ebba0a310e9ab1cbefb28182c028e9ea6102c57f662ef310deba3414c91,asset_disjoint_stratified_80_20,asset_disjoint,primary_asset_disjoint,unseen_asset_generalization,smart_plus_safe_operational_metadata,raw_row,logistic_regression,logistic_regression,974858,0.005,4875,282,0.057846153846153846,58.558448438373674,0.45390070921985815,valid
v1.5.4,data/processed/reliability_v1_5_horizon_7d_lookback_7d_dataset.csv,a0635ebba0a310e9ab1cbefb28182c028e9ea6102c57f662ef310deba3414c91,asset_disjoint_stratified_80_20,asset_disjoint,primary_asset_disjoint,unseen_asset_generalization,smart_plus_safe_operational_metadata,raw_row,logistic_regression,logistic_regression,974858,0.01,9749,454,0.046568878859370194,47.14230956083895,0.6099290780141844,valid
v1.5.4,data/processed/reliability_v1_5_horizon_7d_lookback_7d_dataset.csv,a0635ebba0a310e9ab1cbefb28182c028e9ea6102c57f662ef310deba3414c91,asset_disjoint_stratified_80_20,asset_disjoint,primary_asset_disjoint,unseen_asset_generalization,smart_plus_safe_operational_metadata,raw_row,logistic_regression,logistic_regression,974858,0.05,48743,567,0.011632439529778636,11.775676775826524,0.7163120567375887,valid
v1.5.4,data/processed/reliability_v1_5_horizon_7d_lookback_7d_dataset.csv,a0635ebba0a310e9ab1cbefb28182c028e9ea6102c57f662ef310deba3414c91,asset_disjoint_stratified_80_20,asset_disjoint,primary_asset_disjoint,unseen_asset_generalization,smart_plus_safe_operational_metadata,raw_row,random_forest,random_forest,974858,0.001,975,150,0.15384615384615385,155.7405543573768,0.2624113475177305,valid
v1.5.4,data/processed/reliability_v1_5_horizon_7d_lookback_7d_dataset.csv,a0635ebba0a310e9ab1cbefb28182c028e9ea6102c57f662ef310deba3414c91,asset_disjoint_stratified_80_20,asset_disjoint,primary_asset_disjoint,unseen_asset_generalization,smart_plus_safe_operational_metadata,raw_row,random_forest,random_forest,974858,0.005,4875,351,0.072,72.88657943925233,0.5460992907801419,valid
v1.5.4,data/processed/reliability_v1_5_horizon_7d_lookback_7d_dataset.csv,a0635ebba0a310e9ab1cbefb28182c028e9ea6102c57f662ef310deba3414c91,asset_disjoint_stratified_80_20,asset_disjoint,primary_asset_disjoint,unseen_asset_generalization,smart_plus_safe_operational_metadata,raw_row,random_forest,random_forest,974858,0.01,9749,486,0.049851266796594525,50.465115521074296,0.7092198581560284,valid
v1.5.4,data/processed/reliability_v1_5_horizon_7d_lookback_7d_dataset.csv,a0635ebba0a310e9ab1cbefb28182c028e9ea6102c57f662ef310deba3414c91,asset_disjoint_stratified_80_20,asset_disjoint,primary_asset_disjoint,unseen_asset_generalization,smart_plus_safe_operational_metadata,raw_row,random_forest,random_forest,974858,0.05,48743,730,0.014976509447510411,15.160924244009456,0.8794326241134752,valid
v1.5.4,data/processed/reliability_v1_5_horizon_7d_lookback_7d_dataset.csv,a0635ebba0a310e9ab1cbefb28182c028e9ea6102c57f662ef310deba3414c91,asset_disjoint_stratified_80_20,asset_disjoint,primary_asset_disjoint,unseen_asset_generalization,smart_plus_safe_operational_metadata,raw_row,hist_gradient_boosting,hist_gradient_boosting,974858,0.001,975,95,0.09743589743589744,98.63568442633864,0.1773049645390071,valid
v1.5.4,data/processed/reliability_v1_5_horizon_7d_lookback_7d_dataset.csv,a0635ebba0a310e9ab1cbefb28182c028e9ea6102c57f662ef310deba3414c91,asset_disjoint_stratified_80_20,asset_disjoint,primary_asset_disjoint,unseen_asset_generalization,smart_plus_safe_operational_metadata,raw_row,hist_gradient_boosting,hist_gradient_boosting,974858,0.005,4875,344,0.07056410256410256,71.43300093191682,0.5319148936170213,valid
v1.5.4,data/processed/reliability_v1_5_horizon_7d_lookback_7d_dataset.csv,a0635ebba0a310e9ab1cbefb28182c028e9ea6102c57f662ef310deba3414c91,asset_disjoint_stratified_80_20,asset_disjoint,primary_asset_disjoint,unseen_asset_generalization,smart_plus_safe_operational_metadata,raw_row,hist_gradient_boosting,hist_gradient_boosting,974858,0.01,9749,474,0.0486203713201354,49.219063285986046,0.6312056737588653,valid
v1.5.4,data/processed/reliability_v1_5_horizon_7d_lookback_7d_dataset.csv,a0635ebba0a310e9ab1cbefb28182c028e9ea6102c57f662ef310deba3414c91,asset_disjoint_stratified_80_20,asset_disjoint,primary_asset_disjoint,unseen_asset_generalization,smart_plus_safe_operational_metadata,raw_row,hist_gradient_boosting,hist_gradient_boosting,974858,0.05,48743,726,0.014894446382044601,15.077850686508034,0.8652482269503546,valid
v1.5.4,data/processed/reliability_v1_5_horizon_7d_lookback_7d_dataset.csv,a0635ebba0a310e9ab1cbefb28182c028e9ea6102c57f662ef310deba3414c91,final_month_holdout,time_aware,primary_time_aware,future_known_population_prediction,smart_only_conservative,asset_balanced,dummy_prior,dummy_prior,640176,0.001,641,0,0.0,0.0,0.0,valid
v1.5.4,data/processed/reliability_v1_5_horizon_7d_lookback_7d_dataset.csv,a0635ebba0a310e9ab1cbefb28182c028e9ea6102c57f662ef310deba3414c91,final_month_holdout,time_aware,primary_time_aware,future_known_population_prediction,smart_only_conservative,asset_balanced,dummy_prior,dummy_prior,640176,0.005,3201,0,0.0,0.0,0.0,valid
v1.5.4,data/processed/reliability_v1_5_horizon_7d_lookback_7d_dataset.csv,a0635ebba0a310e9ab1cbefb28182c028e9ea6102c57f662ef310deba3414c91,final_month_holdout,time_aware,primary_time_aware,future_known_population_prediction,smart_only_conservative,asset_balanced,dummy_prior,dummy_prior,640176,0.01,6402,0,0.0,0.0,0.0,valid
v1.5.4,data/processed/reliability_v1_5_horizon_7d_lookback_7d_dataset.csv,a0635ebba0a310e9ab1cbefb28182c028e9ea6102c57f662ef310deba3414c91,final_month_holdout,time_aware,primary_time_aware,future_known_population_prediction,smart_only_conservative,asset_balanced,dummy_prior,dummy_prior,640176,0.05,32009,28,0.0008747539754444063,0.7567520283568895,0.04580152671755725,valid
v1.5.4,data/processed/reliability_v1_5_horizon_7d_lookback_7d_dataset.csv,a0635ebba0a310e9ab1cbefb28182c028e9ea6102c57f662ef310deba3414c91,final_month_holdout,time_aware,primary_time_aware,future_known_population_prediction,smart_only_conservative,asset_balanced,logistic_regression,logistic_regression,640176,0.001,641,66,0.1029641185647426,89.07453725176035,0.13740458015267176,valid
v1.5.4,data/processed/reliability_v1_5_horizon_7d_lookback_7d_dataset.csv,a0635ebba0a310e9ab1cbefb28182c028e9ea6102c57f662ef310deba3414c91,final_month_holdout,time_aware,primary_time_aware,future_known_population_prediction,smart_only_conservative,asset_balanced,logistic_regression,logistic_regression,640176,0.005,3201,310,0.09684473601999376,83.78064287342639,0.549618320610687,valid
v1.5.4,data/processed/reliability_v1_5_horizon_7d_lookback_7d_dataset.csv,a0635ebba0a310e9ab1cbefb28182c028e9ea6102c57f662ef310deba3414c91,final_month_holdout,time_aware,primary_time_aware,future_known_population_prediction,smart_only_conservative,asset_balanced,logistic_regression,logistic_regression,640176,0.01,6402,376,0.05873164636051234,50.80890600065858,0.6335877862595419,valid
v1.5.4,data/processed/reliability_v1_5_horizon_7d_lookback_7d_dataset.csv,a0635ebba0a310e9ab1cbefb28182c028e9ea6102c57f662ef310deba3414c91,final_month_holdout,time_aware,primary_time_aware,future_known_population_prediction,smart_only_conservative,asset_balanced,logistic_regression,logistic_regression,640176,0.05,32009,442,0.013808616326658127,11.945871304776613,0.732824427480916,valid
v1.5.4,data/processed/reliability_v1_5_horizon_7d_lookback_7d_dataset.csv,a0635ebba0a310e9ab1cbefb28182c028e9ea6102c57f662ef310deba3414c91,final_month_holdout,time_aware,primary_time_aware,future_known_population_prediction,smart_only_conservative,asset_balanced,random_forest,random_forest,640176,0.001,641,88,0.1372854914196568,118.7660496690138,0.2366412213740458,valid
v1.5.4,data/processed/reliability_v1_5_horizon_7d_lookback_7d_dataset.csv,a0635ebba0a310e9ab1cbefb28182c028e9ea6102c57f662ef310deba3414c91,final_month_holdout,time_aware,primary_time_aware,future_known_population_prediction,smart_only_conservative,asset_balanced,random_forest,random_forest,640176,0.005,3201,288,0.08997188378631678,77.83491983079612,0.5801526717557252,valid
v1.5.4,data/processed/reliability_v1_5_horizon_7d_lookback_7d_dataset.csv,a0635ebba0a310e9ab1cbefb28182c028e9ea6102c57f662ef310deba3414c91,final_month_holdout,time_aware,primary_time_aware,future_known_population_prediction,smart_only_conservative,asset_balanced,random_forest,random_forest,640176,0.01,6402,415,0.0648234926585442,56.0789786975354,0.7709923664122137,valid
v1.5.4,data/processed/reliability_v1_5_horizon_7d_lookback_7d_dataset.csv,a0635ebba0a310e9ab1cbefb28182c028e9ea6102c57f662ef310deba3414c91,final_month_holdout,time_aware,primary_time_aware,future_known_population_prediction,smart_only_conservative,asset_balanced,random_forest,random_forest,640176,0.05,32009,606,0.01893217532568965,16.37827604229554,0.916030534351145,valid
v1.5.4,data/processed/reliability_v1_5_horizon_7d_lookback_7d_dataset.csv,a0635ebba0a310e9ab1cbefb28182c028e9ea6102c57f662ef310deba3414c91,final_month_holdout,time_aware,primary_time_aware,future_known_population_prediction,smart_only_conservative,asset_balanced,hist_gradient_boosting,hist_gradient_boosting,640176,0.001,641,62,0.0967238689547582,83.67608044862335,0.10687022900763359,valid
v1.5.4,data/processed/reliability_v1_5_horizon_7d_lookback_7d_dataset.csv,a0635ebba0a310e9ab1cbefb28182c028e9ea6102c57f662ef310deba3414c91,final_month_holdout,time_aware,primary_time_aware,future_known_population_prediction,smart_only_conservative,asset_balanced,hist_gradient_boosting,hist_gradient_boosting,640176,0.005,3201,272,0.08497344579818807,73.51075761797412,0.5114503816793893,valid
v1.5.4,data/processed/reliability_v1_5_horizon_7d_lookback_7d_dataset.csv,a0635ebba0a310e9ab1cbefb28182c028e9ea6102c57f662ef310deba3414c91,final_month_holdout,time_aware,primary_time_aware,future_known_population_prediction,smart_only_conservative,asset_balanced,hist_gradient_boosting,hist_gradient_boosting,640176,0.01,6402,395,0.061699468915963764,53.37637731452165,0.6717557251908397,valid
v1.5.4,data/processed/reliability_v1_5_horizon_7d_lookback_7d_dataset.csv,a0635ebba0a310e9ab1cbefb28182c028e9ea6102c57f662ef310deba3414c91,final_month_holdout,time_aware,primary_time_aware,future_known_population_prediction,smart_only_conservative,asset_balanced,hist_gradient_boosting,hist_gradient_boosting,640176,0.05,32009,609,0.019025898965915836,16.459356616762346,0.9083969465648855,valid
v1.5.4,data/processed/reliability_v1_5_horizon_7d_lookback_7d_dataset.csv,a0635ebba0a310e9ab1cbefb28182c028e9ea6102c57f662ef310deba3414c91,final_month_holdout,time_aware,primary_time_aware,future_known_population_prediction,smart_only_conservative,raw_row,dummy_prior,dummy_prior,640176,0.001,641,0,0.0,0.0,0.0,valid
v1.5.4,data/processed/reliability_v1_5_horizon_7d_lookback_7d_dataset.csv,a0635ebba0a310e9ab1cbefb28182c028e9ea6102c57f662ef310deba3414c91,final_month_holdout,time_aware,primary_time_aware,future_known_population_prediction,smart_only_conservative,raw_row,dummy_prior,dummy_prior,640176,0.005,3201,0,0.0,0.0,0.0,valid
v1.5.4,data/processed/reliability_v1_5_horizon_7d_lookback_7d_dataset.csv,a0635ebba0a310e9ab1cbefb28182c028e9ea6102c57f662ef310deba3414c91,final_month_holdout,time_aware,primary_time_aware,future_known_population_prediction,smart_only_conservative,raw_row,dummy_prior,dummy_prior,640176,0.01,6402,0,0.0,0.0,0.0,valid
v1.5.4,data/processed/reliability_v1_5_horizon_7d_lookback_7d_dataset.csv,a0635ebba0a310e9ab1cbefb28182c028e9ea6102c57f662ef310deba3414c91,final_month_holdout,time_aware,primary_time_aware,future_known_population_prediction,smart_only_conservative,raw_row,dummy_prior,dummy_prior,640176,0.05,32009,28,0.0008747539754444063,0.7567520283568895,0.04580152671755725,valid
v1.5.4,data/processed/reliability_v1_5_horizon_7d_lookback_7d_dataset.csv,a0635ebba0a310e9ab1cbefb28182c028e9ea6102c57f662ef310deba3414c91,final_month_holdout,time_aware,primary_time_aware,future_known_population_prediction,smart_only_conservative,raw_row,logistic_regression,logistic_regression,640176,0.001,641,77,0.12012480499219969,103.92029346038707,0.1450381679389313,valid
v1.5.4,data/processed/reliability_v1_5_horizon_7d_lookback_7d_dataset.csv,a0635ebba0a310e9ab1cbefb28182c028e9ea6102c57f662ef310deba3414c91,final_month_holdout,time_aware,primary_time_aware,future_known_population_prediction,smart_only_conservative,raw_row,logistic_regression,logistic_regression,640176,0.005,3201,325,0.10153077163386441,87.83454494794701,0.5648854961832062,valid
v1.5.4,data/processed/reliability_v1_5_horizon_7d_lookback_7d_dataset.csv,a0635ebba0a310e9ab1cbefb28182c028e9ea6102c57f662ef310deba3414c91,final_month_holdout,time_aware,primary_time_aware,future_known_population_prediction,smart_only_conservative,raw_row,logistic_regression,logistic_regression,640176,0.01,6402,382,0.059668853483286474,51.619686415562704,0.6412213740458015,valid
v1.5.4,data/processed/reliability_v1_5_horizon_7d_lookback_7d_dataset.csv,a0635ebba0a310e9ab1cbefb28182c028e9ea6102c57f662ef310deba3414c91,final_month_holdout,time_aware,primary_time_aware,future_known_population_prediction,smart_only_conservative,raw_row,logistic_regression,logistic_regression,640176,0.05,32009,440,0.01374613389984067,11.891817588465406,0.7480916030534351,valid
v1.5.4,data/processed/reliability_v1_5_horizon_7d_lookback_7d_dataset.csv,a0635ebba0a310e9ab1cbefb28182c028e9ea6102c57f662ef310deba3414c91,final_month_holdout,time_aware,primary_time_aware,future_known_population_prediction,smart_only_conservative,raw_row,random_forest,random_forest,640176,0.001,641,91,0.1419656786271451,122.81489227136655,0.22900763358778625,valid
v1.5.4,data/processed/reliability_v1_5_horizon_7d_lookback_7d_dataset.csv,a0635ebba0a310e9ab1cbefb28182c028e9ea6102c57f662ef310deba3414c91,final_month_holdout,time_aware,primary_time_aware,future_known_population_prediction,smart_only_conservative,raw_row,random_forest,random_forest,640176,0.005,3201,283,0.08840987191502656,76.48361913928925,0.5877862595419847,valid
v1.5.4,data/processed/reliability_v1_5_horizon_7d_lookback_7d_dataset.csv,a0635ebba0a310e9ab1cbefb28182c028e9ea6102c57f662ef310deba3414c91,final_month_holdout,time_aware,primary_time_aware,future_known_population_prediction,smart_only_conservative,raw_row,random_forest,random_forest,640176,0.01,6402,388,0.06060606060606061,52.430466830466834,0.7404580152671756,valid
v1.5.4,data/processed/reliability_v1_5_horizon_7d_lookback_7d_dataset.csv,a0635ebba0a310e9ab1cbefb28182c028e9ea6102c57f662ef310deba3414c91,final_month_holdout,time_aware,primary_time_aware,future_known_population_prediction,smart_only_conservative,raw_row,random_forest,random_forest,640176,0.05,32009,585,0.018276109844106346,15.810712021027872,0.916030534351145,valid
v1.5.4,data/processed/reliability_v1_5_horizon_7d_lookback_7d_dataset.csv,a0635ebba0a310e9ab1cbefb28182c028e9ea6102c57f662ef310deba3414c91,final_month_holdout,time_aware,primary_time_aware,future_known_population_prediction,smart_only_conservative,raw_row,hist_gradient_boosting,hist_gradient_boosting,640176,0.001,641,95,0.1482059282371295,128.21334907450353,0.24427480916030533,valid
v1.5.4,data/processed/reliability_v1_5_horizon_7d_lookback_7d_dataset.csv,a0635ebba0a310e9ab1cbefb28182c028e9ea6102c57f662ef310deba3414c91,final_month_holdout,time_aware,primary_time_aware,future_known_population_prediction,smart_only_conservative,raw_row,hist_gradient_boosting,hist_gradient_boosting,640176,0.005,3201,286,0.08934707903780069,77.29439955419338,0.5190839694656488,valid
v1.5.4,data/processed/reliability_v1_5_horizon_7d_lookback_7d_dataset.csv,a0635ebba0a310e9ab1cbefb28182c028e9ea6102c57f662ef310deba3414c91,final_month_holdout,time_aware,primary_time_aware,future_known_population_prediction,smart_only_conservative,raw_row,hist_gradient_boosting,hist_gradient_boosting,640176,0.01,6402,425,0.06638550452983442,57.430279389042276,0.7251908396946565,valid
v1.5.4,data/processed/reliability_v1_5_horizon_7d_lookback_7d_dataset.csv,a0635ebba0a310e9ab1cbefb28182c028e9ea6102c57f662ef310deba3414c91,final_month_holdout,time_aware,primary_time_aware,future_known_population_prediction,smart_only_conservative,raw_row,hist_gradient_boosting,hist_gradient_boosting,640176,0.05,32009,603,0.018838451685463463,16.29719546782873,0.9083969465648855,valid
v1.5.4,data/processed/reliability_v1_5_horizon_7d_lookback_7d_dataset.csv,a0635ebba0a310e9ab1cbefb28182c028e9ea6102c57f662ef310deba3414c91,final_month_holdout,time_aware,primary_time_aware,future_known_population_prediction,smart_plus_safe_operational_metadata,asset_balanced,dummy_prior,dummy_prior,640176,0.001,641,0,0.0,0.0,0.0,valid
v1.5.4,data/processed/reliability_v1_5_horizon_7d_lookback_7d_dataset.csv,a0635ebba0a310e9ab1cbefb28182c028e9ea6102c57f662ef310deba3414c91,final_month_holdout,time_aware,primary_time_aware,future_known_population_prediction,smart_plus_safe_operational_metadata,asset_balanced,dummy_prior,dummy_prior,640176,0.005,3201,0,0.0,0.0,0.0,valid
v1.5.4,data/processed/reliability_v1_5_horizon_7d_lookback_7d_dataset.csv,a0635ebba0a310e9ab1cbefb28182c028e9ea6102c57f662ef310deba3414c91,final_month_holdout,time_aware,primary_time_aware,future_known_population_prediction,smart_plus_safe_operational_metadata,asset_balanced,dummy_prior,dummy_prior,640176,0.01,6402,0,0.0,0.0,0.0,valid
v1.5.4,data/processed/reliability_v1_5_horizon_7d_lookback_7d_dataset.csv,a0635ebba0a310e9ab1cbefb28182c028e9ea6102c57f662ef310deba3414c91,final_month_holdout,time_aware,primary_time_aware,future_known_population_prediction,smart_plus_safe_operational_metadata,asset_balanced,dummy_prior,dummy_prior,640176,0.05,32009,28,0.0008747539754444063,0.7567520283568895,0.04580152671755725,valid
v1.5.4,data/processed/reliability_v1_5_horizon_7d_lookback_7d_dataset.csv,a0635ebba0a310e9ab1cbefb28182c028e9ea6102c57f662ef310deba3414c91,final_month_holdout,time_aware,primary_time_aware,future_known_population_prediction,smart_plus_safe_operational_metadata,asset_balanced,logistic_regression,logistic_regression,640176,0.001,641,70,0.10920436817472699,94.47299405489734,0.1450381679389313,valid
v1.5.4,data/processed/reliability_v1_5_horizon_7d_lookback_7d_dataset.csv,a0635ebba0a310e9ab1cbefb28182c028e9ea6102c57f662ef310deba3414c91,final_month_holdout,time_aware,primary_time_aware,future_known_population_prediction,smart_plus_safe_operational_metadata,asset_balanced,logistic_regression,logistic_regression,640176,0.005,3201,268,0.08372383630115589,72.42971706476861,0.46564885496183206,valid
v1.5.4,data/processed/reliability_v1_5_horizon_7d_lookback_7d_dataset.csv,a0635ebba0a310e9ab1cbefb28182c028e9ea6102c57f662ef310deba3414c91,final_month_holdout,time_aware,primary_time_aware,future_known_population_prediction,smart_plus_safe_operational_metadata,asset_balanced,logistic_regression,logistic_regression,640176,0.01,6402,340,0.05310840362386754,45.94422351123382,0.5877862595419847,valid
v1.5.4,data/processed/reliability_v1_5_horizon_7d_lookback_7d_dataset.csv,a0635ebba0a310e9ab1cbefb28182c028e9ea6102c57f662ef310deba3414c91,final_month_holdout,time_aware,primary_time_aware,future_known_population_prediction,smart_plus_safe_operational_metadata,asset_balanced,logistic_regression,logistic_regression,640176,0.05,32009,435,0.013589927832797026,11.75668329768739,0.732824427480916,valid
v1.5.4,data/processed/reliability_v1_5_horizon_7d_lookback_7d_dataset.csv,a0635ebba0a310e9ab1cbefb28182c028e9ea6102c57f662ef310deba3414c91,final_month_holdout,time_aware,primary_time_aware,future_known_population_prediction,smart_plus_safe_operational_metadata,asset_balanced,random_forest,random_forest,640176,0.001,641,109,0.17004680187207488,147.107947885483,0.2900763358778626,valid
v1.5.4,data/processed/reliability_v1_5_horizon_7d_lookback_7d_dataset.csv,a0635ebba0a310e9ab1cbefb28182c028e9ea6102c57f662ef310deba3414c91,final_month_holdout,time_aware,primary_time_aware,future_known_population_prediction,smart_plus_safe_operational_metadata,asset_balanced,random_forest,random_forest,640176,0.005,3201,276,0.08622305529522024,74.59179817117962,0.5877862595419847,valid
v1.5.4,data/processed/reliability_v1_5_horizon_7d_lookback_7d_dataset.csv,a0635ebba0a310e9ab1cbefb28182c028e9ea6102c57f662ef310deba3414c91,final_month_holdout,time_aware,primary_time_aware,future_known_population_prediction,smart_plus_safe_operational_metadata,asset_balanced,random_forest,random_forest,640176,0.01,6402,391,0.061074664167447675,52.8358570379189,0.7099236641221374,valid
v1.5.4,data/processed/reliability_v1_5_horizon_7d_lookback_7d_dataset.csv,a0635ebba0a310e9ab1cbefb28182c028e9ea6102c57f662ef310deba3414c91,final_month_holdout,time_aware,primary_time_aware,future_known_population_prediction,smart_plus_safe_operational_metadata,asset_balanced,random_forest,random_forest,640176,0.05,32009,614,0.01918210503295948,16.59449090754036,0.916030534351145,valid
v1.5.4,data/processed/reliability_v1_5_horizon_7d_lookback_7d_dataset.csv,a0635ebba0a310e9ab1cbefb28182c028e9ea6102c57f662ef310deba3414c91,final_month_holdout,time_aware,primary_time_aware,future_known_population_prediction,smart_plus_safe_operational_metadata,asset_balanced,hist_gradient_boosting,hist_gradient_boosting,640176,0.001,641,62,0.0967238689547582,83.67608044862335,0.10687022900763359,valid
v1.5.4,data/processed/reliability_v1_5_horizon_7d_lookback_7d_dataset.csv,a0635ebba0a310e9ab1cbefb28182c028e9ea6102c57f662ef310deba3414c91,final_month_holdout,time_aware,primary_time_aware,future_known_population_prediction,smart_plus_safe_operational_metadata,asset_balanced,hist_gradient_boosting,hist_gradient_boosting,640176,0.005,3201,265,0.08278662917838175,71.61893664986448,0.5038167938931297,valid
v1.5.4,data/processed/reliability_v1_5_horizon_7d_lookback_7d_dataset.csv,a0635ebba0a310e9ab1cbefb28182c028e9ea6102c57f662ef310deba3414c91,final_month_holdout,time_aware,primary_time_aware,future_known_population_prediction,smart_plus_safe_operational_metadata,asset_balanced,hist_gradient_boosting,hist_gradient_boosting,640176,0.01,6402,373,0.058263042799125274,50.403515793206516,0.6412213740458015,valid
v1.5.4,data/processed/reliability_v1_5_horizon_7d_lookback_7d_dataset.csv,a0635ebba0a310e9ab1cbefb28182c028e9ea6102c57f662ef310deba3414c91,final_month_holdout,time_aware,primary_time_aware,future_known_population_prediction,smart_plus_safe_operational_metadata,asset_balanced,hist_gradient_boosting,hist_gradient_boosting,640176,0.05,32009,605,0.018900934112280922,16.351249184139935,0.9007633587786259,valid
v1.5.4,data/processed/reliability_v1_5_horizon_7d_lookback_7d_dataset.csv,a0635ebba0a310e9ab1cbefb28182c028e9ea6102c57f662ef310deba3414c91,final_month_holdout,time_aware,primary_time_aware,future_known_population_prediction,smart_plus_safe_operational_metadata,raw_row,dummy_prior,dummy_prior,640176,0.001,641,0,0.0,0.0,0.0,valid
v1.5.4,data/processed/reliability_v1_5_horizon_7d_lookback_7d_dataset.csv,a0635ebba0a310e9ab1cbefb28182c028e9ea6102c57f662ef310deba3414c91,final_month_holdout,time_aware,primary_time_aware,future_known_population_prediction,smart_plus_safe_operational_metadata,raw_row,dummy_prior,dummy_prior,640176,0.005,3201,0,0.0,0.0,0.0,valid
v1.5.4,data/processed/reliability_v1_5_horizon_7d_lookback_7d_dataset.csv,a0635ebba0a310e9ab1cbefb28182c028e9ea6102c57f662ef310deba3414c91,final_month_holdout,time_aware,primary_time_aware,future_known_population_prediction,smart_plus_safe_operational_metadata,raw_row,dummy_prior,dummy_prior,640176,0.01,6402,0,0.0,0.0,0.0,valid
v1.5.4,data/processed/reliability_v1_5_horizon_7d_lookback_7d_dataset.csv,a0635ebba0a310e9ab1cbefb28182c028e9ea6102c57f662ef310deba3414c91,final_month_holdout,time_aware,primary_time_aware,future_known_population_prediction,smart_plus_safe_operational_metadata,raw_row,dummy_prior,dummy_prior,640176,0.05,32009,28,0.0008747539754444063,0.7567520283568895,0.04580152671755725,valid
v1.5.4,data/processed/reliability_v1_5_horizon_7d_lookback_7d_dataset.csv,a0635ebba0a310e9ab1cbefb28182c028e9ea6102c57f662ef310deba3414c91,final_month_holdout,time_aware,primary_time_aware,future_known_population_prediction,smart_plus_safe_operational_metadata,raw_row,logistic_regression,logistic_regression,640176,0.001,641,78,0.12168486739469579,105.26990766117132,0.1450381679389313,valid
v1.5.4,data/processed/reliability_v1_5_horizon_7d_lookback_7d_dataset.csv,a0635ebba0a310e9ab1cbefb28182c028e9ea6102c57f662ef310deba3414c91,final_month_holdout,time_aware,primary_time_aware,future_known_population_prediction,smart_plus_safe_operational_metadata,raw_row,logistic_regression,logistic_regression,640176,0.005,3201,275,0.0859106529209622,74.32153803287824,0.5038167938931297,valid
v1.5.4,data/processed/reliability_v1_5_horizon_7d_lookback_7d_dataset.csv,a0635ebba0a310e9ab1cbefb28182c028e9ea6102c57f662ef310deba3414c91,final_month_holdout,time_aware,primary_time_aware,future_known_population_prediction,smart_plus_safe_operational_metadata,raw_row,logistic_regression,logistic_regression,640176,0.01,6402,352,0.054982817869415807,47.565784341042075,0.5954198473282443,valid
v1.5.4,data/processed/reliability_v1_5_horizon_7d_lookback_7d_dataset.csv,a0635ebba0a310e9ab1cbefb28182c028e9ea6102c57f662ef310deba3414c91,final_month_holdout,time_aware,primary_time_aware,future_known_population_prediction,smart_plus_safe_operational_metadata,raw_row,logistic_regression,logistic_regression,640176,0.05,32009,437,0.013652410259614483,11.810737013998597,0.7404580152671756,valid
v1.5.4,data/processed/reliability_v1_5_horizon_7d_lookback_7d_dataset.csv,a0635ebba0a310e9ab1cbefb28182c028e9ea6102c57f662ef310deba3414c91,final_month_holdout,time_aware,primary_time_aware,future_known_population_prediction,smart_plus_safe_operational_metadata,raw_row,random_forest,random_forest,640176,0.001,641,98,0.15288611544461778,132.26219167685625,0.25190839694656486,valid
v1.5.4,data/processed/reliability_v1_5_horizon_7d_lookback_7d_dataset.csv,a0635ebba0a310e9ab1cbefb28182c028e9ea6102c57f662ef310deba3414c91,final_month_holdout,time_aware,primary_time_aware,future_known_population_prediction,smart_plus_safe_operational_metadata,raw_row,random_forest,random_forest,640176,0.005,3201,285,0.08903467666354264,77.024139415892,0.6259541984732825,valid
v1.5.4,data/processed/reliability_v1_5_horizon_7d_lookback_7d_dataset.csv,a0635ebba0a310e9ab1cbefb28182c028e9ea6102c57f662ef310deba3414c91,final_month_holdout,time_aware,primary_time_aware,future_known_population_prediction,smart_plus_safe_operational_metadata,raw_row,random_forest,random_forest,640176,0.01,6402,415,0.0648234926585442,56.0789786975354,0.7557251908396947,valid
v1.5.4,data/processed/reliability_v1_5_horizon_7d_lookback_7d_dataset.csv,a0635ebba0a310e9ab1cbefb28182c028e9ea6102c57f662ef310deba3414c91,final_month_holdout,time_aware,primary_time_aware,future_known_population_prediction,smart_plus_safe_operational_metadata,raw_row,random_forest,random_forest,640176,0.05,32009,595,0.018588521978193634,16.080980602583903,0.9083969465648855,valid
v1.5.4,data/processed/reliability_v1_5_horizon_7d_lookback_7d_dataset.csv,a0635ebba0a310e9ab1cbefb28182c028e9ea6102c57f662ef310deba3414c91,final_month_holdout,time_aware,primary_time_aware,future_known_population_prediction,smart_plus_safe_operational_metadata,raw_row,hist_gradient_boosting,hist_gradient_boosting,640176,0.001,641,95,0.1482059282371295,128.21334907450353,0.24427480916030533,valid
v1.5.4,data/processed/reliability_v1_5_horizon_7d_lookback_7d_dataset.csv,a0635ebba0a310e9ab1cbefb28182c028e9ea6102c57f662ef310deba3414c91,final_month_holdout,time_aware,primary_time_aware,future_known_population_prediction,smart_plus_safe_operational_metadata,raw_row,hist_gradient_boosting,hist_gradient_boosting,640176,0.005,3201,286,0.08934707903780069,77.29439955419338,0.5190839694656488,valid
v1.5.4,data/processed/reliability_v1_5_horizon_7d_lookback_7d_dataset.csv,a0635ebba0a310e9ab1cbefb28182c028e9ea6102c57f662ef310deba3414c91,final_month_holdout,time_aware,primary_time_aware,future_known_population_prediction,smart_plus_safe_operational_metadata,raw_row,hist_gradient_boosting,hist_gradient_boosting,640176,0.01,6402,381,0.05951265229615745,51.48455634641202,0.648854961832061,valid
v1.5.4,data/processed/reliability_v1_5_horizon_7d_lookback_7d_dataset.csv,a0635ebba0a310e9ab1cbefb28182c028e9ea6102c57f662ef310deba3414c91,final_month_holdout,time_aware,primary_time_aware,future_known_population_prediction,smart_plus_safe_operational_metadata,raw_row,hist_gradient_boosting,hist_gradient_boosting,640176,0.05,32009,603,0.018838451685463463,16.29719546782873,0.8931297709923665,valid
v1.5.4,data/processed/reliability_v1_5_horizon_7d_lookback_7d_dataset.csv,a0635ebba0a310e9ab1cbefb28182c028e9ea6102c57f662ef310deba3414c91,combined_asset_disjoint_future_holdout,combined_asset_time,primary_combined_asset_time,future_unseen_asset_generalization,smart_only_conservative,asset_balanced,dummy_prior,dummy_prior,128072,0.001,129,0,0.0,0.0,0.0,valid
v1.5.4,data/processed/reliability_v1_5_horizon_7d_lookback_7d_dataset.csv,a0635ebba0a310e9ab1cbefb28182c028e9ea6102c57f662ef310deba3414c91,combined_asset_disjoint_future_holdout,combined_asset_time,primary_combined_asset_time,future_unseen_asset_generalization,smart_only_conservative,asset_balanced,dummy_prior,dummy_prior,128072,0.005,641,0,0.0,0.0,0.0,valid
v1.5.4,data/processed/reliability_v1_5_horizon_7d_lookback_7d_dataset.csv,a0635ebba0a310e9ab1cbefb28182c028e9ea6102c57f662ef310deba3414c91,combined_asset_disjoint_future_holdout,combined_asset_time,primary_combined_asset_time,future_unseen_asset_generalization,smart_only_conservative,asset_balanced,dummy_prior,dummy_prior,128072,0.01,1281,0,0.0,0.0,0.0,valid
v1.5.4,data/processed/reliability_v1_5_horizon_7d_lookback_7d_dataset.csv,a0635ebba0a310e9ab1cbefb28182c028e9ea6102c57f662ef310deba3414c91,combined_asset_disjoint_future_holdout,combined_asset_time,primary_combined_asset_time,future_unseen_asset_generalization,smart_only_conservative,asset_balanced,dummy_prior,dummy_prior,128072,0.05,6404,5,0.0007807620237351655,0.6992570203063645,0.07692307692307693,valid
v1.5.4,data/processed/reliability_v1_5_horizon_7d_lookback_7d_dataset.csv,a0635ebba0a310e9ab1cbefb28182c028e9ea6102c57f662ef310deba3414c91,combined_asset_disjoint_future_holdout,combined_asset_time,primary_combined_asset_time,future_unseen_asset_generalization,smart_only_conservative,asset_balanced,logistic_regression,logistic_regression,128072,0.001,129,21,0.16279069767441862,145.796714912994,0.19230769230769232,valid
v1.5.4,data/processed/reliability_v1_5_horizon_7d_lookback_7d_dataset.csv,a0635ebba0a310e9ab1cbefb28182c028e9ea6102c57f662ef310deba3414c91,combined_asset_disjoint_future_holdout,combined_asset_time,primary_combined_asset_time,future_unseen_asset_generalization,smart_only_conservative,asset_balanced,logistic_regression,logistic_regression,128072,0.005,641,74,0.11544461778471139,103.3931684540109,0.6153846153846154,valid
v1.5.4,data/processed/reliability_v1_5_horizon_7d_lookback_7d_dataset.csv,a0635ebba0a310e9ab1cbefb28182c028e9ea6102c57f662ef310deba3414c91,combined_asset_disjoint_future_holdout,combined_asset_time,primary_combined_asset_time,future_unseen_asset_generalization,smart_only_conservative,asset_balanced,logistic_regression,logistic_regression,128072,0.01,1281,83,0.06479313036690086,58.02927127517292,0.7307692307692307,valid
v1.5.4,data/processed/reliability_v1_5_horizon_7d_lookback_7d_dataset.csv,a0635ebba0a310e9ab1cbefb28182c028e9ea6102c57f662ef310deba3414c91,combined_asset_disjoint_future_holdout,combined_asset_time,primary_combined_asset_time,future_unseen_asset_generalization,smart_only_conservative,asset_balanced,logistic_regression,logistic_regression,128072,0.05,6404,90,0.014053716427232979,12.586626365514562,0.7692307692307693,valid
v1.5.4,data/processed/reliability_v1_5_horizon_7d_lookback_7d_dataset.csv,a0635ebba0a310e9ab1cbefb28182c028e9ea6102c57f662ef310deba3414c91,combined_asset_disjoint_future_holdout,combined_asset_time,primary_combined_asset_time,future_unseen_asset_generalization,smart_only_conservative,asset_balanced,random_forest,random_forest,128072,0.001,129,21,0.16279069767441862,145.796714912994,0.3076923076923077,valid
v1.5.4,data/processed/reliability_v1_5_horizon_7d_lookback_7d_dataset.csv,a0635ebba0a310e9ab1cbefb28182c028e9ea6102c57f662ef310deba3414c91,combined_asset_disjoint_future_holdout,combined_asset_time,primary_combined_asset_time,future_unseen_asset_generalization,smart_only_conservative,asset_balanced,random_forest,random_forest,128072,0.005,641,56,0.0873634945397816,78.2434788300623,0.6923076923076923,valid
v1.5.4,data/processed/reliability_v1_5_horizon_7d_lookback_7d_dataset.csv,a0635ebba0a310e9ab1cbefb28182c028e9ea6102c57f662ef310deba3414c91,combined_asset_disjoint_future_holdout,combined_asset_time,primary_combined_asset_time,future_unseen_asset_generalization,smart_only_conservative,asset_balanced,random_forest,random_forest,128072,0.01,1281,76,0.05932864949258392,53.13523634835111,0.7692307692307693,valid
v1.5.4,data/processed/reliability_v1_5_horizon_7d_lookback_7d_dataset.csv,a0635ebba0a310e9ab1cbefb28182c028e9ea6102c57f662ef310deba3414c91,combined_asset_disjoint_future_holdout,combined_asset_time,primary_combined_asset_time,future_unseen_asset_generalization,smart_only_conservative,asset_balanced,random_forest,random_forest,128072,0.05,6404,118,0.018425983760149905,16.502465679230202,0.9230769230769231,valid
v1.5.4,data/processed/reliability_v1_5_horizon_7d_lookback_7d_dataset.csv,a0635ebba0a310e9ab1cbefb28182c028e9ea6102c57f662ef310deba3414c91,combined_asset_disjoint_future_holdout,combined_asset_time,primary_combined_asset_time,future_unseen_asset_generalization,smart_only_conservative,asset_balanced,hist_gradient_boosting,hist_gradient_boosting,128072,0.001,129,5,0.03875968992248062,34.71350355071286,0.07692307692307693,valid
v1.5.4,data/processed/reliability_v1_5_horizon_7d_lookback_7d_dataset.csv,a0635ebba0a310e9ab1cbefb28182c028e9ea6102c57f662ef310deba3414c91,combined_asset_disjoint_future_holdout,combined_asset_time,primary_combined_asset_time,future_unseen_asset_generalization,smart_only_conservative,asset_balanced,hist_gradient_boosting,hist_gradient_boosting,128072,0.005,641,52,0.0811232449297972,72.65465891362928,0.38461538461538464,valid
v1.5.4,data/processed/reliability_v1_5_horizon_7d_lookback_7d_dataset.csv,a0635ebba0a310e9ab1cbefb28182c028e9ea6102c57f662ef310deba3414c91,combined_asset_disjoint_future_holdout,combined_asset_time,primary_combined_asset_time,future_unseen_asset_generalization,smart_only_conservative,asset_balanced,hist_gradient_boosting,hist_gradient_boosting,128072,0.01,1281,86,0.06713505074160812,60.12671481523942,0.7692307692307693,valid
v1.5.4,data/processed/reliability_v1_5_horizon_7d_lookback_7d_dataset.csv,a0635ebba0a310e9ab1cbefb28182c028e9ea6102c57f662ef310deba3414c91,combined_asset_disjoint_future_holdout,combined_asset_time,primary_combined_asset_time,future_unseen_asset_generalization,smart_only_conservative,asset_balanced,hist_gradient_boosting,hist_gradient_boosting,128072,0.05,6404,120,0.018738288569643973,16.78216848735275,0.9230769230769231,valid
v1.5.4,data/processed/reliability_v1_5_horizon_7d_lookback_7d_dataset.csv,a0635ebba0a310e9ab1cbefb28182c028e9ea6102c57f662ef310deba3414c91,combined_asset_disjoint_future_holdout,combined_asset_time,primary_combined_asset_time,future_unseen_asset_generalization,smart_only_conservative,raw_row,dummy_prior,dummy_prior,128072,0.001,129,0,0.0,0.0,0.0,valid
v1.5.4,data/processed/reliability_v1_5_horizon_7d_lookback_7d_dataset.csv,a0635ebba0a310e9ab1cbefb28182c028e9ea6102c57f662ef310deba3414c91,combined_asset_disjoint_future_holdout,combined_asset_time,primary_combined_asset_time,future_unseen_asset_generalization,smart_only_conservative,raw_row,dummy_prior,dummy_prior,128072,0.005,641,0,0.0,0.0,0.0,valid
v1.5.4,data/processed/reliability_v1_5_horizon_7d_lookback_7d_dataset.csv,a0635ebba0a310e9ab1cbefb28182c028e9ea6102c57f662ef310deba3414c91,combined_asset_disjoint_future_holdout,combined_asset_time,primary_combined_asset_time,future_unseen_asset_generalization,smart_only_conservative,raw_row,dummy_prior,dummy_prior,128072,0.01,1281,0,0.0,0.0,0.0,valid
v1.5.4,data/processed/reliability_v1_5_horizon_7d_lookback_7d_dataset.csv,a0635ebba0a310e9ab1cbefb28182c028e9ea6102c57f662ef310deba3414c91,combined_asset_disjoint_future_holdout,combined_asset_time,primary_combined_asset_time,future_unseen_asset_generalization,smart_only_conservative,raw_row,dummy_prior,dummy_prior,128072,0.05,6404,5,0.0007807620237351655,0.6992570203063645,0.07692307692307693,valid
v1.5.4,data/processed/reliability_v1_5_horizon_7d_lookback_7d_dataset.csv,a0635ebba0a310e9ab1cbefb28182c028e9ea6102c57f662ef310deba3414c91,combined_asset_disjoint_future_holdout,combined_asset_time,primary_combined_asset_time,future_unseen_asset_generalization,smart_only_conservative,raw_row,logistic_regression,logistic_regression,128072,0.001,129,22,0.17054263565891473,152.73941562313655,0.19230769230769232,valid
v1.5.4,data/processed/reliability_v1_5_horizon_7d_lookback_7d_dataset.csv,a0635ebba0a310e9ab1cbefb28182c028e9ea6102c57f662ef310deba3414c91,combined_asset_disjoint_future_holdout,combined_asset_time,primary_combined_asset_time,future_unseen_asset_generalization,smart_only_conservative,raw_row,logistic_regression,logistic_regression,128072,0.005,641,75,0.11700468018720749,104.79037343311914,0.6538461538461539,valid
v1.5.4,data/processed/reliability_v1_5_horizon_7d_lookback_7d_dataset.csv,a0635ebba0a310e9ab1cbefb28182c028e9ea6102c57f662ef310deba3414c91,combined_asset_disjoint_future_holdout,combined_asset_time,primary_combined_asset_time,future_unseen_asset_generalization,smart_only_conservative,raw_row,logistic_regression,logistic_regression,128072,0.01,1281,83,0.06479313036690086,58.02927127517292,0.7307692307692307,valid
v1.5.4,data/processed/reliability_v1_5_horizon_7d_lookback_7d_dataset.csv,a0635ebba0a310e9ab1cbefb28182c028e9ea6102c57f662ef310deba3414c91,combined_asset_disjoint_future_holdout,combined_asset_time,primary_combined_asset_time,future_unseen_asset_generalization,smart_only_conservative,raw_row,logistic_regression,logistic_regression,128072,0.05,6404,87,0.01358525921299188,12.167072153330743,0.7692307692307693,valid
v1.5.4,data/processed/reliability_v1_5_horizon_7d_lookback_7d_dataset.csv,a0635ebba0a310e9ab1cbefb28182c028e9ea6102c57f662ef310deba3414c91,combined_asset_disjoint_future_holdout,combined_asset_time,primary_combined_asset_time,future_unseen_asset_generalization,smart_only_conservative,raw_row,random_forest,random_forest,128072,0.001,129,26,0.20155038759689922,180.51021846370685,0.3076923076923077,valid
v1.5.4,data/processed/reliability_v1_5_horizon_7d_lookback_7d_dataset.csv,a0635ebba0a310e9ab1cbefb28182c028e9ea6102c57f662ef310deba3414c91,combined_asset_disjoint_future_holdout,combined_asset_time,primary_combined_asset_time,future_unseen_asset_generalization,smart_only_conservative,raw_row,random_forest,random_forest,128072,0.005,641,49,0.07644305772230889,68.4630439763045,0.6153846153846154,valid
v1.5.4,data/processed/reliability_v1_5_horizon_7d_lookback_7d_dataset.csv,a0635ebba0a310e9ab1cbefb28182c028e9ea6102c57f662ef310deba3414c91,combined_asset_disjoint_future_holdout,combined_asset_time,primary_combined_asset_time,future_unseen_asset_generalization,smart_only_conservative,raw_row,random_forest,random_forest,128072,0.01,1281,76,0.05932864949258392,53.13523634835111,0.8076923076923077,valid
v1.5.4,data/processed/reliability_v1_5_horizon_7d_lookback_7d_dataset.csv,a0635ebba0a310e9ab1cbefb28182c028e9ea6102c57f662ef310deba3414c91,combined_asset_disjoint_future_holdout,combined_asset_time,primary_combined_asset_time,future_unseen_asset_generalization,smart_only_conservative,raw_row,random_forest,random_forest,128072,0.05,6404,127,0.019831355402873205,17.761128315781658,1.0,valid
v1.5.4,data/processed/reliability_v1_5_horizon_7d_lookback_7d_dataset.csv,a0635ebba0a310e9ab1cbefb28182c028e9ea6102c57f662ef310deba3414c91,combined_asset_disjoint_future_holdout,combined_asset_time,primary_combined_asset_time,future_unseen_asset_generalization,smart_only_conservative,raw_row,hist_gradient_boosting,hist_gradient_boosting,128072,0.001,129,1,0.007751937984496124,6.942700710142571,0.038461538461538464,valid
v1.5.4,data/processed/reliability_v1_5_horizon_7d_lookback_7d_dataset.csv,a0635ebba0a310e9ab1cbefb28182c028e9ea6102c57f662ef310deba3414c91,combined_asset_disjoint_future_holdout,combined_asset_time,primary_combined_asset_time,future_unseen_asset_generalization,smart_only_conservative,raw_row,hist_gradient_boosting,hist_gradient_boosting,128072,0.005,641,69,0.10764430577223089,96.40714355846961,0.6923076923076923,valid
v1.5.4,data/processed/reliability_v1_5_horizon_7d_lookback_7d_dataset.csv,a0635ebba0a310e9ab1cbefb28182c028e9ea6102c57f662ef310deba3414c91,combined_asset_disjoint_future_holdout,combined_asset_time,primary_combined_asset_time,future_unseen_asset_generalization,smart_only_conservative,raw_row,hist_gradient_boosting,hist_gradient_boosting,128072,0.01,1281,96,0.07494145199063232,67.1181932821277,0.8846153846153846,valid
v1.5.4,data/processed/reliability_v1_5_horizon_7d_lookback_7d_dataset.csv,a0635ebba0a310e9ab1cbefb28182c028e9ea6102c57f662ef310deba3414c91,combined_asset_disjoint_future_holdout,combined_asset_time,primary_combined_asset_time,future_unseen_asset_generalization,smart_only_conservative,raw_row,hist_gradient_boosting,hist_gradient_boosting,128072,0.05,6404,120,0.018738288569643973,16.78216848735275,0.9230769230769231,valid
v1.5.4,data/processed/reliability_v1_5_horizon_7d_lookback_7d_dataset.csv,a0635ebba0a310e9ab1cbefb28182c028e9ea6102c57f662ef310deba3414c91,combined_asset_disjoint_future_holdout,combined_asset_time,primary_combined_asset_time,future_unseen_asset_generalization,smart_plus_safe_operational_metadata,asset_balanced,dummy_prior,dummy_prior,128072,0.001,129,0,0.0,0.0,0.0,valid
v1.5.4,data/processed/reliability_v1_5_horizon_7d_lookback_7d_dataset.csv,a0635ebba0a310e9ab1cbefb28182c028e9ea6102c57f662ef310deba3414c91,combined_asset_disjoint_future_holdout,combined_asset_time,primary_combined_asset_time,future_unseen_asset_generalization,smart_plus_safe_operational_metadata,asset_balanced,dummy_prior,dummy_prior,128072,0.005,641,0,0.0,0.0,0.0,valid
v1.5.4,data/processed/reliability_v1_5_horizon_7d_lookback_7d_dataset.csv,a0635ebba0a310e9ab1cbefb28182c028e9ea6102c57f662ef310deba3414c91,combined_asset_disjoint_future_holdout,combined_asset_time,primary_combined_asset_time,future_unseen_asset_generalization,smart_plus_safe_operational_metadata,asset_balanced,dummy_prior,dummy_prior,128072,0.01,1281,0,0.0,0.0,0.0,valid
v1.5.4,data/processed/reliability_v1_5_horizon_7d_lookback_7d_dataset.csv,a0635ebba0a310e9ab1cbefb28182c028e9ea6102c57f662ef310deba3414c91,combined_asset_disjoint_future_holdout,combined_asset_time,primary_combined_asset_time,future_unseen_asset_generalization,smart_plus_safe_operational_metadata,asset_balanced,dummy_prior,dummy_prior,128072,0.05,6404,5,0.0007807620237351655,0.6992570203063645,0.07692307692307693,valid
v1.5.4,data/processed/reliability_v1_5_horizon_7d_lookback_7d_dataset.csv,a0635ebba0a310e9ab1cbefb28182c028e9ea6102c57f662ef310deba3414c91,combined_asset_disjoint_future_holdout,combined_asset_time,primary_combined_asset_time,future_unseen_asset_generalization,smart_plus_safe_operational_metadata,asset_balanced,logistic_regression,logistic_regression,128072,0.001,129,20,0.15503875968992248,138.85401420285143,0.15384615384615385,valid
v1.5.4,data/processed/reliability_v1_5_horizon_7d_lookback_7d_dataset.csv,a0635ebba0a310e9ab1cbefb28182c028e9ea6102c57f662ef310deba3414c91,combined_asset_disjoint_future_holdout,combined_asset_time,primary_combined_asset_time,future_unseen_asset_generalization,smart_plus_safe_operational_metadata,asset_balanced,logistic_regression,logistic_regression,128072,0.005,641,62,0.0967238689547582,86.62670870471183,0.5,valid
v1.5.4,data/processed/reliability_v1_5_horizon_7d_lookback_7d_dataset.csv,a0635ebba0a310e9ab1cbefb28182c028e9ea6102c57f662ef310deba3414c91,combined_asset_disjoint_future_holdout,combined_asset_time,primary_combined_asset_time,future_unseen_asset_generalization,smart_plus_safe_operational_metadata,asset_balanced,logistic_regression,logistic_regression,128072,0.01,1281,76,0.05932864949258392,53.13523634835111,0.6538461538461539,valid
v1.5.4,data/processed/reliability_v1_5_horizon_7d_lookback_7d_dataset.csv,a0635ebba0a310e9ab1cbefb28182c028e9ea6102c57f662ef310deba3414c91,combined_asset_disjoint_future_holdout,combined_asset_time,primary_combined_asset_time,future_unseen_asset_generalization,smart_plus_safe_operational_metadata,asset_balanced,logistic_regression,logistic_regression,128072,0.05,6404,95,0.014834478450968145,13.285883385820926,0.8461538461538461,valid
v1.5.4,data/processed/reliability_v1_5_horizon_7d_lookback_7d_dataset.csv,a0635ebba0a310e9ab1cbefb28182c028e9ea6102c57f662ef310deba3414c91,combined_asset_disjoint_future_holdout,combined_asset_time,primary_combined_asset_time,future_unseen_asset_generalization,smart_plus_safe_operational_metadata,asset_balanced,random_forest,random_forest,128072,0.001,129,9,0.06976744186046512,62.48430639128314,0.15384615384615385,valid
v1.5.4,data/processed/reliability_v1_5_horizon_7d_lookback_7d_dataset.csv,a0635ebba0a310e9ab1cbefb28182c028e9ea6102c57f662ef310deba3414c91,combined_asset_disjoint_future_holdout,combined_asset_time,primary_combined_asset_time,future_unseen_asset_generalization,smart_plus_safe_operational_metadata,asset_balanced,random_forest,random_forest,128072,0.005,641,70,0.10920436817472699,97.80434853757788,0.6923076923076923,valid
v1.5.4,data/processed/reliability_v1_5_horizon_7d_lookback_7d_dataset.csv,a0635ebba0a310e9ab1cbefb28182c028e9ea6102c57f662ef310deba3414c91,combined_asset_disjoint_future_holdout,combined_asset_time,primary_combined_asset_time,future_unseen_asset_generalization,smart_plus_safe_operational_metadata,asset_balanced,random_forest,random_forest,128072,0.01,1281,90,0.0702576112412178,62.92330620199473,0.8461538461538461,valid
v1.5.4,data/processed/reliability_v1_5_horizon_7d_lookback_7d_dataset.csv,a0635ebba0a310e9ab1cbefb28182c028e9ea6102c57f662ef310deba3414c91,combined_asset_disjoint_future_holdout,combined_asset_time,primary_combined_asset_time,future_unseen_asset_generalization,smart_plus_safe_operational_metadata,asset_balanced,random_forest,random_forest,128072,0.05,6404,123,0.019206745783885072,17.201722699536568,0.9615384615384616,valid
v1.5.4,data/processed/reliability_v1_5_horizon_7d_lookback_7d_dataset.csv,a0635ebba0a310e9ab1cbefb28182c028e9ea6102c57f662ef310deba3414c91,combined_asset_disjoint_future_holdout,combined_asset_time,primary_combined_asset_time,future_unseen_asset_generalization,smart_plus_safe_operational_metadata,asset_balanced,hist_gradient_boosting,hist_gradient_boosting,128072,0.001,129,3,0.023255813953488372,20.828102130427713,0.07692307692307693,valid
v1.5.4,data/processed/reliability_v1_5_horizon_7d_lookback_7d_dataset.csv,a0635ebba0a310e9ab1cbefb28182c028e9ea6102c57f662ef310deba3414c91,combined_asset_disjoint_future_holdout,combined_asset_time,primary_combined_asset_time,future_unseen_asset_generalization,smart_plus_safe_operational_metadata,asset_balanced,hist_gradient_boosting,hist_gradient_boosting,128072,0.005,641,61,0.09516380655226209,85.22950372560358,0.5384615384615384,valid
v1.5.4,data/processed/reliability_v1_5_horizon_7d_lookback_7d_dataset.csv,a0635ebba0a310e9ab1cbefb28182c028e9ea6102c57f662ef310deba3414c91,combined_asset_disjoint_future_holdout,combined_asset_time,primary_combined_asset_time,future_unseen_asset_generalization,smart_plus_safe_operational_metadata,asset_balanced,hist_gradient_boosting,hist_gradient_boosting,128072,0.01,1281,83,0.06479313036690086,58.02927127517292,0.7692307692307693,valid
v1.5.4,data/processed/reliability_v1_5_horizon_7d_lookback_7d_dataset.csv,a0635ebba0a310e9ab1cbefb28182c028e9ea6102c57f662ef310deba3414c91,combined_asset_disjoint_future_holdout,combined_asset_time,primary_combined_asset_time,future_unseen_asset_generalization,smart_plus_safe_operational_metadata,asset_balanced,hist_gradient_boosting,hist_gradient_boosting,128072,0.05,6404,120,0.018738288569643973,16.78216848735275,0.9230769230769231,valid
v1.5.4,data/processed/reliability_v1_5_horizon_7d_lookback_7d_dataset.csv,a0635ebba0a310e9ab1cbefb28182c028e9ea6102c57f662ef310deba3414c91,combined_asset_disjoint_future_holdout,combined_asset_time,primary_combined_asset_time,future_unseen_asset_generalization,smart_plus_safe_operational_metadata,raw_row,dummy_prior,dummy_prior,128072,0.001,129,0,0.0,0.0,0.0,valid
v1.5.4,data/processed/reliability_v1_5_horizon_7d_lookback_7d_dataset.csv,a0635ebba0a310e9ab1cbefb28182c028e9ea6102c57f662ef310deba3414c91,combined_asset_disjoint_future_holdout,combined_asset_time,primary_combined_asset_time,future_unseen_asset_generalization,smart_plus_safe_operational_metadata,raw_row,dummy_prior,dummy_prior,128072,0.005,641,0,0.0,0.0,0.0,valid
v1.5.4,data/processed/reliability_v1_5_horizon_7d_lookback_7d_dataset.csv,a0635ebba0a310e9ab1cbefb28182c028e9ea6102c57f662ef310deba3414c91,combined_asset_disjoint_future_holdout,combined_asset_time,primary_combined_asset_time,future_unseen_asset_generalization,smart_plus_safe_operational_metadata,raw_row,dummy_prior,dummy_prior,128072,0.01,1281,0,0.0,0.0,0.0,valid
v1.5.4,data/processed/reliability_v1_5_horizon_7d_lookback_7d_dataset.csv,a0635ebba0a310e9ab1cbefb28182c028e9ea6102c57f662ef310deba3414c91,combined_asset_disjoint_future_holdout,combined_asset_time,primary_combined_asset_time,future_unseen_asset_generalization,smart_plus_safe_operational_metadata,raw_row,dummy_prior,dummy_prior,128072,0.05,6404,5,0.0007807620237351655,0.6992570203063645,0.07692307692307693,valid
v1.5.4,data/processed/reliability_v1_5_horizon_7d_lookback_7d_dataset.csv,a0635ebba0a310e9ab1cbefb28182c028e9ea6102c57f662ef310deba3414c91,combined_asset_disjoint_future_holdout,combined_asset_time,primary_combined_asset_time,future_unseen_asset_generalization,smart_plus_safe_operational_metadata,raw_row,logistic_regression,logistic_regression,128072,0.001,129,20,0.15503875968992248,138.85401420285143,0.15384615384615385,valid
v1.5.4,data/processed/reliability_v1_5_horizon_7d_lookback_7d_dataset.csv,a0635ebba0a310e9ab1cbefb28182c028e9ea6102c57f662ef310deba3414c91,combined_asset_disjoint_future_holdout,combined_asset_time,primary_combined_asset_time,future_unseen_asset_generalization,smart_plus_safe_operational_metadata,raw_row,logistic_regression,logistic_regression,128072,0.005,641,65,0.10140405616224649,90.81832364203659,0.5384615384615384,valid
v1.5.4,data/processed/reliability_v1_5_horizon_7d_lookback_7d_dataset.csv,a0635ebba0a310e9ab1cbefb28182c028e9ea6102c57f662ef310deba3414c91,combined_asset_disjoint_future_holdout,combined_asset_time,primary_combined_asset_time,future_unseen_asset_generalization,smart_plus_safe_operational_metadata,raw_row,logistic_regression,logistic_regression,128072,0.01,1281,78,0.06088992974238876,54.53353204172876,0.7307692307692307,valid
v1.5.4,data/processed/reliability_v1_5_horizon_7d_lookback_7d_dataset.csv,a0635ebba0a310e9ab1cbefb28182c028e9ea6102c57f662ef310deba3414c91,combined_asset_disjoint_future_holdout,combined_asset_time,primary_combined_asset_time,future_unseen_asset_generalization,smart_plus_safe_operational_metadata,raw_row,logistic_regression,logistic_regression,128072,0.05,6404,94,0.014678326046221112,13.146031981759654,0.8076923076923077,valid
v1.5.4,data/processed/reliability_v1_5_horizon_7d_lookback_7d_dataset.csv,a0635ebba0a310e9ab1cbefb28182c028e9ea6102c57f662ef310deba3414c91,combined_asset_disjoint_future_holdout,combined_asset_time,primary_combined_asset_time,future_unseen_asset_generalization,smart_plus_safe_operational_metadata,raw_row,random_forest,random_forest,128072,0.001,129,25,0.1937984496124031,173.5675177535643,0.3076923076923077,valid
v1.5.4,data/processed/reliability_v1_5_horizon_7d_lookback_7d_dataset.csv,a0635ebba0a310e9ab1cbefb28182c028e9ea6102c57f662ef310deba3414c91,combined_asset_disjoint_future_holdout,combined_asset_time,primary_combined_asset_time,future_unseen_asset_generalization,smart_plus_safe_operational_metadata,raw_row,random_forest,random_forest,128072,0.005,641,49,0.07644305772230889,68.4630439763045,0.6153846153846154,valid
v1.5.4,data/processed/reliability_v1_5_horizon_7d_lookback_7d_dataset.csv,a0635ebba0a310e9ab1cbefb28182c028e9ea6102c57f662ef310deba3414c91,combined_asset_disjoint_future_holdout,combined_asset_time,primary_combined_asset_time,future_unseen_asset_generalization,smart_plus_safe_operational_metadata,raw_row,random_forest,random_forest,128072,0.01,1281,82,0.06401249024199844,57.330123428484086,0.7692307692307693,valid
v1.5.4,data/processed/reliability_v1_5_horizon_7d_lookback_7d_dataset.csv,a0635ebba0a310e9ab1cbefb28182c028e9ea6102c57f662ef310deba3414c91,combined_asset_disjoint_future_holdout,combined_asset_time,primary_combined_asset_time,future_unseen_asset_generalization,smart_plus_safe_operational_metadata,raw_row,random_forest,random_forest,128072,0.05,6404,121,0.018894440974391007,16.922019891414024,0.9230769230769231,valid
v1.5.4,data/processed/reliability_v1_5_horizon_7d_lookback_7d_dataset.csv,a0635ebba0a310e9ab1cbefb28182c028e9ea6102c57f662ef310deba3414c91,combined_asset_disjoint_future_holdout,combined_asset_time,primary_combined_asset_time,future_unseen_asset_generalization,smart_plus_safe_operational_metadata,raw_row,hist_gradient_boosting,hist_gradient_boosting,128072,0.001,129,1,0.007751937984496124,6.942700710142571,0.038461538461538464,valid
v1.5.4,data/processed/reliability_v1_5_horizon_7d_lookback_7d_dataset.csv,a0635ebba0a310e9ab1cbefb28182c028e9ea6102c57f662ef310deba3414c91,combined_asset_disjoint_future_holdout,combined_asset_time,primary_combined_asset_time,future_unseen_asset_generalization,smart_plus_safe_operational_metadata,raw_row,hist_gradient_boosting,hist_gradient_boosting,128072,0.005,641,69,0.10764430577223089,96.40714355846961,0.6923076923076923,valid
v1.5.4,data/processed/reliability_v1_5_horizon_7d_lookback_7d_dataset.csv,a0635ebba0a310e9ab1cbefb28182c028e9ea6102c57f662ef310deba3414c91,combined_asset_disjoint_future_holdout,combined_asset_time,primary_combined_asset_time,future_unseen_asset_generalization,smart_plus_safe_operational_metadata,raw_row,hist_gradient_boosting,hist_gradient_boosting,128072,0.01,1281,94,0.07338017174082748,65.71989758875004,0.8846153846153846,valid
v1.5.4,data/processed/reliability_v1_5_horizon_7d_lookback_7d_dataset.csv,a0635ebba0a310e9ab1cbefb28182c028e9ea6102c57f662ef310deba3414c91,combined_asset_disjoint_future_holdout,combined_asset_time,primary_combined_asset_time,future_unseen_asset_generalization,smart_plus_safe_operational_metadata,raw_row,hist_gradient_boosting,hist_gradient_boosting,128072,0.05,6404,120,0.018738288569643973,16.78216848735275,0.9230769230769231,valid
v1.5.4,data/processed/reliability_v1_5_horizon_7d_lookback_7d_dataset.csv,a0635ebba0a310e9ab1cbefb28182c028e9ea6102c57f662ef310deba3414c91,stratified_random_row_reference_80_20,random_row_reference,optimistic_random_reference,optimistic_reference_only,smart_only_conservative,asset_balanced,dummy_prior,dummy_prior,978497,0.001,979,0,0.0,0.0,0.0,valid
v1.5.4,data/processed/reliability_v1_5_horizon_7d_lookback_7d_dataset.csv,a0635ebba0a310e9ab1cbefb28182c028e9ea6102c57f662ef310deba3414c91,stratified_random_row_reference_80_20,random_row_reference,optimistic_random_reference,optimistic_reference_only,smart_only_conservative,asset_balanced,dummy_prior,dummy_prior,978497,0.005,4893,4,0.0008174943797261394,0.8341144922616144,0.007407407407407408,valid
v1.5.4,data/processed/reliability_v1_5_horizon_7d_lookback_7d_dataset.csv,a0635ebba0a310e9ab1cbefb28182c028e9ea6102c57f662ef310deba3414c91,stratified_random_row_reference_80_20,random_row_reference,optimistic_random_reference,optimistic_reference_only,smart_only_conservative,asset_balanced,dummy_prior,dummy_prior,978497,0.01,9785,7,0.0007153806847215125,0.7299247694034888,0.012962962962962963,valid
v1.5.4,data/processed/reliability_v1_5_horizon_7d_lookback_7d_dataset.csv,a0635ebba0a310e9ab1cbefb28182c028e9ea6102c57f662ef310deba3414c91,stratified_random_row_reference_80_20,random_row_reference,optimistic_random_reference,optimistic_reference_only,smart_only_conservative,asset_balanced,dummy_prior,dummy_prior,978497,0.05,48925,47,0.0009606540623403168,0.9801846903418279,0.08703703703703704,valid
v1.5.4,data/processed/reliability_v1_5_horizon_7d_lookback_7d_dataset.csv,a0635ebba0a310e9ab1cbefb28182c028e9ea6102c57f662ef310deba3414c91,stratified_random_row_reference_80_20,random_row_reference,optimistic_random_reference,optimistic_reference_only,smart_only_conservative,asset_balanced,logistic_regression,logistic_regression,978497,0.001,979,74,0.0755873340143003,77.12406628883295,0.08518518518518518,valid
v1.5.4,data/processed/reliability_v1_5_horizon_7d_lookback_7d_dataset.csv,a0635ebba0a310e9ab1cbefb28182c028e9ea6102c57f662ef310deba3414c91,stratified_random_row_reference_80_20,random_row_reference,optimistic_random_reference,optimistic_reference_only,smart_only_conservative,asset_balanced,logistic_regression,logistic_regression,978497,0.005,4893,313,0.0639689352135704,65.26945901947131,0.3537037037037037,valid
v1.5.4,data/processed/reliability_v1_5_horizon_7d_lookback_7d_dataset.csv,a0635ebba0a310e9ab1cbefb28182c028e9ea6102c57f662ef310deba3414c91,stratified_random_row_reference_80_20,random_row_reference,optimistic_random_reference,optimistic_reference_only,smart_only_conservative,asset_balanced,logistic_regression,logistic_regression,978497,0.01,9785,387,0.03955033214103219,40.35441225130717,0.44074074074074077,valid
v1.5.4,data/processed/reliability_v1_5_horizon_7d_lookback_7d_dataset.csv,a0635ebba0a310e9ab1cbefb28182c028e9ea6102c57f662ef310deba3414c91,stratified_random_row_reference_80_20,random_row_reference,optimistic_random_reference,optimistic_reference_only,smart_only_conservative,asset_balanced,logistic_regression,logistic_regression,978497,0.05,48925,489,0.009994890137966275,10.198091778237316,0.5685185185185185,valid
v1.5.4,data/processed/reliability_v1_5_horizon_7d_lookback_7d_dataset.csv,a0635ebba0a310e9ab1cbefb28182c028e9ea6102c57f662ef310deba3414c91,stratified_random_row_reference_80_20,random_row_reference,optimistic_random_reference,optimistic_reference_only,smart_only_conservative,asset_balanced,random_forest,random_forest,978497,0.001,979,219,0.2236976506639428,228.24554753046507,0.2740740740740741,valid
v1.5.4,data/processed/reliability_v1_5_horizon_7d_lookback_7d_dataset.csv,a0635ebba0a310e9ab1cbefb28182c028e9ea6102c57f662ef310deba3414c91,stratified_random_row_reference_80_20,random_row_reference,optimistic_random_reference,optimistic_reference_only,smart_only_conservative,asset_balanced,random_forest,random_forest,978497,0.005,4893,496,0.10136930308604128,103.43019704044018,0.5907407407407408,valid
v1.5.4,data/processed/reliability_v1_5_horizon_7d_lookback_7d_dataset.csv,a0635ebba0a310e9ab1cbefb28182c028e9ea6102c57f662ef310deba3414c91,stratified_random_row_reference_80_20,random_row_reference,optimistic_random_reference,optimistic_reference_only,smart_only_conservative,asset_balanced,random_forest,random_forest,978497,0.01,9785,610,0.06234031681144609,63.60772990516117,0.7,valid
v1.5.4,data/processed/reliability_v1_5_horizon_7d_lookback_7d_dataset.csv,a0635ebba0a310e9ab1cbefb28182c028e9ea6102c57f662ef310deba3414c91,stratified_random_row_reference_80_20,random_row_reference,optimistic_random_reference,optimistic_reference_only,smart_only_conservative,asset_balanced,random_forest,random_forest,978497,0.05,48925,762,0.015574859478794072,15.891504979584528,0.825925925925926,valid
v1.5.4,data/processed/reliability_v1_5_horizon_7d_lookback_7d_dataset.csv,a0635ebba0a310e9ab1cbefb28182c028e9ea6102c57f662ef310deba3414c91,stratified_random_row_reference_80_20,random_row_reference,optimistic_random_reference,optimistic_reference_only,smart_only_conservative,asset_balanced,hist_gradient_boosting,hist_gradient_boosting,978497,0.001,979,68,0.06945863125638406,70.87076361676542,0.10185185185185185,valid
v1.5.4,data/processed/reliability_v1_5_horizon_7d_lookback_7d_dataset.csv,a0635ebba0a310e9ab1cbefb28182c028e9ea6102c57f662ef310deba3414c91,stratified_random_row_reference_80_20,random_row_reference,optimistic_random_reference,optimistic_reference_only,smart_only_conservative,asset_balanced,hist_gradient_boosting,hist_gradient_boosting,978497,0.005,4893,272,0.05558961782137748,56.71978547378978,0.3148148148148148,valid
v1.5.4,data/processed/reliability_v1_5_horizon_7d_lookback_7d_dataset.csv,a0635ebba0a310e9ab1cbefb28182c028e9ea6102c57f662ef310deba3414c91,stratified_random_row_reference_80_20,random_row_reference,optimistic_random_reference,optimistic_reference_only,smart_only_conservative,asset_balanced,hist_gradient_boosting,hist_gradient_boosting,978497,0.01,9785,437,0.04466019417475728,45.56816060418923,0.5111111111111111,valid
v1.5.4,data/processed/reliability_v1_5_horizon_7d_lookback_7d_dataset.csv,a0635ebba0a310e9ab1cbefb28182c028e9ea6102c57f662ef310deba3414c91,stratified_random_row_reference_80_20,random_row_reference,optimistic_random_reference,optimistic_reference_only,smart_only_conservative,asset_balanced,hist_gradient_boosting,hist_gradient_boosting,978497,0.05,48925,714,0.014593765968318856,14.890465295831172,0.7722222222222223,valid
v1.5.4,data/processed/reliability_v1_5_horizon_7d_lookback_7d_dataset.csv,a0635ebba0a310e9ab1cbefb28182c028e9ea6102c57f662ef310deba3414c91,stratified_random_row_reference_80_20,random_row_reference,optimistic_random_reference,optimistic_reference_only,smart_only_conservative,raw_row,dummy_prior,dummy_prior,978497,0.001,979,0,0.0,0.0,0.0,valid
v1.5.4,data/processed/reliability_v1_5_horizon_7d_lookback_7d_dataset.csv,a0635ebba0a310e9ab1cbefb28182c028e9ea6102c57f662ef310deba3414c91,stratified_random_row_reference_80_20,random_row_reference,optimistic_random_reference,optimistic_reference_only,smart_only_conservative,raw_row,dummy_prior,dummy_prior,978497,0.005,4893,4,0.0008174943797261394,0.8341144922616144,0.007407407407407408,valid
v1.5.4,data/processed/reliability_v1_5_horizon_7d_lookback_7d_dataset.csv,a0635ebba0a310e9ab1cbefb28182c028e9ea6102c57f662ef310deba3414c91,stratified_random_row_reference_80_20,random_row_reference,optimistic_random_reference,optimistic_reference_only,smart_only_conservative,raw_row,dummy_prior,dummy_prior,978497,0.01,9785,7,0.0007153806847215125,0.7299247694034888,0.012962962962962963,valid
v1.5.4,data/processed/reliability_v1_5_horizon_7d_lookback_7d_dataset.csv,a0635ebba0a310e9ab1cbefb28182c028e9ea6102c57f662ef310deba3414c91,stratified_random_row_reference_80_20,random_row_reference,optimistic_random_reference,optimistic_reference_only,smart_only_conservative,raw_row,dummy_prior,dummy_prior,978497,0.05,48925,47,0.0009606540623403168,0.9801846903418279,0.08703703703703704,valid
v1.5.4,data/processed/reliability_v1_5_horizon_7d_lookback_7d_dataset.csv,a0635ebba0a310e9ab1cbefb28182c028e9ea6102c57f662ef310deba3414c91,stratified_random_row_reference_80_20,random_row_reference,optimistic_random_reference,optimistic_reference_only,smart_only_conservative,raw_row,logistic_regression,logistic_regression,978497,0.001,979,81,0.08273748723186926,84.41958607291176,0.0962962962962963,valid
v1.5.4,data/processed/reliability_v1_5_horizon_7d_lookback_7d_dataset.csv,a0635ebba0a310e9ab1cbefb28182c028e9ea6102c57f662ef310deba3414c91,stratified_random_row_reference_80_20,random_row_reference,optimistic_random_reference,optimistic_reference_only,smart_only_conservative,raw_row,logistic_regression,logistic_regression,978497,0.005,4893,318,0.06499080318822809,66.31210213479835,0.3648148148148148,valid
v1.5.4,data/processed/reliability_v1_5_horizon_7d_lookback_7d_dataset.csv,a0635ebba0a310e9ab1cbefb28182c028e9ea6102c57f662ef310deba3414c91,stratified_random_row_reference_80_20,random_row_reference,optimistic_random_reference,optimistic_reference_only,smart_only_conservative,raw_row,logistic_regression,logistic_regression,978497,0.01,9785,394,0.040265712825753704,41.084337020710656,0.4537037037037037,valid
v1.5.4,data/processed/reliability_v1_5_horizon_7d_lookback_7d_dataset.csv,a0635ebba0a310e9ab1cbefb28182c028e9ea6102c57f662ef310deba3414c91,stratified_random_row_reference_80_20,random_row_reference,optimistic_random_reference,optimistic_reference_only,smart_only_conservative,raw_row,logistic_regression,logistic_regression,978497,0.05,48925,479,0.00979049565661727,9.989541844122032,0.5574074074074075,valid
v1.5.4,data/processed/reliability_v1_5_horizon_7d_lookback_7d_dataset.csv,a0635ebba0a310e9ab1cbefb28182c028e9ea6102c57f662ef310deba3414c91,stratified_random_row_reference_80_20,random_row_reference,optimistic_random_reference,optimistic_reference_only,smart_only_conservative,raw_row,random_forest,random_forest,978497,0.001,979,231,0.23595505617977527,240.75215287460014,0.3055555555555556,valid
v1.5.4,data/processed/reliability_v1_5_horizon_7d_lookback_7d_dataset.csv,a0635ebba0a310e9ab1cbefb28182c028e9ea6102c57f662ef310deba3414c91,stratified_random_row_reference_80_20,random_row_reference,optimistic_random_reference,optimistic_reference_only,smart_only_conservative,raw_row,random_forest,random_forest,978497,0.005,4893,503,0.10279991825056203,104.88989740189801,0.6222222222222222,valid
v1.5.4,data/processed/reliability_v1_5_horizon_7d_lookback_7d_dataset.csv,a0635ebba0a310e9ab1cbefb28182c028e9ea6102c57f662ef310deba3414c91,stratified_random_row_reference_80_20,random_row_reference,optimistic_random_reference,optimistic_reference_only,smart_only_conservative,raw_row,random_forest,random_forest,978497,0.01,9785,616,0.06295350025549311,64.23337970750703,0.7074074074074074,valid
v1.5.4,data/processed/reliability_v1_5_horizon_7d_lookback_7d_dataset.csv,a0635ebba0a310e9ab1cbefb28182c028e9ea6102c57f662ef310deba3414c91,stratified_random_row_reference_80_20,random_row_reference,optimistic_random_reference,optimistic_reference_only,smart_only_conservative,raw_row,random_forest,random_forest,978497,0.05,48925,759,0.015513541134389372,15.828939999349943,0.8296296296296296,valid
v1.5.4,data/processed/reliability_v1_5_horizon_7d_lookback_7d_dataset.csv,a0635ebba0a310e9ab1cbefb28182c028e9ea6102c57f662ef310deba3414c91,stratified_random_row_reference_80_20,random_row_reference,optimistic_random_reference,optimistic_reference_only,smart_only_conservative,raw_row,hist_gradient_boosting,hist_gradient_boosting,978497,0.001,979,69,0.07048008171603677,71.91298072877667,0.10555555555555556,valid
v1.5.4,data/processed/reliability_v1_5_horizon_7d_lookback_7d_dataset.csv,a0635ebba0a310e9ab1cbefb28182c028e9ea6102c57f662ef310deba3414c91,stratified_random_row_reference_80_20,random_row_reference,optimistic_random_reference,optimistic_reference_only,smart_only_conservative,raw_row,hist_gradient_boosting,hist_gradient_boosting,978497,0.005,4893,305,0.062333946454118126,63.60123003494809,0.36666666666666664,valid
v1.5.4,data/processed/reliability_v1_5_horizon_7d_lookback_7d_dataset.csv,a0635ebba0a310e9ab1cbefb28182c028e9ea6102c57f662ef310deba3414c91,stratified_random_row_reference_80_20,random_row_reference,optimistic_random_reference,optimistic_reference_only,smart_only_conservative,raw_row,hist_gradient_boosting,hist_gradient_boosting,978497,0.01,9785,427,0.04363822176801226,44.52541093361282,0.49074074074074076,valid
v1.5.4,data/processed/reliability_v1_5_horizon_7d_lookback_7d_dataset.csv,a0635ebba0a310e9ab1cbefb28182c028e9ea6102c57f662ef310deba3414c91,stratified_random_row_reference_80_20,random_row_reference,optimistic_random_reference,optimistic_reference_only,smart_only_conservative,raw_row,hist_gradient_boosting,hist_gradient_boosting,978497,0.05,48925,698,0.014266734798160449,14.556785401246719,0.7611111111111111,valid
v1.5.4,data/processed/reliability_v1_5_horizon_7d_lookback_7d_dataset.csv,a0635ebba0a310e9ab1cbefb28182c028e9ea6102c57f662ef310deba3414c91,stratified_random_row_reference_80_20,random_row_reference,optimistic_random_reference,optimistic_reference_only,smart_plus_safe_operational_metadata,asset_balanced,dummy_prior,dummy_prior,978497,0.001,979,0,0.0,0.0,0.0,valid
v1.5.4,data/processed/reliability_v1_5_horizon_7d_lookback_7d_dataset.csv,a0635ebba0a310e9ab1cbefb28182c028e9ea6102c57f662ef310deba3414c91,stratified_random_row_reference_80_20,random_row_reference,optimistic_random_reference,optimistic_reference_only,smart_plus_safe_operational_metadata,asset_balanced,dummy_prior,dummy_prior,978497,0.005,4893,4,0.0008174943797261394,0.8341144922616144,0.007407407407407408,valid
v1.5.4,data/processed/reliability_v1_5_horizon_7d_lookback_7d_dataset.csv,a0635ebba0a310e9ab1cbefb28182c028e9ea6102c57f662ef310deba3414c91,stratified_random_row_reference_80_20,random_row_reference,optimistic_random_reference,optimistic_reference_only,smart_plus_safe_operational_metadata,asset_balanced,dummy_prior,dummy_prior,978497,0.01,9785,7,0.0007153806847215125,0.7299247694034888,0.012962962962962963,valid
v1.5.4,data/processed/reliability_v1_5_horizon_7d_lookback_7d_dataset.csv,a0635ebba0a310e9ab1cbefb28182c028e9ea6102c57f662ef310deba3414c91,stratified_random_row_reference_80_20,random_row_reference,optimistic_random_reference,optimistic_reference_only,smart_plus_safe_operational_metadata,asset_balanced,dummy_prior,dummy_prior,978497,0.05,48925,47,0.0009606540623403168,0.9801846903418279,0.08703703703703704,valid
v1.5.4,data/processed/reliability_v1_5_horizon_7d_lookback_7d_dataset.csv,a0635ebba0a310e9ab1cbefb28182c028e9ea6102c57f662ef310deba3414c91,stratified_random_row_reference_80_20,random_row_reference,optimistic_random_reference,optimistic_reference_only,smart_plus_safe_operational_metadata,asset_balanced,logistic_regression,logistic_regression,978497,0.001,979,78,0.07967313585291114,81.29293473687798,0.09259259259259259,valid
v1.5.4,data/processed/reliability_v1_5_horizon_7d_lookback_7d_dataset.csv,a0635ebba0a310e9ab1cbefb28182c028e9ea6102c57f662ef310deba3414c91,stratified_random_row_reference_80_20,random_row_reference,optimistic_random_reference,optimistic_reference_only,smart_plus_safe_operational_metadata,asset_balanced,logistic_regression,logistic_regression,978497,0.005,4893,292,0.059677089720008174,60.890357935097846,0.3333333333333333,valid
v1.5.4,data/processed/reliability_v1_5_horizon_7d_lookback_7d_dataset.csv,a0635ebba0a310e9ab1cbefb28182c028e9ea6102c57f662ef310deba3414c91,stratified_random_row_reference_80_20,random_row_reference,optimistic_random_reference,optimistic_reference_only,smart_plus_safe_operational_metadata,asset_balanced,logistic_regression,logistic_regression,978497,0.01,9785,401,0.040981093510475214,41.814261790114145,0.44814814814814813,valid
v1.5.4,data/processed/reliability_v1_5_horizon_7d_lookback_7d_dataset.csv,a0635ebba0a310e9ab1cbefb28182c028e9ea6102c57f662ef310deba3414c91,stratified_random_row_reference_80_20,random_row_reference,optimistic_random_reference,optimistic_reference_only,smart_plus_safe_operational_metadata,asset_balanced,logistic_regression,logistic_regression,978497,0.05,48925,533,0.010894225855901891,11.115711488344559,0.6074074074074074,valid
v1.5.4,data/processed/reliability_v1_5_horizon_7d_lookback_7d_dataset.csv,a0635ebba0a310e9ab1cbefb28182c028e9ea6102c57f662ef310deba3414c91,stratified_random_row_reference_80_20,random_row_reference,optimistic_random_reference,optimistic_reference_only,smart_plus_safe_operational_metadata,asset_balanced,random_forest,random_forest,978497,0.001,979,210,0.21450459652706844,218.86559352236378,0.26296296296296295,valid
v1.5.4,data/processed/reliability_v1_5_horizon_7d_lookback_7d_dataset.csv,a0635ebba0a310e9ab1cbefb28182c028e9ea6102c57f662ef310deba3414c91,stratified_random_row_reference_80_20,random_row_reference,optimistic_random_reference,optimistic_reference_only,smart_plus_safe_operational_metadata,asset_balanced,random_forest,random_forest,978497,0.005,4893,442,0.0903331289597384,92.16965139490839,0.5203703703703704,valid
v1.5.4,data/processed/reliability_v1_5_horizon_7d_lookback_7d_dataset.csv,a0635ebba0a310e9ab1cbefb28182c028e9ea6102c57f662ef310deba3414c91,stratified_random_row_reference_80_20,random_row_reference,optimistic_random_reference,optimistic_reference_only,smart_plus_safe_operational_metadata,asset_balanced,random_forest,random_forest,978497,0.01,9785,600,0.061318344404701075,62.56498023458476,0.6722222222222223,valid
v1.5.4,data/processed/reliability_v1_5_horizon_7d_lookback_7d_dataset.csv,a0635ebba0a310e9ab1cbefb28182c028e9ea6102c57f662ef310deba3414c91,stratified_random_row_reference_80_20,random_row_reference,optimistic_random_reference,optimistic_reference_only,smart_plus_safe_operational_metadata,asset_balanced,random_forest,random_forest,978497,0.05,48925,751,0.015350025549310168,15.662100052057717,0.8074074074074075,valid
v1.5.4,data/processed/reliability_v1_5_horizon_7d_lookback_7d_dataset.csv,a0635ebba0a310e9ab1cbefb28182c028e9ea6102c57f662ef310deba3414c91,stratified_random_row_reference_80_20,random_row_reference,optimistic_random_reference,optimistic_reference_only,smart_plus_safe_operational_metadata,asset_balanced,hist_gradient_boosting,hist_gradient_boosting,978497,0.001,979,48,0.049029622063329927,50.02642137654029,0.07962962962962963,valid
v1.5.4,data/processed/reliability_v1_5_horizon_7d_lookback_7d_dataset.csv,a0635ebba0a310e9ab1cbefb28182c028e9ea6102c57f662ef310deba3414c91,stratified_random_row_reference_80_20,random_row_reference,optimistic_random_reference,optimistic_reference_only,smart_plus_safe_operational_metadata,asset_balanced,hist_gradient_boosting,hist_gradient_boosting,978497,0.005,4893,233,0.047619047619047616,48.58716917423903,0.28888888888888886,valid
v1.5.4,data/processed/reliability_v1_5_horizon_7d_lookback_7d_dataset.csv,a0635ebba0a310e9ab1cbefb28182c028e9ea6102c57f662ef310deba3414c91,stratified_random_row_reference_80_20,random_row_reference,optimistic_random_reference,optimistic_reference_only,smart_plus_safe_operational_metadata,asset_balanced,hist_gradient_boosting,hist_gradient_boosting,978497,0.01,9785,438,0.044762391415431785,45.67243557124687,0.512962962962963,valid
v1.5.4,data/processed/reliability_v1_5_horizon_7d_lookback_7d_dataset.csv,a0635ebba0a310e9ab1cbefb28182c028e9ea6102c57f662ef310deba3414c91,stratified_random_row_reference_80_20,random_row_reference,optimistic_random_reference,optimistic_reference_only,smart_plus_safe_operational_metadata,asset_balanced,hist_gradient_boosting,hist_gradient_boosting,978497,0.05,48925,716,0.014634644864588656,14.932175282654228,0.7648148148148148,valid
v1.5.4,data/processed/reliability_v1_5_horizon_7d_lookback_7d_dataset.csv,a0635ebba0a310e9ab1cbefb28182c028e9ea6102c57f662ef310deba3414c91,stratified_random_row_reference_80_20,random_row_reference,optimistic_random_reference,optimistic_reference_only,smart_plus_safe_operational_metadata,raw_row,dummy_prior,dummy_prior,978497,0.001,979,0,0.0,0.0,0.0,valid
v1.5.4,data/processed/reliability_v1_5_horizon_7d_lookback_7d_dataset.csv,a0635ebba0a310e9ab1cbefb28182c028e9ea6102c57f662ef310deba3414c91,stratified_random_row_reference_80_20,random_row_reference,optimistic_random_reference,optimistic_reference_only,smart_plus_safe_operational_metadata,raw_row,dummy_prior,dummy_prior,978497,0.005,4893,4,0.0008174943797261394,0.8341144922616144,0.007407407407407408,valid
v1.5.4,data/processed/reliability_v1_5_horizon_7d_lookback_7d_dataset.csv,a0635ebba0a310e9ab1cbefb28182c028e9ea6102c57f662ef310deba3414c91,stratified_random_row_reference_80_20,random_row_reference,optimistic_random_reference,optimistic_reference_only,smart_plus_safe_operational_metadata,raw_row,dummy_prior,dummy_prior,978497,0.01,9785,7,0.0007153806847215125,0.7299247694034888,0.012962962962962963,valid
v1.5.4,data/processed/reliability_v1_5_horizon_7d_lookback_7d_dataset.csv,a0635ebba0a310e9ab1cbefb28182c028e9ea6102c57f662ef310deba3414c91,stratified_random_row_reference_80_20,random_row_reference,optimistic_random_reference,optimistic_reference_only,smart_plus_safe_operational_metadata,raw_row,dummy_prior,dummy_prior,978497,0.05,48925,47,0.0009606540623403168,0.9801846903418279,0.08703703703703704,valid
v1.5.4,data/processed/reliability_v1_5_horizon_7d_lookback_7d_dataset.csv,a0635ebba0a310e9ab1cbefb28182c028e9ea6102c57f662ef310deba3414c91,stratified_random_row_reference_80_20,random_row_reference,optimistic_random_reference,optimistic_reference_only,smart_plus_safe_operational_metadata,raw_row,logistic_regression,logistic_regression,978497,0.001,979,84,0.08580183861082738,87.54623740894552,0.09814814814814815,valid
v1.5.4,data/processed/reliability_v1_5_horizon_7d_lookback_7d_dataset.csv,a0635ebba0a310e9ab1cbefb28182c028e9ea6102c57f662ef310deba3414c91,stratified_random_row_reference_80_20,random_row_reference,optimistic_random_reference,optimistic_reference_only,smart_plus_safe_operational_metadata,raw_row,logistic_regression,logistic_regression,978497,0.005,4893,285,0.05824647455548743,59.430657573640026,0.3351851851851852,valid
v1.5.4,data/processed/reliability_v1_5_horizon_7d_lookback_7d_dataset.csv,a0635ebba0a310e9ab1cbefb28182c028e9ea6102c57f662ef310deba3414c91,stratified_random_row_reference_80_20,random_row_reference,optimistic_random_reference,optimistic_reference_only,smart_plus_safe_operational_metadata,raw_row,logistic_regression,logistic_regression,978497,0.01,9785,416,0.04251405212059274,43.378386295978764,0.4666666666666667,valid
v1.5.4,data/processed/reliability_v1_5_horizon_7d_lookback_7d_dataset.csv,a0635ebba0a310e9ab1cbefb28182c028e9ea6102c57f662ef310deba3414c91,stratified_random_row_reference_80_20,random_row_reference,optimistic_random_reference,optimistic_reference_only,smart_plus_safe_operational_metadata,raw_row,logistic_regression,logistic_regression,978497,0.05,48925,552,0.011282575370464997,11.511956363163595,0.6222222222222222,valid
v1.5.4,data/processed/reliability_v1_5_horizon_7d_lookback_7d_dataset.csv,a0635ebba0a310e9ab1cbefb28182c028e9ea6102c57f662ef310deba3414c91,stratified_random_row_reference_80_20,random_row_reference,optimistic_random_reference,optimistic_reference_only,smart_plus_safe_operational_metadata,raw_row,random_forest,random_forest,978497,0.001,979,208,0.212461695607763,216.78115929834127,0.26296296296296295,valid
v1.5.4,data/processed/reliability_v1_5_horizon_7d_lookback_7d_dataset.csv,a0635ebba0a310e9ab1cbefb28182c028e9ea6102c57f662ef310deba3414c91,stratified_random_row_reference_80_20,random_row_reference,optimistic_random_reference,optimistic_reference_only,smart_plus_safe_operational_metadata,raw_row,random_forest,random_forest,978497,0.005,4893,514,0.10504802779480892,107.18371225561745,0.6129629629629629,valid
v1.5.4,data/processed/reliability_v1_5_horizon_7d_lookback_7d_dataset.csv,a0635ebba0a310e9ab1cbefb28182c028e9ea6102c57f662ef310deba3414c91,stratified_random_row_reference_80_20,random_row_reference,optimistic_random_reference,optimistic_reference_only,smart_plus_safe_operational_metadata,raw_row,random_forest,random_forest,978497,0.01,9785,617,0.0630556974961676,64.33765467456466,0.7037037037037037,valid
v1.5.4,data/processed/reliability_v1_5_horizon_7d_lookback_7d_dataset.csv,a0635ebba0a310e9ab1cbefb28182c028e9ea6102c57f662ef310deba3414c91,stratified_random_row_reference_80_20,random_row_reference,optimistic_random_reference,optimistic_reference_only,smart_plus_safe_operational_metadata,raw_row,random_forest,random_forest,978497,0.05,48925,758,0.01549310168625447,15.808085005938414,0.8185185185185185,valid
v1.5.4,data/processed/reliability_v1_5_horizon_7d_lookback_7d_dataset.csv,a0635ebba0a310e9ab1cbefb28182c028e9ea6102c57f662ef310deba3414c91,stratified_random_row_reference_80_20,random_row_reference,optimistic_random_reference,optimistic_reference_only,smart_plus_safe_operational_metadata,raw_row,hist_gradient_boosting,hist_gradient_boosting,978497,0.001,979,69,0.07048008171603677,71.91298072877667,0.10555555555555556,valid
v1.5.4,data/processed/reliability_v1_5_horizon_7d_lookback_7d_dataset.csv,a0635ebba0a310e9ab1cbefb28182c028e9ea6102c57f662ef310deba3414c91,stratified_random_row_reference_80_20,random_row_reference,optimistic_random_reference,optimistic_reference_only,smart_plus_safe_operational_metadata,raw_row,hist_gradient_boosting,hist_gradient_boosting,978497,0.005,4893,306,0.06253832004904966,63.80975865801349,0.3685185185185185,valid
v1.5.4,data/processed/reliability_v1_5_horizon_7d_lookback_7d_dataset.csv,a0635ebba0a310e9ab1cbefb28182c028e9ea6102c57f662ef310deba3414c91,stratified_random_row_reference_80_20,random_row_reference,optimistic_random_reference,optimistic_reference_only,smart_plus_safe_operational_metadata,raw_row,hist_gradient_boosting,hist_gradient_boosting,978497,0.01,9785,439,0.044864588656106284,45.77671053830451,0.5018518518518519,valid
v1.5.4,data/processed/reliability_v1_5_horizon_7d_lookback_7d_dataset.csv,a0635ebba0a310e9ab1cbefb28182c028e9ea6102c57f662ef310deba3414c91,stratified_random_row_reference_80_20,random_row_reference,optimistic_random_reference,optimistic_reference_only,smart_plus_safe_operational_metadata,raw_row,hist_gradient_boosting,hist_gradient_boosting,978497,0.05,48925,703,0.014368932038834952,14.661060368304362,0.7611111111111111,valid
