case_study_version,source_artifact,source_sha256,split_id,split_type,validation_type,claim_scope,feature_set,weighting_policy,model_name,model_type,stratum_type,stratum_value,row_count,positive_rows,false_negative_count,false_positive_count,score_median,support_status
v1.5.4,data/processed/reliability_v1_5_horizon_7d_lookback_7d_dataset.csv,a0635ebba0a310e9ab1cbefb28182c028e9ea6102c57f662ef310deba3414c91,asset_disjoint_stratified_80_20,asset_disjoint,primary_asset_disjoint,unseen_asset_generalization,smart_only_conservative,asset_balanced,dummy_prior,dummy_prior,all,all,974858,963,0,973895,0.7963968668951483,sufficient
v1.5.4,data/processed/reliability_v1_5_horizon_7d_lookback_7d_dataset.csv,a0635ebba0a310e9ab1cbefb28182c028e9ea6102c57f662ef310deba3414c91,asset_disjoint_stratified_80_20,asset_disjoint,primary_asset_disjoint,unseen_asset_generalization,smart_only_conservative,asset_balanced,dummy_prior,dummy_prior,model,Hitachi HDS722020ALA330,189158,21,0,189137,0.7963968668951483,sufficient
v1.5.4,data/processed/reliability_v1_5_horizon_7d_lookback_7d_dataset.csv,a0635ebba0a310e9ab1cbefb28182c028e9ea6102c57f662ef310deba3414c91,asset_disjoint_stratified_80_20,asset_disjoint,primary_asset_disjoint,unseen_asset_generalization,smart_only_conservative,asset_balanced,dummy_prior,dummy_prior,model,ST3000DM001,185660,335,0,185325,0.7963968668951483,sufficient
v1.5.4,data/processed/reliability_v1_5_horizon_7d_lookback_7d_dataset.csv,a0635ebba0a310e9ab1cbefb28182c028e9ea6102c57f662ef310deba3414c91,asset_disjoint_stratified_80_20,asset_disjoint,primary_asset_disjoint,unseen_asset_generalization,smart_only_conservative,asset_balanced,dummy_prior,dummy_prior,model,Hitachi HDS5C3030ALA630,181020,14,0,181006,0.7963968668951483,sufficient
v1.5.4,data/processed/reliability_v1_5_horizon_7d_lookback_7d_dataset.csv,a0635ebba0a310e9ab1cbefb28182c028e9ea6102c57f662ef310deba3414c91,asset_disjoint_stratified_80_20,asset_disjoint,primary_asset_disjoint,unseen_asset_generalization,smart_only_conservative,asset_balanced,dummy_prior,dummy_prior,model,Hitachi HDS5C4040ALE630,94763,49,0,94714,0.7963968668951483,sufficient
v1.5.4,data/processed/reliability_v1_5_horizon_7d_lookback_7d_dataset.csv,a0635ebba0a310e9ab1cbefb28182c028e9ea6102c57f662ef310deba3414c91,asset_disjoint_stratified_80_20,asset_disjoint,primary_asset_disjoint,unseen_asset_generalization,smart_only_conservative,asset_balanced,dummy_prior,dummy_prior,model,ST31500541AS,82264,182,0,82082,0.7963968668951483,sufficient
v1.5.4,data/processed/reliability_v1_5_horizon_7d_lookback_7d_dataset.csv,a0635ebba0a310e9ab1cbefb28182c028e9ea6102c57f662ef310deba3414c91,asset_disjoint_stratified_80_20,asset_disjoint,primary_asset_disjoint,unseen_asset_generalization,smart_only_conservative,asset_balanced,dummy_prior,dummy_prior,model,ST4000DM000,77522,70,0,77452,0.7963968668951483,sufficient
v1.5.4,data/processed/reliability_v1_5_horizon_7d_lookback_7d_dataset.csv,a0635ebba0a310e9ab1cbefb28182c028e9ea6102c57f662ef310deba3414c91,asset_disjoint_stratified_80_20,asset_disjoint,primary_asset_disjoint,unseen_asset_generalization,smart_only_conservative,asset_balanced,dummy_prior,dummy_prior,model,Hitachi HDS723030ALA640,42186,14,0,42172,0.7963968668951483,sufficient
v1.5.4,data/processed/reliability_v1_5_horizon_7d_lookback_7d_dataset.csv,a0635ebba0a310e9ab1cbefb28182c028e9ea6102c57f662ef310deba3414c91,asset_disjoint_stratified_80_20,asset_disjoint,primary_asset_disjoint,unseen_asset_generalization,smart_only_conservative,asset_balanced,dummy_prior,dummy_prior,model,ST31500341AS,25598,119,0,25479,0.7963968668951483,sufficient
v1.5.4,data/processed/reliability_v1_5_horizon_7d_lookback_7d_dataset.csv,a0635ebba0a310e9ab1cbefb28182c028e9ea6102c57f662ef310deba3414c91,asset_disjoint_stratified_80_20,asset_disjoint,primary_asset_disjoint,unseen_asset_generalization,smart_only_conservative,asset_balanced,dummy_prior,dummy_prior,model,WDC WD30EZRX,21557,14,0,21543,0.7963968668951483,sufficient
v1.5.4,data/processed/reliability_v1_5_horizon_7d_lookback_7d_dataset.csv,a0635ebba0a310e9ab1cbefb28182c028e9ea6102c57f662ef310deba3414c91,asset_disjoint_stratified_80_20,asset_disjoint,primary_asset_disjoint,unseen_asset_generalization,smart_only_conservative,asset_balanced,dummy_prior,dummy_prior,model,WDC WD10EADS,21157,21,0,21136,0.7963968668951483,sufficient
v1.5.4,data/processed/reliability_v1_5_horizon_7d_lookback_7d_dataset.csv,a0635ebba0a310e9ab1cbefb28182c028e9ea6102c57f662ef310deba3414c91,asset_disjoint_stratified_80_20,asset_disjoint,primary_asset_disjoint,unseen_asset_generalization,smart_only_conservative,asset_balanced,dummy_prior,dummy_prior,drive_age_quartile,0,244484,264,0,244220,0.7963968668951483,sufficient
v1.5.4,data/processed/reliability_v1_5_horizon_7d_lookback_7d_dataset.csv,a0635ebba0a310e9ab1cbefb28182c028e9ea6102c57f662ef310deba3414c91,asset_disjoint_stratified_80_20,asset_disjoint,primary_asset_disjoint,unseen_asset_generalization,smart_only_conservative,asset_balanced,dummy_prior,dummy_prior,drive_age_quartile,1,244605,184,0,244421,0.7963968668951483,sufficient
v1.5.4,data/processed/reliability_v1_5_horizon_7d_lookback_7d_dataset.csv,a0635ebba0a310e9ab1cbefb28182c028e9ea6102c57f662ef310deba3414c91,asset_disjoint_stratified_80_20,asset_disjoint,primary_asset_disjoint,unseen_asset_generalization,smart_only_conservative,asset_balanced,dummy_prior,dummy_prior,drive_age_quartile,2,242838,177,0,242661,0.7963968668951483,sufficient
v1.5.4,data/processed/reliability_v1_5_horizon_7d_lookback_7d_dataset.csv,a0635ebba0a310e9ab1cbefb28182c028e9ea6102c57f662ef310deba3414c91,asset_disjoint_stratified_80_20,asset_disjoint,primary_asset_disjoint,unseen_asset_generalization,smart_only_conservative,asset_balanced,dummy_prior,dummy_prior,drive_age_quartile,3,242931,338,0,242593,0.7963968668951483,sufficient
v1.5.4,data/processed/reliability_v1_5_horizon_7d_lookback_7d_dataset.csv,a0635ebba0a310e9ab1cbefb28182c028e9ea6102c57f662ef310deba3414c91,asset_disjoint_stratified_80_20,asset_disjoint,primary_asset_disjoint,unseen_asset_generalization,smart_only_conservative,asset_balanced,dummy_prior,dummy_prior,lookback_density_quartile,0,974858,963,0,973895,0.7963968668951483,sufficient
v1.5.4,data/processed/reliability_v1_5_horizon_7d_lookback_7d_dataset.csv,a0635ebba0a310e9ab1cbefb28182c028e9ea6102c57f662ef310deba3414c91,asset_disjoint_stratified_80_20,asset_disjoint,primary_asset_disjoint,unseen_asset_generalization,smart_only_conservative,asset_balanced,dummy_prior,dummy_prior,capacity_quartile,0,342363,432,0,341931,0.7963968668951483,sufficient
v1.5.4,data/processed/reliability_v1_5_horizon_7d_lookback_7d_dataset.csv,a0635ebba0a310e9ab1cbefb28182c028e9ea6102c57f662ef310deba3414c91,asset_disjoint_stratified_80_20,asset_disjoint,primary_asset_disjoint,unseen_asset_generalization,smart_only_conservative,asset_balanced,dummy_prior,dummy_prior,capacity_quartile,1,451520,412,0,451108,0.7963968668951483,sufficient
v1.5.4,data/processed/reliability_v1_5_horizon_7d_lookback_7d_dataset.csv,a0635ebba0a310e9ab1cbefb28182c028e9ea6102c57f662ef310deba3414c91,asset_disjoint_stratified_80_20,asset_disjoint,primary_asset_disjoint,unseen_asset_generalization,smart_only_conservative,asset_balanced,dummy_prior,dummy_prior,capacity_quartile,2,180975,119,0,180856,0.7963968668951483,sufficient
v1.5.4,data/processed/reliability_v1_5_horizon_7d_lookback_7d_dataset.csv,a0635ebba0a310e9ab1cbefb28182c028e9ea6102c57f662ef310deba3414c91,asset_disjoint_stratified_80_20,asset_disjoint,primary_asset_disjoint,unseen_asset_generalization,smart_only_conservative,asset_balanced,logistic_regression,logistic_regression,all,all,974858,963,388,113004,0.29722708040770435,sufficient
v1.5.4,data/processed/reliability_v1_5_horizon_7d_lookback_7d_dataset.csv,a0635ebba0a310e9ab1cbefb28182c028e9ea6102c57f662ef310deba3414c91,asset_disjoint_stratified_80_20,asset_disjoint,primary_asset_disjoint,unseen_asset_generalization,smart_only_conservative,asset_balanced,logistic_regression,logistic_regression,model,Hitachi HDS722020ALA330,189158,21,7,1242,0.2428180846670009,sufficient
v1.5.4,data/processed/reliability_v1_5_horizon_7d_lookback_7d_dataset.csv,a0635ebba0a310e9ab1cbefb28182c028e9ea6102c57f662ef310deba3414c91,asset_disjoint_stratified_80_20,asset_disjoint,primary_asset_disjoint,unseen_asset_generalization,smart_only_conservative,asset_balanced,logistic_regression,logistic_regression,model,ST3000DM001,185660,335,109,31602,0.42928913511894007,sufficient
v1.5.4,data/processed/reliability_v1_5_horizon_7d_lookback_7d_dataset.csv,a0635ebba0a310e9ab1cbefb28182c028e9ea6102c57f662ef310deba3414c91,asset_disjoint_stratified_80_20,asset_disjoint,primary_asset_disjoint,unseen_asset_generalization,smart_only_conservative,asset_balanced,logistic_regression,logistic_regression,model,Hitachi HDS5C3030ALA630,181020,14,5,1137,0.24417559791549148,sufficient
v1.5.4,data/processed/reliability_v1_5_horizon_7d_lookback_7d_dataset.csv,a0635ebba0a310e9ab1cbefb28182c028e9ea6102c57f662ef310deba3414c91,asset_disjoint_stratified_80_20,asset_disjoint,primary_asset_disjoint,unseen_asset_generalization,smart_only_conservative,asset_balanced,logistic_regression,logistic_regression,model,Hitachi HDS5C4040ALE630,94763,49,35,364,0.24950755384879006,sufficient
v1.5.4,data/processed/reliability_v1_5_horizon_7d_lookback_7d_dataset.csv,a0635ebba0a310e9ab1cbefb28182c028e9ea6102c57f662ef310deba3414c91,asset_disjoint_stratified_80_20,asset_disjoint,primary_asset_disjoint,unseen_asset_generalization,smart_only_conservative,asset_balanced,logistic_regression,logistic_regression,model,ST31500541AS,82264,182,41,42602,0.5037625592601694,sufficient
v1.5.4,data/processed/reliability_v1_5_horizon_7d_lookback_7d_dataset.csv,a0635ebba0a310e9ab1cbefb28182c028e9ea6102c57f662ef310deba3414c91,asset_disjoint_stratified_80_20,asset_disjoint,primary_asset_disjoint,unseen_asset_generalization,smart_only_conservative,asset_balanced,logistic_regression,logistic_regression,model,ST4000DM000,77522,70,27,20639,0.45637430454197403,sufficient
v1.5.4,data/processed/reliability_v1_5_horizon_7d_lookback_7d_dataset.csv,a0635ebba0a310e9ab1cbefb28182c028e9ea6102c57f662ef310deba3414c91,asset_disjoint_stratified_80_20,asset_disjoint,primary_asset_disjoint,unseen_asset_generalization,smart_only_conservative,asset_balanced,logistic_regression,logistic_regression,model,Hitachi HDS723030ALA640,42186,14,7,432,0.2441416512179756,sufficient
v1.5.4,data/processed/reliability_v1_5_horizon_7d_lookback_7d_dataset.csv,a0635ebba0a310e9ab1cbefb28182c028e9ea6102c57f662ef310deba3414c91,asset_disjoint_stratified_80_20,asset_disjoint,primary_asset_disjoint,unseen_asset_generalization,smart_only_conservative,asset_balanced,logistic_regression,logistic_regression,model,ST31500341AS,25598,119,43,8814,0.4642975343920881,sufficient
v1.5.4,data/processed/reliability_v1_5_horizon_7d_lookback_7d_dataset.csv,a0635ebba0a310e9ab1cbefb28182c028e9ea6102c57f662ef310deba3414c91,asset_disjoint_stratified_80_20,asset_disjoint,primary_asset_disjoint,unseen_asset_generalization,smart_only_conservative,asset_balanced,logistic_regression,logistic_regression,model,WDC WD30EZRX,21557,14,14,240,0.2824539204120328,sufficient
v1.5.4,data/processed/reliability_v1_5_horizon_7d_lookback_7d_dataset.csv,a0635ebba0a310e9ab1cbefb28182c028e9ea6102c57f662ef310deba3414c91,asset_disjoint_stratified_80_20,asset_disjoint,primary_asset_disjoint,unseen_asset_generalization,smart_only_conservative,asset_balanced,logistic_regression,logistic_regression,model,WDC WD10EADS,21157,21,15,226,0.2896352392603444,sufficient
v1.5.4,data/processed/reliability_v1_5_horizon_7d_lookback_7d_dataset.csv,a0635ebba0a310e9ab1cbefb28182c028e9ea6102c57f662ef310deba3414c91,asset_disjoint_stratified_80_20,asset_disjoint,primary_asset_disjoint,unseen_asset_generalization,smart_only_conservative,asset_balanced,logistic_regression,logistic_regression,drive_age_quartile,0,244484,264,128,33884,0.32914016193117,sufficient
v1.5.4,data/processed/reliability_v1_5_horizon_7d_lookback_7d_dataset.csv,a0635ebba0a310e9ab1cbefb28182c028e9ea6102c57f662ef310deba3414c91,asset_disjoint_stratified_80_20,asset_disjoint,primary_asset_disjoint,unseen_asset_generalization,smart_only_conservative,asset_balanced,logistic_regression,logistic_regression,drive_age_quartile,1,244605,184,74,22289,0.28949617252348275,sufficient
v1.5.4,data/processed/reliability_v1_5_horizon_7d_lookback_7d_dataset.csv,a0635ebba0a310e9ab1cbefb28182c028e9ea6102c57f662ef310deba3414c91,asset_disjoint_stratified_80_20,asset_disjoint,primary_asset_disjoint,unseen_asset_generalization,smart_only_conservative,asset_balanced,logistic_regression,logistic_regression,drive_age_quartile,2,242838,177,60,30422,0.30560856644678297,sufficient
v1.5.4,data/processed/reliability_v1_5_horizon_7d_lookback_7d_dataset.csv,a0635ebba0a310e9ab1cbefb28182c028e9ea6102c57f662ef310deba3414c91,asset_disjoint_stratified_80_20,asset_disjoint,primary_asset_disjoint,unseen_asset_generalization,smart_only_conservative,asset_balanced,logistic_regression,logistic_regression,drive_age_quartile,3,242931,338,126,26409,0.27939458262641576,sufficient
v1.5.4,data/processed/reliability_v1_5_horizon_7d_lookback_7d_dataset.csv,a0635ebba0a310e9ab1cbefb28182c028e9ea6102c57f662ef310deba3414c91,asset_disjoint_stratified_80_20,asset_disjoint,primary_asset_disjoint,unseen_asset_generalization,smart_only_conservative,asset_balanced,logistic_regression,logistic_regression,lookback_density_quartile,0,974858,963,388,113004,0.29722708040770435,sufficient
v1.5.4,data/processed/reliability_v1_5_horizon_7d_lookback_7d_dataset.csv,a0635ebba0a310e9ab1cbefb28182c028e9ea6102c57f662ef310deba3414c91,asset_disjoint_stratified_80_20,asset_disjoint,primary_asset_disjoint,unseen_asset_generalization,smart_only_conservative,asset_balanced,logistic_regression,logistic_regression,capacity_quartile,0,342363,432,170,56938,0.287094517731719,sufficient
v1.5.4,data/processed/reliability_v1_5_horizon_7d_lookback_7d_dataset.csv,a0635ebba0a310e9ab1cbefb28182c028e9ea6102c57f662ef310deba3414c91,asset_disjoint_stratified_80_20,asset_disjoint,primary_asset_disjoint,unseen_asset_generalization,smart_only_conservative,asset_balanced,logistic_regression,logistic_regression,capacity_quartile,1,451520,412,156,34898,0.3025413689142452,sufficient
v1.5.4,data/processed/reliability_v1_5_horizon_7d_lookback_7d_dataset.csv,a0635ebba0a310e9ab1cbefb28182c028e9ea6102c57f662ef310deba3414c91,asset_disjoint_stratified_80_20,asset_disjoint,primary_asset_disjoint,unseen_asset_generalization,smart_only_conservative,asset_balanced,logistic_regression,logistic_regression,capacity_quartile,2,180975,119,62,21168,0.30781621448393826,sufficient
v1.5.4,data/processed/reliability_v1_5_horizon_7d_lookback_7d_dataset.csv,a0635ebba0a310e9ab1cbefb28182c028e9ea6102c57f662ef310deba3414c91,asset_disjoint_stratified_80_20,asset_disjoint,primary_asset_disjoint,unseen_asset_generalization,smart_only_conservative,asset_balanced,random_forest,random_forest,all,all,974858,963,305,25270,0.08484394476406294,sufficient
v1.5.4,data/processed/reliability_v1_5_horizon_7d_lookback_7d_dataset.csv,a0635ebba0a310e9ab1cbefb28182c028e9ea6102c57f662ef310deba3414c91,asset_disjoint_stratified_80_20,asset_disjoint,primary_asset_disjoint,unseen_asset_generalization,smart_only_conservative,asset_balanced,random_forest,random_forest,model,Hitachi HDS722020ALA330,189158,21,5,1144,0.019426517711131155,sufficient
v1.5.4,data/processed/reliability_v1_5_horizon_7d_lookback_7d_dataset.csv,a0635ebba0a310e9ab1cbefb28182c028e9ea6102c57f662ef310deba3414c91,asset_disjoint_stratified_80_20,asset_disjoint,primary_asset_disjoint,unseen_asset_generalization,smart_only_conservative,asset_balanced,random_forest,random_forest,model,ST3000DM001,185660,335,100,11919,0.20218486410252867,sufficient
v1.5.4,data/processed/reliability_v1_5_horizon_7d_lookback_7d_dataset.csv,a0635ebba0a310e9ab1cbefb28182c028e9ea6102c57f662ef310deba3414c91,asset_disjoint_stratified_80_20,asset_disjoint,primary_asset_disjoint,unseen_asset_generalization,smart_only_conservative,asset_balanced,random_forest,random_forest,model,Hitachi HDS5C3030ALA630,181020,14,10,535,0.019426517711131155,sufficient
v1.5.4,data/processed/reliability_v1_5_horizon_7d_lookback_7d_dataset.csv,a0635ebba0a310e9ab1cbefb28182c028e9ea6102c57f662ef310deba3414c91,asset_disjoint_stratified_80_20,asset_disjoint,primary_asset_disjoint,unseen_asset_generalization,smart_only_conservative,asset_balanced,random_forest,random_forest,model,Hitachi HDS5C4040ALE630,94763,49,23,203,0.04729226883972315,sufficient
v1.5.4,data/processed/reliability_v1_5_horizon_7d_lookback_7d_dataset.csv,a0635ebba0a310e9ab1cbefb28182c028e9ea6102c57f662ef310deba3414c91,asset_disjoint_stratified_80_20,asset_disjoint,primary_asset_disjoint,unseen_asset_generalization,smart_only_conservative,asset_balanced,random_forest,random_forest,model,ST31500541AS,82264,182,31,3608,0.21724045698627745,sufficient
v1.5.4,data/processed/reliability_v1_5_horizon_7d_lookback_7d_dataset.csv,a0635ebba0a310e9ab1cbefb28182c028e9ea6102c57f662ef310deba3414c91,asset_disjoint_stratified_80_20,asset_disjoint,primary_asset_disjoint,unseen_asset_generalization,smart_only_conservative,asset_balanced,random_forest,random_forest,model,ST4000DM000,77522,70,40,1103,0.19909768997383562,sufficient
v1.5.4,data/processed/reliability_v1_5_horizon_7d_lookback_7d_dataset.csv,a0635ebba0a310e9ab1cbefb28182c028e9ea6102c57f662ef310deba3414c91,asset_disjoint_stratified_80_20,asset_disjoint,primary_asset_disjoint,unseen_asset_generalization,smart_only_conservative,asset_balanced,random_forest,random_forest,model,Hitachi HDS723030ALA640,42186,14,7,443,0.022097822655642918,sufficient
v1.5.4,data/processed/reliability_v1_5_horizon_7d_lookback_7d_dataset.csv,a0635ebba0a310e9ab1cbefb28182c028e9ea6102c57f662ef310deba3414c91,asset_disjoint_stratified_80_20,asset_disjoint,primary_asset_disjoint,unseen_asset_generalization,smart_only_conservative,asset_balanced,random_forest,random_forest,model,ST31500341AS,25598,119,32,2774,0.23610252836241777,sufficient
v1.5.4,data/processed/reliability_v1_5_horizon_7d_lookback_7d_dataset.csv,a0635ebba0a310e9ab1cbefb28182c028e9ea6102c57f662ef310deba3414c91,asset_disjoint_stratified_80_20,asset_disjoint,primary_asset_disjoint,unseen_asset_generalization,smart_only_conservative,asset_balanced,random_forest,random_forest,model,WDC WD30EZRX,21557,14,7,365,0.06580855331523942,sufficient
v1.5.4,data/processed/reliability_v1_5_horizon_7d_lookback_7d_dataset.csv,a0635ebba0a310e9ab1cbefb28182c028e9ea6102c57f662ef310deba3414c91,asset_disjoint_stratified_80_20,asset_disjoint,primary_asset_disjoint,unseen_asset_generalization,smart_only_conservative,asset_balanced,random_forest,random_forest,model,WDC WD10EADS,21157,21,21,21,0.04580313389578605,sufficient
v1.5.4,data/processed/reliability_v1_5_horizon_7d_lookback_7d_dataset.csv,a0635ebba0a310e9ab1cbefb28182c028e9ea6102c57f662ef310deba3414c91,asset_disjoint_stratified_80_20,asset_disjoint,primary_asset_disjoint,unseen_asset_generalization,smart_only_conservative,asset_balanced,random_forest,random_forest,drive_age_quartile,0,244484,264,96,5738,0.12236509862499616,sufficient
v1.5.4,data/processed/reliability_v1_5_horizon_7d_lookback_7d_dataset.csv,a0635ebba0a310e9ab1cbefb28182c028e9ea6102c57f662ef310deba3414c91,asset_disjoint_stratified_80_20,asset_disjoint,primary_asset_disjoint,unseen_asset_generalization,smart_only_conservative,asset_balanced,random_forest,random_forest,drive_age_quartile,1,244605,184,68,5510,0.08231577055811733,sufficient
v1.5.4,data/processed/reliability_v1_5_horizon_7d_lookback_7d_dataset.csv,a0635ebba0a310e9ab1cbefb28182c028e9ea6102c57f662ef310deba3414c91,asset_disjoint_stratified_80_20,asset_disjoint,primary_asset_disjoint,unseen_asset_generalization,smart_only_conservative,asset_balanced,random_forest,random_forest,drive_age_quartile,2,242838,177,42,6108,0.08651935332036496,sufficient
v1.5.4,data/processed/reliability_v1_5_horizon_7d_lookback_7d_dataset.csv,a0635ebba0a310e9ab1cbefb28182c028e9ea6102c57f662ef310deba3414c91,asset_disjoint_stratified_80_20,asset_disjoint,primary_asset_disjoint,unseen_asset_generalization,smart_only_conservative,asset_balanced,random_forest,random_forest,drive_age_quartile,3,242931,338,99,7914,0.06124325780834378,sufficient
v1.5.4,data/processed/reliability_v1_5_horizon_7d_lookback_7d_dataset.csv,a0635ebba0a310e9ab1cbefb28182c028e9ea6102c57f662ef310deba3414c91,asset_disjoint_stratified_80_20,asset_disjoint,primary_asset_disjoint,unseen_asset_generalization,smart_only_conservative,asset_balanced,random_forest,random_forest,lookback_density_quartile,0,974858,963,305,25270,0.08484394476406294,sufficient
v1.5.4,data/processed/reliability_v1_5_horizon_7d_lookback_7d_dataset.csv,a0635ebba0a310e9ab1cbefb28182c028e9ea6102c57f662ef310deba3414c91,asset_disjoint_stratified_80_20,asset_disjoint,primary_asset_disjoint,unseen_asset_generalization,smart_only_conservative,asset_balanced,random_forest,random_forest,capacity_quartile,0,342363,432,106,10285,0.05743124382939662,sufficient
v1.5.4,data/processed/reliability_v1_5_horizon_7d_lookback_7d_dataset.csv,a0635ebba0a310e9ab1cbefb28182c028e9ea6102c57f662ef310deba3414c91,asset_disjoint_stratified_80_20,asset_disjoint,primary_asset_disjoint,unseen_asset_generalization,smart_only_conservative,asset_balanced,random_forest,random_forest,capacity_quartile,1,451520,412,136,13543,0.0917613850027774,sufficient
v1.5.4,data/processed/reliability_v1_5_horizon_7d_lookback_7d_dataset.csv,a0635ebba0a310e9ab1cbefb28182c028e9ea6102c57f662ef310deba3414c91,asset_disjoint_stratified_80_20,asset_disjoint,primary_asset_disjoint,unseen_asset_generalization,smart_only_conservative,asset_balanced,random_forest,random_forest,capacity_quartile,2,180975,119,63,1442,0.11669217886842571,sufficient
v1.5.4,data/processed/reliability_v1_5_horizon_7d_lookback_7d_dataset.csv,a0635ebba0a310e9ab1cbefb28182c028e9ea6102c57f662ef310deba3414c91,asset_disjoint_stratified_80_20,asset_disjoint,primary_asset_disjoint,unseen_asset_generalization,smart_only_conservative,asset_balanced,hist_gradient_boosting,hist_gradient_boosting,all,all,974858,963,216,62005,0.2174610504379721,sufficient
v1.5.4,data/processed/reliability_v1_5_horizon_7d_lookback_7d_dataset.csv,a0635ebba0a310e9ab1cbefb28182c028e9ea6102c57f662ef310deba3414c91,asset_disjoint_stratified_80_20,asset_disjoint,primary_asset_disjoint,unseen_asset_generalization,smart_only_conservative,asset_balanced,hist_gradient_boosting,hist_gradient_boosting,model,Hitachi HDS722020ALA330,189158,21,0,4991,0.12048079317519791,sufficient
v1.5.4,data/processed/reliability_v1_5_horizon_7d_lookback_7d_dataset.csv,a0635ebba0a310e9ab1cbefb28182c028e9ea6102c57f662ef310deba3414c91,asset_disjoint_stratified_80_20,asset_disjoint,primary_asset_disjoint,unseen_asset_generalization,smart_only_conservative,asset_balanced,hist_gradient_boosting,hist_gradient_boosting,model,ST3000DM001,185660,335,82,21097,0.30442896497336674,sufficient
v1.5.4,data/processed/reliability_v1_5_horizon_7d_lookback_7d_dataset.csv,a0635ebba0a310e9ab1cbefb28182c028e9ea6102c57f662ef310deba3414c91,asset_disjoint_stratified_80_20,asset_disjoint,primary_asset_disjoint,unseen_asset_generalization,smart_only_conservative,asset_balanced,hist_gradient_boosting,hist_gradient_boosting,model,Hitachi HDS5C3030ALA630,181020,14,6,2860,0.12415442399603634,sufficient
v1.5.4,data/processed/reliability_v1_5_horizon_7d_lookback_7d_dataset.csv,a0635ebba0a310e9ab1cbefb28182c028e9ea6102c57f662ef310deba3414c91,asset_disjoint_stratified_80_20,asset_disjoint,primary_asset_disjoint,unseen_asset_generalization,smart_only_conservative,asset_balanced,hist_gradient_boosting,hist_gradient_boosting,model,Hitachi HDS5C4040ALE630,94763,49,10,683,0.17239103924660035,sufficient
v1.5.4,data/processed/reliability_v1_5_horizon_7d_lookback_7d_dataset.csv,a0635ebba0a310e9ab1cbefb28182c028e9ea6102c57f662ef310deba3414c91,asset_disjoint_stratified_80_20,asset_disjoint,primary_asset_disjoint,unseen_asset_generalization,smart_only_conservative,asset_balanced,hist_gradient_boosting,hist_gradient_boosting,model,ST31500541AS,82264,182,31,7229,0.309785284710278,sufficient
v1.5.4,data/processed/reliability_v1_5_horizon_7d_lookback_7d_dataset.csv,a0635ebba0a310e9ab1cbefb28182c028e9ea6102c57f662ef310deba3414c91,asset_disjoint_stratified_80_20,asset_disjoint,primary_asset_disjoint,unseen_asset_generalization,smart_only_conservative,asset_balanced,hist_gradient_boosting,hist_gradient_boosting,model,ST4000DM000,77522,70,33,2755,0.2991291701695247,sufficient
v1.5.4,data/processed/reliability_v1_5_horizon_7d_lookback_7d_dataset.csv,a0635ebba0a310e9ab1cbefb28182c028e9ea6102c57f662ef310deba3414c91,asset_disjoint_stratified_80_20,asset_disjoint,primary_asset_disjoint,unseen_asset_generalization,smart_only_conservative,asset_balanced,hist_gradient_boosting,hist_gradient_boosting,model,Hitachi HDS723030ALA640,42186,14,7,1754,0.11313635623802917,sufficient
v1.5.4,data/processed/reliability_v1_5_horizon_7d_lookback_7d_dataset.csv,a0635ebba0a310e9ab1cbefb28182c028e9ea6102c57f662ef310deba3414c91,asset_disjoint_stratified_80_20,asset_disjoint,primary_asset_disjoint,unseen_asset_generalization,smart_only_conservative,asset_balanced,hist_gradient_boosting,hist_gradient_boosting,model,ST31500341AS,25598,119,18,6924,0.35615007953984884,sufficient
v1.5.4,data/processed/reliability_v1_5_horizon_7d_lookback_7d_dataset.csv,a0635ebba0a310e9ab1cbefb28182c028e9ea6102c57f662ef310deba3414c91,asset_disjoint_stratified_80_20,asset_disjoint,primary_asset_disjoint,unseen_asset_generalization,smart_only_conservative,asset_balanced,hist_gradient_boosting,hist_gradient_boosting,model,WDC WD30EZRX,21557,14,0,7257,0.15547323747373287,sufficient
v1.5.4,data/processed/reliability_v1_5_horizon_7d_lookback_7d_dataset.csv,a0635ebba0a310e9ab1cbefb28182c028e9ea6102c57f662ef310deba3414c91,asset_disjoint_stratified_80_20,asset_disjoint,primary_asset_disjoint,unseen_asset_generalization,smart_only_conservative,asset_balanced,hist_gradient_boosting,hist_gradient_boosting,model,WDC WD10EADS,21157,21,8,815,0.14345648953176562,sufficient
v1.5.4,data/processed/reliability_v1_5_horizon_7d_lookback_7d_dataset.csv,a0635ebba0a310e9ab1cbefb28182c028e9ea6102c57f662ef310deba3414c91,asset_disjoint_stratified_80_20,asset_disjoint,primary_asset_disjoint,unseen_asset_generalization,smart_only_conservative,asset_balanced,hist_gradient_boosting,hist_gradient_boosting,drive_age_quartile,0,244484,264,83,13908,0.26557854258756075,sufficient
v1.5.4,data/processed/reliability_v1_5_horizon_7d_lookback_7d_dataset.csv,a0635ebba0a310e9ab1cbefb28182c028e9ea6102c57f662ef310deba3414c91,asset_disjoint_stratified_80_20,asset_disjoint,primary_asset_disjoint,unseen_asset_generalization,smart_only_conservative,asset_balanced,hist_gradient_boosting,hist_gradient_boosting,drive_age_quartile,1,244605,184,48,13615,0.2174610504379721,sufficient
v1.5.4,data/processed/reliability_v1_5_horizon_7d_lookback_7d_dataset.csv,a0635ebba0a310e9ab1cbefb28182c028e9ea6102c57f662ef310deba3414c91,asset_disjoint_stratified_80_20,asset_disjoint,primary_asset_disjoint,unseen_asset_generalization,smart_only_conservative,asset_balanced,hist_gradient_boosting,hist_gradient_boosting,drive_age_quartile,2,242838,177,29,15552,0.21956137612465781,sufficient
v1.5.4,data/processed/reliability_v1_5_horizon_7d_lookback_7d_dataset.csv,a0635ebba0a310e9ab1cbefb28182c028e9ea6102c57f662ef310deba3414c91,asset_disjoint_stratified_80_20,asset_disjoint,primary_asset_disjoint,unseen_asset_generalization,smart_only_conservative,asset_balanced,hist_gradient_boosting,hist_gradient_boosting,drive_age_quartile,3,242931,338,56,18930,0.15506940730570953,sufficient
v1.5.4,data/processed/reliability_v1_5_horizon_7d_lookback_7d_dataset.csv,a0635ebba0a310e9ab1cbefb28182c028e9ea6102c57f662ef310deba3414c91,asset_disjoint_stratified_80_20,asset_disjoint,primary_asset_disjoint,unseen_asset_generalization,smart_only_conservative,asset_balanced,hist_gradient_boosting,hist_gradient_boosting,lookback_density_quartile,0,974858,963,216,62005,0.2174610504379721,sufficient
v1.5.4,data/processed/reliability_v1_5_horizon_7d_lookback_7d_dataset.csv,a0635ebba0a310e9ab1cbefb28182c028e9ea6102c57f662ef310deba3414c91,asset_disjoint_stratified_80_20,asset_disjoint,primary_asset_disjoint,unseen_asset_generalization,smart_only_conservative,asset_balanced,hist_gradient_boosting,hist_gradient_boosting,capacity_quartile,0,342363,432,68,23964,0.15656460589756246,sufficient
v1.5.4,data/processed/reliability_v1_5_horizon_7d_lookback_7d_dataset.csv,a0635ebba0a310e9ab1cbefb28182c028e9ea6102c57f662ef310deba3414c91,asset_disjoint_stratified_80_20,asset_disjoint,primary_asset_disjoint,unseen_asset_generalization,smart_only_conservative,asset_balanced,hist_gradient_boosting,hist_gradient_boosting,capacity_quartile,1,451520,412,105,33962,0.21357458265160922,sufficient
v1.5.4,data/processed/reliability_v1_5_horizon_7d_lookback_7d_dataset.csv,a0635ebba0a310e9ab1cbefb28182c028e9ea6102c57f662ef310deba3414c91,asset_disjoint_stratified_80_20,asset_disjoint,primary_asset_disjoint,unseen_asset_generalization,smart_only_conservative,asset_balanced,hist_gradient_boosting,hist_gradient_boosting,capacity_quartile,2,180975,119,43,4079,0.26090981200699565,sufficient
v1.5.4,data/processed/reliability_v1_5_horizon_7d_lookback_7d_dataset.csv,a0635ebba0a310e9ab1cbefb28182c028e9ea6102c57f662ef310deba3414c91,asset_disjoint_stratified_80_20,asset_disjoint,primary_asset_disjoint,unseen_asset_generalization,smart_only_conservative,raw_row,dummy_prior,dummy_prior,all,all,974858,963,0,973895,0.5000000000102458,sufficient
v1.5.4,data/processed/reliability_v1_5_horizon_7d_lookback_7d_dataset.csv,a0635ebba0a310e9ab1cbefb28182c028e9ea6102c57f662ef310deba3414c91,asset_disjoint_stratified_80_20,asset_disjoint,primary_asset_disjoint,unseen_asset_generalization,smart_only_conservative,raw_row,dummy_prior,dummy_prior,model,Hitachi HDS722020ALA330,189158,21,0,189137,0.5000000000102458,sufficient
v1.5.4,data/processed/reliability_v1_5_horizon_7d_lookback_7d_dataset.csv,a0635ebba0a310e9ab1cbefb28182c028e9ea6102c57f662ef310deba3414c91,asset_disjoint_stratified_80_20,asset_disjoint,primary_asset_disjoint,unseen_asset_generalization,smart_only_conservative,raw_row,dummy_prior,dummy_prior,model,ST3000DM001,185660,335,0,185325,0.5000000000102458,sufficient
v1.5.4,data/processed/reliability_v1_5_horizon_7d_lookback_7d_dataset.csv,a0635ebba0a310e9ab1cbefb28182c028e9ea6102c57f662ef310deba3414c91,asset_disjoint_stratified_80_20,asset_disjoint,primary_asset_disjoint,unseen_asset_generalization,smart_only_conservative,raw_row,dummy_prior,dummy_prior,model,Hitachi HDS5C3030ALA630,181020,14,0,181006,0.5000000000102458,sufficient
v1.5.4,data/processed/reliability_v1_5_horizon_7d_lookback_7d_dataset.csv,a0635ebba0a310e9ab1cbefb28182c028e9ea6102c57f662ef310deba3414c91,asset_disjoint_stratified_80_20,asset_disjoint,primary_asset_disjoint,unseen_asset_generalization,smart_only_conservative,raw_row,dummy_prior,dummy_prior,model,Hitachi HDS5C4040ALE630,94763,49,0,94714,0.5000000000102458,sufficient
v1.5.4,data/processed/reliability_v1_5_horizon_7d_lookback_7d_dataset.csv,a0635ebba0a310e9ab1cbefb28182c028e9ea6102c57f662ef310deba3414c91,asset_disjoint_stratified_80_20,asset_disjoint,primary_asset_disjoint,unseen_asset_generalization,smart_only_conservative,raw_row,dummy_prior,dummy_prior,model,ST31500541AS,82264,182,0,82082,0.5000000000102458,sufficient
v1.5.4,data/processed/reliability_v1_5_horizon_7d_lookback_7d_dataset.csv,a0635ebba0a310e9ab1cbefb28182c028e9ea6102c57f662ef310deba3414c91,asset_disjoint_stratified_80_20,asset_disjoint,primary_asset_disjoint,unseen_asset_generalization,smart_only_conservative,raw_row,dummy_prior,dummy_prior,model,ST4000DM000,77522,70,0,77452,0.5000000000102458,sufficient
v1.5.4,data/processed/reliability_v1_5_horizon_7d_lookback_7d_dataset.csv,a0635ebba0a310e9ab1cbefb28182c028e9ea6102c57f662ef310deba3414c91,asset_disjoint_stratified_80_20,asset_disjoint,primary_asset_disjoint,unseen_asset_generalization,smart_only_conservative,raw_row,dummy_prior,dummy_prior,model,Hitachi HDS723030ALA640,42186,14,0,42172,0.5000000000102458,sufficient
v1.5.4,data/processed/reliability_v1_5_horizon_7d_lookback_7d_dataset.csv,a0635ebba0a310e9ab1cbefb28182c028e9ea6102c57f662ef310deba3414c91,asset_disjoint_stratified_80_20,asset_disjoint,primary_asset_disjoint,unseen_asset_generalization,smart_only_conservative,raw_row,dummy_prior,dummy_prior,model,ST31500341AS,25598,119,0,25479,0.5000000000102458,sufficient
v1.5.4,data/processed/reliability_v1_5_horizon_7d_lookback_7d_dataset.csv,a0635ebba0a310e9ab1cbefb28182c028e9ea6102c57f662ef310deba3414c91,asset_disjoint_stratified_80_20,asset_disjoint,primary_asset_disjoint,unseen_asset_generalization,smart_only_conservative,raw_row,dummy_prior,dummy_prior,model,WDC WD30EZRX,21557,14,0,21543,0.5000000000102458,sufficient
v1.5.4,data/processed/reliability_v1_5_horizon_7d_lookback_7d_dataset.csv,a0635ebba0a310e9ab1cbefb28182c028e9ea6102c57f662ef310deba3414c91,asset_disjoint_stratified_80_20,asset_disjoint,primary_asset_disjoint,unseen_asset_generalization,smart_only_conservative,raw_row,dummy_prior,dummy_prior,model,WDC WD10EADS,21157,21,0,21136,0.5000000000102458,sufficient
v1.5.4,data/processed/reliability_v1_5_horizon_7d_lookback_7d_dataset.csv,a0635ebba0a310e9ab1cbefb28182c028e9ea6102c57f662ef310deba3414c91,asset_disjoint_stratified_80_20,asset_disjoint,primary_asset_disjoint,unseen_asset_generalization,smart_only_conservative,raw_row,dummy_prior,dummy_prior,drive_age_quartile,0,244484,264,0,244220,0.5000000000102458,sufficient
v1.5.4,data/processed/reliability_v1_5_horizon_7d_lookback_7d_dataset.csv,a0635ebba0a310e9ab1cbefb28182c028e9ea6102c57f662ef310deba3414c91,asset_disjoint_stratified_80_20,asset_disjoint,primary_asset_disjoint,unseen_asset_generalization,smart_only_conservative,raw_row,dummy_prior,dummy_prior,drive_age_quartile,1,244605,184,0,244421,0.5000000000102458,sufficient
v1.5.4,data/processed/reliability_v1_5_horizon_7d_lookback_7d_dataset.csv,a0635ebba0a310e9ab1cbefb28182c028e9ea6102c57f662ef310deba3414c91,asset_disjoint_stratified_80_20,asset_disjoint,primary_asset_disjoint,unseen_asset_generalization,smart_only_conservative,raw_row,dummy_prior,dummy_prior,drive_age_quartile,2,242838,177,0,242661,0.5000000000102458,sufficient
v1.5.4,data/processed/reliability_v1_5_horizon_7d_lookback_7d_dataset.csv,a0635ebba0a310e9ab1cbefb28182c028e9ea6102c57f662ef310deba3414c91,asset_disjoint_stratified_80_20,asset_disjoint,primary_asset_disjoint,unseen_asset_generalization,smart_only_conservative,raw_row,dummy_prior,dummy_prior,drive_age_quartile,3,242931,338,0,242593,0.5000000000102458,sufficient
v1.5.4,data/processed/reliability_v1_5_horizon_7d_lookback_7d_dataset.csv,a0635ebba0a310e9ab1cbefb28182c028e9ea6102c57f662ef310deba3414c91,asset_disjoint_stratified_80_20,asset_disjoint,primary_asset_disjoint,unseen_asset_generalization,smart_only_conservative,raw_row,dummy_prior,dummy_prior,lookback_density_quartile,0,974858,963,0,973895,0.5000000000102458,sufficient
v1.5.4,data/processed/reliability_v1_5_horizon_7d_lookback_7d_dataset.csv,a0635ebba0a310e9ab1cbefb28182c028e9ea6102c57f662ef310deba3414c91,asset_disjoint_stratified_80_20,asset_disjoint,primary_asset_disjoint,unseen_asset_generalization,smart_only_conservative,raw_row,dummy_prior,dummy_prior,capacity_quartile,0,342363,432,0,341931,0.5000000000102458,sufficient
v1.5.4,data/processed/reliability_v1_5_horizon_7d_lookback_7d_dataset.csv,a0635ebba0a310e9ab1cbefb28182c028e9ea6102c57f662ef310deba3414c91,asset_disjoint_stratified_80_20,asset_disjoint,primary_asset_disjoint,unseen_asset_generalization,smart_only_conservative,raw_row,dummy_prior,dummy_prior,capacity_quartile,1,451520,412,0,451108,0.5000000000102458,sufficient
v1.5.4,data/processed/reliability_v1_5_horizon_7d_lookback_7d_dataset.csv,a0635ebba0a310e9ab1cbefb28182c028e9ea6102c57f662ef310deba3414c91,asset_disjoint_stratified_80_20,asset_disjoint,primary_asset_disjoint,unseen_asset_generalization,smart_only_conservative,raw_row,dummy_prior,dummy_prior,capacity_quartile,2,180975,119,0,180856,0.5000000000102458,sufficient
v1.5.4,data/processed/reliability_v1_5_horizon_7d_lookback_7d_dataset.csv,a0635ebba0a310e9ab1cbefb28182c028e9ea6102c57f662ef310deba3414c91,asset_disjoint_stratified_80_20,asset_disjoint,primary_asset_disjoint,unseen_asset_generalization,smart_only_conservative,raw_row,logistic_regression,logistic_regression,all,all,974858,963,336,184116,0.27687716837550813,sufficient
v1.5.4,data/processed/reliability_v1_5_horizon_7d_lookback_7d_dataset.csv,a0635ebba0a310e9ab1cbefb28182c028e9ea6102c57f662ef310deba3414c91,asset_disjoint_stratified_80_20,asset_disjoint,primary_asset_disjoint,unseen_asset_generalization,smart_only_conservative,raw_row,logistic_regression,logistic_regression,model,Hitachi HDS722020ALA330,189158,21,7,295,0.2092868113735931,sufficient
v1.5.4,data/processed/reliability_v1_5_horizon_7d_lookback_7d_dataset.csv,a0635ebba0a310e9ab1cbefb28182c028e9ea6102c57f662ef310deba3414c91,asset_disjoint_stratified_80_20,asset_disjoint,primary_asset_disjoint,unseen_asset_generalization,smart_only_conservative,raw_row,logistic_regression,logistic_regression,model,ST3000DM001,185660,335,83,68747,0.4713895458826679,sufficient
v1.5.4,data/processed/reliability_v1_5_horizon_7d_lookback_7d_dataset.csv,a0635ebba0a310e9ab1cbefb28182c028e9ea6102c57f662ef310deba3414c91,asset_disjoint_stratified_80_20,asset_disjoint,primary_asset_disjoint,unseen_asset_generalization,smart_only_conservative,raw_row,logistic_regression,logistic_regression,model,Hitachi HDS5C3030ALA630,181020,14,5,356,0.22229853961724183,sufficient
v1.5.4,data/processed/reliability_v1_5_horizon_7d_lookback_7d_dataset.csv,a0635ebba0a310e9ab1cbefb28182c028e9ea6102c57f662ef310deba3414c91,asset_disjoint_stratified_80_20,asset_disjoint,primary_asset_disjoint,unseen_asset_generalization,smart_only_conservative,raw_row,logistic_regression,logistic_regression,model,Hitachi HDS5C4040ALE630,94763,49,35,10,0.2368465656020852,sufficient
v1.5.4,data/processed/reliability_v1_5_horizon_7d_lookback_7d_dataset.csv,a0635ebba0a310e9ab1cbefb28182c028e9ea6102c57f662ef310deba3414c91,asset_disjoint_stratified_80_20,asset_disjoint,primary_asset_disjoint,unseen_asset_generalization,smart_only_conservative,raw_row,logistic_regression,logistic_regression,model,ST31500541AS,82264,182,41,49795,0.5253956884188615,sufficient
v1.5.4,data/processed/reliability_v1_5_horizon_7d_lookback_7d_dataset.csv,a0635ebba0a310e9ab1cbefb28182c028e9ea6102c57f662ef310deba3414c91,asset_disjoint_stratified_80_20,asset_disjoint,primary_asset_disjoint,unseen_asset_generalization,smart_only_conservative,raw_row,logistic_regression,logistic_regression,model,ST4000DM000,77522,70,9,43966,0.514079359906258,sufficient
v1.5.4,data/processed/reliability_v1_5_horizon_7d_lookback_7d_dataset.csv,a0635ebba0a310e9ab1cbefb28182c028e9ea6102c57f662ef310deba3414c91,asset_disjoint_stratified_80_20,asset_disjoint,primary_asset_disjoint,unseen_asset_generalization,smart_only_conservative,raw_row,logistic_regression,logistic_regression,model,Hitachi HDS723030ALA640,42186,14,7,174,0.2187568018826055,sufficient
v1.5.4,data/processed/reliability_v1_5_horizon_7d_lookback_7d_dataset.csv,a0635ebba0a310e9ab1cbefb28182c028e9ea6102c57f662ef310deba3414c91,asset_disjoint_stratified_80_20,asset_disjoint,primary_asset_disjoint,unseen_asset_generalization,smart_only_conservative,raw_row,logistic_regression,logistic_regression,model,ST31500341AS,25598,119,33,10340,0.47539066299984606,sufficient
v1.5.4,data/processed/reliability_v1_5_horizon_7d_lookback_7d_dataset.csv,a0635ebba0a310e9ab1cbefb28182c028e9ea6102c57f662ef310deba3414c91,asset_disjoint_stratified_80_20,asset_disjoint,primary_asset_disjoint,unseen_asset_generalization,smart_only_conservative,raw_row,logistic_regression,logistic_regression,model,WDC WD30EZRX,21557,14,14,40,0.2672182029773486,sufficient
v1.5.4,data/processed/reliability_v1_5_horizon_7d_lookback_7d_dataset.csv,a0635ebba0a310e9ab1cbefb28182c028e9ea6102c57f662ef310deba3414c91,asset_disjoint_stratified_80_20,asset_disjoint,primary_asset_disjoint,unseen_asset_generalization,smart_only_conservative,raw_row,logistic_regression,logistic_regression,model,WDC WD10EADS,21157,21,15,67,0.2430740300426995,sufficient
v1.5.4,data/processed/reliability_v1_5_horizon_7d_lookback_7d_dataset.csv,a0635ebba0a310e9ab1cbefb28182c028e9ea6102c57f662ef310deba3414c91,asset_disjoint_stratified_80_20,asset_disjoint,primary_asset_disjoint,unseen_asset_generalization,smart_only_conservative,raw_row,logistic_regression,logistic_regression,drive_age_quartile,0,244484,264,119,54274,0.31043652012504175,sufficient
v1.5.4,data/processed/reliability_v1_5_horizon_7d_lookback_7d_dataset.csv,a0635ebba0a310e9ab1cbefb28182c028e9ea6102c57f662ef310deba3414c91,asset_disjoint_stratified_80_20,asset_disjoint,primary_asset_disjoint,unseen_asset_generalization,smart_only_conservative,raw_row,logistic_regression,logistic_regression,drive_age_quartile,1,244605,184,62,42332,0.27327183535662186,sufficient
v1.5.4,data/processed/reliability_v1_5_horizon_7d_lookback_7d_dataset.csv,a0635ebba0a310e9ab1cbefb28182c028e9ea6102c57f662ef310deba3414c91,asset_disjoint_stratified_80_20,asset_disjoint,primary_asset_disjoint,unseen_asset_generalization,smart_only_conservative,raw_row,logistic_regression,logistic_regression,drive_age_quartile,2,242838,177,55,48066,0.28318569218969075,sufficient
v1.5.4,data/processed/reliability_v1_5_horizon_7d_lookback_7d_dataset.csv,a0635ebba0a310e9ab1cbefb28182c028e9ea6102c57f662ef310deba3414c91,asset_disjoint_stratified_80_20,asset_disjoint,primary_asset_disjoint,unseen_asset_generalization,smart_only_conservative,raw_row,logistic_regression,logistic_regression,drive_age_quartile,3,242931,338,100,39444,0.2573502269535383,sufficient
v1.5.4,data/processed/reliability_v1_5_horizon_7d_lookback_7d_dataset.csv,a0635ebba0a310e9ab1cbefb28182c028e9ea6102c57f662ef310deba3414c91,asset_disjoint_stratified_80_20,asset_disjoint,primary_asset_disjoint,unseen_asset_generalization,smart_only_conservative,raw_row,logistic_regression,logistic_regression,lookback_density_quartile,0,974858,963,336,184116,0.27687716837550813,sufficient
v1.5.4,data/processed/reliability_v1_5_horizon_7d_lookback_7d_dataset.csv,a0635ebba0a310e9ab1cbefb28182c028e9ea6102c57f662ef310deba3414c91,asset_disjoint_stratified_80_20,asset_disjoint,primary_asset_disjoint,unseen_asset_generalization,smart_only_conservative,raw_row,logistic_regression,logistic_regression,capacity_quartile,0,342363,432,161,67361,0.25338745921059663,sufficient
v1.5.4,data/processed/reliability_v1_5_horizon_7d_lookback_7d_dataset.csv,a0635ebba0a310e9ab1cbefb28182c028e9ea6102c57f662ef310deba3414c91,asset_disjoint_stratified_80_20,asset_disjoint,primary_asset_disjoint,unseen_asset_generalization,smart_only_conservative,raw_row,logistic_regression,logistic_regression,capacity_quartile,1,451520,412,131,72271,0.28772546990278924,sufficient
v1.5.4,data/processed/reliability_v1_5_horizon_7d_lookback_7d_dataset.csv,a0635ebba0a310e9ab1cbefb28182c028e9ea6102c57f662ef310deba3414c91,asset_disjoint_stratified_80_20,asset_disjoint,primary_asset_disjoint,unseen_asset_generalization,smart_only_conservative,raw_row,logistic_regression,logistic_regression,capacity_quartile,2,180975,119,44,44484,0.3040543030095071,sufficient
v1.5.4,data/processed/reliability_v1_5_horizon_7d_lookback_7d_dataset.csv,a0635ebba0a310e9ab1cbefb28182c028e9ea6102c57f662ef310deba3414c91,asset_disjoint_stratified_80_20,asset_disjoint,primary_asset_disjoint,unseen_asset_generalization,smart_only_conservative,raw_row,random_forest,random_forest,all,all,974858,963,266,47035,0.11087267721829057,sufficient
v1.5.4,data/processed/reliability_v1_5_horizon_7d_lookback_7d_dataset.csv,a0635ebba0a310e9ab1cbefb28182c028e9ea6102c57f662ef310deba3414c91,asset_disjoint_stratified_80_20,asset_disjoint,primary_asset_disjoint,unseen_asset_generalization,smart_only_conservative,raw_row,random_forest,random_forest,model,Hitachi HDS722020ALA330,189158,21,2,1056,0.012172712098124832,sufficient
v1.5.4,data/processed/reliability_v1_5_horizon_7d_lookback_7d_dataset.csv,a0635ebba0a310e9ab1cbefb28182c028e9ea6102c57f662ef310deba3414c91,asset_disjoint_stratified_80_20,asset_disjoint,primary_asset_disjoint,unseen_asset_generalization,smart_only_conservative,raw_row,random_forest,random_forest,model,ST3000DM001,185660,335,78,22407,0.3057318773564852,sufficient
v1.5.4,data/processed/reliability_v1_5_horizon_7d_lookback_7d_dataset.csv,a0635ebba0a310e9ab1cbefb28182c028e9ea6102c57f662ef310deba3414c91,asset_disjoint_stratified_80_20,asset_disjoint,primary_asset_disjoint,unseen_asset_generalization,smart_only_conservative,raw_row,random_forest,random_forest,model,Hitachi HDS5C3030ALA630,181020,14,6,757,0.020219682932015665,sufficient
v1.5.4,data/processed/reliability_v1_5_horizon_7d_lookback_7d_dataset.csv,a0635ebba0a310e9ab1cbefb28182c028e9ea6102c57f662ef310deba3414c91,asset_disjoint_stratified_80_20,asset_disjoint,primary_asset_disjoint,unseen_asset_generalization,smart_only_conservative,raw_row,random_forest,random_forest,model,Hitachi HDS5C4040ALE630,94763,49,23,260,0.07403487168476615,sufficient
v1.5.4,data/processed/reliability_v1_5_horizon_7d_lookback_7d_dataset.csv,a0635ebba0a310e9ab1cbefb28182c028e9ea6102c57f662ef310deba3414c91,asset_disjoint_stratified_80_20,asset_disjoint,primary_asset_disjoint,unseen_asset_generalization,smart_only_conservative,raw_row,random_forest,random_forest,model,ST31500541AS,82264,182,31,7668,0.30720508383706396,sufficient
v1.5.4,data/processed/reliability_v1_5_horizon_7d_lookback_7d_dataset.csv,a0635ebba0a310e9ab1cbefb28182c028e9ea6102c57f662ef310deba3414c91,asset_disjoint_stratified_80_20,asset_disjoint,primary_asset_disjoint,unseen_asset_generalization,smart_only_conservative,raw_row,random_forest,random_forest,model,ST4000DM000,77522,70,34,3632,0.31130249307612773,sufficient
v1.5.4,data/processed/reliability_v1_5_horizon_7d_lookback_7d_dataset.csv,a0635ebba0a310e9ab1cbefb28182c028e9ea6102c57f662ef310deba3414c91,asset_disjoint_stratified_80_20,asset_disjoint,primary_asset_disjoint,unseen_asset_generalization,smart_only_conservative,raw_row,random_forest,random_forest,model,Hitachi HDS723030ALA640,42186,14,7,363,0.017278739531721272,sufficient
v1.5.4,data/processed/reliability_v1_5_horizon_7d_lookback_7d_dataset.csv,a0635ebba0a310e9ab1cbefb28182c028e9ea6102c57f662ef310deba3414c91,asset_disjoint_stratified_80_20,asset_disjoint,primary_asset_disjoint,unseen_asset_generalization,smart_only_conservative,raw_row,random_forest,random_forest,model,ST31500341AS,25598,119,35,4727,0.32774992758214244,sufficient
v1.5.4,data/processed/reliability_v1_5_horizon_7d_lookback_7d_dataset.csv,a0635ebba0a310e9ab1cbefb28182c028e9ea6102c57f662ef310deba3414c91,asset_disjoint_stratified_80_20,asset_disjoint,primary_asset_disjoint,unseen_asset_generalization,smart_only_conservative,raw_row,random_forest,random_forest,model,WDC WD30EZRX,21557,14,7,492,0.06972509061942377,sufficient
v1.5.4,data/processed/reliability_v1_5_horizon_7d_lookback_7d_dataset.csv,a0635ebba0a310e9ab1cbefb28182c028e9ea6102c57f662ef310deba3414c91,asset_disjoint_stratified_80_20,asset_disjoint,primary_asset_disjoint,unseen_asset_generalization,smart_only_conservative,raw_row,random_forest,random_forest,model,WDC WD10EADS,21157,21,15,112,0.0798805004016639,sufficient
v1.5.4,data/processed/reliability_v1_5_horizon_7d_lookback_7d_dataset.csv,a0635ebba0a310e9ab1cbefb28182c028e9ea6102c57f662ef310deba3414c91,asset_disjoint_stratified_80_20,asset_disjoint,primary_asset_disjoint,unseen_asset_generalization,smart_only_conservative,raw_row,random_forest,random_forest,drive_age_quartile,0,244484,264,83,11081,0.21625872625872625,sufficient
v1.5.4,data/processed/reliability_v1_5_horizon_7d_lookback_7d_dataset.csv,a0635ebba0a310e9ab1cbefb28182c028e9ea6102c57f662ef310deba3414c91,asset_disjoint_stratified_80_20,asset_disjoint,primary_asset_disjoint,unseen_asset_generalization,smart_only_conservative,raw_row,random_forest,random_forest,drive_age_quartile,1,244605,184,59,9470,0.11087267721829057,sufficient
v1.5.4,data/processed/reliability_v1_5_horizon_7d_lookback_7d_dataset.csv,a0635ebba0a310e9ab1cbefb28182c028e9ea6102c57f662ef310deba3414c91,asset_disjoint_stratified_80_20,asset_disjoint,primary_asset_disjoint,unseen_asset_generalization,smart_only_conservative,raw_row,random_forest,random_forest,drive_age_quartile,2,242838,177,33,11363,0.10655719610570917,sufficient
v1.5.4,data/processed/reliability_v1_5_horizon_7d_lookback_7d_dataset.csv,a0635ebba0a310e9ab1cbefb28182c028e9ea6102c57f662ef310deba3414c91,asset_disjoint_stratified_80_20,asset_disjoint,primary_asset_disjoint,unseen_asset_generalization,smart_only_conservative,raw_row,random_forest,random_forest,drive_age_quartile,3,242931,338,91,15121,0.0595657256951867,sufficient
v1.5.4,data/processed/reliability_v1_5_horizon_7d_lookback_7d_dataset.csv,a0635ebba0a310e9ab1cbefb28182c028e9ea6102c57f662ef310deba3414c91,asset_disjoint_stratified_80_20,asset_disjoint,primary_asset_disjoint,unseen_asset_generalization,smart_only_conservative,raw_row,random_forest,random_forest,lookback_density_quartile,0,974858,963,266,47035,0.11087267721829057,sufficient
v1.5.4,data/processed/reliability_v1_5_horizon_7d_lookback_7d_dataset.csv,a0635ebba0a310e9ab1cbefb28182c028e9ea6102c57f662ef310deba3414c91,asset_disjoint_stratified_80_20,asset_disjoint,primary_asset_disjoint,unseen_asset_generalization,smart_only_conservative,raw_row,random_forest,random_forest,capacity_quartile,0,342363,432,99,17373,0.06055718876022668,sufficient
v1.5.4,data/processed/reliability_v1_5_horizon_7d_lookback_7d_dataset.csv,a0635ebba0a310e9ab1cbefb28182c028e9ea6102c57f662ef310deba3414c91,asset_disjoint_stratified_80_20,asset_disjoint,primary_asset_disjoint,unseen_asset_generalization,smart_only_conservative,raw_row,random_forest,random_forest,capacity_quartile,1,451520,412,110,25401,0.10921863361005867,sufficient
v1.5.4,data/processed/reliability_v1_5_horizon_7d_lookback_7d_dataset.csv,a0635ebba0a310e9ab1cbefb28182c028e9ea6102c57f662ef310deba3414c91,asset_disjoint_stratified_80_20,asset_disjoint,primary_asset_disjoint,unseen_asset_generalization,smart_only_conservative,raw_row,random_forest,random_forest,capacity_quartile,2,180975,119,57,4261,0.2262220137451133,sufficient
v1.5.4,data/processed/reliability_v1_5_horizon_7d_lookback_7d_dataset.csv,a0635ebba0a310e9ab1cbefb28182c028e9ea6102c57f662ef310deba3414c91,asset_disjoint_stratified_80_20,asset_disjoint,primary_asset_disjoint,unseen_asset_generalization,smart_only_conservative,raw_row,hist_gradient_boosting,hist_gradient_boosting,all,all,974858,963,193,86356,0.22954278445433327,sufficient
v1.5.4,data/processed/reliability_v1_5_horizon_7d_lookback_7d_dataset.csv,a0635ebba0a310e9ab1cbefb28182c028e9ea6102c57f662ef310deba3414c91,asset_disjoint_stratified_80_20,asset_disjoint,primary_asset_disjoint,unseen_asset_generalization,smart_only_conservative,raw_row,hist_gradient_boosting,hist_gradient_boosting,model,Hitachi HDS722020ALA330,189158,21,0,5618,0.11762832310219108,sufficient
v1.5.4,data/processed/reliability_v1_5_horizon_7d_lookback_7d_dataset.csv,a0635ebba0a310e9ab1cbefb28182c028e9ea6102c57f662ef310deba3414c91,asset_disjoint_stratified_80_20,asset_disjoint,primary_asset_disjoint,unseen_asset_generalization,smart_only_conservative,raw_row,hist_gradient_boosting,hist_gradient_boosting,model,ST3000DM001,185660,335,76,32265,0.35197907381973287,sufficient
v1.5.4,data/processed/reliability_v1_5_horizon_7d_lookback_7d_dataset.csv,a0635ebba0a310e9ab1cbefb28182c028e9ea6102c57f662ef310deba3414c91,asset_disjoint_stratified_80_20,asset_disjoint,primary_asset_disjoint,unseen_asset_generalization,smart_only_conservative,raw_row,hist_gradient_boosting,hist_gradient_boosting,model,Hitachi HDS5C3030ALA630,181020,14,6,3543,0.11762832310219108,sufficient
v1.5.4,data/processed/reliability_v1_5_horizon_7d_lookback_7d_dataset.csv,a0635ebba0a310e9ab1cbefb28182c028e9ea6102c57f662ef310deba3414c91,asset_disjoint_stratified_80_20,asset_disjoint,primary_asset_disjoint,unseen_asset_generalization,smart_only_conservative,raw_row,hist_gradient_boosting,hist_gradient_boosting,model,Hitachi HDS5C4040ALE630,94763,49,15,576,0.1956162841333494,sufficient
v1.5.4,data/processed/reliability_v1_5_horizon_7d_lookback_7d_dataset.csv,a0635ebba0a310e9ab1cbefb28182c028e9ea6102c57f662ef310deba3414c91,asset_disjoint_stratified_80_20,asset_disjoint,primary_asset_disjoint,unseen_asset_generalization,smart_only_conservative,raw_row,hist_gradient_boosting,hist_gradient_boosting,model,ST31500541AS,82264,182,27,10941,0.3458617752989863,sufficient
v1.5.4,data/processed/reliability_v1_5_horizon_7d_lookback_7d_dataset.csv,a0635ebba0a310e9ab1cbefb28182c028e9ea6102c57f662ef310deba3414c91,asset_disjoint_stratified_80_20,asset_disjoint,primary_asset_disjoint,unseen_asset_generalization,smart_only_conservative,raw_row,hist_gradient_boosting,hist_gradient_boosting,model,ST4000DM000,77522,70,31,6461,0.3633696169574178,sufficient
v1.5.4,data/processed/reliability_v1_5_horizon_7d_lookback_7d_dataset.csv,a0635ebba0a310e9ab1cbefb28182c028e9ea6102c57f662ef310deba3414c91,asset_disjoint_stratified_80_20,asset_disjoint,primary_asset_disjoint,unseen_asset_generalization,smart_only_conservative,raw_row,hist_gradient_boosting,hist_gradient_boosting,model,Hitachi HDS723030ALA640,42186,14,7,2093,0.11762832310219108,sufficient
v1.5.4,data/processed/reliability_v1_5_horizon_7d_lookback_7d_dataset.csv,a0635ebba0a310e9ab1cbefb28182c028e9ea6102c57f662ef310deba3414c91,asset_disjoint_stratified_80_20,asset_disjoint,primary_asset_disjoint,unseen_asset_generalization,smart_only_conservative,raw_row,hist_gradient_boosting,hist_gradient_boosting,model,ST31500341AS,25598,119,8,8489,0.3688213265123049,sufficient
v1.5.4,data/processed/reliability_v1_5_horizon_7d_lookback_7d_dataset.csv,a0635ebba0a310e9ab1cbefb28182c028e9ea6102c57f662ef310deba3414c91,asset_disjoint_stratified_80_20,asset_disjoint,primary_asset_disjoint,unseen_asset_generalization,smart_only_conservative,raw_row,hist_gradient_boosting,hist_gradient_boosting,model,WDC WD30EZRX,21557,14,0,7255,0.1833636607619238,sufficient
v1.5.4,data/processed/reliability_v1_5_horizon_7d_lookback_7d_dataset.csv,a0635ebba0a310e9ab1cbefb28182c028e9ea6102c57f662ef310deba3414c91,asset_disjoint_stratified_80_20,asset_disjoint,primary_asset_disjoint,unseen_asset_generalization,smart_only_conservative,raw_row,hist_gradient_boosting,hist_gradient_boosting,model,WDC WD10EADS,21157,21,7,877,0.11762832310219108,sufficient
v1.5.4,data/processed/reliability_v1_5_horizon_7d_lookback_7d_dataset.csv,a0635ebba0a310e9ab1cbefb28182c028e9ea6102c57f662ef310deba3414c91,asset_disjoint_stratified_80_20,asset_disjoint,primary_asset_disjoint,unseen_asset_generalization,smart_only_conservative,raw_row,hist_gradient_boosting,hist_gradient_boosting,drive_age_quartile,0,244484,264,71,22338,0.313165997197106,sufficient
v1.5.4,data/processed/reliability_v1_5_horizon_7d_lookback_7d_dataset.csv,a0635ebba0a310e9ab1cbefb28182c028e9ea6102c57f662ef310deba3414c91,asset_disjoint_stratified_80_20,asset_disjoint,primary_asset_disjoint,unseen_asset_generalization,smart_only_conservative,raw_row,hist_gradient_boosting,hist_gradient_boosting,drive_age_quartile,1,244605,184,52,18885,0.23625802696824255,sufficient
v1.5.4,data/processed/reliability_v1_5_horizon_7d_lookback_7d_dataset.csv,a0635ebba0a310e9ab1cbefb28182c028e9ea6102c57f662ef310deba3414c91,asset_disjoint_stratified_80_20,asset_disjoint,primary_asset_disjoint,unseen_asset_generalization,smart_only_conservative,raw_row,hist_gradient_boosting,hist_gradient_boosting,drive_age_quartile,2,242838,177,22,21405,0.19823408245825805,sufficient
v1.5.4,data/processed/reliability_v1_5_horizon_7d_lookback_7d_dataset.csv,a0635ebba0a310e9ab1cbefb28182c028e9ea6102c57f662ef310deba3414c91,asset_disjoint_stratified_80_20,asset_disjoint,primary_asset_disjoint,unseen_asset_generalization,smart_only_conservative,raw_row,hist_gradient_boosting,hist_gradient_boosting,drive_age_quartile,3,242931,338,48,23728,0.1833636607619238,sufficient
v1.5.4,data/processed/reliability_v1_5_horizon_7d_lookback_7d_dataset.csv,a0635ebba0a310e9ab1cbefb28182c028e9ea6102c57f662ef310deba3414c91,asset_disjoint_stratified_80_20,asset_disjoint,primary_asset_disjoint,unseen_asset_generalization,smart_only_conservative,raw_row,hist_gradient_boosting,hist_gradient_boosting,lookback_density_quartile,0,974858,963,193,86356,0.22954278445433327,sufficient
v1.5.4,data/processed/reliability_v1_5_horizon_7d_lookback_7d_dataset.csv,a0635ebba0a310e9ab1cbefb28182c028e9ea6102c57f662ef310deba3414c91,asset_disjoint_stratified_80_20,asset_disjoint,primary_asset_disjoint,unseen_asset_generalization,smart_only_conservative,raw_row,hist_gradient_boosting,hist_gradient_boosting,capacity_quartile,0,342363,432,47,31413,0.1833636607619238,sufficient
v1.5.4,data/processed/reliability_v1_5_horizon_7d_lookback_7d_dataset.csv,a0635ebba0a310e9ab1cbefb28182c028e9ea6102c57f662ef310deba3414c91,asset_disjoint_stratified_80_20,asset_disjoint,primary_asset_disjoint,unseen_asset_generalization,smart_only_conservative,raw_row,hist_gradient_boosting,hist_gradient_boosting,capacity_quartile,1,451520,412,100,46572,0.21986219498540507,sufficient
v1.5.4,data/processed/reliability_v1_5_horizon_7d_lookback_7d_dataset.csv,a0635ebba0a310e9ab1cbefb28182c028e9ea6102c57f662ef310deba3414c91,asset_disjoint_stratified_80_20,asset_disjoint,primary_asset_disjoint,unseen_asset_generalization,smart_only_conservative,raw_row,hist_gradient_boosting,hist_gradient_boosting,capacity_quartile,2,180975,119,46,8371,0.2938052141423627,sufficient
v1.5.4,data/processed/reliability_v1_5_horizon_7d_lookback_7d_dataset.csv,a0635ebba0a310e9ab1cbefb28182c028e9ea6102c57f662ef310deba3414c91,asset_disjoint_stratified_80_20,asset_disjoint,primary_asset_disjoint,unseen_asset_generalization,smart_plus_safe_operational_metadata,asset_balanced,dummy_prior,dummy_prior,all,all,974858,963,0,973895,0.7963968668951483,sufficient
v1.5.4,data/processed/reliability_v1_5_horizon_7d_lookback_7d_dataset.csv,a0635ebba0a310e9ab1cbefb28182c028e9ea6102c57f662ef310deba3414c91,asset_disjoint_stratified_80_20,asset_disjoint,primary_asset_disjoint,unseen_asset_generalization,smart_plus_safe_operational_metadata,asset_balanced,dummy_prior,dummy_prior,model,Hitachi HDS722020ALA330,189158,21,0,189137,0.7963968668951483,sufficient
v1.5.4,data/processed/reliability_v1_5_horizon_7d_lookback_7d_dataset.csv,a0635ebba0a310e9ab1cbefb28182c028e9ea6102c57f662ef310deba3414c91,asset_disjoint_stratified_80_20,asset_disjoint,primary_asset_disjoint,unseen_asset_generalization,smart_plus_safe_operational_metadata,asset_balanced,dummy_prior,dummy_prior,model,ST3000DM001,185660,335,0,185325,0.7963968668951483,sufficient
v1.5.4,data/processed/reliability_v1_5_horizon_7d_lookback_7d_dataset.csv,a0635ebba0a310e9ab1cbefb28182c028e9ea6102c57f662ef310deba3414c91,asset_disjoint_stratified_80_20,asset_disjoint,primary_asset_disjoint,unseen_asset_generalization,smart_plus_safe_operational_metadata,asset_balanced,dummy_prior,dummy_prior,model,Hitachi HDS5C3030ALA630,181020,14,0,181006,0.7963968668951483,sufficient
v1.5.4,data/processed/reliability_v1_5_horizon_7d_lookback_7d_dataset.csv,a0635ebba0a310e9ab1cbefb28182c028e9ea6102c57f662ef310deba3414c91,asset_disjoint_stratified_80_20,asset_disjoint,primary_asset_disjoint,unseen_asset_generalization,smart_plus_safe_operational_metadata,asset_balanced,dummy_prior,dummy_prior,model,Hitachi HDS5C4040ALE630,94763,49,0,94714,0.7963968668951483,sufficient
v1.5.4,data/processed/reliability_v1_5_horizon_7d_lookback_7d_dataset.csv,a0635ebba0a310e9ab1cbefb28182c028e9ea6102c57f662ef310deba3414c91,asset_disjoint_stratified_80_20,asset_disjoint,primary_asset_disjoint,unseen_asset_generalization,smart_plus_safe_operational_metadata,asset_balanced,dummy_prior,dummy_prior,model,ST31500541AS,82264,182,0,82082,0.7963968668951483,sufficient
v1.5.4,data/processed/reliability_v1_5_horizon_7d_lookback_7d_dataset.csv,a0635ebba0a310e9ab1cbefb28182c028e9ea6102c57f662ef310deba3414c91,asset_disjoint_stratified_80_20,asset_disjoint,primary_asset_disjoint,unseen_asset_generalization,smart_plus_safe_operational_metadata,asset_balanced,dummy_prior,dummy_prior,model,ST4000DM000,77522,70,0,77452,0.7963968668951483,sufficient
v1.5.4,data/processed/reliability_v1_5_horizon_7d_lookback_7d_dataset.csv,a0635ebba0a310e9ab1cbefb28182c028e9ea6102c57f662ef310deba3414c91,asset_disjoint_stratified_80_20,asset_disjoint,primary_asset_disjoint,unseen_asset_generalization,smart_plus_safe_operational_metadata,asset_balanced,dummy_prior,dummy_prior,model,Hitachi HDS723030ALA640,42186,14,0,42172,0.7963968668951483,sufficient
v1.5.4,data/processed/reliability_v1_5_horizon_7d_lookback_7d_dataset.csv,a0635ebba0a310e9ab1cbefb28182c028e9ea6102c57f662ef310deba3414c91,asset_disjoint_stratified_80_20,asset_disjoint,primary_asset_disjoint,unseen_asset_generalization,smart_plus_safe_operational_metadata,asset_balanced,dummy_prior,dummy_prior,model,ST31500341AS,25598,119,0,25479,0.7963968668951483,sufficient
v1.5.4,data/processed/reliability_v1_5_horizon_7d_lookback_7d_dataset.csv,a0635ebba0a310e9ab1cbefb28182c028e9ea6102c57f662ef310deba3414c91,asset_disjoint_stratified_80_20,asset_disjoint,primary_asset_disjoint,unseen_asset_generalization,smart_plus_safe_operational_metadata,asset_balanced,dummy_prior,dummy_prior,model,WDC WD30EZRX,21557,14,0,21543,0.7963968668951483,sufficient
v1.5.4,data/processed/reliability_v1_5_horizon_7d_lookback_7d_dataset.csv,a0635ebba0a310e9ab1cbefb28182c028e9ea6102c57f662ef310deba3414c91,asset_disjoint_stratified_80_20,asset_disjoint,primary_asset_disjoint,unseen_asset_generalization,smart_plus_safe_operational_metadata,asset_balanced,dummy_prior,dummy_prior,model,WDC WD10EADS,21157,21,0,21136,0.7963968668951483,sufficient
v1.5.4,data/processed/reliability_v1_5_horizon_7d_lookback_7d_dataset.csv,a0635ebba0a310e9ab1cbefb28182c028e9ea6102c57f662ef310deba3414c91,asset_disjoint_stratified_80_20,asset_disjoint,primary_asset_disjoint,unseen_asset_generalization,smart_plus_safe_operational_metadata,asset_balanced,dummy_prior,dummy_prior,drive_age_quartile,0,244484,264,0,244220,0.7963968668951483,sufficient
v1.5.4,data/processed/reliability_v1_5_horizon_7d_lookback_7d_dataset.csv,a0635ebba0a310e9ab1cbefb28182c028e9ea6102c57f662ef310deba3414c91,asset_disjoint_stratified_80_20,asset_disjoint,primary_asset_disjoint,unseen_asset_generalization,smart_plus_safe_operational_metadata,asset_balanced,dummy_prior,dummy_prior,drive_age_quartile,1,244605,184,0,244421,0.7963968668951483,sufficient
v1.5.4,data/processed/reliability_v1_5_horizon_7d_lookback_7d_dataset.csv,a0635ebba0a310e9ab1cbefb28182c028e9ea6102c57f662ef310deba3414c91,asset_disjoint_stratified_80_20,asset_disjoint,primary_asset_disjoint,unseen_asset_generalization,smart_plus_safe_operational_metadata,asset_balanced,dummy_prior,dummy_prior,drive_age_quartile,2,242838,177,0,242661,0.7963968668951483,sufficient
v1.5.4,data/processed/reliability_v1_5_horizon_7d_lookback_7d_dataset.csv,a0635ebba0a310e9ab1cbefb28182c028e9ea6102c57f662ef310deba3414c91,asset_disjoint_stratified_80_20,asset_disjoint,primary_asset_disjoint,unseen_asset_generalization,smart_plus_safe_operational_metadata,asset_balanced,dummy_prior,dummy_prior,drive_age_quartile,3,242931,338,0,242593,0.7963968668951483,sufficient
v1.5.4,data/processed/reliability_v1_5_horizon_7d_lookback_7d_dataset.csv,a0635ebba0a310e9ab1cbefb28182c028e9ea6102c57f662ef310deba3414c91,asset_disjoint_stratified_80_20,asset_disjoint,primary_asset_disjoint,unseen_asset_generalization,smart_plus_safe_operational_metadata,asset_balanced,dummy_prior,dummy_prior,lookback_density_quartile,0,974858,963,0,973895,0.7963968668951483,sufficient
v1.5.4,data/processed/reliability_v1_5_horizon_7d_lookback_7d_dataset.csv,a0635ebba0a310e9ab1cbefb28182c028e9ea6102c57f662ef310deba3414c91,asset_disjoint_stratified_80_20,asset_disjoint,primary_asset_disjoint,unseen_asset_generalization,smart_plus_safe_operational_metadata,asset_balanced,dummy_prior,dummy_prior,capacity_quartile,0,342363,432,0,341931,0.7963968668951483,sufficient
v1.5.4,data/processed/reliability_v1_5_horizon_7d_lookback_7d_dataset.csv,a0635ebba0a310e9ab1cbefb28182c028e9ea6102c57f662ef310deba3414c91,asset_disjoint_stratified_80_20,asset_disjoint,primary_asset_disjoint,unseen_asset_generalization,smart_plus_safe_operational_metadata,asset_balanced,dummy_prior,dummy_prior,capacity_quartile,1,451520,412,0,451108,0.7963968668951483,sufficient
v1.5.4,data/processed/reliability_v1_5_horizon_7d_lookback_7d_dataset.csv,a0635ebba0a310e9ab1cbefb28182c028e9ea6102c57f662ef310deba3414c91,asset_disjoint_stratified_80_20,asset_disjoint,primary_asset_disjoint,unseen_asset_generalization,smart_plus_safe_operational_metadata,asset_balanced,dummy_prior,dummy_prior,capacity_quartile,2,180975,119,0,180856,0.7963968668951483,sufficient
v1.5.4,data/processed/reliability_v1_5_horizon_7d_lookback_7d_dataset.csv,a0635ebba0a310e9ab1cbefb28182c028e9ea6102c57f662ef310deba3414c91,asset_disjoint_stratified_80_20,asset_disjoint,primary_asset_disjoint,unseen_asset_generalization,smart_plus_safe_operational_metadata,asset_balanced,logistic_regression,logistic_regression,all,all,974858,963,274,167961,0.21570665249613846,sufficient
v1.5.4,data/processed/reliability_v1_5_horizon_7d_lookback_7d_dataset.csv,a0635ebba0a310e9ab1cbefb28182c028e9ea6102c57f662ef310deba3414c91,asset_disjoint_stratified_80_20,asset_disjoint,primary_asset_disjoint,unseen_asset_generalization,smart_plus_safe_operational_metadata,asset_balanced,logistic_regression,logistic_regression,model,Hitachi HDS722020ALA330,189158,21,14,191,0.13537374251305612,sufficient
v1.5.4,data/processed/reliability_v1_5_horizon_7d_lookback_7d_dataset.csv,a0635ebba0a310e9ab1cbefb28182c028e9ea6102c57f662ef310deba3414c91,asset_disjoint_stratified_80_20,asset_disjoint,primary_asset_disjoint,unseen_asset_generalization,smart_plus_safe_operational_metadata,asset_balanced,logistic_regression,logistic_regression,model,ST3000DM001,185660,335,70,75082,0.47780555323665996,sufficient
v1.5.4,data/processed/reliability_v1_5_horizon_7d_lookback_7d_dataset.csv,a0635ebba0a310e9ab1cbefb28182c028e9ea6102c57f662ef310deba3414c91,asset_disjoint_stratified_80_20,asset_disjoint,primary_asset_disjoint,unseen_asset_generalization,smart_plus_safe_operational_metadata,asset_balanced,logistic_regression,logistic_regression,model,Hitachi HDS5C3030ALA630,181020,14,7,393,0.11320393238859644,sufficient
v1.5.4,data/processed/reliability_v1_5_horizon_7d_lookback_7d_dataset.csv,a0635ebba0a310e9ab1cbefb28182c028e9ea6102c57f662ef310deba3414c91,asset_disjoint_stratified_80_20,asset_disjoint,primary_asset_disjoint,unseen_asset_generalization,smart_plus_safe_operational_metadata,asset_balanced,logistic_regression,logistic_regression,model,Hitachi HDS5C4040ALE630,94763,49,39,67,0.18776991333710702,sufficient
v1.5.4,data/processed/reliability_v1_5_horizon_7d_lookback_7d_dataset.csv,a0635ebba0a310e9ab1cbefb28182c028e9ea6102c57f662ef310deba3414c91,asset_disjoint_stratified_80_20,asset_disjoint,primary_asset_disjoint,unseen_asset_generalization,smart_plus_safe_operational_metadata,asset_balanced,logistic_regression,logistic_regression,model,ST31500541AS,82264,182,38,45846,0.5127929040916598,sufficient
v1.5.4,data/processed/reliability_v1_5_horizon_7d_lookback_7d_dataset.csv,a0635ebba0a310e9ab1cbefb28182c028e9ea6102c57f662ef310deba3414c91,asset_disjoint_stratified_80_20,asset_disjoint,primary_asset_disjoint,unseen_asset_generalization,smart_plus_safe_operational_metadata,asset_balanced,logistic_regression,logistic_regression,model,ST4000DM000,77522,70,45,957,0.2451925093744775,sufficient
v1.5.4,data/processed/reliability_v1_5_horizon_7d_lookback_7d_dataset.csv,a0635ebba0a310e9ab1cbefb28182c028e9ea6102c57f662ef310deba3414c91,asset_disjoint_stratified_80_20,asset_disjoint,primary_asset_disjoint,unseen_asset_generalization,smart_plus_safe_operational_metadata,asset_balanced,logistic_regression,logistic_regression,model,Hitachi HDS723030ALA640,42186,14,11,20,0.10576935451614519,sufficient
v1.5.4,data/processed/reliability_v1_5_horizon_7d_lookback_7d_dataset.csv,a0635ebba0a310e9ab1cbefb28182c028e9ea6102c57f662ef310deba3414c91,asset_disjoint_stratified_80_20,asset_disjoint,primary_asset_disjoint,unseen_asset_generalization,smart_plus_safe_operational_metadata,asset_balanced,logistic_regression,logistic_regression,model,ST31500341AS,25598,119,1,24836,0.6845659499711478,sufficient
v1.5.4,data/processed/reliability_v1_5_horizon_7d_lookback_7d_dataset.csv,a0635ebba0a310e9ab1cbefb28182c028e9ea6102c57f662ef310deba3414c91,asset_disjoint_stratified_80_20,asset_disjoint,primary_asset_disjoint,unseen_asset_generalization,smart_plus_safe_operational_metadata,asset_balanced,logistic_regression,logistic_regression,model,WDC WD30EZRX,21557,14,14,2299,0.3874650748677874,sufficient
v1.5.4,data/processed/reliability_v1_5_horizon_7d_lookback_7d_dataset.csv,a0635ebba0a310e9ab1cbefb28182c028e9ea6102c57f662ef310deba3414c91,asset_disjoint_stratified_80_20,asset_disjoint,primary_asset_disjoint,unseen_asset_generalization,smart_plus_safe_operational_metadata,asset_balanced,logistic_regression,logistic_regression,model,WDC WD10EADS,21157,21,11,2081,0.3505237579047691,sufficient
v1.5.4,data/processed/reliability_v1_5_horizon_7d_lookback_7d_dataset.csv,a0635ebba0a310e9ab1cbefb28182c028e9ea6102c57f662ef310deba3414c91,asset_disjoint_stratified_80_20,asset_disjoint,primary_asset_disjoint,unseen_asset_generalization,smart_plus_safe_operational_metadata,asset_balanced,logistic_regression,logistic_regression,drive_age_quartile,0,244484,264,67,67117,0.2599583971128827,sufficient
v1.5.4,data/processed/reliability_v1_5_horizon_7d_lookback_7d_dataset.csv,a0635ebba0a310e9ab1cbefb28182c028e9ea6102c57f662ef310deba3414c91,asset_disjoint_stratified_80_20,asset_disjoint,primary_asset_disjoint,unseen_asset_generalization,smart_plus_safe_operational_metadata,asset_balanced,logistic_regression,logistic_regression,drive_age_quartile,1,244605,184,48,45458,0.21374001119277944,sufficient
v1.5.4,data/processed/reliability_v1_5_horizon_7d_lookback_7d_dataset.csv,a0635ebba0a310e9ab1cbefb28182c028e9ea6102c57f662ef310deba3414c91,asset_disjoint_stratified_80_20,asset_disjoint,primary_asset_disjoint,unseen_asset_generalization,smart_plus_safe_operational_metadata,asset_balanced,logistic_regression,logistic_regression,drive_age_quartile,2,242838,177,39,30519,0.19420588762660146,sufficient
v1.5.4,data/processed/reliability_v1_5_horizon_7d_lookback_7d_dataset.csv,a0635ebba0a310e9ab1cbefb28182c028e9ea6102c57f662ef310deba3414c91,asset_disjoint_stratified_80_20,asset_disjoint,primary_asset_disjoint,unseen_asset_generalization,smart_plus_safe_operational_metadata,asset_balanced,logistic_regression,logistic_regression,drive_age_quartile,3,242931,338,120,24867,0.15496261138024073,sufficient
v1.5.4,data/processed/reliability_v1_5_horizon_7d_lookback_7d_dataset.csv,a0635ebba0a310e9ab1cbefb28182c028e9ea6102c57f662ef310deba3414c91,asset_disjoint_stratified_80_20,asset_disjoint,primary_asset_disjoint,unseen_asset_generalization,smart_plus_safe_operational_metadata,asset_balanced,logistic_regression,logistic_regression,lookback_density_quartile,0,974858,963,274,167961,0.21570665249613846,sufficient
v1.5.4,data/processed/reliability_v1_5_horizon_7d_lookback_7d_dataset.csv,a0635ebba0a310e9ab1cbefb28182c028e9ea6102c57f662ef310deba3414c91,asset_disjoint_stratified_80_20,asset_disjoint,primary_asset_disjoint,unseen_asset_generalization,smart_plus_safe_operational_metadata,asset_balanced,logistic_regression,logistic_regression,capacity_quartile,0,342363,432,64,82411,0.1958811011822272,sufficient
v1.5.4,data/processed/reliability_v1_5_horizon_7d_lookback_7d_dataset.csv,a0635ebba0a310e9ab1cbefb28182c028e9ea6102c57f662ef310deba3414c91,asset_disjoint_stratified_80_20,asset_disjoint,primary_asset_disjoint,unseen_asset_generalization,smart_plus_safe_operational_metadata,asset_balanced,logistic_regression,logistic_regression,capacity_quartile,1,451520,412,126,84274,0.26191753857661504,sufficient
v1.5.4,data/processed/reliability_v1_5_horizon_7d_lookback_7d_dataset.csv,a0635ebba0a310e9ab1cbefb28182c028e9ea6102c57f662ef310deba3414c91,asset_disjoint_stratified_80_20,asset_disjoint,primary_asset_disjoint,unseen_asset_generalization,smart_plus_safe_operational_metadata,asset_balanced,logistic_regression,logistic_regression,capacity_quartile,2,180975,119,84,1276,0.21518776196681946,sufficient
v1.5.4,data/processed/reliability_v1_5_horizon_7d_lookback_7d_dataset.csv,a0635ebba0a310e9ab1cbefb28182c028e9ea6102c57f662ef310deba3414c91,asset_disjoint_stratified_80_20,asset_disjoint,primary_asset_disjoint,unseen_asset_generalization,smart_plus_safe_operational_metadata,asset_balanced,random_forest,random_forest,all,all,974858,963,252,26645,0.08955867182938847,sufficient
v1.5.4,data/processed/reliability_v1_5_horizon_7d_lookback_7d_dataset.csv,a0635ebba0a310e9ab1cbefb28182c028e9ea6102c57f662ef310deba3414c91,asset_disjoint_stratified_80_20,asset_disjoint,primary_asset_disjoint,unseen_asset_generalization,smart_plus_safe_operational_metadata,asset_balanced,random_forest,random_forest,model,Hitachi HDS722020ALA330,189158,21,7,608,0.026735733946198565,sufficient
v1.5.4,data/processed/reliability_v1_5_horizon_7d_lookback_7d_dataset.csv,a0635ebba0a310e9ab1cbefb28182c028e9ea6102c57f662ef310deba3414c91,asset_disjoint_stratified_80_20,asset_disjoint,primary_asset_disjoint,unseen_asset_generalization,smart_plus_safe_operational_metadata,asset_balanced,random_forest,random_forest,model,ST3000DM001,185660,335,86,12998,0.2463417411116179,sufficient
v1.5.4,data/processed/reliability_v1_5_horizon_7d_lookback_7d_dataset.csv,a0635ebba0a310e9ab1cbefb28182c028e9ea6102c57f662ef310deba3414c91,asset_disjoint_stratified_80_20,asset_disjoint,primary_asset_disjoint,unseen_asset_generalization,smart_plus_safe_operational_metadata,asset_balanced,random_forest,random_forest,model,Hitachi HDS5C3030ALA630,181020,14,3,505,0.030015604198935602,sufficient
v1.5.4,data/processed/reliability_v1_5_horizon_7d_lookback_7d_dataset.csv,a0635ebba0a310e9ab1cbefb28182c028e9ea6102c57f662ef310deba3414c91,asset_disjoint_stratified_80_20,asset_disjoint,primary_asset_disjoint,unseen_asset_generalization,smart_plus_safe_operational_metadata,asset_balanced,random_forest,random_forest,model,Hitachi HDS5C4040ALE630,94763,49,19,201,0.055050346338705376,sufficient
v1.5.4,data/processed/reliability_v1_5_horizon_7d_lookback_7d_dataset.csv,a0635ebba0a310e9ab1cbefb28182c028e9ea6102c57f662ef310deba3414c91,asset_disjoint_stratified_80_20,asset_disjoint,primary_asset_disjoint,unseen_asset_generalization,smart_plus_safe_operational_metadata,asset_balanced,random_forest,random_forest,model,ST31500541AS,82264,182,30,3747,0.26160024824835376,sufficient
v1.5.4,data/processed/reliability_v1_5_horizon_7d_lookback_7d_dataset.csv,a0635ebba0a310e9ab1cbefb28182c028e9ea6102c57f662ef310deba3414c91,asset_disjoint_stratified_80_20,asset_disjoint,primary_asset_disjoint,unseen_asset_generalization,smart_plus_safe_operational_metadata,asset_balanced,random_forest,random_forest,model,ST4000DM000,77522,70,41,673,0.14464501762302343,sufficient
v1.5.4,data/processed/reliability_v1_5_horizon_7d_lookback_7d_dataset.csv,a0635ebba0a310e9ab1cbefb28182c028e9ea6102c57f662ef310deba3414c91,asset_disjoint_stratified_80_20,asset_disjoint,primary_asset_disjoint,unseen_asset_generalization,smart_plus_safe_operational_metadata,asset_balanced,random_forest,random_forest,model,Hitachi HDS723030ALA640,42186,14,7,314,0.030713421730871632,sufficient
v1.5.4,data/processed/reliability_v1_5_horizon_7d_lookback_7d_dataset.csv,a0635ebba0a310e9ab1cbefb28182c028e9ea6102c57f662ef310deba3414c91,asset_disjoint_stratified_80_20,asset_disjoint,primary_asset_disjoint,unseen_asset_generalization,smart_plus_safe_operational_metadata,asset_balanced,random_forest,random_forest,model,ST31500341AS,25598,119,20,3610,0.2749542771125269,sufficient
v1.5.4,data/processed/reliability_v1_5_horizon_7d_lookback_7d_dataset.csv,a0635ebba0a310e9ab1cbefb28182c028e9ea6102c57f662ef310deba3414c91,asset_disjoint_stratified_80_20,asset_disjoint,primary_asset_disjoint,unseen_asset_generalization,smart_plus_safe_operational_metadata,asset_balanced,random_forest,random_forest,model,WDC WD30EZRX,21557,14,7,183,0.12142817963176267,sufficient
v1.5.4,data/processed/reliability_v1_5_horizon_7d_lookback_7d_dataset.csv,a0635ebba0a310e9ab1cbefb28182c028e9ea6102c57f662ef310deba3414c91,asset_disjoint_stratified_80_20,asset_disjoint,primary_asset_disjoint,unseen_asset_generalization,smart_plus_safe_operational_metadata,asset_balanced,random_forest,random_forest,model,WDC WD10EADS,21157,21,15,78,0.05467925484967418,sufficient
v1.5.4,data/processed/reliability_v1_5_horizon_7d_lookback_7d_dataset.csv,a0635ebba0a310e9ab1cbefb28182c028e9ea6102c57f662ef310deba3414c91,asset_disjoint_stratified_80_20,asset_disjoint,primary_asset_disjoint,unseen_asset_generalization,smart_plus_safe_operational_metadata,asset_balanced,random_forest,random_forest,drive_age_quartile,0,244484,264,104,5752,0.13267533343402801,sufficient
v1.5.4,data/processed/reliability_v1_5_horizon_7d_lookback_7d_dataset.csv,a0635ebba0a310e9ab1cbefb28182c028e9ea6102c57f662ef310deba3414c91,asset_disjoint_stratified_80_20,asset_disjoint,primary_asset_disjoint,unseen_asset_generalization,smart_plus_safe_operational_metadata,asset_balanced,random_forest,random_forest,drive_age_quartile,1,244605,184,47,5949,0.09127169079776709,sufficient
v1.5.4,data/processed/reliability_v1_5_horizon_7d_lookback_7d_dataset.csv,a0635ebba0a310e9ab1cbefb28182c028e9ea6102c57f662ef310deba3414c91,asset_disjoint_stratified_80_20,asset_disjoint,primary_asset_disjoint,unseen_asset_generalization,smart_plus_safe_operational_metadata,asset_balanced,random_forest,random_forest,drive_age_quartile,2,242838,177,36,6712,0.07976826989136318,sufficient
v1.5.4,data/processed/reliability_v1_5_horizon_7d_lookback_7d_dataset.csv,a0635ebba0a310e9ab1cbefb28182c028e9ea6102c57f662ef310deba3414c91,asset_disjoint_stratified_80_20,asset_disjoint,primary_asset_disjoint,unseen_asset_generalization,smart_plus_safe_operational_metadata,asset_balanced,random_forest,random_forest,drive_age_quartile,3,242931,338,65,8232,0.055991212682250324,sufficient
v1.5.4,data/processed/reliability_v1_5_horizon_7d_lookback_7d_dataset.csv,a0635ebba0a310e9ab1cbefb28182c028e9ea6102c57f662ef310deba3414c91,asset_disjoint_stratified_80_20,asset_disjoint,primary_asset_disjoint,unseen_asset_generalization,smart_plus_safe_operational_metadata,asset_balanced,random_forest,random_forest,lookback_density_quartile,0,974858,963,252,26645,0.08955867182938847,sufficient
v1.5.4,data/processed/reliability_v1_5_horizon_7d_lookback_7d_dataset.csv,a0635ebba0a310e9ab1cbefb28182c028e9ea6102c57f662ef310deba3414c91,asset_disjoint_stratified_80_20,asset_disjoint,primary_asset_disjoint,unseen_asset_generalization,smart_plus_safe_operational_metadata,asset_balanced,random_forest,random_forest,capacity_quartile,0,342363,432,74,11481,0.056593500272949356,sufficient
v1.5.4,data/processed/reliability_v1_5_horizon_7d_lookback_7d_dataset.csv,a0635ebba0a310e9ab1cbefb28182c028e9ea6102c57f662ef310deba3414c91,asset_disjoint_stratified_80_20,asset_disjoint,primary_asset_disjoint,unseen_asset_generalization,smart_plus_safe_operational_metadata,asset_balanced,random_forest,random_forest,capacity_quartile,1,451520,412,118,14271,0.10616759085061923,sufficient
v1.5.4,data/processed/reliability_v1_5_horizon_7d_lookback_7d_dataset.csv,a0635ebba0a310e9ab1cbefb28182c028e9ea6102c57f662ef310deba3414c91,asset_disjoint_stratified_80_20,asset_disjoint,primary_asset_disjoint,unseen_asset_generalization,smart_plus_safe_operational_metadata,asset_balanced,random_forest,random_forest,capacity_quartile,2,180975,119,60,893,0.11165414519476073,sufficient
v1.5.4,data/processed/reliability_v1_5_horizon_7d_lookback_7d_dataset.csv,a0635ebba0a310e9ab1cbefb28182c028e9ea6102c57f662ef310deba3414c91,asset_disjoint_stratified_80_20,asset_disjoint,primary_asset_disjoint,unseen_asset_generalization,smart_plus_safe_operational_metadata,asset_balanced,hist_gradient_boosting,hist_gradient_boosting,all,all,974858,963,226,54672,0.20884330181616798,sufficient
v1.5.4,data/processed/reliability_v1_5_horizon_7d_lookback_7d_dataset.csv,a0635ebba0a310e9ab1cbefb28182c028e9ea6102c57f662ef310deba3414c91,asset_disjoint_stratified_80_20,asset_disjoint,primary_asset_disjoint,unseen_asset_generalization,smart_plus_safe_operational_metadata,asset_balanced,hist_gradient_boosting,hist_gradient_boosting,model,Hitachi HDS722020ALA330,189158,21,0,4744,0.12170400621200027,sufficient
v1.5.4,data/processed/reliability_v1_5_horizon_7d_lookback_7d_dataset.csv,a0635ebba0a310e9ab1cbefb28182c028e9ea6102c57f662ef310deba3414c91,asset_disjoint_stratified_80_20,asset_disjoint,primary_asset_disjoint,unseen_asset_generalization,smart_plus_safe_operational_metadata,asset_balanced,hist_gradient_boosting,hist_gradient_boosting,model,ST3000DM001,185660,335,85,16388,0.33105577201327957,sufficient
v1.5.4,data/processed/reliability_v1_5_horizon_7d_lookback_7d_dataset.csv,a0635ebba0a310e9ab1cbefb28182c028e9ea6102c57f662ef310deba3414c91,asset_disjoint_stratified_80_20,asset_disjoint,primary_asset_disjoint,unseen_asset_generalization,smart_plus_safe_operational_metadata,asset_balanced,hist_gradient_boosting,hist_gradient_boosting,model,Hitachi HDS5C3030ALA630,181020,14,6,2575,0.12305122918202836,sufficient
v1.5.4,data/processed/reliability_v1_5_horizon_7d_lookback_7d_dataset.csv,a0635ebba0a310e9ab1cbefb28182c028e9ea6102c57f662ef310deba3414c91,asset_disjoint_stratified_80_20,asset_disjoint,primary_asset_disjoint,unseen_asset_generalization,smart_plus_safe_operational_metadata,asset_balanced,hist_gradient_boosting,hist_gradient_boosting,model,Hitachi HDS5C4040ALE630,94763,49,14,535,0.1685389904576331,sufficient
v1.5.4,data/processed/reliability_v1_5_horizon_7d_lookback_7d_dataset.csv,a0635ebba0a310e9ab1cbefb28182c028e9ea6102c57f662ef310deba3414c91,asset_disjoint_stratified_80_20,asset_disjoint,primary_asset_disjoint,unseen_asset_generalization,smart_plus_safe_operational_metadata,asset_balanced,hist_gradient_boosting,hist_gradient_boosting,model,ST31500541AS,82264,182,31,6909,0.32152619371679997,sufficient
v1.5.4,data/processed/reliability_v1_5_horizon_7d_lookback_7d_dataset.csv,a0635ebba0a310e9ab1cbefb28182c028e9ea6102c57f662ef310deba3414c91,asset_disjoint_stratified_80_20,asset_disjoint,primary_asset_disjoint,unseen_asset_generalization,smart_plus_safe_operational_metadata,asset_balanced,hist_gradient_boosting,hist_gradient_boosting,model,ST4000DM000,77522,70,33,2030,0.2254173639909817,sufficient
v1.5.4,data/processed/reliability_v1_5_horizon_7d_lookback_7d_dataset.csv,a0635ebba0a310e9ab1cbefb28182c028e9ea6102c57f662ef310deba3414c91,asset_disjoint_stratified_80_20,asset_disjoint,primary_asset_disjoint,unseen_asset_generalization,smart_plus_safe_operational_metadata,asset_balanced,hist_gradient_boosting,hist_gradient_boosting,model,Hitachi HDS723030ALA640,42186,14,7,1632,0.11898180623712191,sufficient
v1.5.4,data/processed/reliability_v1_5_horizon_7d_lookback_7d_dataset.csv,a0635ebba0a310e9ab1cbefb28182c028e9ea6102c57f662ef310deba3414c91,asset_disjoint_stratified_80_20,asset_disjoint,primary_asset_disjoint,unseen_asset_generalization,smart_plus_safe_operational_metadata,asset_balanced,hist_gradient_boosting,hist_gradient_boosting,model,ST31500341AS,25598,119,19,7045,0.39376972718544884,sufficient
v1.5.4,data/processed/reliability_v1_5_horizon_7d_lookback_7d_dataset.csv,a0635ebba0a310e9ab1cbefb28182c028e9ea6102c57f662ef310deba3414c91,asset_disjoint_stratified_80_20,asset_disjoint,primary_asset_disjoint,unseen_asset_generalization,smart_plus_safe_operational_metadata,asset_balanced,hist_gradient_boosting,hist_gradient_boosting,model,WDC WD30EZRX,21557,14,0,7256,0.17934123630805926,sufficient
v1.5.4,data/processed/reliability_v1_5_horizon_7d_lookback_7d_dataset.csv,a0635ebba0a310e9ab1cbefb28182c028e9ea6102c57f662ef310deba3414c91,asset_disjoint_stratified_80_20,asset_disjoint,primary_asset_disjoint,unseen_asset_generalization,smart_plus_safe_operational_metadata,asset_balanced,hist_gradient_boosting,hist_gradient_boosting,model,WDC WD10EADS,21157,21,7,835,0.16740492420083364,sufficient
v1.5.4,data/processed/reliability_v1_5_horizon_7d_lookback_7d_dataset.csv,a0635ebba0a310e9ab1cbefb28182c028e9ea6102c57f662ef310deba3414c91,asset_disjoint_stratified_80_20,asset_disjoint,primary_asset_disjoint,unseen_asset_generalization,smart_plus_safe_operational_metadata,asset_balanced,hist_gradient_boosting,hist_gradient_boosting,drive_age_quartile,0,244484,264,84,14075,0.2254173639909817,sufficient
v1.5.4,data/processed/reliability_v1_5_horizon_7d_lookback_7d_dataset.csv,a0635ebba0a310e9ab1cbefb28182c028e9ea6102c57f662ef310deba3414c91,asset_disjoint_stratified_80_20,asset_disjoint,primary_asset_disjoint,unseen_asset_generalization,smart_plus_safe_operational_metadata,asset_balanced,hist_gradient_boosting,hist_gradient_boosting,drive_age_quartile,1,244605,184,47,13006,0.21296403605016448,sufficient
v1.5.4,data/processed/reliability_v1_5_horizon_7d_lookback_7d_dataset.csv,a0635ebba0a310e9ab1cbefb28182c028e9ea6102c57f662ef310deba3414c91,asset_disjoint_stratified_80_20,asset_disjoint,primary_asset_disjoint,unseen_asset_generalization,smart_plus_safe_operational_metadata,asset_balanced,hist_gradient_boosting,hist_gradient_boosting,drive_age_quartile,2,242838,177,37,12558,0.20884330181616798,sufficient
v1.5.4,data/processed/reliability_v1_5_horizon_7d_lookback_7d_dataset.csv,a0635ebba0a310e9ab1cbefb28182c028e9ea6102c57f662ef310deba3414c91,asset_disjoint_stratified_80_20,asset_disjoint,primary_asset_disjoint,unseen_asset_generalization,smart_plus_safe_operational_metadata,asset_balanced,hist_gradient_boosting,hist_gradient_boosting,drive_age_quartile,3,242931,338,58,15033,0.13804219974620816,sufficient
v1.5.4,data/processed/reliability_v1_5_horizon_7d_lookback_7d_dataset.csv,a0635ebba0a310e9ab1cbefb28182c028e9ea6102c57f662ef310deba3414c91,asset_disjoint_stratified_80_20,asset_disjoint,primary_asset_disjoint,unseen_asset_generalization,smart_plus_safe_operational_metadata,asset_balanced,hist_gradient_boosting,hist_gradient_boosting,lookback_density_quartile,0,974858,963,226,54672,0.20884330181616798,sufficient
v1.5.4,data/processed/reliability_v1_5_horizon_7d_lookback_7d_dataset.csv,a0635ebba0a310e9ab1cbefb28182c028e9ea6102c57f662ef310deba3414c91,asset_disjoint_stratified_80_20,asset_disjoint,primary_asset_disjoint,unseen_asset_generalization,smart_plus_safe_operational_metadata,asset_balanced,hist_gradient_boosting,hist_gradient_boosting,capacity_quartile,0,342363,432,69,23884,0.18439258252844026,sufficient
v1.5.4,data/processed/reliability_v1_5_horizon_7d_lookback_7d_dataset.csv,a0635ebba0a310e9ab1cbefb28182c028e9ea6102c57f662ef310deba3414c91,asset_disjoint_stratified_80_20,asset_disjoint,primary_asset_disjoint,unseen_asset_generalization,smart_plus_safe_operational_metadata,asset_balanced,hist_gradient_boosting,hist_gradient_boosting,capacity_quartile,1,451520,412,110,28145,0.1901824351430984,sufficient
v1.5.4,data/processed/reliability_v1_5_horizon_7d_lookback_7d_dataset.csv,a0635ebba0a310e9ab1cbefb28182c028e9ea6102c57f662ef310deba3414c91,asset_disjoint_stratified_80_20,asset_disjoint,primary_asset_disjoint,unseen_asset_generalization,smart_plus_safe_operational_metadata,asset_balanced,hist_gradient_boosting,hist_gradient_boosting,capacity_quartile,2,180975,119,47,2643,0.2237554564732046,sufficient
v1.5.4,data/processed/reliability_v1_5_horizon_7d_lookback_7d_dataset.csv,a0635ebba0a310e9ab1cbefb28182c028e9ea6102c57f662ef310deba3414c91,asset_disjoint_stratified_80_20,asset_disjoint,primary_asset_disjoint,unseen_asset_generalization,smart_plus_safe_operational_metadata,raw_row,dummy_prior,dummy_prior,all,all,974858,963,0,973895,0.5000000000102458,sufficient
v1.5.4,data/processed/reliability_v1_5_horizon_7d_lookback_7d_dataset.csv,a0635ebba0a310e9ab1cbefb28182c028e9ea6102c57f662ef310deba3414c91,asset_disjoint_stratified_80_20,asset_disjoint,primary_asset_disjoint,unseen_asset_generalization,smart_plus_safe_operational_metadata,raw_row,dummy_prior,dummy_prior,model,Hitachi HDS722020ALA330,189158,21,0,189137,0.5000000000102458,sufficient
v1.5.4,data/processed/reliability_v1_5_horizon_7d_lookback_7d_dataset.csv,a0635ebba0a310e9ab1cbefb28182c028e9ea6102c57f662ef310deba3414c91,asset_disjoint_stratified_80_20,asset_disjoint,primary_asset_disjoint,unseen_asset_generalization,smart_plus_safe_operational_metadata,raw_row,dummy_prior,dummy_prior,model,ST3000DM001,185660,335,0,185325,0.5000000000102458,sufficient
v1.5.4,data/processed/reliability_v1_5_horizon_7d_lookback_7d_dataset.csv,a0635ebba0a310e9ab1cbefb28182c028e9ea6102c57f662ef310deba3414c91,asset_disjoint_stratified_80_20,asset_disjoint,primary_asset_disjoint,unseen_asset_generalization,smart_plus_safe_operational_metadata,raw_row,dummy_prior,dummy_prior,model,Hitachi HDS5C3030ALA630,181020,14,0,181006,0.5000000000102458,sufficient
v1.5.4,data/processed/reliability_v1_5_horizon_7d_lookback_7d_dataset.csv,a0635ebba0a310e9ab1cbefb28182c028e9ea6102c57f662ef310deba3414c91,asset_disjoint_stratified_80_20,asset_disjoint,primary_asset_disjoint,unseen_asset_generalization,smart_plus_safe_operational_metadata,raw_row,dummy_prior,dummy_prior,model,Hitachi HDS5C4040ALE630,94763,49,0,94714,0.5000000000102458,sufficient
v1.5.4,data/processed/reliability_v1_5_horizon_7d_lookback_7d_dataset.csv,a0635ebba0a310e9ab1cbefb28182c028e9ea6102c57f662ef310deba3414c91,asset_disjoint_stratified_80_20,asset_disjoint,primary_asset_disjoint,unseen_asset_generalization,smart_plus_safe_operational_metadata,raw_row,dummy_prior,dummy_prior,model,ST31500541AS,82264,182,0,82082,0.5000000000102458,sufficient
v1.5.4,data/processed/reliability_v1_5_horizon_7d_lookback_7d_dataset.csv,a0635ebba0a310e9ab1cbefb28182c028e9ea6102c57f662ef310deba3414c91,asset_disjoint_stratified_80_20,asset_disjoint,primary_asset_disjoint,unseen_asset_generalization,smart_plus_safe_operational_metadata,raw_row,dummy_prior,dummy_prior,model,ST4000DM000,77522,70,0,77452,0.5000000000102458,sufficient
v1.5.4,data/processed/reliability_v1_5_horizon_7d_lookback_7d_dataset.csv,a0635ebba0a310e9ab1cbefb28182c028e9ea6102c57f662ef310deba3414c91,asset_disjoint_stratified_80_20,asset_disjoint,primary_asset_disjoint,unseen_asset_generalization,smart_plus_safe_operational_metadata,raw_row,dummy_prior,dummy_prior,model,Hitachi HDS723030ALA640,42186,14,0,42172,0.5000000000102458,sufficient
v1.5.4,data/processed/reliability_v1_5_horizon_7d_lookback_7d_dataset.csv,a0635ebba0a310e9ab1cbefb28182c028e9ea6102c57f662ef310deba3414c91,asset_disjoint_stratified_80_20,asset_disjoint,primary_asset_disjoint,unseen_asset_generalization,smart_plus_safe_operational_metadata,raw_row,dummy_prior,dummy_prior,model,ST31500341AS,25598,119,0,25479,0.5000000000102458,sufficient
v1.5.4,data/processed/reliability_v1_5_horizon_7d_lookback_7d_dataset.csv,a0635ebba0a310e9ab1cbefb28182c028e9ea6102c57f662ef310deba3414c91,asset_disjoint_stratified_80_20,asset_disjoint,primary_asset_disjoint,unseen_asset_generalization,smart_plus_safe_operational_metadata,raw_row,dummy_prior,dummy_prior,model,WDC WD30EZRX,21557,14,0,21543,0.5000000000102458,sufficient
v1.5.4,data/processed/reliability_v1_5_horizon_7d_lookback_7d_dataset.csv,a0635ebba0a310e9ab1cbefb28182c028e9ea6102c57f662ef310deba3414c91,asset_disjoint_stratified_80_20,asset_disjoint,primary_asset_disjoint,unseen_asset_generalization,smart_plus_safe_operational_metadata,raw_row,dummy_prior,dummy_prior,model,WDC WD10EADS,21157,21,0,21136,0.5000000000102458,sufficient
v1.5.4,data/processed/reliability_v1_5_horizon_7d_lookback_7d_dataset.csv,a0635ebba0a310e9ab1cbefb28182c028e9ea6102c57f662ef310deba3414c91,asset_disjoint_stratified_80_20,asset_disjoint,primary_asset_disjoint,unseen_asset_generalization,smart_plus_safe_operational_metadata,raw_row,dummy_prior,dummy_prior,drive_age_quartile,0,244484,264,0,244220,0.5000000000102458,sufficient
v1.5.4,data/processed/reliability_v1_5_horizon_7d_lookback_7d_dataset.csv,a0635ebba0a310e9ab1cbefb28182c028e9ea6102c57f662ef310deba3414c91,asset_disjoint_stratified_80_20,asset_disjoint,primary_asset_disjoint,unseen_asset_generalization,smart_plus_safe_operational_metadata,raw_row,dummy_prior,dummy_prior,drive_age_quartile,1,244605,184,0,244421,0.5000000000102458,sufficient
v1.5.4,data/processed/reliability_v1_5_horizon_7d_lookback_7d_dataset.csv,a0635ebba0a310e9ab1cbefb28182c028e9ea6102c57f662ef310deba3414c91,asset_disjoint_stratified_80_20,asset_disjoint,primary_asset_disjoint,unseen_asset_generalization,smart_plus_safe_operational_metadata,raw_row,dummy_prior,dummy_prior,drive_age_quartile,2,242838,177,0,242661,0.5000000000102458,sufficient
v1.5.4,data/processed/reliability_v1_5_horizon_7d_lookback_7d_dataset.csv,a0635ebba0a310e9ab1cbefb28182c028e9ea6102c57f662ef310deba3414c91,asset_disjoint_stratified_80_20,asset_disjoint,primary_asset_disjoint,unseen_asset_generalization,smart_plus_safe_operational_metadata,raw_row,dummy_prior,dummy_prior,drive_age_quartile,3,242931,338,0,242593,0.5000000000102458,sufficient
v1.5.4,data/processed/reliability_v1_5_horizon_7d_lookback_7d_dataset.csv,a0635ebba0a310e9ab1cbefb28182c028e9ea6102c57f662ef310deba3414c91,asset_disjoint_stratified_80_20,asset_disjoint,primary_asset_disjoint,unseen_asset_generalization,smart_plus_safe_operational_metadata,raw_row,dummy_prior,dummy_prior,lookback_density_quartile,0,974858,963,0,973895,0.5000000000102458,sufficient
v1.5.4,data/processed/reliability_v1_5_horizon_7d_lookback_7d_dataset.csv,a0635ebba0a310e9ab1cbefb28182c028e9ea6102c57f662ef310deba3414c91,asset_disjoint_stratified_80_20,asset_disjoint,primary_asset_disjoint,unseen_asset_generalization,smart_plus_safe_operational_metadata,raw_row,dummy_prior,dummy_prior,capacity_quartile,0,342363,432,0,341931,0.5000000000102458,sufficient
v1.5.4,data/processed/reliability_v1_5_horizon_7d_lookback_7d_dataset.csv,a0635ebba0a310e9ab1cbefb28182c028e9ea6102c57f662ef310deba3414c91,asset_disjoint_stratified_80_20,asset_disjoint,primary_asset_disjoint,unseen_asset_generalization,smart_plus_safe_operational_metadata,raw_row,dummy_prior,dummy_prior,capacity_quartile,1,451520,412,0,451108,0.5000000000102458,sufficient
v1.5.4,data/processed/reliability_v1_5_horizon_7d_lookback_7d_dataset.csv,a0635ebba0a310e9ab1cbefb28182c028e9ea6102c57f662ef310deba3414c91,asset_disjoint_stratified_80_20,asset_disjoint,primary_asset_disjoint,unseen_asset_generalization,smart_plus_safe_operational_metadata,raw_row,dummy_prior,dummy_prior,capacity_quartile,2,180975,119,0,180856,0.5000000000102458,sufficient
v1.5.4,data/processed/reliability_v1_5_horizon_7d_lookback_7d_dataset.csv,a0635ebba0a310e9ab1cbefb28182c028e9ea6102c57f662ef310deba3414c91,asset_disjoint_stratified_80_20,asset_disjoint,primary_asset_disjoint,unseen_asset_generalization,smart_plus_safe_operational_metadata,raw_row,logistic_regression,logistic_regression,all,all,974858,963,264,157837,0.2031696892550764,sufficient
v1.5.4,data/processed/reliability_v1_5_horizon_7d_lookback_7d_dataset.csv,a0635ebba0a310e9ab1cbefb28182c028e9ea6102c57f662ef310deba3414c91,asset_disjoint_stratified_80_20,asset_disjoint,primary_asset_disjoint,unseen_asset_generalization,smart_plus_safe_operational_metadata,raw_row,logistic_regression,logistic_regression,model,Hitachi HDS722020ALA330,189158,21,14,112,0.1340932169568846,sufficient
v1.5.4,data/processed/reliability_v1_5_horizon_7d_lookback_7d_dataset.csv,a0635ebba0a310e9ab1cbefb28182c028e9ea6102c57f662ef310deba3414c91,asset_disjoint_stratified_80_20,asset_disjoint,primary_asset_disjoint,unseen_asset_generalization,smart_plus_safe_operational_metadata,raw_row,logistic_regression,logistic_regression,model,ST3000DM001,185660,335,61,61121,0.4664571847652189,sufficient
v1.5.4,data/processed/reliability_v1_5_horizon_7d_lookback_7d_dataset.csv,a0635ebba0a310e9ab1cbefb28182c028e9ea6102c57f662ef310deba3414c91,asset_disjoint_stratified_80_20,asset_disjoint,primary_asset_disjoint,unseen_asset_generalization,smart_plus_safe_operational_metadata,raw_row,logistic_regression,logistic_regression,model,Hitachi HDS5C3030ALA630,181020,14,7,204,0.10417659152822555,sufficient
v1.5.4,data/processed/reliability_v1_5_horizon_7d_lookback_7d_dataset.csv,a0635ebba0a310e9ab1cbefb28182c028e9ea6102c57f662ef310deba3414c91,asset_disjoint_stratified_80_20,asset_disjoint,primary_asset_disjoint,unseen_asset_generalization,smart_plus_safe_operational_metadata,raw_row,logistic_regression,logistic_regression,model,Hitachi HDS5C4040ALE630,94763,49,38,12,0.17151085686389458,sufficient
v1.5.4,data/processed/reliability_v1_5_horizon_7d_lookback_7d_dataset.csv,a0635ebba0a310e9ab1cbefb28182c028e9ea6102c57f662ef310deba3414c91,asset_disjoint_stratified_80_20,asset_disjoint,primary_asset_disjoint,unseen_asset_generalization,smart_plus_safe_operational_metadata,raw_row,logistic_regression,logistic_regression,model,ST31500541AS,82264,182,38,45512,0.5102554444448478,sufficient
v1.5.4,data/processed/reliability_v1_5_horizon_7d_lookback_7d_dataset.csv,a0635ebba0a310e9ab1cbefb28182c028e9ea6102c57f662ef310deba3414c91,asset_disjoint_stratified_80_20,asset_disjoint,primary_asset_disjoint,unseen_asset_generalization,smart_plus_safe_operational_metadata,raw_row,logistic_regression,logistic_regression,model,ST4000DM000,77522,70,42,6391,0.3717762232320202,sufficient
v1.5.4,data/processed/reliability_v1_5_horizon_7d_lookback_7d_dataset.csv,a0635ebba0a310e9ab1cbefb28182c028e9ea6102c57f662ef310deba3414c91,asset_disjoint_stratified_80_20,asset_disjoint,primary_asset_disjoint,unseen_asset_generalization,smart_plus_safe_operational_metadata,raw_row,logistic_regression,logistic_regression,model,Hitachi HDS723030ALA640,42186,14,11,14,0.087056658789033,sufficient
v1.5.4,data/processed/reliability_v1_5_horizon_7d_lookback_7d_dataset.csv,a0635ebba0a310e9ab1cbefb28182c028e9ea6102c57f662ef310deba3414c91,asset_disjoint_stratified_80_20,asset_disjoint,primary_asset_disjoint,unseen_asset_generalization,smart_plus_safe_operational_metadata,raw_row,logistic_regression,logistic_regression,model,ST31500341AS,25598,119,1,25273,0.6781870819459874,sufficient
v1.5.4,data/processed/reliability_v1_5_horizon_7d_lookback_7d_dataset.csv,a0635ebba0a310e9ab1cbefb28182c028e9ea6102c57f662ef310deba3414c91,asset_disjoint_stratified_80_20,asset_disjoint,primary_asset_disjoint,unseen_asset_generalization,smart_plus_safe_operational_metadata,raw_row,logistic_regression,logistic_regression,model,WDC WD30EZRX,21557,14,14,2390,0.4268064596585924,sufficient
v1.5.4,data/processed/reliability_v1_5_horizon_7d_lookback_7d_dataset.csv,a0635ebba0a310e9ab1cbefb28182c028e9ea6102c57f662ef310deba3414c91,asset_disjoint_stratified_80_20,asset_disjoint,primary_asset_disjoint,unseen_asset_generalization,smart_plus_safe_operational_metadata,raw_row,logistic_regression,logistic_regression,model,WDC WD10EADS,21157,21,14,878,0.3370769942169618,sufficient
v1.5.4,data/processed/reliability_v1_5_horizon_7d_lookback_7d_dataset.csv,a0635ebba0a310e9ab1cbefb28182c028e9ea6102c57f662ef310deba3414c91,asset_disjoint_stratified_80_20,asset_disjoint,primary_asset_disjoint,unseen_asset_generalization,smart_plus_safe_operational_metadata,raw_row,logistic_regression,logistic_regression,drive_age_quartile,0,244484,264,91,40892,0.27915171651502313,sufficient
v1.5.4,data/processed/reliability_v1_5_horizon_7d_lookback_7d_dataset.csv,a0635ebba0a310e9ab1cbefb28182c028e9ea6102c57f662ef310deba3414c91,asset_disjoint_stratified_80_20,asset_disjoint,primary_asset_disjoint,unseen_asset_generalization,smart_plus_safe_operational_metadata,raw_row,logistic_regression,logistic_regression,drive_age_quartile,1,244605,184,56,29284,0.19010839359280932,sufficient
v1.5.4,data/processed/reliability_v1_5_horizon_7d_lookback_7d_dataset.csv,a0635ebba0a310e9ab1cbefb28182c028e9ea6102c57f662ef310deba3414c91,asset_disjoint_stratified_80_20,asset_disjoint,primary_asset_disjoint,unseen_asset_generalization,smart_plus_safe_operational_metadata,raw_row,logistic_regression,logistic_regression,drive_age_quartile,2,242838,177,33,33686,0.20062554106124364,sufficient
v1.5.4,data/processed/reliability_v1_5_horizon_7d_lookback_7d_dataset.csv,a0635ebba0a310e9ab1cbefb28182c028e9ea6102c57f662ef310deba3414c91,asset_disjoint_stratified_80_20,asset_disjoint,primary_asset_disjoint,unseen_asset_generalization,smart_plus_safe_operational_metadata,raw_row,logistic_regression,logistic_regression,drive_age_quartile,3,242931,338,84,53975,0.1859371388960204,sufficient
v1.5.4,data/processed/reliability_v1_5_horizon_7d_lookback_7d_dataset.csv,a0635ebba0a310e9ab1cbefb28182c028e9ea6102c57f662ef310deba3414c91,asset_disjoint_stratified_80_20,asset_disjoint,primary_asset_disjoint,unseen_asset_generalization,smart_plus_safe_operational_metadata,raw_row,logistic_regression,logistic_regression,lookback_density_quartile,0,974858,963,264,157837,0.2031696892550764,sufficient
v1.5.4,data/processed/reliability_v1_5_horizon_7d_lookback_7d_dataset.csv,a0635ebba0a310e9ab1cbefb28182c028e9ea6102c57f662ef310deba3414c91,asset_disjoint_stratified_80_20,asset_disjoint,primary_asset_disjoint,unseen_asset_generalization,smart_plus_safe_operational_metadata,raw_row,logistic_regression,logistic_regression,capacity_quartile,0,342363,432,67,80981,0.1796352720810575,sufficient
v1.5.4,data/processed/reliability_v1_5_horizon_7d_lookback_7d_dataset.csv,a0635ebba0a310e9ab1cbefb28182c028e9ea6102c57f662ef310deba3414c91,asset_disjoint_stratified_80_20,asset_disjoint,primary_asset_disjoint,unseen_asset_generalization,smart_plus_safe_operational_metadata,raw_row,logistic_regression,logistic_regression,capacity_quartile,1,451520,412,117,70383,0.20230782599767,sufficient
v1.5.4,data/processed/reliability_v1_5_horizon_7d_lookback_7d_dataset.csv,a0635ebba0a310e9ab1cbefb28182c028e9ea6102c57f662ef310deba3414c91,asset_disjoint_stratified_80_20,asset_disjoint,primary_asset_disjoint,unseen_asset_generalization,smart_plus_safe_operational_metadata,raw_row,logistic_regression,logistic_regression,capacity_quartile,2,180975,119,80,6473,0.2262852277857974,sufficient
v1.5.4,data/processed/reliability_v1_5_horizon_7d_lookback_7d_dataset.csv,a0635ebba0a310e9ab1cbefb28182c028e9ea6102c57f662ef310deba3414c91,asset_disjoint_stratified_80_20,asset_disjoint,primary_asset_disjoint,unseen_asset_generalization,smart_plus_safe_operational_metadata,raw_row,random_forest,random_forest,all,all,974858,963,235,44365,0.13589242908003848,sufficient
v1.5.4,data/processed/reliability_v1_5_horizon_7d_lookback_7d_dataset.csv,a0635ebba0a310e9ab1cbefb28182c028e9ea6102c57f662ef310deba3414c91,asset_disjoint_stratified_80_20,asset_disjoint,primary_asset_disjoint,unseen_asset_generalization,smart_plus_safe_operational_metadata,raw_row,random_forest,random_forest,model,Hitachi HDS722020ALA330,189158,21,7,1185,0.03631401058010832,sufficient
v1.5.4,data/processed/reliability_v1_5_horizon_7d_lookback_7d_dataset.csv,a0635ebba0a310e9ab1cbefb28182c028e9ea6102c57f662ef310deba3414c91,asset_disjoint_stratified_80_20,asset_disjoint,primary_asset_disjoint,unseen_asset_generalization,smart_plus_safe_operational_metadata,raw_row,random_forest,random_forest,model,ST3000DM001,185660,335,77,19440,0.3200919990419573,sufficient
v1.5.4,data/processed/reliability_v1_5_horizon_7d_lookback_7d_dataset.csv,a0635ebba0a310e9ab1cbefb28182c028e9ea6102c57f662ef310deba3414c91,asset_disjoint_stratified_80_20,asset_disjoint,primary_asset_disjoint,unseen_asset_generalization,smart_plus_safe_operational_metadata,raw_row,random_forest,random_forest,model,Hitachi HDS5C3030ALA630,181020,14,3,473,0.038496273478039654,sufficient
v1.5.4,data/processed/reliability_v1_5_horizon_7d_lookback_7d_dataset.csv,a0635ebba0a310e9ab1cbefb28182c028e9ea6102c57f662ef310deba3414c91,asset_disjoint_stratified_80_20,asset_disjoint,primary_asset_disjoint,unseen_asset_generalization,smart_plus_safe_operational_metadata,raw_row,random_forest,random_forest,model,Hitachi HDS5C4040ALE630,94763,49,25,188,0.09334266698405315,sufficient
v1.5.4,data/processed/reliability_v1_5_horizon_7d_lookback_7d_dataset.csv,a0635ebba0a310e9ab1cbefb28182c028e9ea6102c57f662ef310deba3414c91,asset_disjoint_stratified_80_20,asset_disjoint,primary_asset_disjoint,unseen_asset_generalization,smart_plus_safe_operational_metadata,raw_row,random_forest,random_forest,model,ST31500541AS,82264,182,29,7581,0.3267508449538268,sufficient
v1.5.4,data/processed/reliability_v1_5_horizon_7d_lookback_7d_dataset.csv,a0635ebba0a310e9ab1cbefb28182c028e9ea6102c57f662ef310deba3414c91,asset_disjoint_stratified_80_20,asset_disjoint,primary_asset_disjoint,unseen_asset_generalization,smart_plus_safe_operational_metadata,raw_row,random_forest,random_forest,model,ST4000DM000,77522,70,31,4024,0.2969560197445991,sufficient
v1.5.4,data/processed/reliability_v1_5_horizon_7d_lookback_7d_dataset.csv,a0635ebba0a310e9ab1cbefb28182c028e9ea6102c57f662ef310deba3414c91,asset_disjoint_stratified_80_20,asset_disjoint,primary_asset_disjoint,unseen_asset_generalization,smart_plus_safe_operational_metadata,raw_row,random_forest,random_forest,model,Hitachi HDS723030ALA640,42186,14,7,249,0.046680472781230685,sufficient
v1.5.4,data/processed/reliability_v1_5_horizon_7d_lookback_7d_dataset.csv,a0635ebba0a310e9ab1cbefb28182c028e9ea6102c57f662ef310deba3414c91,asset_disjoint_stratified_80_20,asset_disjoint,primary_asset_disjoint,unseen_asset_generalization,smart_plus_safe_operational_metadata,raw_row,random_forest,random_forest,model,ST31500341AS,25598,119,21,5972,0.3399024413506382,sufficient
v1.5.4,data/processed/reliability_v1_5_horizon_7d_lookback_7d_dataset.csv,a0635ebba0a310e9ab1cbefb28182c028e9ea6102c57f662ef310deba3414c91,asset_disjoint_stratified_80_20,asset_disjoint,primary_asset_disjoint,unseen_asset_generalization,smart_plus_safe_operational_metadata,raw_row,random_forest,random_forest,model,WDC WD30EZRX,21557,14,0,303,0.13234005520925182,sufficient
v1.5.4,data/processed/reliability_v1_5_horizon_7d_lookback_7d_dataset.csv,a0635ebba0a310e9ab1cbefb28182c028e9ea6102c57f662ef310deba3414c91,asset_disjoint_stratified_80_20,asset_disjoint,primary_asset_disjoint,unseen_asset_generalization,smart_plus_safe_operational_metadata,raw_row,random_forest,random_forest,model,WDC WD10EADS,21157,21,16,68,0.07613439263713481,sufficient
v1.5.4,data/processed/reliability_v1_5_horizon_7d_lookback_7d_dataset.csv,a0635ebba0a310e9ab1cbefb28182c028e9ea6102c57f662ef310deba3414c91,asset_disjoint_stratified_80_20,asset_disjoint,primary_asset_disjoint,unseen_asset_generalization,smart_plus_safe_operational_metadata,raw_row,random_forest,random_forest,drive_age_quartile,0,244484,264,90,10864,0.22894932690024863,sufficient
v1.5.4,data/processed/reliability_v1_5_horizon_7d_lookback_7d_dataset.csv,a0635ebba0a310e9ab1cbefb28182c028e9ea6102c57f662ef310deba3414c91,asset_disjoint_stratified_80_20,asset_disjoint,primary_asset_disjoint,unseen_asset_generalization,smart_plus_safe_operational_metadata,raw_row,random_forest,random_forest,drive_age_quartile,1,244605,184,54,9333,0.15592053247689733,sufficient
v1.5.4,data/processed/reliability_v1_5_horizon_7d_lookback_7d_dataset.csv,a0635ebba0a310e9ab1cbefb28182c028e9ea6102c57f662ef310deba3414c91,asset_disjoint_stratified_80_20,asset_disjoint,primary_asset_disjoint,unseen_asset_generalization,smart_plus_safe_operational_metadata,raw_row,random_forest,random_forest,drive_age_quartile,2,242838,177,36,9411,0.11393470866569198,sufficient
v1.5.4,data/processed/reliability_v1_5_horizon_7d_lookback_7d_dataset.csv,a0635ebba0a310e9ab1cbefb28182c028e9ea6102c57f662ef310deba3414c91,asset_disjoint_stratified_80_20,asset_disjoint,primary_asset_disjoint,unseen_asset_generalization,smart_plus_safe_operational_metadata,raw_row,random_forest,random_forest,drive_age_quartile,3,242931,338,55,14757,0.06025900593297672,sufficient
v1.5.4,data/processed/reliability_v1_5_horizon_7d_lookback_7d_dataset.csv,a0635ebba0a310e9ab1cbefb28182c028e9ea6102c57f662ef310deba3414c91,asset_disjoint_stratified_80_20,asset_disjoint,primary_asset_disjoint,unseen_asset_generalization,smart_plus_safe_operational_metadata,raw_row,random_forest,random_forest,lookback_density_quartile,0,974858,963,235,44365,0.13589242908003848,sufficient
v1.5.4,data/processed/reliability_v1_5_horizon_7d_lookback_7d_dataset.csv,a0635ebba0a310e9ab1cbefb28182c028e9ea6102c57f662ef310deba3414c91,asset_disjoint_stratified_80_20,asset_disjoint,primary_asset_disjoint,unseen_asset_generalization,smart_plus_safe_operational_metadata,raw_row,random_forest,random_forest,capacity_quartile,0,342363,432,79,18594,0.09011508103556692,sufficient
v1.5.4,data/processed/reliability_v1_5_horizon_7d_lookback_7d_dataset.csv,a0635ebba0a310e9ab1cbefb28182c028e9ea6102c57f662ef310deba3414c91,asset_disjoint_stratified_80_20,asset_disjoint,primary_asset_disjoint,unseen_asset_generalization,smart_plus_safe_operational_metadata,raw_row,random_forest,random_forest,capacity_quartile,1,451520,412,100,21445,0.13808356276200137,sufficient
v1.5.4,data/processed/reliability_v1_5_horizon_7d_lookback_7d_dataset.csv,a0635ebba0a310e9ab1cbefb28182c028e9ea6102c57f662ef310deba3414c91,asset_disjoint_stratified_80_20,asset_disjoint,primary_asset_disjoint,unseen_asset_generalization,smart_plus_safe_operational_metadata,raw_row,random_forest,random_forest,capacity_quartile,2,180975,119,56,4326,0.2171628134397711,sufficient
v1.5.4,data/processed/reliability_v1_5_horizon_7d_lookback_7d_dataset.csv,a0635ebba0a310e9ab1cbefb28182c028e9ea6102c57f662ef310deba3414c91,asset_disjoint_stratified_80_20,asset_disjoint,primary_asset_disjoint,unseen_asset_generalization,smart_plus_safe_operational_metadata,raw_row,hist_gradient_boosting,hist_gradient_boosting,all,all,974858,963,215,64000,0.2400447351097051,sufficient
v1.5.4,data/processed/reliability_v1_5_horizon_7d_lookback_7d_dataset.csv,a0635ebba0a310e9ab1cbefb28182c028e9ea6102c57f662ef310deba3414c91,asset_disjoint_stratified_80_20,asset_disjoint,primary_asset_disjoint,unseen_asset_generalization,smart_plus_safe_operational_metadata,raw_row,hist_gradient_boosting,hist_gradient_boosting,model,Hitachi HDS722020ALA330,189158,21,0,5650,0.12071298829273432,sufficient
v1.5.4,data/processed/reliability_v1_5_horizon_7d_lookback_7d_dataset.csv,a0635ebba0a310e9ab1cbefb28182c028e9ea6102c57f662ef310deba3414c91,asset_disjoint_stratified_80_20,asset_disjoint,primary_asset_disjoint,unseen_asset_generalization,smart_plus_safe_operational_metadata,raw_row,hist_gradient_boosting,hist_gradient_boosting,model,ST3000DM001,185660,335,80,20714,0.3606698481503977,sufficient
v1.5.4,data/processed/reliability_v1_5_horizon_7d_lookback_7d_dataset.csv,a0635ebba0a310e9ab1cbefb28182c028e9ea6102c57f662ef310deba3414c91,asset_disjoint_stratified_80_20,asset_disjoint,primary_asset_disjoint,unseen_asset_generalization,smart_plus_safe_operational_metadata,raw_row,hist_gradient_boosting,hist_gradient_boosting,model,Hitachi HDS5C3030ALA630,181020,14,6,3050,0.12339347311236261,sufficient
v1.5.4,data/processed/reliability_v1_5_horizon_7d_lookback_7d_dataset.csv,a0635ebba0a310e9ab1cbefb28182c028e9ea6102c57f662ef310deba3414c91,asset_disjoint_stratified_80_20,asset_disjoint,primary_asset_disjoint,unseen_asset_generalization,smart_plus_safe_operational_metadata,raw_row,hist_gradient_boosting,hist_gradient_boosting,model,Hitachi HDS5C4040ALE630,94763,49,23,513,0.18293609126973356,sufficient
v1.5.4,data/processed/reliability_v1_5_horizon_7d_lookback_7d_dataset.csv,a0635ebba0a310e9ab1cbefb28182c028e9ea6102c57f662ef310deba3414c91,asset_disjoint_stratified_80_20,asset_disjoint,primary_asset_disjoint,unseen_asset_generalization,smart_plus_safe_operational_metadata,raw_row,hist_gradient_boosting,hist_gradient_boosting,model,ST31500541AS,82264,182,25,7628,0.35306254469195586,sufficient
v1.5.4,data/processed/reliability_v1_5_horizon_7d_lookback_7d_dataset.csv,a0635ebba0a310e9ab1cbefb28182c028e9ea6102c57f662ef310deba3414c91,asset_disjoint_stratified_80_20,asset_disjoint,primary_asset_disjoint,unseen_asset_generalization,smart_plus_safe_operational_metadata,raw_row,hist_gradient_boosting,hist_gradient_boosting,model,ST4000DM000,77522,70,32,3282,0.3606698481503977,sufficient
v1.5.4,data/processed/reliability_v1_5_horizon_7d_lookback_7d_dataset.csv,a0635ebba0a310e9ab1cbefb28182c028e9ea6102c57f662ef310deba3414c91,asset_disjoint_stratified_80_20,asset_disjoint,primary_asset_disjoint,unseen_asset_generalization,smart_plus_safe_operational_metadata,raw_row,hist_gradient_boosting,hist_gradient_boosting,model,Hitachi HDS723030ALA640,42186,14,7,1844,0.12071298829273432,sufficient
v1.5.4,data/processed/reliability_v1_5_horizon_7d_lookback_7d_dataset.csv,a0635ebba0a310e9ab1cbefb28182c028e9ea6102c57f662ef310deba3414c91,asset_disjoint_stratified_80_20,asset_disjoint,primary_asset_disjoint,unseen_asset_generalization,smart_plus_safe_operational_metadata,raw_row,hist_gradient_boosting,hist_gradient_boosting,model,ST31500341AS,25598,119,12,7432,0.36979070490645216,sufficient
v1.5.4,data/processed/reliability_v1_5_horizon_7d_lookback_7d_dataset.csv,a0635ebba0a310e9ab1cbefb28182c028e9ea6102c57f662ef310deba3414c91,asset_disjoint_stratified_80_20,asset_disjoint,primary_asset_disjoint,unseen_asset_generalization,smart_plus_safe_operational_metadata,raw_row,hist_gradient_boosting,hist_gradient_boosting,model,WDC WD30EZRX,21557,14,0,7252,0.1518089543709578,sufficient
v1.5.4,data/processed/reliability_v1_5_horizon_7d_lookback_7d_dataset.csv,a0635ebba0a310e9ab1cbefb28182c028e9ea6102c57f662ef310deba3414c91,asset_disjoint_stratified_80_20,asset_disjoint,primary_asset_disjoint,unseen_asset_generalization,smart_plus_safe_operational_metadata,raw_row,hist_gradient_boosting,hist_gradient_boosting,model,WDC WD10EADS,21157,21,7,1032,0.13701119499175612,sufficient
v1.5.4,data/processed/reliability_v1_5_horizon_7d_lookback_7d_dataset.csv,a0635ebba0a310e9ab1cbefb28182c028e9ea6102c57f662ef310deba3414c91,asset_disjoint_stratified_80_20,asset_disjoint,primary_asset_disjoint,unseen_asset_generalization,smart_plus_safe_operational_metadata,raw_row,hist_gradient_boosting,hist_gradient_boosting,drive_age_quartile,0,244484,264,73,16505,0.2894669700281943,sufficient
v1.5.4,data/processed/reliability_v1_5_horizon_7d_lookback_7d_dataset.csv,a0635ebba0a310e9ab1cbefb28182c028e9ea6102c57f662ef310deba3414c91,asset_disjoint_stratified_80_20,asset_disjoint,primary_asset_disjoint,unseen_asset_generalization,smart_plus_safe_operational_metadata,raw_row,hist_gradient_boosting,hist_gradient_boosting,drive_age_quartile,1,244605,184,52,15158,0.2451291126406877,sufficient
v1.5.4,data/processed/reliability_v1_5_horizon_7d_lookback_7d_dataset.csv,a0635ebba0a310e9ab1cbefb28182c028e9ea6102c57f662ef310deba3414c91,asset_disjoint_stratified_80_20,asset_disjoint,primary_asset_disjoint,unseen_asset_generalization,smart_plus_safe_operational_metadata,raw_row,hist_gradient_boosting,hist_gradient_boosting,drive_age_quartile,2,242838,177,34,14357,0.2208310818740752,sufficient
v1.5.4,data/processed/reliability_v1_5_horizon_7d_lookback_7d_dataset.csv,a0635ebba0a310e9ab1cbefb28182c028e9ea6102c57f662ef310deba3414c91,asset_disjoint_stratified_80_20,asset_disjoint,primary_asset_disjoint,unseen_asset_generalization,smart_plus_safe_operational_metadata,raw_row,hist_gradient_boosting,hist_gradient_boosting,drive_age_quartile,3,242931,338,56,17980,0.14045006635004764,sufficient
v1.5.4,data/processed/reliability_v1_5_horizon_7d_lookback_7d_dataset.csv,a0635ebba0a310e9ab1cbefb28182c028e9ea6102c57f662ef310deba3414c91,asset_disjoint_stratified_80_20,asset_disjoint,primary_asset_disjoint,unseen_asset_generalization,smart_plus_safe_operational_metadata,raw_row,hist_gradient_boosting,hist_gradient_boosting,lookback_density_quartile,0,974858,963,215,64000,0.2400447351097051,sufficient
v1.5.4,data/processed/reliability_v1_5_horizon_7d_lookback_7d_dataset.csv,a0635ebba0a310e9ab1cbefb28182c028e9ea6102c57f662ef310deba3414c91,asset_disjoint_stratified_80_20,asset_disjoint,primary_asset_disjoint,unseen_asset_generalization,smart_plus_safe_operational_metadata,raw_row,hist_gradient_boosting,hist_gradient_boosting,capacity_quartile,0,342363,432,56,26350,0.15894173888689747,sufficient
v1.5.4,data/processed/reliability_v1_5_horizon_7d_lookback_7d_dataset.csv,a0635ebba0a310e9ab1cbefb28182c028e9ea6102c57f662ef310deba3414c91,asset_disjoint_stratified_80_20,asset_disjoint,primary_asset_disjoint,unseen_asset_generalization,smart_plus_safe_operational_metadata,raw_row,hist_gradient_boosting,hist_gradient_boosting,capacity_quartile,1,451520,412,104,33564,0.22435959599768107,sufficient
v1.5.4,data/processed/reliability_v1_5_horizon_7d_lookback_7d_dataset.csv,a0635ebba0a310e9ab1cbefb28182c028e9ea6102c57f662ef310deba3414c91,asset_disjoint_stratified_80_20,asset_disjoint,primary_asset_disjoint,unseen_asset_generalization,smart_plus_safe_operational_metadata,raw_row,hist_gradient_boosting,hist_gradient_boosting,capacity_quartile,2,180975,119,55,4086,0.2860056308455752,sufficient
v1.5.4,data/processed/reliability_v1_5_horizon_7d_lookback_7d_dataset.csv,a0635ebba0a310e9ab1cbefb28182c028e9ea6102c57f662ef310deba3414c91,final_month_holdout,time_aware,primary_time_aware,future_known_population_prediction,smart_only_conservative,asset_balanced,dummy_prior,dummy_prior,all,all,640176,740,0,639436,0.8056399522518352,sufficient
v1.5.4,data/processed/reliability_v1_5_horizon_7d_lookback_7d_dataset.csv,a0635ebba0a310e9ab1cbefb28182c028e9ea6102c57f662ef310deba3414c91,final_month_holdout,time_aware,primary_time_aware,future_known_population_prediction,smart_only_conservative,asset_balanced,dummy_prior,dummy_prior,model,Hitachi HDS722020ALA330,113184,42,0,113142,0.8056399522518352,sufficient
v1.5.4,data/processed/reliability_v1_5_horizon_7d_lookback_7d_dataset.csv,a0635ebba0a310e9ab1cbefb28182c028e9ea6102c57f662ef310deba3414c91,final_month_holdout,time_aware,primary_time_aware,future_known_population_prediction,smart_only_conservative,asset_balanced,dummy_prior,dummy_prior,model,ST4000DM000,111061,70,0,110991,0.8056399522518352,sufficient
v1.5.4,data/processed/reliability_v1_5_horizon_7d_lookback_7d_dataset.csv,a0635ebba0a310e9ab1cbefb28182c028e9ea6102c57f662ef310deba3414c91,final_month_holdout,time_aware,primary_time_aware,future_known_population_prediction,smart_only_conservative,asset_balanced,dummy_prior,dummy_prior,model,Hitachi HDS5C3030ALA630,110208,27,0,110181,0.8056399522518352,sufficient
v1.5.4,data/processed/reliability_v1_5_horizon_7d_lookback_7d_dataset.csv,a0635ebba0a310e9ab1cbefb28182c028e9ea6102c57f662ef310deba3414c91,final_month_holdout,time_aware,primary_time_aware,future_known_population_prediction,smart_only_conservative,asset_balanced,dummy_prior,dummy_prior,model,ST3000DM001,102781,413,0,102368,0.8056399522518352,sufficient
v1.5.4,data/processed/reliability_v1_5_horizon_7d_lookback_7d_dataset.csv,a0635ebba0a310e9ab1cbefb28182c028e9ea6102c57f662ef310deba3414c91,final_month_holdout,time_aware,primary_time_aware,future_known_population_prediction,smart_only_conservative,asset_balanced,dummy_prior,dummy_prior,model,Hitachi HDS5C4040ALE630,62094,25,0,62069,0.8056399522518352,sufficient
v1.5.4,data/processed/reliability_v1_5_horizon_7d_lookback_7d_dataset.csv,a0635ebba0a310e9ab1cbefb28182c028e9ea6102c57f662ef310deba3414c91,final_month_holdout,time_aware,primary_time_aware,future_known_population_prediction,smart_only_conservative,asset_balanced,dummy_prior,dummy_prior,model,ST31500541AS,46298,64,0,46234,0.8056399522518352,sufficient
v1.5.4,data/processed/reliability_v1_5_horizon_7d_lookback_7d_dataset.csv,a0635ebba0a310e9ab1cbefb28182c028e9ea6102c57f662ef310deba3414c91,final_month_holdout,time_aware,primary_time_aware,future_known_population_prediction,smart_only_conservative,asset_balanced,dummy_prior,dummy_prior,model,Hitachi HDS723030ALA640,24648,0,0,24648,0.8056399522518352,sufficient
v1.5.4,data/processed/reliability_v1_5_horizon_7d_lookback_7d_dataset.csv,a0635ebba0a310e9ab1cbefb28182c028e9ea6102c57f662ef310deba3414c91,final_month_holdout,time_aware,primary_time_aware,future_known_population_prediction,smart_only_conservative,asset_balanced,dummy_prior,dummy_prior,model,ST31500341AS,12999,47,0,12952,0.8056399522518352,sufficient
v1.5.4,data/processed/reliability_v1_5_horizon_7d_lookback_7d_dataset.csv,a0635ebba0a310e9ab1cbefb28182c028e9ea6102c57f662ef310deba3414c91,final_month_holdout,time_aware,primary_time_aware,future_known_population_prediction,smart_only_conservative,asset_balanced,dummy_prior,dummy_prior,model,WDC WD10EADS,11376,0,0,11376,0.8056399522518352,sufficient
v1.5.4,data/processed/reliability_v1_5_horizon_7d_lookback_7d_dataset.csv,a0635ebba0a310e9ab1cbefb28182c028e9ea6102c57f662ef310deba3414c91,final_month_holdout,time_aware,primary_time_aware,future_known_population_prediction,smart_only_conservative,asset_balanced,dummy_prior,dummy_prior,model,WDC WD30EZRX,9863,13,0,9850,0.8056399522518352,sufficient
v1.5.4,data/processed/reliability_v1_5_horizon_7d_lookback_7d_dataset.csv,a0635ebba0a310e9ab1cbefb28182c028e9ea6102c57f662ef310deba3414c91,final_month_holdout,time_aware,primary_time_aware,future_known_population_prediction,smart_only_conservative,asset_balanced,dummy_prior,dummy_prior,drive_age_quartile,0,170832,133,0,170699,0.8056399522518352,sufficient
v1.5.4,data/processed/reliability_v1_5_horizon_7d_lookback_7d_dataset.csv,a0635ebba0a310e9ab1cbefb28182c028e9ea6102c57f662ef310deba3414c91,final_month_holdout,time_aware,primary_time_aware,future_known_population_prediction,smart_only_conservative,asset_balanced,dummy_prior,dummy_prior,drive_age_quartile,1,165209,190,0,165019,0.8056399522518352,sufficient
v1.5.4,data/processed/reliability_v1_5_horizon_7d_lookback_7d_dataset.csv,a0635ebba0a310e9ab1cbefb28182c028e9ea6102c57f662ef310deba3414c91,final_month_holdout,time_aware,primary_time_aware,future_known_population_prediction,smart_only_conservative,asset_balanced,dummy_prior,dummy_prior,drive_age_quartile,2,163880,294,0,163586,0.8056399522518352,sufficient
v1.5.4,data/processed/reliability_v1_5_horizon_7d_lookback_7d_dataset.csv,a0635ebba0a310e9ab1cbefb28182c028e9ea6102c57f662ef310deba3414c91,final_month_holdout,time_aware,primary_time_aware,future_known_population_prediction,smart_only_conservative,asset_balanced,dummy_prior,dummy_prior,drive_age_quartile,3,140255,123,0,140132,0.8056399522518352,sufficient
v1.5.4,data/processed/reliability_v1_5_horizon_7d_lookback_7d_dataset.csv,a0635ebba0a310e9ab1cbefb28182c028e9ea6102c57f662ef310deba3414c91,final_month_holdout,time_aware,primary_time_aware,future_known_population_prediction,smart_only_conservative,asset_balanced,dummy_prior,dummy_prior,lookback_density_quartile,0,640176,740,0,639436,0.8056399522518352,sufficient
v1.5.4,data/processed/reliability_v1_5_horizon_7d_lookback_7d_dataset.csv,a0635ebba0a310e9ab1cbefb28182c028e9ea6102c57f662ef310deba3414c91,final_month_holdout,time_aware,primary_time_aware,future_known_population_prediction,smart_only_conservative,asset_balanced,dummy_prior,dummy_prior,capacity_quartile,0,196493,174,0,196319,0.8056399522518352,sufficient
v1.5.4,data/processed/reliability_v1_5_horizon_7d_lookback_7d_dataset.csv,a0635ebba0a310e9ab1cbefb28182c028e9ea6102c57f662ef310deba3414c91,final_month_holdout,time_aware,primary_time_aware,future_known_population_prediction,smart_only_conservative,asset_balanced,dummy_prior,dummy_prior,capacity_quartile,1,264099,471,0,263628,0.8056399522518352,sufficient
v1.5.4,data/processed/reliability_v1_5_horizon_7d_lookback_7d_dataset.csv,a0635ebba0a310e9ab1cbefb28182c028e9ea6102c57f662ef310deba3414c91,final_month_holdout,time_aware,primary_time_aware,future_known_population_prediction,smart_only_conservative,asset_balanced,dummy_prior,dummy_prior,capacity_quartile,2,179584,95,0,179489,0.8056399522518352,sufficient
v1.5.4,data/processed/reliability_v1_5_horizon_7d_lookback_7d_dataset.csv,a0635ebba0a310e9ab1cbefb28182c028e9ea6102c57f662ef310deba3414c91,final_month_holdout,time_aware,primary_time_aware,future_known_population_prediction,smart_only_conservative,asset_balanced,logistic_regression,logistic_regression,all,all,640176,740,261,66942,0.29053826230638224,sufficient
v1.5.4,data/processed/reliability_v1_5_horizon_7d_lookback_7d_dataset.csv,a0635ebba0a310e9ab1cbefb28182c028e9ea6102c57f662ef310deba3414c91,final_month_holdout,time_aware,primary_time_aware,future_known_population_prediction,smart_only_conservative,asset_balanced,logistic_regression,logistic_regression,model,Hitachi HDS722020ALA330,113184,42,28,85,0.21762499069214625,sufficient
v1.5.4,data/processed/reliability_v1_5_horizon_7d_lookback_7d_dataset.csv,a0635ebba0a310e9ab1cbefb28182c028e9ea6102c57f662ef310deba3414c91,final_month_holdout,time_aware,primary_time_aware,future_known_population_prediction,smart_only_conservative,asset_balanced,logistic_regression,logistic_regression,model,ST4000DM000,111061,70,31,23847,0.4478880836128837,sufficient
v1.5.4,data/processed/reliability_v1_5_horizon_7d_lookback_7d_dataset.csv,a0635ebba0a310e9ab1cbefb28182c028e9ea6102c57f662ef310deba3414c91,final_month_holdout,time_aware,primary_time_aware,future_known_population_prediction,smart_only_conservative,asset_balanced,logistic_regression,logistic_regression,model,Hitachi HDS5C3030ALA630,110208,27,19,167,0.2185470621062685,sufficient
v1.5.4,data/processed/reliability_v1_5_horizon_7d_lookback_7d_dataset.csv,a0635ebba0a310e9ab1cbefb28182c028e9ea6102c57f662ef310deba3414c91,final_month_holdout,time_aware,primary_time_aware,future_known_population_prediction,smart_only_conservative,asset_balanced,logistic_regression,logistic_regression,model,ST3000DM001,102781,413,105,12921,0.4124477144976236,sufficient
v1.5.4,data/processed/reliability_v1_5_horizon_7d_lookback_7d_dataset.csv,a0635ebba0a310e9ab1cbefb28182c028e9ea6102c57f662ef310deba3414c91,final_month_holdout,time_aware,primary_time_aware,future_known_population_prediction,smart_only_conservative,asset_balanced,logistic_regression,logistic_regression,model,Hitachi HDS5C4040ALE630,62094,25,16,7,0.23838079942936002,sufficient
v1.5.4,data/processed/reliability_v1_5_horizon_7d_lookback_7d_dataset.csv,a0635ebba0a310e9ab1cbefb28182c028e9ea6102c57f662ef310deba3414c91,final_month_holdout,time_aware,primary_time_aware,future_known_population_prediction,smart_only_conservative,asset_balanced,logistic_regression,logistic_regression,model,ST31500541AS,46298,64,27,23436,0.5010833494449675,sufficient
v1.5.4,data/processed/reliability_v1_5_horizon_7d_lookback_7d_dataset.csv,a0635ebba0a310e9ab1cbefb28182c028e9ea6102c57f662ef310deba3414c91,final_month_holdout,time_aware,primary_time_aware,future_known_population_prediction,smart_only_conservative,asset_balanced,logistic_regression,logistic_regression,model,Hitachi HDS723030ALA640,24648,0,0,134,0.2163798709998797,sufficient
v1.5.4,data/processed/reliability_v1_5_horizon_7d_lookback_7d_dataset.csv,a0635ebba0a310e9ab1cbefb28182c028e9ea6102c57f662ef310deba3414c91,final_month_holdout,time_aware,primary_time_aware,future_known_population_prediction,smart_only_conservative,asset_balanced,logistic_regression,logistic_regression,model,ST31500341AS,12999,47,16,3815,0.4479348422394062,sufficient
v1.5.4,data/processed/reliability_v1_5_horizon_7d_lookback_7d_dataset.csv,a0635ebba0a310e9ab1cbefb28182c028e9ea6102c57f662ef310deba3414c91,final_month_holdout,time_aware,primary_time_aware,future_known_population_prediction,smart_only_conservative,asset_balanced,logistic_regression,logistic_regression,model,WDC WD10EADS,11376,0,0,0,0.26560395316132407,sufficient
v1.5.4,data/processed/reliability_v1_5_horizon_7d_lookback_7d_dataset.csv,a0635ebba0a310e9ab1cbefb28182c028e9ea6102c57f662ef310deba3414c91,final_month_holdout,time_aware,primary_time_aware,future_known_population_prediction,smart_only_conservative,asset_balanced,logistic_regression,logistic_regression,model,WDC WD30EZRX,9863,13,0,174,0.2790663377923448,sufficient
v1.5.4,data/processed/reliability_v1_5_horizon_7d_lookback_7d_dataset.csv,a0635ebba0a310e9ab1cbefb28182c028e9ea6102c57f662ef310deba3414c91,final_month_holdout,time_aware,primary_time_aware,future_known_population_prediction,smart_only_conservative,asset_balanced,logistic_regression,logistic_regression,drive_age_quartile,0,170832,133,52,26553,0.4135754653485537,sufficient
v1.5.4,data/processed/reliability_v1_5_horizon_7d_lookback_7d_dataset.csv,a0635ebba0a310e9ab1cbefb28182c028e9ea6102c57f662ef310deba3414c91,final_month_holdout,time_aware,primary_time_aware,future_known_population_prediction,smart_only_conservative,asset_balanced,logistic_regression,logistic_regression,drive_age_quartile,1,165209,190,62,13120,0.25443218008144686,sufficient
v1.5.4,data/processed/reliability_v1_5_horizon_7d_lookback_7d_dataset.csv,a0635ebba0a310e9ab1cbefb28182c028e9ea6102c57f662ef310deba3414c91,final_month_holdout,time_aware,primary_time_aware,future_known_population_prediction,smart_only_conservative,asset_balanced,logistic_regression,logistic_regression,drive_age_quartile,2,163880,294,113,14264,0.26536828494367515,sufficient
v1.5.4,data/processed/reliability_v1_5_horizon_7d_lookback_7d_dataset.csv,a0635ebba0a310e9ab1cbefb28182c028e9ea6102c57f662ef310deba3414c91,final_month_holdout,time_aware,primary_time_aware,future_known_population_prediction,smart_only_conservative,asset_balanced,logistic_regression,logistic_regression,drive_age_quartile,3,140255,123,34,13005,0.266555502850601,sufficient
v1.5.4,data/processed/reliability_v1_5_horizon_7d_lookback_7d_dataset.csv,a0635ebba0a310e9ab1cbefb28182c028e9ea6102c57f662ef310deba3414c91,final_month_holdout,time_aware,primary_time_aware,future_known_population_prediction,smart_only_conservative,asset_balanced,logistic_regression,logistic_regression,lookback_density_quartile,0,640176,740,261,66942,0.29053826230638224,sufficient
v1.5.4,data/processed/reliability_v1_5_horizon_7d_lookback_7d_dataset.csv,a0635ebba0a310e9ab1cbefb28182c028e9ea6102c57f662ef310deba3414c91,final_month_holdout,time_aware,primary_time_aware,future_known_population_prediction,smart_only_conservative,asset_balanced,logistic_regression,logistic_regression,capacity_quartile,0,196493,174,81,29019,0.2538543178399287,sufficient
v1.5.4,data/processed/reliability_v1_5_horizon_7d_lookback_7d_dataset.csv,a0635ebba0a310e9ab1cbefb28182c028e9ea6102c57f662ef310deba3414c91,final_month_holdout,time_aware,primary_time_aware,future_known_population_prediction,smart_only_conservative,asset_balanced,logistic_regression,logistic_regression,capacity_quartile,1,264099,471,133,14025,0.2740468439389471,sufficient
v1.5.4,data/processed/reliability_v1_5_horizon_7d_lookback_7d_dataset.csv,a0635ebba0a310e9ab1cbefb28182c028e9ea6102c57f662ef310deba3414c91,final_month_holdout,time_aware,primary_time_aware,future_known_population_prediction,smart_only_conservative,asset_balanced,logistic_regression,logistic_regression,capacity_quartile,2,179584,95,47,23898,0.3909645014885944,sufficient
v1.5.4,data/processed/reliability_v1_5_horizon_7d_lookback_7d_dataset.csv,a0635ebba0a310e9ab1cbefb28182c028e9ea6102c57f662ef310deba3414c91,final_month_holdout,time_aware,primary_time_aware,future_known_population_prediction,smart_only_conservative,asset_balanced,random_forest,random_forest,all,all,640176,740,167,17896,0.10283017139352531,sufficient
v1.5.4,data/processed/reliability_v1_5_horizon_7d_lookback_7d_dataset.csv,a0635ebba0a310e9ab1cbefb28182c028e9ea6102c57f662ef310deba3414c91,final_month_holdout,time_aware,primary_time_aware,future_known_population_prediction,smart_only_conservative,asset_balanced,random_forest,random_forest,model,Hitachi HDS722020ALA330,113184,42,21,437,0.016102447985108757,sufficient
v1.5.4,data/processed/reliability_v1_5_horizon_7d_lookback_7d_dataset.csv,a0635ebba0a310e9ab1cbefb28182c028e9ea6102c57f662ef310deba3414c91,final_month_holdout,time_aware,primary_time_aware,future_known_population_prediction,smart_only_conservative,asset_balanced,random_forest,random_forest,model,ST4000DM000,111061,70,45,1639,0.18936056055096914,sufficient
v1.5.4,data/processed/reliability_v1_5_horizon_7d_lookback_7d_dataset.csv,a0635ebba0a310e9ab1cbefb28182c028e9ea6102c57f662ef310deba3414c91,final_month_holdout,time_aware,primary_time_aware,future_known_population_prediction,smart_only_conservative,asset_balanced,random_forest,random_forest,model,Hitachi HDS5C3030ALA630,110208,27,10,381,0.018893846312852684,sufficient
v1.5.4,data/processed/reliability_v1_5_horizon_7d_lookback_7d_dataset.csv,a0635ebba0a310e9ab1cbefb28182c028e9ea6102c57f662ef310deba3414c91,final_month_holdout,time_aware,primary_time_aware,future_known_population_prediction,smart_only_conservative,asset_balanced,random_forest,random_forest,model,ST3000DM001,102781,413,53,9786,0.2738497123100628,sufficient
v1.5.4,data/processed/reliability_v1_5_horizon_7d_lookback_7d_dataset.csv,a0635ebba0a310e9ab1cbefb28182c028e9ea6102c57f662ef310deba3414c91,final_month_holdout,time_aware,primary_time_aware,future_known_population_prediction,smart_only_conservative,asset_balanced,random_forest,random_forest,model,Hitachi HDS5C4040ALE630,62094,25,2,145,0.03044080971958124,sufficient
v1.5.4,data/processed/reliability_v1_5_horizon_7d_lookback_7d_dataset.csv,a0635ebba0a310e9ab1cbefb28182c028e9ea6102c57f662ef310deba3414c91,final_month_holdout,time_aware,primary_time_aware,future_known_population_prediction,smart_only_conservative,asset_balanced,random_forest,random_forest,model,ST31500541AS,46298,64,16,1954,0.20737338094199317,sufficient
v1.5.4,data/processed/reliability_v1_5_horizon_7d_lookback_7d_dataset.csv,a0635ebba0a310e9ab1cbefb28182c028e9ea6102c57f662ef310deba3414c91,final_month_holdout,time_aware,primary_time_aware,future_known_population_prediction,smart_only_conservative,asset_balanced,random_forest,random_forest,model,Hitachi HDS723030ALA640,24648,0,0,191,0.017677371217067247,sufficient
v1.5.4,data/processed/reliability_v1_5_horizon_7d_lookback_7d_dataset.csv,a0635ebba0a310e9ab1cbefb28182c028e9ea6102c57f662ef310deba3414c91,final_month_holdout,time_aware,primary_time_aware,future_known_population_prediction,smart_only_conservative,asset_balanced,random_forest,random_forest,model,ST31500341AS,12999,47,9,1420,0.2286662705921805,sufficient
v1.5.4,data/processed/reliability_v1_5_horizon_7d_lookback_7d_dataset.csv,a0635ebba0a310e9ab1cbefb28182c028e9ea6102c57f662ef310deba3414c91,final_month_holdout,time_aware,primary_time_aware,future_known_population_prediction,smart_only_conservative,asset_balanced,random_forest,random_forest,model,WDC WD10EADS,11376,0,0,36,0.05769612289470885,sufficient
v1.5.4,data/processed/reliability_v1_5_horizon_7d_lookback_7d_dataset.csv,a0635ebba0a310e9ab1cbefb28182c028e9ea6102c57f662ef310deba3414c91,final_month_holdout,time_aware,primary_time_aware,future_known_population_prediction,smart_only_conservative,asset_balanced,random_forest,random_forest,model,WDC WD30EZRX,9863,13,0,389,0.05936491954857286,sufficient
v1.5.4,data/processed/reliability_v1_5_horizon_7d_lookback_7d_dataset.csv,a0635ebba0a310e9ab1cbefb28182c028e9ea6102c57f662ef310deba3414c91,final_month_holdout,time_aware,primary_time_aware,future_known_population_prediction,smart_only_conservative,asset_balanced,random_forest,random_forest,drive_age_quartile,0,170832,133,56,3163,0.1860397047495832,sufficient
v1.5.4,data/processed/reliability_v1_5_horizon_7d_lookback_7d_dataset.csv,a0635ebba0a310e9ab1cbefb28182c028e9ea6102c57f662ef310deba3414c91,final_month_holdout,time_aware,primary_time_aware,future_known_population_prediction,smart_only_conservative,asset_balanced,random_forest,random_forest,drive_age_quartile,1,165209,190,27,5097,0.03164193283724569,sufficient
v1.5.4,data/processed/reliability_v1_5_horizon_7d_lookback_7d_dataset.csv,a0635ebba0a310e9ab1cbefb28182c028e9ea6102c57f662ef310deba3414c91,final_month_holdout,time_aware,primary_time_aware,future_known_population_prediction,smart_only_conservative,asset_balanced,random_forest,random_forest,drive_age_quartile,2,163880,294,58,5146,0.03947678151177856,sufficient
v1.5.4,data/processed/reliability_v1_5_horizon_7d_lookback_7d_dataset.csv,a0635ebba0a310e9ab1cbefb28182c028e9ea6102c57f662ef310deba3414c91,final_month_holdout,time_aware,primary_time_aware,future_known_population_prediction,smart_only_conservative,asset_balanced,random_forest,random_forest,drive_age_quartile,3,140255,123,26,4490,0.05292948598443512,sufficient
v1.5.4,data/processed/reliability_v1_5_horizon_7d_lookback_7d_dataset.csv,a0635ebba0a310e9ab1cbefb28182c028e9ea6102c57f662ef310deba3414c91,final_month_holdout,time_aware,primary_time_aware,future_known_population_prediction,smart_only_conservative,asset_balanced,random_forest,random_forest,lookback_density_quartile,0,640176,740,167,17896,0.10283017139352531,sufficient
v1.5.4,data/processed/reliability_v1_5_horizon_7d_lookback_7d_dataset.csv,a0635ebba0a310e9ab1cbefb28182c028e9ea6102c57f662ef310deba3414c91,final_month_holdout,time_aware,primary_time_aware,future_known_population_prediction,smart_only_conservative,asset_balanced,random_forest,random_forest,capacity_quartile,0,196493,174,50,5072,0.03710960174113257,sufficient
v1.5.4,data/processed/reliability_v1_5_horizon_7d_lookback_7d_dataset.csv,a0635ebba0a310e9ab1cbefb28182c028e9ea6102c57f662ef310deba3414c91,final_month_holdout,time_aware,primary_time_aware,future_known_population_prediction,smart_only_conservative,asset_balanced,random_forest,random_forest,capacity_quartile,1,264099,471,70,10974,0.060405169094677906,sufficient
v1.5.4,data/processed/reliability_v1_5_horizon_7d_lookback_7d_dataset.csv,a0635ebba0a310e9ab1cbefb28182c028e9ea6102c57f662ef310deba3414c91,final_month_holdout,time_aware,primary_time_aware,future_known_population_prediction,smart_only_conservative,asset_balanced,random_forest,random_forest,capacity_quartile,2,179584,95,47,1850,0.1807355724840599,sufficient
v1.5.4,data/processed/reliability_v1_5_horizon_7d_lookback_7d_dataset.csv,a0635ebba0a310e9ab1cbefb28182c028e9ea6102c57f662ef310deba3414c91,final_month_holdout,time_aware,primary_time_aware,future_known_population_prediction,smart_only_conservative,asset_balanced,hist_gradient_boosting,hist_gradient_boosting,all,all,640176,740,108,53838,0.19951415231486808,sufficient
v1.5.4,data/processed/reliability_v1_5_horizon_7d_lookback_7d_dataset.csv,a0635ebba0a310e9ab1cbefb28182c028e9ea6102c57f662ef310deba3414c91,final_month_holdout,time_aware,primary_time_aware,future_known_population_prediction,smart_only_conservative,asset_balanced,hist_gradient_boosting,hist_gradient_boosting,model,Hitachi HDS722020ALA330,113184,42,21,3164,0.10748228074419215,sufficient
v1.5.4,data/processed/reliability_v1_5_horizon_7d_lookback_7d_dataset.csv,a0635ebba0a310e9ab1cbefb28182c028e9ea6102c57f662ef310deba3414c91,final_month_holdout,time_aware,primary_time_aware,future_known_population_prediction,smart_only_conservative,asset_balanced,hist_gradient_boosting,hist_gradient_boosting,model,ST4000DM000,111061,70,37,4310,0.2824992153854995,sufficient
v1.5.4,data/processed/reliability_v1_5_horizon_7d_lookback_7d_dataset.csv,a0635ebba0a310e9ab1cbefb28182c028e9ea6102c57f662ef310deba3414c91,final_month_holdout,time_aware,primary_time_aware,future_known_population_prediction,smart_only_conservative,asset_balanced,hist_gradient_boosting,hist_gradient_boosting,model,Hitachi HDS5C3030ALA630,110208,27,0,2764,0.10748228074419215,sufficient
v1.5.4,data/processed/reliability_v1_5_horizon_7d_lookback_7d_dataset.csv,a0635ebba0a310e9ab1cbefb28182c028e9ea6102c57f662ef310deba3414c91,final_month_holdout,time_aware,primary_time_aware,future_known_population_prediction,smart_only_conservative,asset_balanced,hist_gradient_boosting,hist_gradient_boosting,model,ST3000DM001,102781,413,35,21443,0.3198534630756728,sufficient
v1.5.4,data/processed/reliability_v1_5_horizon_7d_lookback_7d_dataset.csv,a0635ebba0a310e9ab1cbefb28182c028e9ea6102c57f662ef310deba3414c91,final_month_holdout,time_aware,primary_time_aware,future_known_population_prediction,smart_only_conservative,asset_balanced,hist_gradient_boosting,hist_gradient_boosting,model,Hitachi HDS5C4040ALE630,62094,25,0,445,0.12407104813642321,sufficient
v1.5.4,data/processed/reliability_v1_5_horizon_7d_lookback_7d_dataset.csv,a0635ebba0a310e9ab1cbefb28182c028e9ea6102c57f662ef310deba3414c91,final_month_holdout,time_aware,primary_time_aware,future_known_population_prediction,smart_only_conservative,asset_balanced,hist_gradient_boosting,hist_gradient_boosting,model,ST31500541AS,46298,64,8,6005,0.29306173699076143,sufficient
v1.5.4,data/processed/reliability_v1_5_horizon_7d_lookback_7d_dataset.csv,a0635ebba0a310e9ab1cbefb28182c028e9ea6102c57f662ef310deba3414c91,final_month_holdout,time_aware,primary_time_aware,future_known_population_prediction,smart_only_conservative,asset_balanced,hist_gradient_boosting,hist_gradient_boosting,model,Hitachi HDS723030ALA640,24648,0,0,1666,0.10748228074419215,sufficient
v1.5.4,data/processed/reliability_v1_5_horizon_7d_lookback_7d_dataset.csv,a0635ebba0a310e9ab1cbefb28182c028e9ea6102c57f662ef310deba3414c91,final_month_holdout,time_aware,primary_time_aware,future_known_population_prediction,smart_only_conservative,asset_balanced,hist_gradient_boosting,hist_gradient_boosting,model,ST31500341AS,12999,47,1,5792,0.485046958999577,sufficient
v1.5.4,data/processed/reliability_v1_5_horizon_7d_lookback_7d_dataset.csv,a0635ebba0a310e9ab1cbefb28182c028e9ea6102c57f662ef310deba3414c91,final_month_holdout,time_aware,primary_time_aware,future_known_population_prediction,smart_only_conservative,asset_balanced,hist_gradient_boosting,hist_gradient_boosting,model,WDC WD10EADS,11376,0,0,436,0.15664851335910177,sufficient
v1.5.4,data/processed/reliability_v1_5_horizon_7d_lookback_7d_dataset.csv,a0635ebba0a310e9ab1cbefb28182c028e9ea6102c57f662ef310deba3414c91,final_month_holdout,time_aware,primary_time_aware,future_known_population_prediction,smart_only_conservative,asset_balanced,hist_gradient_boosting,hist_gradient_boosting,model,WDC WD30EZRX,9863,13,0,3330,0.1477475806783332,sufficient
v1.5.4,data/processed/reliability_v1_5_horizon_7d_lookback_7d_dataset.csv,a0635ebba0a310e9ab1cbefb28182c028e9ea6102c57f662ef310deba3414c91,final_month_holdout,time_aware,primary_time_aware,future_known_population_prediction,smart_only_conservative,asset_balanced,hist_gradient_boosting,hist_gradient_boosting,drive_age_quartile,0,170832,133,45,8985,0.2824992153854995,sufficient
v1.5.4,data/processed/reliability_v1_5_horizon_7d_lookback_7d_dataset.csv,a0635ebba0a310e9ab1cbefb28182c028e9ea6102c57f662ef310deba3414c91,final_month_holdout,time_aware,primary_time_aware,future_known_population_prediction,smart_only_conservative,asset_balanced,hist_gradient_boosting,hist_gradient_boosting,drive_age_quartile,1,165209,190,22,16282,0.12930479647007612,sufficient
v1.5.4,data/processed/reliability_v1_5_horizon_7d_lookback_7d_dataset.csv,a0635ebba0a310e9ab1cbefb28182c028e9ea6102c57f662ef310deba3414c91,final_month_holdout,time_aware,primary_time_aware,future_known_population_prediction,smart_only_conservative,asset_balanced,hist_gradient_boosting,hist_gradient_boosting,drive_age_quartile,2,163880,294,37,15427,0.13501503412131943,sufficient
v1.5.4,data/processed/reliability_v1_5_horizon_7d_lookback_7d_dataset.csv,a0635ebba0a310e9ab1cbefb28182c028e9ea6102c57f662ef310deba3414c91,final_month_holdout,time_aware,primary_time_aware,future_known_population_prediction,smart_only_conservative,asset_balanced,hist_gradient_boosting,hist_gradient_boosting,drive_age_quartile,3,140255,123,4,13144,0.13812814849537758,sufficient
v1.5.4,data/processed/reliability_v1_5_horizon_7d_lookback_7d_dataset.csv,a0635ebba0a310e9ab1cbefb28182c028e9ea6102c57f662ef310deba3414c91,final_month_holdout,time_aware,primary_time_aware,future_known_population_prediction,smart_only_conservative,asset_balanced,hist_gradient_boosting,hist_gradient_boosting,lookback_density_quartile,0,640176,740,108,53838,0.19951415231486808,sufficient
v1.5.4,data/processed/reliability_v1_5_horizon_7d_lookback_7d_dataset.csv,a0635ebba0a310e9ab1cbefb28182c028e9ea6102c57f662ef310deba3414c91,final_month_holdout,time_aware,primary_time_aware,future_known_population_prediction,smart_only_conservative,asset_balanced,hist_gradient_boosting,hist_gradient_boosting,capacity_quartile,0,196493,174,34,17932,0.13812814849537758,sufficient
v1.5.4,data/processed/reliability_v1_5_horizon_7d_lookback_7d_dataset.csv,a0635ebba0a310e9ab1cbefb28182c028e9ea6102c57f662ef310deba3414c91,final_month_holdout,time_aware,primary_time_aware,future_known_population_prediction,smart_only_conservative,asset_balanced,hist_gradient_boosting,hist_gradient_boosting,capacity_quartile,1,264099,471,37,30275,0.17996602882008414,sufficient
v1.5.4,data/processed/reliability_v1_5_horizon_7d_lookback_7d_dataset.csv,a0635ebba0a310e9ab1cbefb28182c028e9ea6102c57f662ef310deba3414c91,final_month_holdout,time_aware,primary_time_aware,future_known_population_prediction,smart_only_conservative,asset_balanced,hist_gradient_boosting,hist_gradient_boosting,capacity_quartile,2,179584,95,37,5631,0.27707608275406675,sufficient
v1.5.4,data/processed/reliability_v1_5_horizon_7d_lookback_7d_dataset.csv,a0635ebba0a310e9ab1cbefb28182c028e9ea6102c57f662ef310deba3414c91,final_month_holdout,time_aware,primary_time_aware,future_known_population_prediction,smart_only_conservative,raw_row,dummy_prior,dummy_prior,all,all,640176,740,740,0,0.4999999999768913,sufficient
v1.5.4,data/processed/reliability_v1_5_horizon_7d_lookback_7d_dataset.csv,a0635ebba0a310e9ab1cbefb28182c028e9ea6102c57f662ef310deba3414c91,final_month_holdout,time_aware,primary_time_aware,future_known_population_prediction,smart_only_conservative,raw_row,dummy_prior,dummy_prior,model,Hitachi HDS722020ALA330,113184,42,42,0,0.4999999999768913,sufficient
v1.5.4,data/processed/reliability_v1_5_horizon_7d_lookback_7d_dataset.csv,a0635ebba0a310e9ab1cbefb28182c028e9ea6102c57f662ef310deba3414c91,final_month_holdout,time_aware,primary_time_aware,future_known_population_prediction,smart_only_conservative,raw_row,dummy_prior,dummy_prior,model,ST4000DM000,111061,70,70,0,0.4999999999768913,sufficient
v1.5.4,data/processed/reliability_v1_5_horizon_7d_lookback_7d_dataset.csv,a0635ebba0a310e9ab1cbefb28182c028e9ea6102c57f662ef310deba3414c91,final_month_holdout,time_aware,primary_time_aware,future_known_population_prediction,smart_only_conservative,raw_row,dummy_prior,dummy_prior,model,Hitachi HDS5C3030ALA630,110208,27,27,0,0.4999999999768913,sufficient
v1.5.4,data/processed/reliability_v1_5_horizon_7d_lookback_7d_dataset.csv,a0635ebba0a310e9ab1cbefb28182c028e9ea6102c57f662ef310deba3414c91,final_month_holdout,time_aware,primary_time_aware,future_known_population_prediction,smart_only_conservative,raw_row,dummy_prior,dummy_prior,model,ST3000DM001,102781,413,413,0,0.4999999999768913,sufficient
v1.5.4,data/processed/reliability_v1_5_horizon_7d_lookback_7d_dataset.csv,a0635ebba0a310e9ab1cbefb28182c028e9ea6102c57f662ef310deba3414c91,final_month_holdout,time_aware,primary_time_aware,future_known_population_prediction,smart_only_conservative,raw_row,dummy_prior,dummy_prior,model,Hitachi HDS5C4040ALE630,62094,25,25,0,0.4999999999768913,sufficient
v1.5.4,data/processed/reliability_v1_5_horizon_7d_lookback_7d_dataset.csv,a0635ebba0a310e9ab1cbefb28182c028e9ea6102c57f662ef310deba3414c91,final_month_holdout,time_aware,primary_time_aware,future_known_population_prediction,smart_only_conservative,raw_row,dummy_prior,dummy_prior,model,ST31500541AS,46298,64,64,0,0.4999999999768913,sufficient
v1.5.4,data/processed/reliability_v1_5_horizon_7d_lookback_7d_dataset.csv,a0635ebba0a310e9ab1cbefb28182c028e9ea6102c57f662ef310deba3414c91,final_month_holdout,time_aware,primary_time_aware,future_known_population_prediction,smart_only_conservative,raw_row,dummy_prior,dummy_prior,model,Hitachi HDS723030ALA640,24648,0,0,0,0.4999999999768913,sufficient
v1.5.4,data/processed/reliability_v1_5_horizon_7d_lookback_7d_dataset.csv,a0635ebba0a310e9ab1cbefb28182c028e9ea6102c57f662ef310deba3414c91,final_month_holdout,time_aware,primary_time_aware,future_known_population_prediction,smart_only_conservative,raw_row,dummy_prior,dummy_prior,model,ST31500341AS,12999,47,47,0,0.4999999999768913,sufficient
v1.5.4,data/processed/reliability_v1_5_horizon_7d_lookback_7d_dataset.csv,a0635ebba0a310e9ab1cbefb28182c028e9ea6102c57f662ef310deba3414c91,final_month_holdout,time_aware,primary_time_aware,future_known_population_prediction,smart_only_conservative,raw_row,dummy_prior,dummy_prior,model,WDC WD10EADS,11376,0,0,0,0.4999999999768913,sufficient
v1.5.4,data/processed/reliability_v1_5_horizon_7d_lookback_7d_dataset.csv,a0635ebba0a310e9ab1cbefb28182c028e9ea6102c57f662ef310deba3414c91,final_month_holdout,time_aware,primary_time_aware,future_known_population_prediction,smart_only_conservative,raw_row,dummy_prior,dummy_prior,model,WDC WD30EZRX,9863,13,13,0,0.4999999999768913,sufficient
v1.5.4,data/processed/reliability_v1_5_horizon_7d_lookback_7d_dataset.csv,a0635ebba0a310e9ab1cbefb28182c028e9ea6102c57f662ef310deba3414c91,final_month_holdout,time_aware,primary_time_aware,future_known_population_prediction,smart_only_conservative,raw_row,dummy_prior,dummy_prior,drive_age_quartile,0,170832,133,133,0,0.4999999999768913,sufficient
v1.5.4,data/processed/reliability_v1_5_horizon_7d_lookback_7d_dataset.csv,a0635ebba0a310e9ab1cbefb28182c028e9ea6102c57f662ef310deba3414c91,final_month_holdout,time_aware,primary_time_aware,future_known_population_prediction,smart_only_conservative,raw_row,dummy_prior,dummy_prior,drive_age_quartile,1,165209,190,190,0,0.4999999999768913,sufficient
v1.5.4,data/processed/reliability_v1_5_horizon_7d_lookback_7d_dataset.csv,a0635ebba0a310e9ab1cbefb28182c028e9ea6102c57f662ef310deba3414c91,final_month_holdout,time_aware,primary_time_aware,future_known_population_prediction,smart_only_conservative,raw_row,dummy_prior,dummy_prior,drive_age_quartile,2,163880,294,294,0,0.4999999999768913,sufficient
v1.5.4,data/processed/reliability_v1_5_horizon_7d_lookback_7d_dataset.csv,a0635ebba0a310e9ab1cbefb28182c028e9ea6102c57f662ef310deba3414c91,final_month_holdout,time_aware,primary_time_aware,future_known_population_prediction,smart_only_conservative,raw_row,dummy_prior,dummy_prior,drive_age_quartile,3,140255,123,123,0,0.4999999999768913,sufficient
v1.5.4,data/processed/reliability_v1_5_horizon_7d_lookback_7d_dataset.csv,a0635ebba0a310e9ab1cbefb28182c028e9ea6102c57f662ef310deba3414c91,final_month_holdout,time_aware,primary_time_aware,future_known_population_prediction,smart_only_conservative,raw_row,dummy_prior,dummy_prior,lookback_density_quartile,0,640176,740,740,0,0.4999999999768913,sufficient
v1.5.4,data/processed/reliability_v1_5_horizon_7d_lookback_7d_dataset.csv,a0635ebba0a310e9ab1cbefb28182c028e9ea6102c57f662ef310deba3414c91,final_month_holdout,time_aware,primary_time_aware,future_known_population_prediction,smart_only_conservative,raw_row,dummy_prior,dummy_prior,capacity_quartile,0,196493,174,174,0,0.4999999999768913,sufficient
v1.5.4,data/processed/reliability_v1_5_horizon_7d_lookback_7d_dataset.csv,a0635ebba0a310e9ab1cbefb28182c028e9ea6102c57f662ef310deba3414c91,final_month_holdout,time_aware,primary_time_aware,future_known_population_prediction,smart_only_conservative,raw_row,dummy_prior,dummy_prior,capacity_quartile,1,264099,471,471,0,0.4999999999768913,sufficient
v1.5.4,data/processed/reliability_v1_5_horizon_7d_lookback_7d_dataset.csv,a0635ebba0a310e9ab1cbefb28182c028e9ea6102c57f662ef310deba3414c91,final_month_holdout,time_aware,primary_time_aware,future_known_population_prediction,smart_only_conservative,raw_row,dummy_prior,dummy_prior,capacity_quartile,2,179584,95,95,0,0.4999999999768913,sufficient
v1.5.4,data/processed/reliability_v1_5_horizon_7d_lookback_7d_dataset.csv,a0635ebba0a310e9ab1cbefb28182c028e9ea6102c57f662ef310deba3414c91,final_month_holdout,time_aware,primary_time_aware,future_known_population_prediction,smart_only_conservative,raw_row,logistic_regression,logistic_regression,all,all,640176,740,191,167161,0.3074405756879367,sufficient
v1.5.4,data/processed/reliability_v1_5_horizon_7d_lookback_7d_dataset.csv,a0635ebba0a310e9ab1cbefb28182c028e9ea6102c57f662ef310deba3414c91,final_month_holdout,time_aware,primary_time_aware,future_known_population_prediction,smart_only_conservative,raw_row,logistic_regression,logistic_regression,model,Hitachi HDS722020ALA330,113184,42,28,73,0.2031370427477912,sufficient
v1.5.4,data/processed/reliability_v1_5_horizon_7d_lookback_7d_dataset.csv,a0635ebba0a310e9ab1cbefb28182c028e9ea6102c57f662ef310deba3414c91,final_month_holdout,time_aware,primary_time_aware,future_known_population_prediction,smart_only_conservative,raw_row,logistic_regression,logistic_regression,model,ST4000DM000,111061,70,16,77888,0.5448163805233168,sufficient
v1.5.4,data/processed/reliability_v1_5_horizon_7d_lookback_7d_dataset.csv,a0635ebba0a310e9ab1cbefb28182c028e9ea6102c57f662ef310deba3414c91,final_month_holdout,time_aware,primary_time_aware,future_known_population_prediction,smart_only_conservative,raw_row,logistic_regression,logistic_regression,model,Hitachi HDS5C3030ALA630,110208,27,18,214,0.21766340700689446,sufficient
v1.5.4,data/processed/reliability_v1_5_horizon_7d_lookback_7d_dataset.csv,a0635ebba0a310e9ab1cbefb28182c028e9ea6102c57f662ef310deba3414c91,final_month_holdout,time_aware,primary_time_aware,future_known_population_prediction,smart_only_conservative,raw_row,logistic_regression,logistic_regression,model,ST3000DM001,102781,413,62,42848,0.48109564358267604,sufficient
v1.5.4,data/processed/reliability_v1_5_horizon_7d_lookback_7d_dataset.csv,a0635ebba0a310e9ab1cbefb28182c028e9ea6102c57f662ef310deba3414c91,final_month_holdout,time_aware,primary_time_aware,future_known_population_prediction,smart_only_conservative,raw_row,logistic_regression,logistic_regression,model,Hitachi HDS5C4040ALE630,62094,25,16,4,0.25240285292344833,sufficient
v1.5.4,data/processed/reliability_v1_5_horizon_7d_lookback_7d_dataset.csv,a0635ebba0a310e9ab1cbefb28182c028e9ea6102c57f662ef310deba3414c91,final_month_holdout,time_aware,primary_time_aware,future_known_population_prediction,smart_only_conservative,raw_row,logistic_regression,logistic_regression,model,ST31500541AS,46298,64,20,33293,0.5499713648562583,sufficient
v1.5.4,data/processed/reliability_v1_5_horizon_7d_lookback_7d_dataset.csv,a0635ebba0a310e9ab1cbefb28182c028e9ea6102c57f662ef310deba3414c91,final_month_holdout,time_aware,primary_time_aware,future_known_population_prediction,smart_only_conservative,raw_row,logistic_regression,logistic_regression,model,Hitachi HDS723030ALA640,24648,0,0,80,0.21035392764960748,sufficient
v1.5.4,data/processed/reliability_v1_5_horizon_7d_lookback_7d_dataset.csv,a0635ebba0a310e9ab1cbefb28182c028e9ea6102c57f662ef310deba3414c91,final_month_holdout,time_aware,primary_time_aware,future_known_population_prediction,smart_only_conservative,raw_row,logistic_regression,logistic_regression,model,ST31500341AS,12999,47,16,5707,0.48203945354561445,sufficient
v1.5.4,data/processed/reliability_v1_5_horizon_7d_lookback_7d_dataset.csv,a0635ebba0a310e9ab1cbefb28182c028e9ea6102c57f662ef310deba3414c91,final_month_holdout,time_aware,primary_time_aware,future_known_population_prediction,smart_only_conservative,raw_row,logistic_regression,logistic_regression,model,WDC WD10EADS,11376,0,0,0,0.23632909226043797,sufficient
v1.5.4,data/processed/reliability_v1_5_horizon_7d_lookback_7d_dataset.csv,a0635ebba0a310e9ab1cbefb28182c028e9ea6102c57f662ef310deba3414c91,final_month_holdout,time_aware,primary_time_aware,future_known_population_prediction,smart_only_conservative,raw_row,logistic_regression,logistic_regression,model,WDC WD30EZRX,9863,13,0,173,0.29279259922595346,sufficient
v1.5.4,data/processed/reliability_v1_5_horizon_7d_lookback_7d_dataset.csv,a0635ebba0a310e9ab1cbefb28182c028e9ea6102c57f662ef310deba3414c91,final_month_holdout,time_aware,primary_time_aware,future_known_population_prediction,smart_only_conservative,raw_row,logistic_regression,logistic_regression,drive_age_quartile,0,170832,133,31,84593,0.4985535506172185,sufficient
v1.5.4,data/processed/reliability_v1_5_horizon_7d_lookback_7d_dataset.csv,a0635ebba0a310e9ab1cbefb28182c028e9ea6102c57f662ef310deba3414c91,final_month_holdout,time_aware,primary_time_aware,future_known_population_prediction,smart_only_conservative,raw_row,logistic_regression,logistic_regression,drive_age_quartile,1,165209,190,46,27137,0.25676116729882936,sufficient
v1.5.4,data/processed/reliability_v1_5_horizon_7d_lookback_7d_dataset.csv,a0635ebba0a310e9ab1cbefb28182c028e9ea6102c57f662ef310deba3414c91,final_month_holdout,time_aware,primary_time_aware,future_known_population_prediction,smart_only_conservative,raw_row,logistic_regression,logistic_regression,drive_age_quartile,2,163880,294,93,29174,0.2690372595409535,sufficient
v1.5.4,data/processed/reliability_v1_5_horizon_7d_lookback_7d_dataset.csv,a0635ebba0a310e9ab1cbefb28182c028e9ea6102c57f662ef310deba3414c91,final_month_holdout,time_aware,primary_time_aware,future_known_population_prediction,smart_only_conservative,raw_row,logistic_regression,logistic_regression,drive_age_quartile,3,140255,123,21,26257,0.27007633010864873,sufficient
v1.5.4,data/processed/reliability_v1_5_horizon_7d_lookback_7d_dataset.csv,a0635ebba0a310e9ab1cbefb28182c028e9ea6102c57f662ef310deba3414c91,final_month_holdout,time_aware,primary_time_aware,future_known_population_prediction,smart_only_conservative,raw_row,logistic_regression,logistic_regression,lookback_density_quartile,0,640176,740,191,167161,0.3074405756879367,sufficient
v1.5.4,data/processed/reliability_v1_5_horizon_7d_lookback_7d_dataset.csv,a0635ebba0a310e9ab1cbefb28182c028e9ea6102c57f662ef310deba3414c91,final_month_holdout,time_aware,primary_time_aware,future_known_population_prediction,smart_only_conservative,raw_row,logistic_regression,logistic_regression,capacity_quartile,0,196493,174,72,43355,0.2430616530686606,sufficient
v1.5.4,data/processed/reliability_v1_5_horizon_7d_lookback_7d_dataset.csv,a0635ebba0a310e9ab1cbefb28182c028e9ea6102c57f662ef310deba3414c91,final_month_holdout,time_aware,primary_time_aware,future_known_population_prediction,smart_only_conservative,raw_row,logistic_regression,logistic_regression,capacity_quartile,1,264099,471,87,45446,0.2864800733411973,sufficient
v1.5.4,data/processed/reliability_v1_5_horizon_7d_lookback_7d_dataset.csv,a0635ebba0a310e9ab1cbefb28182c028e9ea6102c57f662ef310deba3414c91,final_month_holdout,time_aware,primary_time_aware,future_known_population_prediction,smart_only_conservative,raw_row,logistic_regression,logistic_regression,capacity_quartile,2,179584,95,32,78360,0.4718678552548315,sufficient
v1.5.4,data/processed/reliability_v1_5_horizon_7d_lookback_7d_dataset.csv,a0635ebba0a310e9ab1cbefb28182c028e9ea6102c57f662ef310deba3414c91,final_month_holdout,time_aware,primary_time_aware,future_known_population_prediction,smart_only_conservative,raw_row,random_forest,random_forest,all,all,640176,740,141,41417,0.14596554092490927,sufficient
v1.5.4,data/processed/reliability_v1_5_horizon_7d_lookback_7d_dataset.csv,a0635ebba0a310e9ab1cbefb28182c028e9ea6102c57f662ef310deba3414c91,final_month_holdout,time_aware,primary_time_aware,future_known_population_prediction,smart_only_conservative,raw_row,random_forest,random_forest,model,Hitachi HDS722020ALA330,113184,42,22,470,0.02094692042142685,sufficient
v1.5.4,data/processed/reliability_v1_5_horizon_7d_lookback_7d_dataset.csv,a0635ebba0a310e9ab1cbefb28182c028e9ea6102c57f662ef310deba3414c91,final_month_holdout,time_aware,primary_time_aware,future_known_population_prediction,smart_only_conservative,raw_row,random_forest,random_forest,model,ST4000DM000,111061,70,41,4852,0.33182697580955695,sufficient
v1.5.4,data/processed/reliability_v1_5_horizon_7d_lookback_7d_dataset.csv,a0635ebba0a310e9ab1cbefb28182c028e9ea6102c57f662ef310deba3414c91,final_month_holdout,time_aware,primary_time_aware,future_known_population_prediction,smart_only_conservative,raw_row,random_forest,random_forest,model,Hitachi HDS5C3030ALA630,110208,27,13,725,0.02094692042142685,sufficient
v1.5.4,data/processed/reliability_v1_5_horizon_7d_lookback_7d_dataset.csv,a0635ebba0a310e9ab1cbefb28182c028e9ea6102c57f662ef310deba3414c91,final_month_holdout,time_aware,primary_time_aware,future_known_population_prediction,smart_only_conservative,raw_row,random_forest,random_forest,model,ST3000DM001,102781,413,40,23432,0.3857175779359225,sufficient
v1.5.4,data/processed/reliability_v1_5_horizon_7d_lookback_7d_dataset.csv,a0635ebba0a310e9ab1cbefb28182c028e9ea6102c57f662ef310deba3414c91,final_month_holdout,time_aware,primary_time_aware,future_known_population_prediction,smart_only_conservative,raw_row,random_forest,random_forest,model,Hitachi HDS5C4040ALE630,62094,25,2,208,0.03442601711899029,sufficient
v1.5.4,data/processed/reliability_v1_5_horizon_7d_lookback_7d_dataset.csv,a0635ebba0a310e9ab1cbefb28182c028e9ea6102c57f662ef310deba3414c91,final_month_holdout,time_aware,primary_time_aware,future_known_population_prediction,smart_only_conservative,raw_row,random_forest,random_forest,model,ST31500541AS,46298,64,15,4499,0.3031899311003286,sufficient
v1.5.4,data/processed/reliability_v1_5_horizon_7d_lookback_7d_dataset.csv,a0635ebba0a310e9ab1cbefb28182c028e9ea6102c57f662ef310deba3414c91,final_month_holdout,time_aware,primary_time_aware,future_known_population_prediction,smart_only_conservative,raw_row,random_forest,random_forest,model,Hitachi HDS723030ALA640,24648,0,0,299,0.02094692042142685,sufficient
v1.5.4,data/processed/reliability_v1_5_horizon_7d_lookback_7d_dataset.csv,a0635ebba0a310e9ab1cbefb28182c028e9ea6102c57f662ef310deba3414c91,final_month_holdout,time_aware,primary_time_aware,future_known_population_prediction,smart_only_conservative,raw_row,random_forest,random_forest,model,ST31500341AS,12999,47,2,2602,0.3280643166091282,sufficient
v1.5.4,data/processed/reliability_v1_5_horizon_7d_lookback_7d_dataset.csv,a0635ebba0a310e9ab1cbefb28182c028e9ea6102c57f662ef310deba3414c91,final_month_holdout,time_aware,primary_time_aware,future_known_population_prediction,smart_only_conservative,raw_row,random_forest,random_forest,model,WDC WD10EADS,11376,0,0,66,0.09700726782088294,sufficient
v1.5.4,data/processed/reliability_v1_5_horizon_7d_lookback_7d_dataset.csv,a0635ebba0a310e9ab1cbefb28182c028e9ea6102c57f662ef310deba3414c91,final_month_holdout,time_aware,primary_time_aware,future_known_population_prediction,smart_only_conservative,raw_row,random_forest,random_forest,model,WDC WD30EZRX,9863,13,0,686,0.09103460342445047,sufficient
v1.5.4,data/processed/reliability_v1_5_horizon_7d_lookback_7d_dataset.csv,a0635ebba0a310e9ab1cbefb28182c028e9ea6102c57f662ef310deba3414c91,final_month_holdout,time_aware,primary_time_aware,future_known_population_prediction,smart_only_conservative,raw_row,random_forest,random_forest,drive_age_quartile,0,170832,133,50,7971,0.32042779438346203,sufficient
v1.5.4,data/processed/reliability_v1_5_horizon_7d_lookback_7d_dataset.csv,a0635ebba0a310e9ab1cbefb28182c028e9ea6102c57f662ef310deba3414c91,final_month_holdout,time_aware,primary_time_aware,future_known_population_prediction,smart_only_conservative,raw_row,random_forest,random_forest,drive_age_quartile,1,165209,190,29,11374,0.05010963176815956,sufficient
v1.5.4,data/processed/reliability_v1_5_horizon_7d_lookback_7d_dataset.csv,a0635ebba0a310e9ab1cbefb28182c028e9ea6102c57f662ef310deba3414c91,final_month_holdout,time_aware,primary_time_aware,future_known_population_prediction,smart_only_conservative,raw_row,random_forest,random_forest,drive_age_quartile,2,163880,294,49,11401,0.060539731489032265,sufficient
v1.5.4,data/processed/reliability_v1_5_horizon_7d_lookback_7d_dataset.csv,a0635ebba0a310e9ab1cbefb28182c028e9ea6102c57f662ef310deba3414c91,final_month_holdout,time_aware,primary_time_aware,future_known_population_prediction,smart_only_conservative,raw_row,random_forest,random_forest,drive_age_quartile,3,140255,123,13,10671,0.06339330428548445,sufficient
v1.5.4,data/processed/reliability_v1_5_horizon_7d_lookback_7d_dataset.csv,a0635ebba0a310e9ab1cbefb28182c028e9ea6102c57f662ef310deba3414c91,final_month_holdout,time_aware,primary_time_aware,future_known_population_prediction,smart_only_conservative,raw_row,random_forest,random_forest,lookback_density_quartile,0,640176,740,141,41417,0.14596554092490927,sufficient
v1.5.4,data/processed/reliability_v1_5_horizon_7d_lookback_7d_dataset.csv,a0635ebba0a310e9ab1cbefb28182c028e9ea6102c57f662ef310deba3414c91,final_month_holdout,time_aware,primary_time_aware,future_known_population_prediction,smart_only_conservative,raw_row,random_forest,random_forest,capacity_quartile,0,196493,174,43,9688,0.06324479763474035,sufficient
v1.5.4,data/processed/reliability_v1_5_horizon_7d_lookback_7d_dataset.csv,a0635ebba0a310e9ab1cbefb28182c028e9ea6102c57f662ef310deba3414c91,final_month_holdout,time_aware,primary_time_aware,future_known_population_prediction,smart_only_conservative,raw_row,random_forest,random_forest,capacity_quartile,1,264099,471,55,26590,0.08831995675430476,sufficient
v1.5.4,data/processed/reliability_v1_5_horizon_7d_lookback_7d_dataset.csv,a0635ebba0a310e9ab1cbefb28182c028e9ea6102c57f662ef310deba3414c91,final_month_holdout,time_aware,primary_time_aware,future_known_population_prediction,smart_only_conservative,raw_row,random_forest,random_forest,capacity_quartile,2,179584,95,43,5139,0.30720974317381083,sufficient
v1.5.4,data/processed/reliability_v1_5_horizon_7d_lookback_7d_dataset.csv,a0635ebba0a310e9ab1cbefb28182c028e9ea6102c57f662ef310deba3414c91,final_month_holdout,time_aware,primary_time_aware,future_known_population_prediction,smart_only_conservative,raw_row,hist_gradient_boosting,hist_gradient_boosting,all,all,640176,740,93,69598,0.2981403612781287,sufficient
v1.5.4,data/processed/reliability_v1_5_horizon_7d_lookback_7d_dataset.csv,a0635ebba0a310e9ab1cbefb28182c028e9ea6102c57f662ef310deba3414c91,final_month_holdout,time_aware,primary_time_aware,future_known_population_prediction,smart_only_conservative,raw_row,hist_gradient_boosting,hist_gradient_boosting,model,Hitachi HDS722020ALA330,113184,42,21,3820,0.12104122613258196,sufficient
v1.5.4,data/processed/reliability_v1_5_horizon_7d_lookback_7d_dataset.csv,a0635ebba0a310e9ab1cbefb28182c028e9ea6102c57f662ef310deba3414c91,final_month_holdout,time_aware,primary_time_aware,future_known_population_prediction,smart_only_conservative,raw_row,hist_gradient_boosting,hist_gradient_boosting,model,ST4000DM000,111061,70,25,9632,0.3655475753859043,sufficient
v1.5.4,data/processed/reliability_v1_5_horizon_7d_lookback_7d_dataset.csv,a0635ebba0a310e9ab1cbefb28182c028e9ea6102c57f662ef310deba3414c91,final_month_holdout,time_aware,primary_time_aware,future_known_population_prediction,smart_only_conservative,raw_row,hist_gradient_boosting,hist_gradient_boosting,model,Hitachi HDS5C3030ALA630,110208,27,0,3014,0.12104122613258196,sufficient
v1.5.4,data/processed/reliability_v1_5_horizon_7d_lookback_7d_dataset.csv,a0635ebba0a310e9ab1cbefb28182c028e9ea6102c57f662ef310deba3414c91,final_month_holdout,time_aware,primary_time_aware,future_known_population_prediction,smart_only_conservative,raw_row,hist_gradient_boosting,hist_gradient_boosting,model,ST3000DM001,102781,413,32,26660,0.3792372128281675,sufficient
v1.5.4,data/processed/reliability_v1_5_horizon_7d_lookback_7d_dataset.csv,a0635ebba0a310e9ab1cbefb28182c028e9ea6102c57f662ef310deba3414c91,final_month_holdout,time_aware,primary_time_aware,future_known_population_prediction,smart_only_conservative,raw_row,hist_gradient_boosting,hist_gradient_boosting,model,Hitachi HDS5C4040ALE630,62094,25,0,432,0.1405077375537067,sufficient
v1.5.4,data/processed/reliability_v1_5_horizon_7d_lookback_7d_dataset.csv,a0635ebba0a310e9ab1cbefb28182c028e9ea6102c57f662ef310deba3414c91,final_month_holdout,time_aware,primary_time_aware,future_known_population_prediction,smart_only_conservative,raw_row,hist_gradient_boosting,hist_gradient_boosting,model,ST31500541AS,46298,64,8,7137,0.33767520770679077,sufficient
v1.5.4,data/processed/reliability_v1_5_horizon_7d_lookback_7d_dataset.csv,a0635ebba0a310e9ab1cbefb28182c028e9ea6102c57f662ef310deba3414c91,final_month_holdout,time_aware,primary_time_aware,future_known_population_prediction,smart_only_conservative,raw_row,hist_gradient_boosting,hist_gradient_boosting,model,Hitachi HDS723030ALA640,24648,0,0,2040,0.12104122613258196,sufficient
v1.5.4,data/processed/reliability_v1_5_horizon_7d_lookback_7d_dataset.csv,a0635ebba0a310e9ab1cbefb28182c028e9ea6102c57f662ef310deba3414c91,final_month_holdout,time_aware,primary_time_aware,future_known_population_prediction,smart_only_conservative,raw_row,hist_gradient_boosting,hist_gradient_boosting,model,ST31500341AS,12999,47,1,6352,0.461371502906166,sufficient
v1.5.4,data/processed/reliability_v1_5_horizon_7d_lookback_7d_dataset.csv,a0635ebba0a310e9ab1cbefb28182c028e9ea6102c57f662ef310deba3414c91,final_month_holdout,time_aware,primary_time_aware,future_known_population_prediction,smart_only_conservative,raw_row,hist_gradient_boosting,hist_gradient_boosting,model,WDC WD10EADS,11376,0,0,461,0.17706010916391376,sufficient
v1.5.4,data/processed/reliability_v1_5_horizon_7d_lookback_7d_dataset.csv,a0635ebba0a310e9ab1cbefb28182c028e9ea6102c57f662ef310deba3414c91,final_month_holdout,time_aware,primary_time_aware,future_known_population_prediction,smart_only_conservative,raw_row,hist_gradient_boosting,hist_gradient_boosting,model,WDC WD30EZRX,9863,13,0,3339,0.18600913354925538,sufficient
v1.5.4,data/processed/reliability_v1_5_horizon_7d_lookback_7d_dataset.csv,a0635ebba0a310e9ab1cbefb28182c028e9ea6102c57f662ef310deba3414c91,final_month_holdout,time_aware,primary_time_aware,future_known_population_prediction,smart_only_conservative,raw_row,hist_gradient_boosting,hist_gradient_boosting,drive_age_quartile,0,170832,133,34,15807,0.3655475753859043,sufficient
v1.5.4,data/processed/reliability_v1_5_horizon_7d_lookback_7d_dataset.csv,a0635ebba0a310e9ab1cbefb28182c028e9ea6102c57f662ef310deba3414c91,final_month_holdout,time_aware,primary_time_aware,future_known_population_prediction,smart_only_conservative,raw_row,hist_gradient_boosting,hist_gradient_boosting,drive_age_quartile,1,165209,190,20,17962,0.15283867669080592,sufficient
v1.5.4,data/processed/reliability_v1_5_horizon_7d_lookback_7d_dataset.csv,a0635ebba0a310e9ab1cbefb28182c028e9ea6102c57f662ef310deba3414c91,final_month_holdout,time_aware,primary_time_aware,future_known_population_prediction,smart_only_conservative,raw_row,hist_gradient_boosting,hist_gradient_boosting,drive_age_quartile,2,163880,294,36,18189,0.158818426535368,sufficient
v1.5.4,data/processed/reliability_v1_5_horizon_7d_lookback_7d_dataset.csv,a0635ebba0a310e9ab1cbefb28182c028e9ea6102c57f662ef310deba3414c91,final_month_holdout,time_aware,primary_time_aware,future_known_population_prediction,smart_only_conservative,raw_row,hist_gradient_boosting,hist_gradient_boosting,drive_age_quartile,3,140255,123,3,17640,0.17463218055160518,sufficient
v1.5.4,data/processed/reliability_v1_5_horizon_7d_lookback_7d_dataset.csv,a0635ebba0a310e9ab1cbefb28182c028e9ea6102c57f662ef310deba3414c91,final_month_holdout,time_aware,primary_time_aware,future_known_population_prediction,smart_only_conservative,raw_row,hist_gradient_boosting,hist_gradient_boosting,lookback_density_quartile,0,640176,740,93,69598,0.2981403612781287,sufficient
v1.5.4,data/processed/reliability_v1_5_horizon_7d_lookback_7d_dataset.csv,a0635ebba0a310e9ab1cbefb28182c028e9ea6102c57f662ef310deba3414c91,final_month_holdout,time_aware,primary_time_aware,future_known_population_prediction,smart_only_conservative,raw_row,hist_gradient_boosting,hist_gradient_boosting,capacity_quartile,0,196493,174,34,20959,0.158818426535368,sufficient
v1.5.4,data/processed/reliability_v1_5_horizon_7d_lookback_7d_dataset.csv,a0635ebba0a310e9ab1cbefb28182c028e9ea6102c57f662ef310deba3414c91,final_month_holdout,time_aware,primary_time_aware,future_known_population_prediction,smart_only_conservative,raw_row,hist_gradient_boosting,hist_gradient_boosting,capacity_quartile,1,264099,471,34,36845,0.21967390364443692,sufficient
v1.5.4,data/processed/reliability_v1_5_horizon_7d_lookback_7d_dataset.csv,a0635ebba0a310e9ab1cbefb28182c028e9ea6102c57f662ef310deba3414c91,final_month_holdout,time_aware,primary_time_aware,future_known_population_prediction,smart_only_conservative,raw_row,hist_gradient_boosting,hist_gradient_boosting,capacity_quartile,2,179584,95,25,11794,0.3655475753859043,sufficient
v1.5.4,data/processed/reliability_v1_5_horizon_7d_lookback_7d_dataset.csv,a0635ebba0a310e9ab1cbefb28182c028e9ea6102c57f662ef310deba3414c91,final_month_holdout,time_aware,primary_time_aware,future_known_population_prediction,smart_plus_safe_operational_metadata,asset_balanced,dummy_prior,dummy_prior,all,all,640176,740,0,639436,0.8056399522518352,sufficient
v1.5.4,data/processed/reliability_v1_5_horizon_7d_lookback_7d_dataset.csv,a0635ebba0a310e9ab1cbefb28182c028e9ea6102c57f662ef310deba3414c91,final_month_holdout,time_aware,primary_time_aware,future_known_population_prediction,smart_plus_safe_operational_metadata,asset_balanced,dummy_prior,dummy_prior,model,Hitachi HDS722020ALA330,113184,42,0,113142,0.8056399522518352,sufficient
v1.5.4,data/processed/reliability_v1_5_horizon_7d_lookback_7d_dataset.csv,a0635ebba0a310e9ab1cbefb28182c028e9ea6102c57f662ef310deba3414c91,final_month_holdout,time_aware,primary_time_aware,future_known_population_prediction,smart_plus_safe_operational_metadata,asset_balanced,dummy_prior,dummy_prior,model,ST4000DM000,111061,70,0,110991,0.8056399522518352,sufficient
v1.5.4,data/processed/reliability_v1_5_horizon_7d_lookback_7d_dataset.csv,a0635ebba0a310e9ab1cbefb28182c028e9ea6102c57f662ef310deba3414c91,final_month_holdout,time_aware,primary_time_aware,future_known_population_prediction,smart_plus_safe_operational_metadata,asset_balanced,dummy_prior,dummy_prior,model,Hitachi HDS5C3030ALA630,110208,27,0,110181,0.8056399522518352,sufficient
v1.5.4,data/processed/reliability_v1_5_horizon_7d_lookback_7d_dataset.csv,a0635ebba0a310e9ab1cbefb28182c028e9ea6102c57f662ef310deba3414c91,final_month_holdout,time_aware,primary_time_aware,future_known_population_prediction,smart_plus_safe_operational_metadata,asset_balanced,dummy_prior,dummy_prior,model,ST3000DM001,102781,413,0,102368,0.8056399522518352,sufficient
v1.5.4,data/processed/reliability_v1_5_horizon_7d_lookback_7d_dataset.csv,a0635ebba0a310e9ab1cbefb28182c028e9ea6102c57f662ef310deba3414c91,final_month_holdout,time_aware,primary_time_aware,future_known_population_prediction,smart_plus_safe_operational_metadata,asset_balanced,dummy_prior,dummy_prior,model,Hitachi HDS5C4040ALE630,62094,25,0,62069,0.8056399522518352,sufficient
v1.5.4,data/processed/reliability_v1_5_horizon_7d_lookback_7d_dataset.csv,a0635ebba0a310e9ab1cbefb28182c028e9ea6102c57f662ef310deba3414c91,final_month_holdout,time_aware,primary_time_aware,future_known_population_prediction,smart_plus_safe_operational_metadata,asset_balanced,dummy_prior,dummy_prior,model,ST31500541AS,46298,64,0,46234,0.8056399522518352,sufficient
v1.5.4,data/processed/reliability_v1_5_horizon_7d_lookback_7d_dataset.csv,a0635ebba0a310e9ab1cbefb28182c028e9ea6102c57f662ef310deba3414c91,final_month_holdout,time_aware,primary_time_aware,future_known_population_prediction,smart_plus_safe_operational_metadata,asset_balanced,dummy_prior,dummy_prior,model,Hitachi HDS723030ALA640,24648,0,0,24648,0.8056399522518352,sufficient
v1.5.4,data/processed/reliability_v1_5_horizon_7d_lookback_7d_dataset.csv,a0635ebba0a310e9ab1cbefb28182c028e9ea6102c57f662ef310deba3414c91,final_month_holdout,time_aware,primary_time_aware,future_known_population_prediction,smart_plus_safe_operational_metadata,asset_balanced,dummy_prior,dummy_prior,model,ST31500341AS,12999,47,0,12952,0.8056399522518352,sufficient
v1.5.4,data/processed/reliability_v1_5_horizon_7d_lookback_7d_dataset.csv,a0635ebba0a310e9ab1cbefb28182c028e9ea6102c57f662ef310deba3414c91,final_month_holdout,time_aware,primary_time_aware,future_known_population_prediction,smart_plus_safe_operational_metadata,asset_balanced,dummy_prior,dummy_prior,model,WDC WD10EADS,11376,0,0,11376,0.8056399522518352,sufficient
v1.5.4,data/processed/reliability_v1_5_horizon_7d_lookback_7d_dataset.csv,a0635ebba0a310e9ab1cbefb28182c028e9ea6102c57f662ef310deba3414c91,final_month_holdout,time_aware,primary_time_aware,future_known_population_prediction,smart_plus_safe_operational_metadata,asset_balanced,dummy_prior,dummy_prior,model,WDC WD30EZRX,9863,13,0,9850,0.8056399522518352,sufficient
v1.5.4,data/processed/reliability_v1_5_horizon_7d_lookback_7d_dataset.csv,a0635ebba0a310e9ab1cbefb28182c028e9ea6102c57f662ef310deba3414c91,final_month_holdout,time_aware,primary_time_aware,future_known_population_prediction,smart_plus_safe_operational_metadata,asset_balanced,dummy_prior,dummy_prior,drive_age_quartile,0,170832,133,0,170699,0.8056399522518352,sufficient
v1.5.4,data/processed/reliability_v1_5_horizon_7d_lookback_7d_dataset.csv,a0635ebba0a310e9ab1cbefb28182c028e9ea6102c57f662ef310deba3414c91,final_month_holdout,time_aware,primary_time_aware,future_known_population_prediction,smart_plus_safe_operational_metadata,asset_balanced,dummy_prior,dummy_prior,drive_age_quartile,1,165209,190,0,165019,0.8056399522518352,sufficient
v1.5.4,data/processed/reliability_v1_5_horizon_7d_lookback_7d_dataset.csv,a0635ebba0a310e9ab1cbefb28182c028e9ea6102c57f662ef310deba3414c91,final_month_holdout,time_aware,primary_time_aware,future_known_population_prediction,smart_plus_safe_operational_metadata,asset_balanced,dummy_prior,dummy_prior,drive_age_quartile,2,163880,294,0,163586,0.8056399522518352,sufficient
v1.5.4,data/processed/reliability_v1_5_horizon_7d_lookback_7d_dataset.csv,a0635ebba0a310e9ab1cbefb28182c028e9ea6102c57f662ef310deba3414c91,final_month_holdout,time_aware,primary_time_aware,future_known_population_prediction,smart_plus_safe_operational_metadata,asset_balanced,dummy_prior,dummy_prior,drive_age_quartile,3,140255,123,0,140132,0.8056399522518352,sufficient
v1.5.4,data/processed/reliability_v1_5_horizon_7d_lookback_7d_dataset.csv,a0635ebba0a310e9ab1cbefb28182c028e9ea6102c57f662ef310deba3414c91,final_month_holdout,time_aware,primary_time_aware,future_known_population_prediction,smart_plus_safe_operational_metadata,asset_balanced,dummy_prior,dummy_prior,lookback_density_quartile,0,640176,740,0,639436,0.8056399522518352,sufficient
v1.5.4,data/processed/reliability_v1_5_horizon_7d_lookback_7d_dataset.csv,a0635ebba0a310e9ab1cbefb28182c028e9ea6102c57f662ef310deba3414c91,final_month_holdout,time_aware,primary_time_aware,future_known_population_prediction,smart_plus_safe_operational_metadata,asset_balanced,dummy_prior,dummy_prior,capacity_quartile,0,196493,174,0,196319,0.8056399522518352,sufficient
v1.5.4,data/processed/reliability_v1_5_horizon_7d_lookback_7d_dataset.csv,a0635ebba0a310e9ab1cbefb28182c028e9ea6102c57f662ef310deba3414c91,final_month_holdout,time_aware,primary_time_aware,future_known_population_prediction,smart_plus_safe_operational_metadata,asset_balanced,dummy_prior,dummy_prior,capacity_quartile,1,264099,471,0,263628,0.8056399522518352,sufficient
v1.5.4,data/processed/reliability_v1_5_horizon_7d_lookback_7d_dataset.csv,a0635ebba0a310e9ab1cbefb28182c028e9ea6102c57f662ef310deba3414c91,final_month_holdout,time_aware,primary_time_aware,future_known_population_prediction,smart_plus_safe_operational_metadata,asset_balanced,dummy_prior,dummy_prior,capacity_quartile,2,179584,95,0,179489,0.8056399522518352,sufficient
v1.5.4,data/processed/reliability_v1_5_horizon_7d_lookback_7d_dataset.csv,a0635ebba0a310e9ab1cbefb28182c028e9ea6102c57f662ef310deba3414c91,final_month_holdout,time_aware,primary_time_aware,future_known_population_prediction,smart_plus_safe_operational_metadata,asset_balanced,logistic_regression,logistic_regression,all,all,640176,740,309,29231,0.17440390347148427,sufficient
v1.5.4,data/processed/reliability_v1_5_horizon_7d_lookback_7d_dataset.csv,a0635ebba0a310e9ab1cbefb28182c028e9ea6102c57f662ef310deba3414c91,final_month_holdout,time_aware,primary_time_aware,future_known_population_prediction,smart_plus_safe_operational_metadata,asset_balanced,logistic_regression,logistic_regression,model,Hitachi HDS722020ALA330,113184,42,36,7,0.07214885171810223,sufficient
v1.5.4,data/processed/reliability_v1_5_horizon_7d_lookback_7d_dataset.csv,a0635ebba0a310e9ab1cbefb28182c028e9ea6102c57f662ef310deba3414c91,final_month_holdout,time_aware,primary_time_aware,future_known_population_prediction,smart_plus_safe_operational_metadata,asset_balanced,logistic_regression,logistic_regression,model,ST4000DM000,111061,70,51,1207,0.23058802826285224,sufficient
v1.5.4,data/processed/reliability_v1_5_horizon_7d_lookback_7d_dataset.csv,a0635ebba0a310e9ab1cbefb28182c028e9ea6102c57f662ef310deba3414c91,final_month_holdout,time_aware,primary_time_aware,future_known_population_prediction,smart_plus_safe_operational_metadata,asset_balanced,logistic_regression,logistic_regression,model,Hitachi HDS5C3030ALA630,110208,27,25,31,0.062340206397796055,sufficient
v1.5.4,data/processed/reliability_v1_5_horizon_7d_lookback_7d_dataset.csv,a0635ebba0a310e9ab1cbefb28182c028e9ea6102c57f662ef310deba3414c91,final_month_holdout,time_aware,primary_time_aware,future_known_population_prediction,smart_plus_safe_operational_metadata,asset_balanced,logistic_regression,logistic_regression,model,ST3000DM001,102781,413,126,6688,0.3650478787318382,sufficient
v1.5.4,data/processed/reliability_v1_5_horizon_7d_lookback_7d_dataset.csv,a0635ebba0a310e9ab1cbefb28182c028e9ea6102c57f662ef310deba3414c91,final_month_holdout,time_aware,primary_time_aware,future_known_population_prediction,smart_plus_safe_operational_metadata,asset_balanced,logistic_regression,logistic_regression,model,Hitachi HDS5C4040ALE630,62094,25,16,6,0.144294706756326,sufficient
v1.5.4,data/processed/reliability_v1_5_horizon_7d_lookback_7d_dataset.csv,a0635ebba0a310e9ab1cbefb28182c028e9ea6102c57f662ef310deba3414c91,final_month_holdout,time_aware,primary_time_aware,future_known_population_prediction,smart_plus_safe_operational_metadata,asset_balanced,logistic_regression,logistic_regression,model,ST31500541AS,46298,64,39,6661,0.42105140873183944,sufficient
v1.5.4,data/processed/reliability_v1_5_horizon_7d_lookback_7d_dataset.csv,a0635ebba0a310e9ab1cbefb28182c028e9ea6102c57f662ef310deba3414c91,final_month_holdout,time_aware,primary_time_aware,future_known_population_prediction,smart_plus_safe_operational_metadata,asset_balanced,logistic_regression,logistic_regression,model,Hitachi HDS723030ALA640,24648,0,0,18,0.08787655737651406,sufficient
v1.5.4,data/processed/reliability_v1_5_horizon_7d_lookback_7d_dataset.csv,a0635ebba0a310e9ab1cbefb28182c028e9ea6102c57f662ef310deba3414c91,final_month_holdout,time_aware,primary_time_aware,future_known_population_prediction,smart_plus_safe_operational_metadata,asset_balanced,logistic_regression,logistic_regression,model,ST31500341AS,12999,47,2,11405,0.6163757414258667,sufficient
v1.5.4,data/processed/reliability_v1_5_horizon_7d_lookback_7d_dataset.csv,a0635ebba0a310e9ab1cbefb28182c028e9ea6102c57f662ef310deba3414c91,final_month_holdout,time_aware,primary_time_aware,future_known_population_prediction,smart_plus_safe_operational_metadata,asset_balanced,logistic_regression,logistic_regression,model,WDC WD10EADS,11376,0,0,169,0.2935243629404482,sufficient
v1.5.4,data/processed/reliability_v1_5_horizon_7d_lookback_7d_dataset.csv,a0635ebba0a310e9ab1cbefb28182c028e9ea6102c57f662ef310deba3414c91,final_month_holdout,time_aware,primary_time_aware,future_known_population_prediction,smart_plus_safe_operational_metadata,asset_balanced,logistic_regression,logistic_regression,model,WDC WD30EZRX,9863,13,0,255,0.30619777259462155,sufficient
v1.5.4,data/processed/reliability_v1_5_horizon_7d_lookback_7d_dataset.csv,a0635ebba0a310e9ab1cbefb28182c028e9ea6102c57f662ef310deba3414c91,final_month_holdout,time_aware,primary_time_aware,future_known_population_prediction,smart_plus_safe_operational_metadata,asset_balanced,logistic_regression,logistic_regression,drive_age_quartile,0,170832,133,72,5766,0.22146994198586395,sufficient
v1.5.4,data/processed/reliability_v1_5_horizon_7d_lookback_7d_dataset.csv,a0635ebba0a310e9ab1cbefb28182c028e9ea6102c57f662ef310deba3414c91,final_month_holdout,time_aware,primary_time_aware,future_known_population_prediction,smart_plus_safe_operational_metadata,asset_balanced,logistic_regression,logistic_regression,drive_age_quartile,1,165209,190,60,8479,0.11487140932582326,sufficient
v1.5.4,data/processed/reliability_v1_5_horizon_7d_lookback_7d_dataset.csv,a0635ebba0a310e9ab1cbefb28182c028e9ea6102c57f662ef310deba3414c91,final_month_holdout,time_aware,primary_time_aware,future_known_population_prediction,smart_plus_safe_operational_metadata,asset_balanced,logistic_regression,logistic_regression,drive_age_quartile,2,163880,294,143,8726,0.12212108373012891,sufficient
v1.5.4,data/processed/reliability_v1_5_horizon_7d_lookback_7d_dataset.csv,a0635ebba0a310e9ab1cbefb28182c028e9ea6102c57f662ef310deba3414c91,final_month_holdout,time_aware,primary_time_aware,future_known_population_prediction,smart_plus_safe_operational_metadata,asset_balanced,logistic_regression,logistic_regression,drive_age_quartile,3,140255,123,34,6260,0.10621287856070037,sufficient
v1.5.4,data/processed/reliability_v1_5_horizon_7d_lookback_7d_dataset.csv,a0635ebba0a310e9ab1cbefb28182c028e9ea6102c57f662ef310deba3414c91,final_month_holdout,time_aware,primary_time_aware,future_known_population_prediction,smart_plus_safe_operational_metadata,asset_balanced,logistic_regression,logistic_regression,lookback_density_quartile,0,640176,740,309,29231,0.17440390347148427,sufficient
v1.5.4,data/processed/reliability_v1_5_horizon_7d_lookback_7d_dataset.csv,a0635ebba0a310e9ab1cbefb28182c028e9ea6102c57f662ef310deba3414c91,final_month_holdout,time_aware,primary_time_aware,future_known_population_prediction,smart_plus_safe_operational_metadata,asset_balanced,logistic_regression,logistic_regression,capacity_quartile,0,196493,174,81,20349,0.09374727392928109,sufficient
v1.5.4,data/processed/reliability_v1_5_horizon_7d_lookback_7d_dataset.csv,a0635ebba0a310e9ab1cbefb28182c028e9ea6102c57f662ef310deba3414c91,final_month_holdout,time_aware,primary_time_aware,future_known_population_prediction,smart_plus_safe_operational_metadata,asset_balanced,logistic_regression,logistic_regression,capacity_quartile,1,264099,471,161,7669,0.1290517908205524,sufficient
v1.5.4,data/processed/reliability_v1_5_horizon_7d_lookback_7d_dataset.csv,a0635ebba0a310e9ab1cbefb28182c028e9ea6102c57f662ef310deba3414c91,final_month_holdout,time_aware,primary_time_aware,future_known_population_prediction,smart_plus_safe_operational_metadata,asset_balanced,logistic_regression,logistic_regression,capacity_quartile,2,179584,95,67,1213,0.19699502016147902,sufficient
v1.5.4,data/processed/reliability_v1_5_horizon_7d_lookback_7d_dataset.csv,a0635ebba0a310e9ab1cbefb28182c028e9ea6102c57f662ef310deba3414c91,final_month_holdout,time_aware,primary_time_aware,future_known_population_prediction,smart_plus_safe_operational_metadata,asset_balanced,random_forest,random_forest,all,all,640176,740,153,20788,0.10218100855870134,sufficient
v1.5.4,data/processed/reliability_v1_5_horizon_7d_lookback_7d_dataset.csv,a0635ebba0a310e9ab1cbefb28182c028e9ea6102c57f662ef310deba3414c91,final_month_holdout,time_aware,primary_time_aware,future_known_population_prediction,smart_plus_safe_operational_metadata,asset_balanced,random_forest,random_forest,model,Hitachi HDS722020ALA330,113184,42,21,437,0.013871116416464884,sufficient
v1.5.4,data/processed/reliability_v1_5_horizon_7d_lookback_7d_dataset.csv,a0635ebba0a310e9ab1cbefb28182c028e9ea6102c57f662ef310deba3414c91,final_month_holdout,time_aware,primary_time_aware,future_known_population_prediction,smart_plus_safe_operational_metadata,asset_balanced,random_forest,random_forest,model,ST4000DM000,111061,70,47,1048,0.14175888817495721,sufficient
v1.5.4,data/processed/reliability_v1_5_horizon_7d_lookback_7d_dataset.csv,a0635ebba0a310e9ab1cbefb28182c028e9ea6102c57f662ef310deba3414c91,final_month_holdout,time_aware,primary_time_aware,future_known_population_prediction,smart_plus_safe_operational_metadata,asset_balanced,random_forest,random_forest,model,Hitachi HDS5C3030ALA630,110208,27,10,403,0.01650875755832705,sufficient
v1.5.4,data/processed/reliability_v1_5_horizon_7d_lookback_7d_dataset.csv,a0635ebba0a310e9ab1cbefb28182c028e9ea6102c57f662ef310deba3414c91,final_month_holdout,time_aware,primary_time_aware,future_known_population_prediction,smart_plus_safe_operational_metadata,asset_balanced,random_forest,random_forest,model,ST3000DM001,102781,413,42,11088,0.2529975881342719,sufficient
v1.5.4,data/processed/reliability_v1_5_horizon_7d_lookback_7d_dataset.csv,a0635ebba0a310e9ab1cbefb28182c028e9ea6102c57f662ef310deba3414c91,final_month_holdout,time_aware,primary_time_aware,future_known_population_prediction,smart_plus_safe_operational_metadata,asset_balanced,random_forest,random_forest,model,Hitachi HDS5C4040ALE630,62094,25,2,88,0.0340535902302115,sufficient
v1.5.4,data/processed/reliability_v1_5_horizon_7d_lookback_7d_dataset.csv,a0635ebba0a310e9ab1cbefb28182c028e9ea6102c57f662ef310deba3414c91,final_month_holdout,time_aware,primary_time_aware,future_known_population_prediction,smart_plus_safe_operational_metadata,asset_balanced,random_forest,random_forest,model,ST31500541AS,46298,64,15,2905,0.21845462686996453,sufficient
v1.5.4,data/processed/reliability_v1_5_horizon_7d_lookback_7d_dataset.csv,a0635ebba0a310e9ab1cbefb28182c028e9ea6102c57f662ef310deba3414c91,final_month_holdout,time_aware,primary_time_aware,future_known_population_prediction,smart_plus_safe_operational_metadata,asset_balanced,random_forest,random_forest,model,Hitachi HDS723030ALA640,24648,0,0,204,0.01667242492267546,sufficient
v1.5.4,data/processed/reliability_v1_5_horizon_7d_lookback_7d_dataset.csv,a0635ebba0a310e9ab1cbefb28182c028e9ea6102c57f662ef310deba3414c91,final_month_holdout,time_aware,primary_time_aware,future_known_population_prediction,smart_plus_safe_operational_metadata,asset_balanced,random_forest,random_forest,model,ST31500341AS,12999,47,5,1828,0.26236616846278166,sufficient
v1.5.4,data/processed/reliability_v1_5_horizon_7d_lookback_7d_dataset.csv,a0635ebba0a310e9ab1cbefb28182c028e9ea6102c57f662ef310deba3414c91,final_month_holdout,time_aware,primary_time_aware,future_known_population_prediction,smart_plus_safe_operational_metadata,asset_balanced,random_forest,random_forest,model,WDC WD10EADS,11376,0,0,57,0.0580122996572556,sufficient
v1.5.4,data/processed/reliability_v1_5_horizon_7d_lookback_7d_dataset.csv,a0635ebba0a310e9ab1cbefb28182c028e9ea6102c57f662ef310deba3414c91,final_month_holdout,time_aware,primary_time_aware,future_known_population_prediction,smart_plus_safe_operational_metadata,asset_balanced,random_forest,random_forest,model,WDC WD30EZRX,9863,13,0,873,0.08408072899521046,sufficient
v1.5.4,data/processed/reliability_v1_5_horizon_7d_lookback_7d_dataset.csv,a0635ebba0a310e9ab1cbefb28182c028e9ea6102c57f662ef310deba3414c91,final_month_holdout,time_aware,primary_time_aware,future_known_population_prediction,smart_plus_safe_operational_metadata,asset_balanced,random_forest,random_forest,drive_age_quartile,0,170832,133,57,2698,0.13509315475422473,sufficient
v1.5.4,data/processed/reliability_v1_5_horizon_7d_lookback_7d_dataset.csv,a0635ebba0a310e9ab1cbefb28182c028e9ea6102c57f662ef310deba3414c91,final_month_holdout,time_aware,primary_time_aware,future_known_population_prediction,smart_plus_safe_operational_metadata,asset_balanced,random_forest,random_forest,drive_age_quartile,1,165209,190,24,6313,0.0501664177223989,sufficient
v1.5.4,data/processed/reliability_v1_5_horizon_7d_lookback_7d_dataset.csv,a0635ebba0a310e9ab1cbefb28182c028e9ea6102c57f662ef310deba3414c91,final_month_holdout,time_aware,primary_time_aware,future_known_population_prediction,smart_plus_safe_operational_metadata,asset_balanced,random_forest,random_forest,drive_age_quartile,2,163880,294,56,6210,0.05026470750409151,sufficient
v1.5.4,data/processed/reliability_v1_5_horizon_7d_lookback_7d_dataset.csv,a0635ebba0a310e9ab1cbefb28182c028e9ea6102c57f662ef310deba3414c91,final_month_holdout,time_aware,primary_time_aware,future_known_population_prediction,smart_plus_safe_operational_metadata,asset_balanced,random_forest,random_forest,drive_age_quartile,3,140255,123,16,5567,0.05728020445023238,sufficient
v1.5.4,data/processed/reliability_v1_5_horizon_7d_lookback_7d_dataset.csv,a0635ebba0a310e9ab1cbefb28182c028e9ea6102c57f662ef310deba3414c91,final_month_holdout,time_aware,primary_time_aware,future_known_population_prediction,smart_plus_safe_operational_metadata,asset_balanced,random_forest,random_forest,lookback_density_quartile,0,640176,740,153,20788,0.10218100855870134,sufficient
v1.5.4,data/processed/reliability_v1_5_horizon_7d_lookback_7d_dataset.csv,a0635ebba0a310e9ab1cbefb28182c028e9ea6102c57f662ef310deba3414c91,final_month_holdout,time_aware,primary_time_aware,future_known_population_prediction,smart_plus_safe_operational_metadata,asset_balanced,random_forest,random_forest,capacity_quartile,0,196493,174,45,6877,0.05026470750409151,sufficient
v1.5.4,data/processed/reliability_v1_5_horizon_7d_lookback_7d_dataset.csv,a0635ebba0a310e9ab1cbefb28182c028e9ea6102c57f662ef310deba3414c91,final_month_holdout,time_aware,primary_time_aware,future_known_population_prediction,smart_plus_safe_operational_metadata,asset_balanced,random_forest,random_forest,capacity_quartile,1,264099,471,59,12773,0.07287839910012818,sufficient
v1.5.4,data/processed/reliability_v1_5_horizon_7d_lookback_7d_dataset.csv,a0635ebba0a310e9ab1cbefb28182c028e9ea6102c57f662ef310deba3414c91,final_month_holdout,time_aware,primary_time_aware,future_known_population_prediction,smart_plus_safe_operational_metadata,asset_balanced,random_forest,random_forest,capacity_quartile,2,179584,95,49,1138,0.1264622007270025,sufficient
v1.5.4,data/processed/reliability_v1_5_horizon_7d_lookback_7d_dataset.csv,a0635ebba0a310e9ab1cbefb28182c028e9ea6102c57f662ef310deba3414c91,final_month_holdout,time_aware,primary_time_aware,future_known_population_prediction,smart_plus_safe_operational_metadata,asset_balanced,hist_gradient_boosting,hist_gradient_boosting,all,all,640176,740,130,36750,0.21911753003283996,sufficient
v1.5.4,data/processed/reliability_v1_5_horizon_7d_lookback_7d_dataset.csv,a0635ebba0a310e9ab1cbefb28182c028e9ea6102c57f662ef310deba3414c91,final_month_holdout,time_aware,primary_time_aware,future_known_population_prediction,smart_plus_safe_operational_metadata,asset_balanced,hist_gradient_boosting,hist_gradient_boosting,model,Hitachi HDS722020ALA330,113184,42,21,3084,0.10688094742261806,sufficient
v1.5.4,data/processed/reliability_v1_5_horizon_7d_lookback_7d_dataset.csv,a0635ebba0a310e9ab1cbefb28182c028e9ea6102c57f662ef310deba3414c91,final_month_holdout,time_aware,primary_time_aware,future_known_population_prediction,smart_plus_safe_operational_metadata,asset_balanced,hist_gradient_boosting,hist_gradient_boosting,model,ST4000DM000,111061,70,47,1539,0.2239727576709667,sufficient
v1.5.4,data/processed/reliability_v1_5_horizon_7d_lookback_7d_dataset.csv,a0635ebba0a310e9ab1cbefb28182c028e9ea6102c57f662ef310deba3414c91,final_month_holdout,time_aware,primary_time_aware,future_known_population_prediction,smart_plus_safe_operational_metadata,asset_balanced,hist_gradient_boosting,hist_gradient_boosting,model,Hitachi HDS5C3030ALA630,110208,27,0,2113,0.10688094742261806,sufficient
v1.5.4,data/processed/reliability_v1_5_horizon_7d_lookback_7d_dataset.csv,a0635ebba0a310e9ab1cbefb28182c028e9ea6102c57f662ef310deba3414c91,final_month_holdout,time_aware,primary_time_aware,future_known_population_prediction,smart_plus_safe_operational_metadata,asset_balanced,hist_gradient_boosting,hist_gradient_boosting,model,ST3000DM001,102781,413,39,11549,0.315134866869028,sufficient
v1.5.4,data/processed/reliability_v1_5_horizon_7d_lookback_7d_dataset.csv,a0635ebba0a310e9ab1cbefb28182c028e9ea6102c57f662ef310deba3414c91,final_month_holdout,time_aware,primary_time_aware,future_known_population_prediction,smart_plus_safe_operational_metadata,asset_balanced,hist_gradient_boosting,hist_gradient_boosting,model,Hitachi HDS5C4040ALE630,62094,25,0,274,0.112846534856861,sufficient
v1.5.4,data/processed/reliability_v1_5_horizon_7d_lookback_7d_dataset.csv,a0635ebba0a310e9ab1cbefb28182c028e9ea6102c57f662ef310deba3414c91,final_month_holdout,time_aware,primary_time_aware,future_known_population_prediction,smart_plus_safe_operational_metadata,asset_balanced,hist_gradient_boosting,hist_gradient_boosting,model,ST31500541AS,46298,64,11,5017,0.29509855147277364,sufficient
v1.5.4,data/processed/reliability_v1_5_horizon_7d_lookback_7d_dataset.csv,a0635ebba0a310e9ab1cbefb28182c028e9ea6102c57f662ef310deba3414c91,final_month_holdout,time_aware,primary_time_aware,future_known_population_prediction,smart_plus_safe_operational_metadata,asset_balanced,hist_gradient_boosting,hist_gradient_boosting,model,Hitachi HDS723030ALA640,24648,0,0,1325,0.10688094742261806,sufficient
v1.5.4,data/processed/reliability_v1_5_horizon_7d_lookback_7d_dataset.csv,a0635ebba0a310e9ab1cbefb28182c028e9ea6102c57f662ef310deba3414c91,final_month_holdout,time_aware,primary_time_aware,future_known_population_prediction,smart_plus_safe_operational_metadata,asset_balanced,hist_gradient_boosting,hist_gradient_boosting,model,ST31500341AS,12999,47,1,5539,0.4399216766325933,sufficient
v1.5.4,data/processed/reliability_v1_5_horizon_7d_lookback_7d_dataset.csv,a0635ebba0a310e9ab1cbefb28182c028e9ea6102c57f662ef310deba3414c91,final_month_holdout,time_aware,primary_time_aware,future_known_population_prediction,smart_plus_safe_operational_metadata,asset_balanced,hist_gradient_boosting,hist_gradient_boosting,model,WDC WD10EADS,11376,0,0,469,0.11420211243158522,sufficient
v1.5.4,data/processed/reliability_v1_5_horizon_7d_lookback_7d_dataset.csv,a0635ebba0a310e9ab1cbefb28182c028e9ea6102c57f662ef310deba3414c91,final_month_holdout,time_aware,primary_time_aware,future_known_population_prediction,smart_plus_safe_operational_metadata,asset_balanced,hist_gradient_boosting,hist_gradient_boosting,model,WDC WD30EZRX,9863,13,0,3282,0.1472706934370681,sufficient
v1.5.4,data/processed/reliability_v1_5_horizon_7d_lookback_7d_dataset.csv,a0635ebba0a310e9ab1cbefb28182c028e9ea6102c57f662ef310deba3414c91,final_month_holdout,time_aware,primary_time_aware,future_known_population_prediction,smart_plus_safe_operational_metadata,asset_balanced,hist_gradient_boosting,hist_gradient_boosting,drive_age_quartile,0,170832,133,56,4478,0.2239727576709667,sufficient
v1.5.4,data/processed/reliability_v1_5_horizon_7d_lookback_7d_dataset.csv,a0635ebba0a310e9ab1cbefb28182c028e9ea6102c57f662ef310deba3414c91,final_month_holdout,time_aware,primary_time_aware,future_known_population_prediction,smart_plus_safe_operational_metadata,asset_balanced,hist_gradient_boosting,hist_gradient_boosting,drive_age_quartile,1,165209,190,24,11236,0.12765341253369455,sufficient
v1.5.4,data/processed/reliability_v1_5_horizon_7d_lookback_7d_dataset.csv,a0635ebba0a310e9ab1cbefb28182c028e9ea6102c57f662ef310deba3414c91,final_month_holdout,time_aware,primary_time_aware,future_known_population_prediction,smart_plus_safe_operational_metadata,asset_balanced,hist_gradient_boosting,hist_gradient_boosting,drive_age_quartile,2,163880,294,41,11193,0.12765341253369455,sufficient
v1.5.4,data/processed/reliability_v1_5_horizon_7d_lookback_7d_dataset.csv,a0635ebba0a310e9ab1cbefb28182c028e9ea6102c57f662ef310deba3414c91,final_month_holdout,time_aware,primary_time_aware,future_known_population_prediction,smart_plus_safe_operational_metadata,asset_balanced,hist_gradient_boosting,hist_gradient_boosting,drive_age_quartile,3,140255,123,9,9843,0.12765341253369455,sufficient
v1.5.4,data/processed/reliability_v1_5_horizon_7d_lookback_7d_dataset.csv,a0635ebba0a310e9ab1cbefb28182c028e9ea6102c57f662ef310deba3414c91,final_month_holdout,time_aware,primary_time_aware,future_known_population_prediction,smart_plus_safe_operational_metadata,asset_balanced,hist_gradient_boosting,hist_gradient_boosting,lookback_density_quartile,0,640176,740,130,36750,0.21911753003283996,sufficient
v1.5.4,data/processed/reliability_v1_5_horizon_7d_lookback_7d_dataset.csv,a0635ebba0a310e9ab1cbefb28182c028e9ea6102c57f662ef310deba3414c91,final_month_holdout,time_aware,primary_time_aware,future_known_population_prediction,smart_plus_safe_operational_metadata,asset_balanced,hist_gradient_boosting,hist_gradient_boosting,capacity_quartile,0,196493,174,37,16270,0.12765341253369455,sufficient
v1.5.4,data/processed/reliability_v1_5_horizon_7d_lookback_7d_dataset.csv,a0635ebba0a310e9ab1cbefb28182c028e9ea6102c57f662ef310deba3414c91,final_month_holdout,time_aware,primary_time_aware,future_known_population_prediction,smart_plus_safe_operational_metadata,asset_balanced,hist_gradient_boosting,hist_gradient_boosting,capacity_quartile,1,264099,471,46,18664,0.1694955653378006,sufficient
v1.5.4,data/processed/reliability_v1_5_horizon_7d_lookback_7d_dataset.csv,a0635ebba0a310e9ab1cbefb28182c028e9ea6102c57f662ef310deba3414c91,final_month_holdout,time_aware,primary_time_aware,future_known_population_prediction,smart_plus_safe_operational_metadata,asset_balanced,hist_gradient_boosting,hist_gradient_boosting,capacity_quartile,2,179584,95,47,1816,0.2239727576709667,sufficient
v1.5.4,data/processed/reliability_v1_5_horizon_7d_lookback_7d_dataset.csv,a0635ebba0a310e9ab1cbefb28182c028e9ea6102c57f662ef310deba3414c91,final_month_holdout,time_aware,primary_time_aware,future_known_population_prediction,smart_plus_safe_operational_metadata,raw_row,dummy_prior,dummy_prior,all,all,640176,740,740,0,0.4999999999768913,sufficient
v1.5.4,data/processed/reliability_v1_5_horizon_7d_lookback_7d_dataset.csv,a0635ebba0a310e9ab1cbefb28182c028e9ea6102c57f662ef310deba3414c91,final_month_holdout,time_aware,primary_time_aware,future_known_population_prediction,smart_plus_safe_operational_metadata,raw_row,dummy_prior,dummy_prior,model,Hitachi HDS722020ALA330,113184,42,42,0,0.4999999999768913,sufficient
v1.5.4,data/processed/reliability_v1_5_horizon_7d_lookback_7d_dataset.csv,a0635ebba0a310e9ab1cbefb28182c028e9ea6102c57f662ef310deba3414c91,final_month_holdout,time_aware,primary_time_aware,future_known_population_prediction,smart_plus_safe_operational_metadata,raw_row,dummy_prior,dummy_prior,model,ST4000DM000,111061,70,70,0,0.4999999999768913,sufficient
v1.5.4,data/processed/reliability_v1_5_horizon_7d_lookback_7d_dataset.csv,a0635ebba0a310e9ab1cbefb28182c028e9ea6102c57f662ef310deba3414c91,final_month_holdout,time_aware,primary_time_aware,future_known_population_prediction,smart_plus_safe_operational_metadata,raw_row,dummy_prior,dummy_prior,model,Hitachi HDS5C3030ALA630,110208,27,27,0,0.4999999999768913,sufficient
v1.5.4,data/processed/reliability_v1_5_horizon_7d_lookback_7d_dataset.csv,a0635ebba0a310e9ab1cbefb28182c028e9ea6102c57f662ef310deba3414c91,final_month_holdout,time_aware,primary_time_aware,future_known_population_prediction,smart_plus_safe_operational_metadata,raw_row,dummy_prior,dummy_prior,model,ST3000DM001,102781,413,413,0,0.4999999999768913,sufficient
v1.5.4,data/processed/reliability_v1_5_horizon_7d_lookback_7d_dataset.csv,a0635ebba0a310e9ab1cbefb28182c028e9ea6102c57f662ef310deba3414c91,final_month_holdout,time_aware,primary_time_aware,future_known_population_prediction,smart_plus_safe_operational_metadata,raw_row,dummy_prior,dummy_prior,model,Hitachi HDS5C4040ALE630,62094,25,25,0,0.4999999999768913,sufficient
v1.5.4,data/processed/reliability_v1_5_horizon_7d_lookback_7d_dataset.csv,a0635ebba0a310e9ab1cbefb28182c028e9ea6102c57f662ef310deba3414c91,final_month_holdout,time_aware,primary_time_aware,future_known_population_prediction,smart_plus_safe_operational_metadata,raw_row,dummy_prior,dummy_prior,model,ST31500541AS,46298,64,64,0,0.4999999999768913,sufficient
v1.5.4,data/processed/reliability_v1_5_horizon_7d_lookback_7d_dataset.csv,a0635ebba0a310e9ab1cbefb28182c028e9ea6102c57f662ef310deba3414c91,final_month_holdout,time_aware,primary_time_aware,future_known_population_prediction,smart_plus_safe_operational_metadata,raw_row,dummy_prior,dummy_prior,model,Hitachi HDS723030ALA640,24648,0,0,0,0.4999999999768913,sufficient
v1.5.4,data/processed/reliability_v1_5_horizon_7d_lookback_7d_dataset.csv,a0635ebba0a310e9ab1cbefb28182c028e9ea6102c57f662ef310deba3414c91,final_month_holdout,time_aware,primary_time_aware,future_known_population_prediction,smart_plus_safe_operational_metadata,raw_row,dummy_prior,dummy_prior,model,ST31500341AS,12999,47,47,0,0.4999999999768913,sufficient
v1.5.4,data/processed/reliability_v1_5_horizon_7d_lookback_7d_dataset.csv,a0635ebba0a310e9ab1cbefb28182c028e9ea6102c57f662ef310deba3414c91,final_month_holdout,time_aware,primary_time_aware,future_known_population_prediction,smart_plus_safe_operational_metadata,raw_row,dummy_prior,dummy_prior,model,WDC WD10EADS,11376,0,0,0,0.4999999999768913,sufficient
v1.5.4,data/processed/reliability_v1_5_horizon_7d_lookback_7d_dataset.csv,a0635ebba0a310e9ab1cbefb28182c028e9ea6102c57f662ef310deba3414c91,final_month_holdout,time_aware,primary_time_aware,future_known_population_prediction,smart_plus_safe_operational_metadata,raw_row,dummy_prior,dummy_prior,model,WDC WD30EZRX,9863,13,13,0,0.4999999999768913,sufficient
v1.5.4,data/processed/reliability_v1_5_horizon_7d_lookback_7d_dataset.csv,a0635ebba0a310e9ab1cbefb28182c028e9ea6102c57f662ef310deba3414c91,final_month_holdout,time_aware,primary_time_aware,future_known_population_prediction,smart_plus_safe_operational_metadata,raw_row,dummy_prior,dummy_prior,drive_age_quartile,0,170832,133,133,0,0.4999999999768913,sufficient
v1.5.4,data/processed/reliability_v1_5_horizon_7d_lookback_7d_dataset.csv,a0635ebba0a310e9ab1cbefb28182c028e9ea6102c57f662ef310deba3414c91,final_month_holdout,time_aware,primary_time_aware,future_known_population_prediction,smart_plus_safe_operational_metadata,raw_row,dummy_prior,dummy_prior,drive_age_quartile,1,165209,190,190,0,0.4999999999768913,sufficient
v1.5.4,data/processed/reliability_v1_5_horizon_7d_lookback_7d_dataset.csv,a0635ebba0a310e9ab1cbefb28182c028e9ea6102c57f662ef310deba3414c91,final_month_holdout,time_aware,primary_time_aware,future_known_population_prediction,smart_plus_safe_operational_metadata,raw_row,dummy_prior,dummy_prior,drive_age_quartile,2,163880,294,294,0,0.4999999999768913,sufficient
v1.5.4,data/processed/reliability_v1_5_horizon_7d_lookback_7d_dataset.csv,a0635ebba0a310e9ab1cbefb28182c028e9ea6102c57f662ef310deba3414c91,final_month_holdout,time_aware,primary_time_aware,future_known_population_prediction,smart_plus_safe_operational_metadata,raw_row,dummy_prior,dummy_prior,drive_age_quartile,3,140255,123,123,0,0.4999999999768913,sufficient
v1.5.4,data/processed/reliability_v1_5_horizon_7d_lookback_7d_dataset.csv,a0635ebba0a310e9ab1cbefb28182c028e9ea6102c57f662ef310deba3414c91,final_month_holdout,time_aware,primary_time_aware,future_known_population_prediction,smart_plus_safe_operational_metadata,raw_row,dummy_prior,dummy_prior,lookback_density_quartile,0,640176,740,740,0,0.4999999999768913,sufficient
v1.5.4,data/processed/reliability_v1_5_horizon_7d_lookback_7d_dataset.csv,a0635ebba0a310e9ab1cbefb28182c028e9ea6102c57f662ef310deba3414c91,final_month_holdout,time_aware,primary_time_aware,future_known_population_prediction,smart_plus_safe_operational_metadata,raw_row,dummy_prior,dummy_prior,capacity_quartile,0,196493,174,174,0,0.4999999999768913,sufficient
v1.5.4,data/processed/reliability_v1_5_horizon_7d_lookback_7d_dataset.csv,a0635ebba0a310e9ab1cbefb28182c028e9ea6102c57f662ef310deba3414c91,final_month_holdout,time_aware,primary_time_aware,future_known_population_prediction,smart_plus_safe_operational_metadata,raw_row,dummy_prior,dummy_prior,capacity_quartile,1,264099,471,471,0,0.4999999999768913,sufficient
v1.5.4,data/processed/reliability_v1_5_horizon_7d_lookback_7d_dataset.csv,a0635ebba0a310e9ab1cbefb28182c028e9ea6102c57f662ef310deba3414c91,final_month_holdout,time_aware,primary_time_aware,future_known_population_prediction,smart_plus_safe_operational_metadata,raw_row,dummy_prior,dummy_prior,capacity_quartile,2,179584,95,95,0,0.4999999999768913,sufficient
v1.5.4,data/processed/reliability_v1_5_horizon_7d_lookback_7d_dataset.csv,a0635ebba0a310e9ab1cbefb28182c028e9ea6102c57f662ef310deba3414c91,final_month_holdout,time_aware,primary_time_aware,future_known_population_prediction,smart_plus_safe_operational_metadata,raw_row,logistic_regression,logistic_regression,all,all,640176,740,193,114792,0.28498959009527264,sufficient
v1.5.4,data/processed/reliability_v1_5_horizon_7d_lookback_7d_dataset.csv,a0635ebba0a310e9ab1cbefb28182c028e9ea6102c57f662ef310deba3414c91,final_month_holdout,time_aware,primary_time_aware,future_known_population_prediction,smart_plus_safe_operational_metadata,raw_row,logistic_regression,logistic_regression,model,Hitachi HDS722020ALA330,113184,42,36,10,0.1113368426271888,sufficient
v1.5.4,data/processed/reliability_v1_5_horizon_7d_lookback_7d_dataset.csv,a0635ebba0a310e9ab1cbefb28182c028e9ea6102c57f662ef310deba3414c91,final_month_holdout,time_aware,primary_time_aware,future_known_population_prediction,smart_plus_safe_operational_metadata,raw_row,logistic_regression,logistic_regression,model,ST4000DM000,111061,70,41,16531,0.40085314104739617,sufficient
v1.5.4,data/processed/reliability_v1_5_horizon_7d_lookback_7d_dataset.csv,a0635ebba0a310e9ab1cbefb28182c028e9ea6102c57f662ef310deba3414c91,final_month_holdout,time_aware,primary_time_aware,future_known_population_prediction,smart_plus_safe_operational_metadata,raw_row,logistic_regression,logistic_regression,model,Hitachi HDS5C3030ALA630,110208,27,23,48,0.08264116862340382,sufficient
v1.5.4,data/processed/reliability_v1_5_horizon_7d_lookback_7d_dataset.csv,a0635ebba0a310e9ab1cbefb28182c028e9ea6102c57f662ef310deba3414c91,final_month_holdout,time_aware,primary_time_aware,future_known_population_prediction,smart_plus_safe_operational_metadata,raw_row,logistic_regression,logistic_regression,model,ST3000DM001,102781,413,55,35531,0.47407745952608615,sufficient
v1.5.4,data/processed/reliability_v1_5_horizon_7d_lookback_7d_dataset.csv,a0635ebba0a310e9ab1cbefb28182c028e9ea6102c57f662ef310deba3414c91,final_month_holdout,time_aware,primary_time_aware,future_known_population_prediction,smart_plus_safe_operational_metadata,raw_row,logistic_regression,logistic_regression,model,Hitachi HDS5C4040ALE630,62094,25,16,4,0.21540075941428824,sufficient
v1.5.4,data/processed/reliability_v1_5_horizon_7d_lookback_7d_dataset.csv,a0635ebba0a310e9ab1cbefb28182c028e9ea6102c57f662ef310deba3414c91,final_month_holdout,time_aware,primary_time_aware,future_known_population_prediction,smart_plus_safe_operational_metadata,raw_row,logistic_regression,logistic_regression,model,ST31500541AS,46298,64,14,36626,0.545496981511425,sufficient
v1.5.4,data/processed/reliability_v1_5_horizon_7d_lookback_7d_dataset.csv,a0635ebba0a310e9ab1cbefb28182c028e9ea6102c57f662ef310deba3414c91,final_month_holdout,time_aware,primary_time_aware,future_known_population_prediction,smart_plus_safe_operational_metadata,raw_row,logistic_regression,logistic_regression,model,Hitachi HDS723030ALA640,24648,0,0,24,0.11779603217290657,sufficient
v1.5.4,data/processed/reliability_v1_5_horizon_7d_lookback_7d_dataset.csv,a0635ebba0a310e9ab1cbefb28182c028e9ea6102c57f662ef310deba3414c91,final_month_holdout,time_aware,primary_time_aware,future_known_population_prediction,smart_plus_safe_operational_metadata,raw_row,logistic_regression,logistic_regression,model,ST31500341AS,12999,47,0,12942,0.718092150366708,sufficient
v1.5.4,data/processed/reliability_v1_5_horizon_7d_lookback_7d_dataset.csv,a0635ebba0a310e9ab1cbefb28182c028e9ea6102c57f662ef310deba3414c91,final_month_holdout,time_aware,primary_time_aware,future_known_population_prediction,smart_plus_safe_operational_metadata,raw_row,logistic_regression,logistic_regression,model,WDC WD10EADS,11376,0,0,846,0.3956338765885686,sufficient
v1.5.4,data/processed/reliability_v1_5_horizon_7d_lookback_7d_dataset.csv,a0635ebba0a310e9ab1cbefb28182c028e9ea6102c57f662ef310deba3414c91,final_month_holdout,time_aware,primary_time_aware,future_known_population_prediction,smart_plus_safe_operational_metadata,raw_row,logistic_regression,logistic_regression,model,WDC WD30EZRX,9863,13,0,2014,0.4683332485066644,sufficient
v1.5.4,data/processed/reliability_v1_5_horizon_7d_lookback_7d_dataset.csv,a0635ebba0a310e9ab1cbefb28182c028e9ea6102c57f662ef310deba3414c91,final_month_holdout,time_aware,primary_time_aware,future_known_population_prediction,smart_plus_safe_operational_metadata,raw_row,logistic_regression,logistic_regression,drive_age_quartile,0,170832,133,52,25826,0.3795124949285029,sufficient
v1.5.4,data/processed/reliability_v1_5_horizon_7d_lookback_7d_dataset.csv,a0635ebba0a310e9ab1cbefb28182c028e9ea6102c57f662ef310deba3414c91,final_month_holdout,time_aware,primary_time_aware,future_known_population_prediction,smart_plus_safe_operational_metadata,raw_row,logistic_regression,logistic_regression,drive_age_quartile,1,165209,190,41,30887,0.16918641257952147,sufficient
v1.5.4,data/processed/reliability_v1_5_horizon_7d_lookback_7d_dataset.csv,a0635ebba0a310e9ab1cbefb28182c028e9ea6102c57f662ef310deba3414c91,final_month_holdout,time_aware,primary_time_aware,future_known_population_prediction,smart_plus_safe_operational_metadata,raw_row,logistic_regression,logistic_regression,drive_age_quartile,2,163880,294,82,34108,0.1844534386071015,sufficient
v1.5.4,data/processed/reliability_v1_5_horizon_7d_lookback_7d_dataset.csv,a0635ebba0a310e9ab1cbefb28182c028e9ea6102c57f662ef310deba3414c91,final_month_holdout,time_aware,primary_time_aware,future_known_population_prediction,smart_plus_safe_operational_metadata,raw_row,logistic_regression,logistic_regression,drive_age_quartile,3,140255,123,18,23971,0.15815008943454437,sufficient
v1.5.4,data/processed/reliability_v1_5_horizon_7d_lookback_7d_dataset.csv,a0635ebba0a310e9ab1cbefb28182c028e9ea6102c57f662ef310deba3414c91,final_month_holdout,time_aware,primary_time_aware,future_known_population_prediction,smart_plus_safe_operational_metadata,raw_row,logistic_regression,logistic_regression,lookback_density_quartile,0,640176,740,193,114792,0.28498959009527264,sufficient
v1.5.4,data/processed/reliability_v1_5_horizon_7d_lookback_7d_dataset.csv,a0635ebba0a310e9ab1cbefb28182c028e9ea6102c57f662ef310deba3414c91,final_month_holdout,time_aware,primary_time_aware,future_known_population_prediction,smart_plus_safe_operational_metadata,raw_row,logistic_regression,logistic_regression,capacity_quartile,0,196493,174,54,55803,0.14209885586569185,sufficient
v1.5.4,data/processed/reliability_v1_5_horizon_7d_lookback_7d_dataset.csv,a0635ebba0a310e9ab1cbefb28182c028e9ea6102c57f662ef310deba3414c91,final_month_holdout,time_aware,primary_time_aware,future_known_population_prediction,smart_plus_safe_operational_metadata,raw_row,logistic_regression,logistic_regression,capacity_quartile,1,264099,471,82,42454,0.1722307886024559,sufficient
v1.5.4,data/processed/reliability_v1_5_horizon_7d_lookback_7d_dataset.csv,a0635ebba0a310e9ab1cbefb28182c028e9ea6102c57f662ef310deba3414c91,final_month_holdout,time_aware,primary_time_aware,future_known_population_prediction,smart_plus_safe_operational_metadata,raw_row,logistic_regression,logistic_regression,capacity_quartile,2,179584,95,57,16535,0.346616844350468,sufficient
v1.5.4,data/processed/reliability_v1_5_horizon_7d_lookback_7d_dataset.csv,a0635ebba0a310e9ab1cbefb28182c028e9ea6102c57f662ef310deba3414c91,final_month_holdout,time_aware,primary_time_aware,future_known_population_prediction,smart_plus_safe_operational_metadata,raw_row,random_forest,random_forest,all,all,640176,740,135,37908,0.15700264209930245,sufficient
v1.5.4,data/processed/reliability_v1_5_horizon_7d_lookback_7d_dataset.csv,a0635ebba0a310e9ab1cbefb28182c028e9ea6102c57f662ef310deba3414c91,final_month_holdout,time_aware,primary_time_aware,future_known_population_prediction,smart_plus_safe_operational_metadata,raw_row,random_forest,random_forest,model,Hitachi HDS722020ALA330,113184,42,22,408,0.02236048893432202,sufficient
v1.5.4,data/processed/reliability_v1_5_horizon_7d_lookback_7d_dataset.csv,a0635ebba0a310e9ab1cbefb28182c028e9ea6102c57f662ef310deba3414c91,final_month_holdout,time_aware,primary_time_aware,future_known_population_prediction,smart_plus_safe_operational_metadata,raw_row,random_forest,random_forest,model,ST4000DM000,111061,70,38,4662,0.33043946370690935,sufficient
v1.5.4,data/processed/reliability_v1_5_horizon_7d_lookback_7d_dataset.csv,a0635ebba0a310e9ab1cbefb28182c028e9ea6102c57f662ef310deba3414c91,final_month_holdout,time_aware,primary_time_aware,future_known_population_prediction,smart_plus_safe_operational_metadata,raw_row,random_forest,random_forest,model,Hitachi HDS5C3030ALA630,110208,27,11,538,0.009820413227241491,sufficient
v1.5.4,data/processed/reliability_v1_5_horizon_7d_lookback_7d_dataset.csv,a0635ebba0a310e9ab1cbefb28182c028e9ea6102c57f662ef310deba3414c91,final_month_holdout,time_aware,primary_time_aware,future_known_population_prediction,smart_plus_safe_operational_metadata,raw_row,random_forest,random_forest,model,ST3000DM001,102781,413,34,18506,0.39041629993574883,sufficient
v1.5.4,data/processed/reliability_v1_5_horizon_7d_lookback_7d_dataset.csv,a0635ebba0a310e9ab1cbefb28182c028e9ea6102c57f662ef310deba3414c91,final_month_holdout,time_aware,primary_time_aware,future_known_population_prediction,smart_plus_safe_operational_metadata,raw_row,random_forest,random_forest,model,Hitachi HDS5C4040ALE630,62094,25,2,132,0.04258831707248451,sufficient
v1.5.4,data/processed/reliability_v1_5_horizon_7d_lookback_7d_dataset.csv,a0635ebba0a310e9ab1cbefb28182c028e9ea6102c57f662ef310deba3414c91,final_month_holdout,time_aware,primary_time_aware,future_known_population_prediction,smart_plus_safe_operational_metadata,raw_row,random_forest,random_forest,model,ST31500541AS,46298,64,12,4261,0.3584030340399183,sufficient
v1.5.4,data/processed/reliability_v1_5_horizon_7d_lookback_7d_dataset.csv,a0635ebba0a310e9ab1cbefb28182c028e9ea6102c57f662ef310deba3414c91,final_month_holdout,time_aware,primary_time_aware,future_known_population_prediction,smart_plus_safe_operational_metadata,raw_row,random_forest,random_forest,model,Hitachi HDS723030ALA640,24648,0,0,339,0.02786928758598981,sufficient
v1.5.4,data/processed/reliability_v1_5_horizon_7d_lookback_7d_dataset.csv,a0635ebba0a310e9ab1cbefb28182c028e9ea6102c57f662ef310deba3414c91,final_month_holdout,time_aware,primary_time_aware,future_known_population_prediction,smart_plus_safe_operational_metadata,raw_row,random_forest,random_forest,model,ST31500341AS,12999,47,5,3659,0.37501495971826393,sufficient
v1.5.4,data/processed/reliability_v1_5_horizon_7d_lookback_7d_dataset.csv,a0635ebba0a310e9ab1cbefb28182c028e9ea6102c57f662ef310deba3414c91,final_month_holdout,time_aware,primary_time_aware,future_known_population_prediction,smart_plus_safe_operational_metadata,raw_row,random_forest,random_forest,model,WDC WD10EADS,11376,0,0,52,0.06738451587461132,sufficient
v1.5.4,data/processed/reliability_v1_5_horizon_7d_lookback_7d_dataset.csv,a0635ebba0a310e9ab1cbefb28182c028e9ea6102c57f662ef310deba3414c91,final_month_holdout,time_aware,primary_time_aware,future_known_population_prediction,smart_plus_safe_operational_metadata,raw_row,random_forest,random_forest,model,WDC WD30EZRX,9863,13,0,2512,0.08040072972261236,sufficient
v1.5.4,data/processed/reliability_v1_5_horizon_7d_lookback_7d_dataset.csv,a0635ebba0a310e9ab1cbefb28182c028e9ea6102c57f662ef310deba3414c91,final_month_holdout,time_aware,primary_time_aware,future_known_population_prediction,smart_plus_safe_operational_metadata,raw_row,random_forest,random_forest,drive_age_quartile,0,170832,133,48,6895,0.32411780851761735,sufficient
v1.5.4,data/processed/reliability_v1_5_horizon_7d_lookback_7d_dataset.csv,a0635ebba0a310e9ab1cbefb28182c028e9ea6102c57f662ef310deba3414c91,final_month_holdout,time_aware,primary_time_aware,future_known_population_prediction,smart_plus_safe_operational_metadata,raw_row,random_forest,random_forest,drive_age_quartile,1,165209,190,22,9253,0.04919585462874376,sufficient
v1.5.4,data/processed/reliability_v1_5_horizon_7d_lookback_7d_dataset.csv,a0635ebba0a310e9ab1cbefb28182c028e9ea6102c57f662ef310deba3414c91,final_month_holdout,time_aware,primary_time_aware,future_known_population_prediction,smart_plus_safe_operational_metadata,raw_row,random_forest,random_forest,drive_age_quartile,2,163880,294,55,10670,0.048609000168649864,sufficient
v1.5.4,data/processed/reliability_v1_5_horizon_7d_lookback_7d_dataset.csv,a0635ebba0a310e9ab1cbefb28182c028e9ea6102c57f662ef310deba3414c91,final_month_holdout,time_aware,primary_time_aware,future_known_population_prediction,smart_plus_safe_operational_metadata,raw_row,random_forest,random_forest,drive_age_quartile,3,140255,123,10,11090,0.04826782155082914,sufficient
v1.5.4,data/processed/reliability_v1_5_horizon_7d_lookback_7d_dataset.csv,a0635ebba0a310e9ab1cbefb28182c028e9ea6102c57f662ef310deba3414c91,final_month_holdout,time_aware,primary_time_aware,future_known_population_prediction,smart_plus_safe_operational_metadata,raw_row,random_forest,random_forest,lookback_density_quartile,0,640176,740,135,37908,0.15700264209930245,sufficient
v1.5.4,data/processed/reliability_v1_5_horizon_7d_lookback_7d_dataset.csv,a0635ebba0a310e9ab1cbefb28182c028e9ea6102c57f662ef310deba3414c91,final_month_holdout,time_aware,primary_time_aware,future_known_population_prediction,smart_plus_safe_operational_metadata,raw_row,random_forest,random_forest,capacity_quartile,0,196493,174,43,10481,0.04826782155082914,sufficient
v1.5.4,data/processed/reliability_v1_5_horizon_7d_lookback_7d_dataset.csv,a0635ebba0a310e9ab1cbefb28182c028e9ea6102c57f662ef310deba3414c91,final_month_holdout,time_aware,primary_time_aware,future_known_population_prediction,smart_plus_safe_operational_metadata,raw_row,random_forest,random_forest,capacity_quartile,1,264099,471,52,22626,0.09233484239640222,sufficient
v1.5.4,data/processed/reliability_v1_5_horizon_7d_lookback_7d_dataset.csv,a0635ebba0a310e9ab1cbefb28182c028e9ea6102c57f662ef310deba3414c91,final_month_holdout,time_aware,primary_time_aware,future_known_population_prediction,smart_plus_safe_operational_metadata,raw_row,random_forest,random_forest,capacity_quartile,2,179584,95,40,4801,0.3153329454812552,sufficient
v1.5.4,data/processed/reliability_v1_5_horizon_7d_lookback_7d_dataset.csv,a0635ebba0a310e9ab1cbefb28182c028e9ea6102c57f662ef310deba3414c91,final_month_holdout,time_aware,primary_time_aware,future_known_population_prediction,smart_plus_safe_operational_metadata,raw_row,hist_gradient_boosting,hist_gradient_boosting,all,all,640176,740,102,54798,0.28042975146933585,sufficient
v1.5.4,data/processed/reliability_v1_5_horizon_7d_lookback_7d_dataset.csv,a0635ebba0a310e9ab1cbefb28182c028e9ea6102c57f662ef310deba3414c91,final_month_holdout,time_aware,primary_time_aware,future_known_population_prediction,smart_plus_safe_operational_metadata,raw_row,hist_gradient_boosting,hist_gradient_boosting,model,Hitachi HDS722020ALA330,113184,42,21,3672,0.1201495994687249,sufficient
v1.5.4,data/processed/reliability_v1_5_horizon_7d_lookback_7d_dataset.csv,a0635ebba0a310e9ab1cbefb28182c028e9ea6102c57f662ef310deba3414c91,final_month_holdout,time_aware,primary_time_aware,future_known_population_prediction,smart_plus_safe_operational_metadata,raw_row,hist_gradient_boosting,hist_gradient_boosting,model,ST4000DM000,111061,70,32,4626,0.3625838366796527,sufficient
v1.5.4,data/processed/reliability_v1_5_horizon_7d_lookback_7d_dataset.csv,a0635ebba0a310e9ab1cbefb28182c028e9ea6102c57f662ef310deba3414c91,final_month_holdout,time_aware,primary_time_aware,future_known_population_prediction,smart_plus_safe_operational_metadata,raw_row,hist_gradient_boosting,hist_gradient_boosting,model,Hitachi HDS5C3030ALA630,110208,27,0,2470,0.1201495994687249,sufficient
v1.5.4,data/processed/reliability_v1_5_horizon_7d_lookback_7d_dataset.csv,a0635ebba0a310e9ab1cbefb28182c028e9ea6102c57f662ef310deba3414c91,final_month_holdout,time_aware,primary_time_aware,future_known_population_prediction,smart_plus_safe_operational_metadata,raw_row,hist_gradient_boosting,hist_gradient_boosting,model,ST3000DM001,102781,413,34,22606,0.40699731603527534,sufficient
v1.5.4,data/processed/reliability_v1_5_horizon_7d_lookback_7d_dataset.csv,a0635ebba0a310e9ab1cbefb28182c028e9ea6102c57f662ef310deba3414c91,final_month_holdout,time_aware,primary_time_aware,future_known_population_prediction,smart_plus_safe_operational_metadata,raw_row,hist_gradient_boosting,hist_gradient_boosting,model,Hitachi HDS5C4040ALE630,62094,25,0,323,0.13401695900392283,sufficient
v1.5.4,data/processed/reliability_v1_5_horizon_7d_lookback_7d_dataset.csv,a0635ebba0a310e9ab1cbefb28182c028e9ea6102c57f662ef310deba3414c91,final_month_holdout,time_aware,primary_time_aware,future_known_population_prediction,smart_plus_safe_operational_metadata,raw_row,hist_gradient_boosting,hist_gradient_boosting,model,ST31500541AS,46298,64,8,5261,0.34707828826918274,sufficient
v1.5.4,data/processed/reliability_v1_5_horizon_7d_lookback_7d_dataset.csv,a0635ebba0a310e9ab1cbefb28182c028e9ea6102c57f662ef310deba3414c91,final_month_holdout,time_aware,primary_time_aware,future_known_population_prediction,smart_plus_safe_operational_metadata,raw_row,hist_gradient_boosting,hist_gradient_boosting,model,Hitachi HDS723030ALA640,24648,0,0,1819,0.1201495994687249,sufficient
v1.5.4,data/processed/reliability_v1_5_horizon_7d_lookback_7d_dataset.csv,a0635ebba0a310e9ab1cbefb28182c028e9ea6102c57f662ef310deba3414c91,final_month_holdout,time_aware,primary_time_aware,future_known_population_prediction,smart_plus_safe_operational_metadata,raw_row,hist_gradient_boosting,hist_gradient_boosting,model,ST31500341AS,12999,47,1,5241,0.43754007166712705,sufficient
v1.5.4,data/processed/reliability_v1_5_horizon_7d_lookback_7d_dataset.csv,a0635ebba0a310e9ab1cbefb28182c028e9ea6102c57f662ef310deba3414c91,final_month_holdout,time_aware,primary_time_aware,future_known_population_prediction,smart_plus_safe_operational_metadata,raw_row,hist_gradient_boosting,hist_gradient_boosting,model,WDC WD10EADS,11376,0,0,491,0.12803115050151517,sufficient
v1.5.4,data/processed/reliability_v1_5_horizon_7d_lookback_7d_dataset.csv,a0635ebba0a310e9ab1cbefb28182c028e9ea6102c57f662ef310deba3414c91,final_month_holdout,time_aware,primary_time_aware,future_known_population_prediction,smart_plus_safe_operational_metadata,raw_row,hist_gradient_boosting,hist_gradient_boosting,model,WDC WD30EZRX,9863,13,0,3339,0.1503447495344571,sufficient
v1.5.4,data/processed/reliability_v1_5_horizon_7d_lookback_7d_dataset.csv,a0635ebba0a310e9ab1cbefb28182c028e9ea6102c57f662ef310deba3414c91,final_month_holdout,time_aware,primary_time_aware,future_known_population_prediction,smart_plus_safe_operational_metadata,raw_row,hist_gradient_boosting,hist_gradient_boosting,drive_age_quartile,0,170832,133,40,8874,0.3625838366796527,sufficient
v1.5.4,data/processed/reliability_v1_5_horizon_7d_lookback_7d_dataset.csv,a0635ebba0a310e9ab1cbefb28182c028e9ea6102c57f662ef310deba3414c91,final_month_holdout,time_aware,primary_time_aware,future_known_population_prediction,smart_plus_safe_operational_metadata,raw_row,hist_gradient_boosting,hist_gradient_boosting,drive_age_quartile,1,165209,190,21,14651,0.1436372296176751,sufficient
v1.5.4,data/processed/reliability_v1_5_horizon_7d_lookback_7d_dataset.csv,a0635ebba0a310e9ab1cbefb28182c028e9ea6102c57f662ef310deba3414c91,final_month_holdout,time_aware,primary_time_aware,future_known_population_prediction,smart_plus_safe_operational_metadata,raw_row,hist_gradient_boosting,hist_gradient_boosting,drive_age_quartile,2,163880,294,38,15547,0.1436372296176751,sufficient
v1.5.4,data/processed/reliability_v1_5_horizon_7d_lookback_7d_dataset.csv,a0635ebba0a310e9ab1cbefb28182c028e9ea6102c57f662ef310deba3414c91,final_month_holdout,time_aware,primary_time_aware,future_known_population_prediction,smart_plus_safe_operational_metadata,raw_row,hist_gradient_boosting,hist_gradient_boosting,drive_age_quartile,3,140255,123,3,15726,0.1503447495344571,sufficient
v1.5.4,data/processed/reliability_v1_5_horizon_7d_lookback_7d_dataset.csv,a0635ebba0a310e9ab1cbefb28182c028e9ea6102c57f662ef310deba3414c91,final_month_holdout,time_aware,primary_time_aware,future_known_population_prediction,smart_plus_safe_operational_metadata,raw_row,hist_gradient_boosting,hist_gradient_boosting,lookback_density_quartile,0,640176,740,102,54798,0.28042975146933585,sufficient
v1.5.4,data/processed/reliability_v1_5_horizon_7d_lookback_7d_dataset.csv,a0635ebba0a310e9ab1cbefb28182c028e9ea6102c57f662ef310deba3414c91,final_month_holdout,time_aware,primary_time_aware,future_known_population_prediction,smart_plus_safe_operational_metadata,raw_row,hist_gradient_boosting,hist_gradient_boosting,capacity_quartile,0,196493,174,34,17416,0.1436372296176751,sufficient
v1.5.4,data/processed/reliability_v1_5_horizon_7d_lookback_7d_dataset.csv,a0635ebba0a310e9ab1cbefb28182c028e9ea6102c57f662ef310deba3414c91,final_month_holdout,time_aware,primary_time_aware,future_known_population_prediction,smart_plus_safe_operational_metadata,raw_row,hist_gradient_boosting,hist_gradient_boosting,capacity_quartile,1,264099,471,36,31877,0.1805863065648313,sufficient
v1.5.4,data/processed/reliability_v1_5_horizon_7d_lookback_7d_dataset.csv,a0635ebba0a310e9ab1cbefb28182c028e9ea6102c57f662ef310deba3414c91,final_month_holdout,time_aware,primary_time_aware,future_known_population_prediction,smart_plus_safe_operational_metadata,raw_row,hist_gradient_boosting,hist_gradient_boosting,capacity_quartile,2,179584,95,32,5505,0.3625838366796527,sufficient
v1.5.4,data/processed/reliability_v1_5_horizon_7d_lookback_7d_dataset.csv,a0635ebba0a310e9ab1cbefb28182c028e9ea6102c57f662ef310deba3414c91,combined_asset_disjoint_future_holdout,combined_asset_time,primary_combined_asset_time,future_unseen_asset_generalization,smart_only_conservative,asset_balanced,dummy_prior,dummy_prior,all,all,128072,143,0,127929,0.8059027711080534,sufficient
v1.5.4,data/processed/reliability_v1_5_horizon_7d_lookback_7d_dataset.csv,a0635ebba0a310e9ab1cbefb28182c028e9ea6102c57f662ef310deba3414c91,combined_asset_disjoint_future_holdout,combined_asset_time,primary_combined_asset_time,future_unseen_asset_generalization,smart_only_conservative,asset_balanced,dummy_prior,dummy_prior,model,Hitachi HDS722020ALA330,22774,7,0,22767,0.8059027711080534,sufficient
v1.5.4,data/processed/reliability_v1_5_horizon_7d_lookback_7d_dataset.csv,a0635ebba0a310e9ab1cbefb28182c028e9ea6102c57f662ef310deba3414c91,combined_asset_disjoint_future_holdout,combined_asset_time,primary_combined_asset_time,future_unseen_asset_generalization,smart_only_conservative,asset_balanced,dummy_prior,dummy_prior,model,ST4000DM000,22578,0,0,22578,0.8059027711080534,sufficient
v1.5.4,data/processed/reliability_v1_5_horizon_7d_lookback_7d_dataset.csv,a0635ebba0a310e9ab1cbefb28182c028e9ea6102c57f662ef310deba3414c91,combined_asset_disjoint_future_holdout,combined_asset_time,primary_combined_asset_time,future_unseen_asset_generalization,smart_only_conservative,asset_balanced,dummy_prior,dummy_prior,model,Hitachi HDS5C3030ALA630,22464,0,0,22464,0.8059027711080534,sufficient
v1.5.4,data/processed/reliability_v1_5_horizon_7d_lookback_7d_dataset.csv,a0635ebba0a310e9ab1cbefb28182c028e9ea6102c57f662ef310deba3414c91,combined_asset_disjoint_future_holdout,combined_asset_time,primary_combined_asset_time,future_unseen_asset_generalization,smart_only_conservative,asset_balanced,dummy_prior,dummy_prior,model,ST3000DM001,20376,96,0,20280,0.8059027711080534,sufficient
v1.5.4,data/processed/reliability_v1_5_horizon_7d_lookback_7d_dataset.csv,a0635ebba0a310e9ab1cbefb28182c028e9ea6102c57f662ef310deba3414c91,combined_asset_disjoint_future_holdout,combined_asset_time,primary_combined_asset_time,future_unseen_asset_generalization,smart_only_conservative,asset_balanced,dummy_prior,dummy_prior,model,Hitachi HDS5C4040ALE630,11806,3,0,11803,0.8059027711080534,sufficient
v1.5.4,data/processed/reliability_v1_5_horizon_7d_lookback_7d_dataset.csv,a0635ebba0a310e9ab1cbefb28182c028e9ea6102c57f662ef310deba3414c91,combined_asset_disjoint_future_holdout,combined_asset_time,primary_combined_asset_time,future_unseen_asset_generalization,smart_only_conservative,asset_balanced,dummy_prior,dummy_prior,model,ST31500541AS,9514,11,0,9503,0.8059027711080534,sufficient
v1.5.4,data/processed/reliability_v1_5_horizon_7d_lookback_7d_dataset.csv,a0635ebba0a310e9ab1cbefb28182c028e9ea6102c57f662ef310deba3414c91,combined_asset_disjoint_future_holdout,combined_asset_time,primary_combined_asset_time,future_unseen_asset_generalization,smart_only_conservative,asset_balanced,dummy_prior,dummy_prior,model,Hitachi HDS723030ALA640,4872,0,0,4872,0.8059027711080534,sufficient
v1.5.4,data/processed/reliability_v1_5_horizon_7d_lookback_7d_dataset.csv,a0635ebba0a310e9ab1cbefb28182c028e9ea6102c57f662ef310deba3414c91,combined_asset_disjoint_future_holdout,combined_asset_time,primary_combined_asset_time,future_unseen_asset_generalization,smart_only_conservative,asset_balanced,dummy_prior,dummy_prior,model,ST31500341AS,2651,7,0,2644,0.8059027711080534,sufficient
v1.5.4,data/processed/reliability_v1_5_horizon_7d_lookback_7d_dataset.csv,a0635ebba0a310e9ab1cbefb28182c028e9ea6102c57f662ef310deba3414c91,combined_asset_disjoint_future_holdout,combined_asset_time,primary_combined_asset_time,future_unseen_asset_generalization,smart_only_conservative,asset_balanced,dummy_prior,dummy_prior,model,WDC WD10EADS,2016,0,0,2016,0.8059027711080534,sufficient
v1.5.4,data/processed/reliability_v1_5_horizon_7d_lookback_7d_dataset.csv,a0635ebba0a310e9ab1cbefb28182c028e9ea6102c57f662ef310deba3414c91,combined_asset_disjoint_future_holdout,combined_asset_time,primary_combined_asset_time,future_unseen_asset_generalization,smart_only_conservative,asset_balanced,dummy_prior,dummy_prior,model,WDC WD30EZRX,1963,0,0,1963,0.8059027711080534,sufficient
v1.5.4,data/processed/reliability_v1_5_horizon_7d_lookback_7d_dataset.csv,a0635ebba0a310e9ab1cbefb28182c028e9ea6102c57f662ef310deba3414c91,combined_asset_disjoint_future_holdout,combined_asset_time,primary_combined_asset_time,future_unseen_asset_generalization,smart_only_conservative,asset_balanced,dummy_prior,dummy_prior,drive_age_quartile,0,34370,12,0,34358,0.8059027711080534,sufficient
v1.5.4,data/processed/reliability_v1_5_horizon_7d_lookback_7d_dataset.csv,a0635ebba0a310e9ab1cbefb28182c028e9ea6102c57f662ef310deba3414c91,combined_asset_disjoint_future_holdout,combined_asset_time,primary_combined_asset_time,future_unseen_asset_generalization,smart_only_conservative,asset_balanced,dummy_prior,dummy_prior,drive_age_quartile,1,33052,48,0,33004,0.8059027711080534,sufficient
v1.5.4,data/processed/reliability_v1_5_horizon_7d_lookback_7d_dataset.csv,a0635ebba0a310e9ab1cbefb28182c028e9ea6102c57f662ef310deba3414c91,combined_asset_disjoint_future_holdout,combined_asset_time,primary_combined_asset_time,future_unseen_asset_generalization,smart_only_conservative,asset_balanced,dummy_prior,dummy_prior,drive_age_quartile,2,28643,55,0,28588,0.8059027711080534,sufficient
v1.5.4,data/processed/reliability_v1_5_horizon_7d_lookback_7d_dataset.csv,a0635ebba0a310e9ab1cbefb28182c028e9ea6102c57f662ef310deba3414c91,combined_asset_disjoint_future_holdout,combined_asset_time,primary_combined_asset_time,future_unseen_asset_generalization,smart_only_conservative,asset_balanced,dummy_prior,dummy_prior,drive_age_quartile,3,32007,28,0,31979,0.8059027711080534,sufficient
v1.5.4,data/processed/reliability_v1_5_horizon_7d_lookback_7d_dataset.csv,a0635ebba0a310e9ab1cbefb28182c028e9ea6102c57f662ef310deba3414c91,combined_asset_disjoint_future_holdout,combined_asset_time,primary_combined_asset_time,future_unseen_asset_generalization,smart_only_conservative,asset_balanced,dummy_prior,dummy_prior,lookback_density_quartile,0,128072,143,0,127929,0.8059027711080534,sufficient
v1.5.4,data/processed/reliability_v1_5_horizon_7d_lookback_7d_dataset.csv,a0635ebba0a310e9ab1cbefb28182c028e9ea6102c57f662ef310deba3414c91,combined_asset_disjoint_future_holdout,combined_asset_time,primary_combined_asset_time,future_unseen_asset_generalization,smart_only_conservative,asset_balanced,dummy_prior,dummy_prior,capacity_quartile,0,39491,37,0,39454,0.8059027711080534,sufficient
v1.5.4,data/processed/reliability_v1_5_horizon_7d_lookback_7d_dataset.csv,a0635ebba0a310e9ab1cbefb28182c028e9ea6102c57f662ef310deba3414c91,combined_asset_disjoint_future_holdout,combined_asset_time,primary_combined_asset_time,future_unseen_asset_generalization,smart_only_conservative,asset_balanced,dummy_prior,dummy_prior,capacity_quartile,1,52760,103,0,52657,0.8059027711080534,sufficient
v1.5.4,data/processed/reliability_v1_5_horizon_7d_lookback_7d_dataset.csv,a0635ebba0a310e9ab1cbefb28182c028e9ea6102c57f662ef310deba3414c91,combined_asset_disjoint_future_holdout,combined_asset_time,primary_combined_asset_time,future_unseen_asset_generalization,smart_only_conservative,asset_balanced,dummy_prior,dummy_prior,capacity_quartile,2,35821,3,0,35818,0.8059027711080534,sufficient
v1.5.4,data/processed/reliability_v1_5_horizon_7d_lookback_7d_dataset.csv,a0635ebba0a310e9ab1cbefb28182c028e9ea6102c57f662ef310deba3414c91,combined_asset_disjoint_future_holdout,combined_asset_time,primary_combined_asset_time,future_unseen_asset_generalization,smart_only_conservative,asset_balanced,logistic_regression,logistic_regression,all,all,128072,143,40,21493,0.31869325533966186,sufficient
v1.5.4,data/processed/reliability_v1_5_horizon_7d_lookback_7d_dataset.csv,a0635ebba0a310e9ab1cbefb28182c028e9ea6102c57f662ef310deba3414c91,combined_asset_disjoint_future_holdout,combined_asset_time,primary_combined_asset_time,future_unseen_asset_generalization,smart_only_conservative,asset_balanced,logistic_regression,logistic_regression,model,Hitachi HDS722020ALA330,22774,7,7,1,0.23809958789648986,sufficient
v1.5.4,data/processed/reliability_v1_5_horizon_7d_lookback_7d_dataset.csv,a0635ebba0a310e9ab1cbefb28182c028e9ea6102c57f662ef310deba3414c91,combined_asset_disjoint_future_holdout,combined_asset_time,primary_combined_asset_time,future_unseen_asset_generalization,smart_only_conservative,asset_balanced,logistic_regression,logistic_regression,model,ST4000DM000,22578,0,0,8557,0.4803036302261262,sufficient
v1.5.4,data/processed/reliability_v1_5_horizon_7d_lookback_7d_dataset.csv,a0635ebba0a310e9ab1cbefb28182c028e9ea6102c57f662ef310deba3414c91,combined_asset_disjoint_future_holdout,combined_asset_time,primary_combined_asset_time,future_unseen_asset_generalization,smart_only_conservative,asset_balanced,logistic_regression,logistic_regression,model,Hitachi HDS5C3030ALA630,22464,0,0,27,0.2436429790154021,sufficient
v1.5.4,data/processed/reliability_v1_5_horizon_7d_lookback_7d_dataset.csv,a0635ebba0a310e9ab1cbefb28182c028e9ea6102c57f662ef310deba3414c91,combined_asset_disjoint_future_holdout,combined_asset_time,primary_combined_asset_time,future_unseen_asset_generalization,smart_only_conservative,asset_balanced,logistic_regression,logistic_regression,model,ST3000DM001,20376,96,20,4599,0.4451968960864882,sufficient
v1.5.4,data/processed/reliability_v1_5_horizon_7d_lookback_7d_dataset.csv,a0635ebba0a310e9ab1cbefb28182c028e9ea6102c57f662ef310deba3414c91,combined_asset_disjoint_future_holdout,combined_asset_time,primary_combined_asset_time,future_unseen_asset_generalization,smart_only_conservative,asset_balanced,logistic_regression,logistic_regression,model,Hitachi HDS5C4040ALE630,11806,3,0,3,0.2615835043859379,sufficient
v1.5.4,data/processed/reliability_v1_5_horizon_7d_lookback_7d_dataset.csv,a0635ebba0a310e9ab1cbefb28182c028e9ea6102c57f662ef310deba3414c91,combined_asset_disjoint_future_holdout,combined_asset_time,primary_combined_asset_time,future_unseen_asset_generalization,smart_only_conservative,asset_balanced,logistic_regression,logistic_regression,model,ST31500541AS,9514,11,0,6503,0.5307787678103517,sufficient
v1.5.4,data/processed/reliability_v1_5_horizon_7d_lookback_7d_dataset.csv,a0635ebba0a310e9ab1cbefb28182c028e9ea6102c57f662ef310deba3414c91,combined_asset_disjoint_future_holdout,combined_asset_time,primary_combined_asset_time,future_unseen_asset_generalization,smart_only_conservative,asset_balanced,logistic_regression,logistic_regression,model,Hitachi HDS723030ALA640,4872,0,0,0,0.23371274177180917,sufficient
v1.5.4,data/processed/reliability_v1_5_horizon_7d_lookback_7d_dataset.csv,a0635ebba0a310e9ab1cbefb28182c028e9ea6102c57f662ef310deba3414c91,combined_asset_disjoint_future_holdout,combined_asset_time,primary_combined_asset_time,future_unseen_asset_generalization,smart_only_conservative,asset_balanced,logistic_regression,logistic_regression,model,ST31500341AS,2651,7,7,1040,0.4745456297841996,sufficient
v1.5.4,data/processed/reliability_v1_5_horizon_7d_lookback_7d_dataset.csv,a0635ebba0a310e9ab1cbefb28182c028e9ea6102c57f662ef310deba3414c91,combined_asset_disjoint_future_holdout,combined_asset_time,primary_combined_asset_time,future_unseen_asset_generalization,smart_only_conservative,asset_balanced,logistic_regression,logistic_regression,model,WDC WD10EADS,2016,0,0,0,0.29086294803299206,sufficient
v1.5.4,data/processed/reliability_v1_5_horizon_7d_lookback_7d_dataset.csv,a0635ebba0a310e9ab1cbefb28182c028e9ea6102c57f662ef310deba3414c91,combined_asset_disjoint_future_holdout,combined_asset_time,primary_combined_asset_time,future_unseen_asset_generalization,smart_only_conservative,asset_balanced,logistic_regression,logistic_regression,model,WDC WD30EZRX,1963,0,0,48,0.30945367189094464,sufficient
v1.5.4,data/processed/reliability_v1_5_horizon_7d_lookback_7d_dataset.csv,a0635ebba0a310e9ab1cbefb28182c028e9ea6102c57f662ef310deba3414c91,combined_asset_disjoint_future_holdout,combined_asset_time,primary_combined_asset_time,future_unseen_asset_generalization,smart_only_conservative,asset_balanced,logistic_regression,logistic_regression,drive_age_quartile,0,34370,12,2,9371,0.4464344029246502,sufficient
v1.5.4,data/processed/reliability_v1_5_horizon_7d_lookback_7d_dataset.csv,a0635ebba0a310e9ab1cbefb28182c028e9ea6102c57f662ef310deba3414c91,combined_asset_disjoint_future_holdout,combined_asset_time,primary_combined_asset_time,future_unseen_asset_generalization,smart_only_conservative,asset_balanced,logistic_regression,logistic_regression,drive_age_quartile,1,33052,48,14,3905,0.2799940110025122,sufficient
v1.5.4,data/processed/reliability_v1_5_horizon_7d_lookback_7d_dataset.csv,a0635ebba0a310e9ab1cbefb28182c028e9ea6102c57f662ef310deba3414c91,combined_asset_disjoint_future_holdout,combined_asset_time,primary_combined_asset_time,future_unseen_asset_generalization,smart_only_conservative,asset_balanced,logistic_regression,logistic_regression,drive_age_quartile,2,28643,55,16,3798,0.2908578367365285,sufficient
v1.5.4,data/processed/reliability_v1_5_horizon_7d_lookback_7d_dataset.csv,a0635ebba0a310e9ab1cbefb28182c028e9ea6102c57f662ef310deba3414c91,combined_asset_disjoint_future_holdout,combined_asset_time,primary_combined_asset_time,future_unseen_asset_generalization,smart_only_conservative,asset_balanced,logistic_regression,logistic_regression,drive_age_quartile,3,32007,28,8,4419,0.2912200676158787,sufficient
v1.5.4,data/processed/reliability_v1_5_horizon_7d_lookback_7d_dataset.csv,a0635ebba0a310e9ab1cbefb28182c028e9ea6102c57f662ef310deba3414c91,combined_asset_disjoint_future_holdout,combined_asset_time,primary_combined_asset_time,future_unseen_asset_generalization,smart_only_conservative,asset_balanced,logistic_regression,logistic_regression,lookback_density_quartile,0,128072,143,40,21493,0.31869325533966186,sufficient
v1.5.4,data/processed/reliability_v1_5_horizon_7d_lookback_7d_dataset.csv,a0635ebba0a310e9ab1cbefb28182c028e9ea6102c57f662ef310deba3414c91,combined_asset_disjoint_future_holdout,combined_asset_time,primary_combined_asset_time,future_unseen_asset_generalization,smart_only_conservative,asset_balanced,logistic_regression,logistic_regression,capacity_quartile,0,39491,37,15,8063,0.27954911907343877,sufficient
v1.5.4,data/processed/reliability_v1_5_horizon_7d_lookback_7d_dataset.csv,a0635ebba0a310e9ab1cbefb28182c028e9ea6102c57f662ef310deba3414c91,combined_asset_disjoint_future_holdout,combined_asset_time,primary_combined_asset_time,future_unseen_asset_generalization,smart_only_conservative,asset_balanced,logistic_regression,logistic_regression,capacity_quartile,1,52760,103,25,4844,0.2997986635980505,sufficient
v1.5.4,data/processed/reliability_v1_5_horizon_7d_lookback_7d_dataset.csv,a0635ebba0a310e9ab1cbefb28182c028e9ea6102c57f662ef310deba3414c91,combined_asset_disjoint_future_holdout,combined_asset_time,primary_combined_asset_time,future_unseen_asset_generalization,smart_only_conservative,asset_balanced,logistic_regression,logistic_regression,capacity_quartile,2,35821,3,0,8586,0.4260708404606332,sufficient
v1.5.4,data/processed/reliability_v1_5_horizon_7d_lookback_7d_dataset.csv,a0635ebba0a310e9ab1cbefb28182c028e9ea6102c57f662ef310deba3414c91,combined_asset_disjoint_future_holdout,combined_asset_time,primary_combined_asset_time,future_unseen_asset_generalization,smart_only_conservative,asset_balanced,random_forest,random_forest,all,all,128072,143,26,4480,0.12589406300668335,sufficient
v1.5.4,data/processed/reliability_v1_5_horizon_7d_lookback_7d_dataset.csv,a0635ebba0a310e9ab1cbefb28182c028e9ea6102c57f662ef310deba3414c91,combined_asset_disjoint_future_holdout,combined_asset_time,primary_combined_asset_time,future_unseen_asset_generalization,smart_only_conservative,asset_balanced,random_forest,random_forest,model,Hitachi HDS722020ALA330,22774,7,0,119,0.019073225887405624,sufficient
v1.5.4,data/processed/reliability_v1_5_horizon_7d_lookback_7d_dataset.csv,a0635ebba0a310e9ab1cbefb28182c028e9ea6102c57f662ef310deba3414c91,combined_asset_disjoint_future_holdout,combined_asset_time,primary_combined_asset_time,future_unseen_asset_generalization,smart_only_conservative,asset_balanced,random_forest,random_forest,model,ST4000DM000,22578,0,0,453,0.21286432748909934,sufficient
v1.5.4,data/processed/reliability_v1_5_horizon_7d_lookback_7d_dataset.csv,a0635ebba0a310e9ab1cbefb28182c028e9ea6102c57f662ef310deba3414c91,combined_asset_disjoint_future_holdout,combined_asset_time,primary_combined_asset_time,future_unseen_asset_generalization,smart_only_conservative,asset_balanced,random_forest,random_forest,model,Hitachi HDS5C3030ALA630,22464,0,0,41,0.019073225887405624,sufficient
v1.5.4,data/processed/reliability_v1_5_horizon_7d_lookback_7d_dataset.csv,a0635ebba0a310e9ab1cbefb28182c028e9ea6102c57f662ef310deba3414c91,combined_asset_disjoint_future_holdout,combined_asset_time,primary_combined_asset_time,future_unseen_asset_generalization,smart_only_conservative,asset_balanced,random_forest,random_forest,model,ST3000DM001,20376,96,13,2582,0.2734320437368431,sufficient
v1.5.4,data/processed/reliability_v1_5_horizon_7d_lookback_7d_dataset.csv,a0635ebba0a310e9ab1cbefb28182c028e9ea6102c57f662ef310deba3414c91,combined_asset_disjoint_future_holdout,combined_asset_time,primary_combined_asset_time,future_unseen_asset_generalization,smart_only_conservative,asset_balanced,random_forest,random_forest,model,Hitachi HDS5C4040ALE630,11806,3,0,43,0.026919476762198205,sufficient
v1.5.4,data/processed/reliability_v1_5_horizon_7d_lookback_7d_dataset.csv,a0635ebba0a310e9ab1cbefb28182c028e9ea6102c57f662ef310deba3414c91,combined_asset_disjoint_future_holdout,combined_asset_time,primary_combined_asset_time,future_unseen_asset_generalization,smart_only_conservative,asset_balanced,random_forest,random_forest,model,ST31500541AS,9514,11,4,345,0.2133814514611661,sufficient
v1.5.4,data/processed/reliability_v1_5_horizon_7d_lookback_7d_dataset.csv,a0635ebba0a310e9ab1cbefb28182c028e9ea6102c57f662ef310deba3414c91,combined_asset_disjoint_future_holdout,combined_asset_time,primary_combined_asset_time,future_unseen_asset_generalization,smart_only_conservative,asset_balanced,random_forest,random_forest,model,Hitachi HDS723030ALA640,4872,0,0,41,0.019073225887405624,sufficient
v1.5.4,data/processed/reliability_v1_5_horizon_7d_lookback_7d_dataset.csv,a0635ebba0a310e9ab1cbefb28182c028e9ea6102c57f662ef310deba3414c91,combined_asset_disjoint_future_holdout,combined_asset_time,primary_combined_asset_time,future_unseen_asset_generalization,smart_only_conservative,asset_balanced,random_forest,random_forest,model,ST31500341AS,2651,7,0,262,0.22992224090068616,sufficient
v1.5.4,data/processed/reliability_v1_5_horizon_7d_lookback_7d_dataset.csv,a0635ebba0a310e9ab1cbefb28182c028e9ea6102c57f662ef310deba3414c91,combined_asset_disjoint_future_holdout,combined_asset_time,primary_combined_asset_time,future_unseen_asset_generalization,smart_only_conservative,asset_balanced,random_forest,random_forest,model,WDC WD10EADS,2016,0,0,46,0.09267814725614797,sufficient
v1.5.4,data/processed/reliability_v1_5_horizon_7d_lookback_7d_dataset.csv,a0635ebba0a310e9ab1cbefb28182c028e9ea6102c57f662ef310deba3414c91,combined_asset_disjoint_future_holdout,combined_asset_time,primary_combined_asset_time,future_unseen_asset_generalization,smart_only_conservative,asset_balanced,random_forest,random_forest,model,WDC WD30EZRX,1963,0,0,142,0.06745322304227422,sufficient
v1.5.4,data/processed/reliability_v1_5_horizon_7d_lookback_7d_dataset.csv,a0635ebba0a310e9ab1cbefb28182c028e9ea6102c57f662ef310deba3414c91,combined_asset_disjoint_future_holdout,combined_asset_time,primary_combined_asset_time,future_unseen_asset_generalization,smart_only_conservative,asset_balanced,random_forest,random_forest,drive_age_quartile,0,34370,12,2,913,0.2019153048640218,sufficient
v1.5.4,data/processed/reliability_v1_5_horizon_7d_lookback_7d_dataset.csv,a0635ebba0a310e9ab1cbefb28182c028e9ea6102c57f662ef310deba3414c91,combined_asset_disjoint_future_holdout,combined_asset_time,primary_combined_asset_time,future_unseen_asset_generalization,smart_only_conservative,asset_balanced,random_forest,random_forest,drive_age_quartile,1,33052,48,10,1327,0.03748417220123598,sufficient
v1.5.4,data/processed/reliability_v1_5_horizon_7d_lookback_7d_dataset.csv,a0635ebba0a310e9ab1cbefb28182c028e9ea6102c57f662ef310deba3414c91,combined_asset_disjoint_future_holdout,combined_asset_time,primary_combined_asset_time,future_unseen_asset_generalization,smart_only_conservative,asset_balanced,random_forest,random_forest,drive_age_quartile,2,28643,55,4,1048,0.044093581661815866,sufficient
v1.5.4,data/processed/reliability_v1_5_horizon_7d_lookback_7d_dataset.csv,a0635ebba0a310e9ab1cbefb28182c028e9ea6102c57f662ef310deba3414c91,combined_asset_disjoint_future_holdout,combined_asset_time,primary_combined_asset_time,future_unseen_asset_generalization,smart_only_conservative,asset_balanced,random_forest,random_forest,drive_age_quartile,3,32007,28,10,1192,0.050459298137668945,sufficient
v1.5.4,data/processed/reliability_v1_5_horizon_7d_lookback_7d_dataset.csv,a0635ebba0a310e9ab1cbefb28182c028e9ea6102c57f662ef310deba3414c91,combined_asset_disjoint_future_holdout,combined_asset_time,primary_combined_asset_time,future_unseen_asset_generalization,smart_only_conservative,asset_balanced,random_forest,random_forest,lookback_density_quartile,0,128072,143,26,4480,0.12589406300668335,sufficient
v1.5.4,data/processed/reliability_v1_5_horizon_7d_lookback_7d_dataset.csv,a0635ebba0a310e9ab1cbefb28182c028e9ea6102c57f662ef310deba3414c91,combined_asset_disjoint_future_holdout,combined_asset_time,primary_combined_asset_time,future_unseen_asset_generalization,smart_only_conservative,asset_balanced,random_forest,random_forest,capacity_quartile,0,39491,37,8,1001,0.04396704381321811,sufficient
v1.5.4,data/processed/reliability_v1_5_horizon_7d_lookback_7d_dataset.csv,a0635ebba0a310e9ab1cbefb28182c028e9ea6102c57f662ef310deba3414c91,combined_asset_disjoint_future_holdout,combined_asset_time,primary_combined_asset_time,future_unseen_asset_generalization,smart_only_conservative,asset_balanced,random_forest,random_forest,capacity_quartile,1,52760,103,18,2952,0.06745322304227422,sufficient
v1.5.4,data/processed/reliability_v1_5_horizon_7d_lookback_7d_dataset.csv,a0635ebba0a310e9ab1cbefb28182c028e9ea6102c57f662ef310deba3414c91,combined_asset_disjoint_future_holdout,combined_asset_time,primary_combined_asset_time,future_unseen_asset_generalization,smart_only_conservative,asset_balanced,random_forest,random_forest,capacity_quartile,2,35821,3,0,527,0.19744079831083775,sufficient
v1.5.4,data/processed/reliability_v1_5_horizon_7d_lookback_7d_dataset.csv,a0635ebba0a310e9ab1cbefb28182c028e9ea6102c57f662ef310deba3414c91,combined_asset_disjoint_future_holdout,combined_asset_time,primary_combined_asset_time,future_unseen_asset_generalization,smart_only_conservative,asset_balanced,hist_gradient_boosting,hist_gradient_boosting,all,all,128072,143,15,11402,0.2138316335969767,sufficient
v1.5.4,data/processed/reliability_v1_5_horizon_7d_lookback_7d_dataset.csv,a0635ebba0a310e9ab1cbefb28182c028e9ea6102c57f662ef310deba3414c91,combined_asset_disjoint_future_holdout,combined_asset_time,primary_combined_asset_time,future_unseen_asset_generalization,smart_only_conservative,asset_balanced,hist_gradient_boosting,hist_gradient_boosting,model,Hitachi HDS722020ALA330,22774,7,0,432,0.12141257955108747,sufficient
v1.5.4,data/processed/reliability_v1_5_horizon_7d_lookback_7d_dataset.csv,a0635ebba0a310e9ab1cbefb28182c028e9ea6102c57f662ef310deba3414c91,combined_asset_disjoint_future_holdout,combined_asset_time,primary_combined_asset_time,future_unseen_asset_generalization,smart_only_conservative,asset_balanced,hist_gradient_boosting,hist_gradient_boosting,model,ST4000DM000,22578,0,0,1497,0.3023194296830141,sufficient
v1.5.4,data/processed/reliability_v1_5_horizon_7d_lookback_7d_dataset.csv,a0635ebba0a310e9ab1cbefb28182c028e9ea6102c57f662ef310deba3414c91,combined_asset_disjoint_future_holdout,combined_asset_time,primary_combined_asset_time,future_unseen_asset_generalization,smart_only_conservative,asset_balanced,hist_gradient_boosting,hist_gradient_boosting,model,Hitachi HDS5C3030ALA630,22464,0,0,489,0.12731003331312352,sufficient
v1.5.4,data/processed/reliability_v1_5_horizon_7d_lookback_7d_dataset.csv,a0635ebba0a310e9ab1cbefb28182c028e9ea6102c57f662ef310deba3414c91,combined_asset_disjoint_future_holdout,combined_asset_time,primary_combined_asset_time,future_unseen_asset_generalization,smart_only_conservative,asset_balanced,hist_gradient_boosting,hist_gradient_boosting,model,ST3000DM001,20376,96,11,4633,0.33690130798746376,sufficient
v1.5.4,data/processed/reliability_v1_5_horizon_7d_lookback_7d_dataset.csv,a0635ebba0a310e9ab1cbefb28182c028e9ea6102c57f662ef310deba3414c91,combined_asset_disjoint_future_holdout,combined_asset_time,primary_combined_asset_time,future_unseen_asset_generalization,smart_only_conservative,asset_balanced,hist_gradient_boosting,hist_gradient_boosting,model,Hitachi HDS5C4040ALE630,11806,3,0,93,0.13368891145886022,sufficient
v1.5.4,data/processed/reliability_v1_5_horizon_7d_lookback_7d_dataset.csv,a0635ebba0a310e9ab1cbefb28182c028e9ea6102c57f662ef310deba3414c91,combined_asset_disjoint_future_holdout,combined_asset_time,primary_combined_asset_time,future_unseen_asset_generalization,smart_only_conservative,asset_balanced,hist_gradient_boosting,hist_gradient_boosting,model,ST31500541AS,9514,11,0,1343,0.3012930306531452,sufficient
v1.5.4,data/processed/reliability_v1_5_horizon_7d_lookback_7d_dataset.csv,a0635ebba0a310e9ab1cbefb28182c028e9ea6102c57f662ef310deba3414c91,combined_asset_disjoint_future_holdout,combined_asset_time,primary_combined_asset_time,future_unseen_asset_generalization,smart_only_conservative,asset_balanced,hist_gradient_boosting,hist_gradient_boosting,model,Hitachi HDS723030ALA640,4872,0,0,337,0.12097561020409274,sufficient
v1.5.4,data/processed/reliability_v1_5_horizon_7d_lookback_7d_dataset.csv,a0635ebba0a310e9ab1cbefb28182c028e9ea6102c57f662ef310deba3414c91,combined_asset_disjoint_future_holdout,combined_asset_time,primary_combined_asset_time,future_unseen_asset_generalization,smart_only_conservative,asset_balanced,hist_gradient_boosting,hist_gradient_boosting,model,ST31500341AS,2651,7,0,757,0.3618319131106085,sufficient
v1.5.4,data/processed/reliability_v1_5_horizon_7d_lookback_7d_dataset.csv,a0635ebba0a310e9ab1cbefb28182c028e9ea6102c57f662ef310deba3414c91,combined_asset_disjoint_future_holdout,combined_asset_time,primary_combined_asset_time,future_unseen_asset_generalization,smart_only_conservative,asset_balanced,hist_gradient_boosting,hist_gradient_boosting,model,WDC WD10EADS,2016,0,0,96,0.1854060202426735,sufficient
v1.5.4,data/processed/reliability_v1_5_horizon_7d_lookback_7d_dataset.csv,a0635ebba0a310e9ab1cbefb28182c028e9ea6102c57f662ef310deba3414c91,combined_asset_disjoint_future_holdout,combined_asset_time,primary_combined_asset_time,future_unseen_asset_generalization,smart_only_conservative,asset_balanced,hist_gradient_boosting,hist_gradient_boosting,model,WDC WD30EZRX,1963,0,0,627,0.17887823026568545,sufficient
v1.5.4,data/processed/reliability_v1_5_horizon_7d_lookback_7d_dataset.csv,a0635ebba0a310e9ab1cbefb28182c028e9ea6102c57f662ef310deba3414c91,combined_asset_disjoint_future_holdout,combined_asset_time,primary_combined_asset_time,future_unseen_asset_generalization,smart_only_conservative,asset_balanced,hist_gradient_boosting,hist_gradient_boosting,drive_age_quartile,0,34370,12,0,2709,0.3023194296830141,sufficient
v1.5.4,data/processed/reliability_v1_5_horizon_7d_lookback_7d_dataset.csv,a0635ebba0a310e9ab1cbefb28182c028e9ea6102c57f662ef310deba3414c91,combined_asset_disjoint_future_holdout,combined_asset_time,primary_combined_asset_time,future_unseen_asset_generalization,smart_only_conservative,asset_balanced,hist_gradient_boosting,hist_gradient_boosting,drive_age_quartile,1,33052,48,8,3203,0.15780942084326063,sufficient
v1.5.4,data/processed/reliability_v1_5_horizon_7d_lookback_7d_dataset.csv,a0635ebba0a310e9ab1cbefb28182c028e9ea6102c57f662ef310deba3414c91,combined_asset_disjoint_future_holdout,combined_asset_time,primary_combined_asset_time,future_unseen_asset_generalization,smart_only_conservative,asset_balanced,hist_gradient_boosting,hist_gradient_boosting,drive_age_quartile,2,28643,55,4,2608,0.1600983815285664,sufficient
v1.5.4,data/processed/reliability_v1_5_horizon_7d_lookback_7d_dataset.csv,a0635ebba0a310e9ab1cbefb28182c028e9ea6102c57f662ef310deba3414c91,combined_asset_disjoint_future_holdout,combined_asset_time,primary_combined_asset_time,future_unseen_asset_generalization,smart_only_conservative,asset_balanced,hist_gradient_boosting,hist_gradient_boosting,drive_age_quartile,3,32007,28,3,2882,0.1600983815285664,sufficient
v1.5.4,data/processed/reliability_v1_5_horizon_7d_lookback_7d_dataset.csv,a0635ebba0a310e9ab1cbefb28182c028e9ea6102c57f662ef310deba3414c91,combined_asset_disjoint_future_holdout,combined_asset_time,primary_combined_asset_time,future_unseen_asset_generalization,smart_only_conservative,asset_balanced,hist_gradient_boosting,hist_gradient_boosting,lookback_density_quartile,0,128072,143,15,11402,0.2138316335969767,sufficient
v1.5.4,data/processed/reliability_v1_5_horizon_7d_lookback_7d_dataset.csv,a0635ebba0a310e9ab1cbefb28182c028e9ea6102c57f662ef310deba3414c91,combined_asset_disjoint_future_holdout,combined_asset_time,primary_combined_asset_time,future_unseen_asset_generalization,smart_only_conservative,asset_balanced,hist_gradient_boosting,hist_gradient_boosting,capacity_quartile,0,39491,37,4,3095,0.1600983815285664,sufficient
v1.5.4,data/processed/reliability_v1_5_horizon_7d_lookback_7d_dataset.csv,a0635ebba0a310e9ab1cbefb28182c028e9ea6102c57f662ef310deba3414c91,combined_asset_disjoint_future_holdout,combined_asset_time,primary_combined_asset_time,future_unseen_asset_generalization,smart_only_conservative,asset_balanced,hist_gradient_boosting,hist_gradient_boosting,capacity_quartile,1,52760,103,11,6442,0.17228982355382969,sufficient
v1.5.4,data/processed/reliability_v1_5_horizon_7d_lookback_7d_dataset.csv,a0635ebba0a310e9ab1cbefb28182c028e9ea6102c57f662ef310deba3414c91,combined_asset_disjoint_future_holdout,combined_asset_time,primary_combined_asset_time,future_unseen_asset_generalization,smart_only_conservative,asset_balanced,hist_gradient_boosting,hist_gradient_boosting,capacity_quartile,2,35821,3,0,1865,0.3023194296830141,sufficient
v1.5.4,data/processed/reliability_v1_5_horizon_7d_lookback_7d_dataset.csv,a0635ebba0a310e9ab1cbefb28182c028e9ea6102c57f662ef310deba3414c91,combined_asset_disjoint_future_holdout,combined_asset_time,primary_combined_asset_time,future_unseen_asset_generalization,smart_only_conservative,raw_row,dummy_prior,dummy_prior,all,all,128072,143,0,127929,0.5000000000193988,sufficient
v1.5.4,data/processed/reliability_v1_5_horizon_7d_lookback_7d_dataset.csv,a0635ebba0a310e9ab1cbefb28182c028e9ea6102c57f662ef310deba3414c91,combined_asset_disjoint_future_holdout,combined_asset_time,primary_combined_asset_time,future_unseen_asset_generalization,smart_only_conservative,raw_row,dummy_prior,dummy_prior,model,Hitachi HDS722020ALA330,22774,7,0,22767,0.5000000000193988,sufficient
v1.5.4,data/processed/reliability_v1_5_horizon_7d_lookback_7d_dataset.csv,a0635ebba0a310e9ab1cbefb28182c028e9ea6102c57f662ef310deba3414c91,combined_asset_disjoint_future_holdout,combined_asset_time,primary_combined_asset_time,future_unseen_asset_generalization,smart_only_conservative,raw_row,dummy_prior,dummy_prior,model,ST4000DM000,22578,0,0,22578,0.5000000000193988,sufficient
v1.5.4,data/processed/reliability_v1_5_horizon_7d_lookback_7d_dataset.csv,a0635ebba0a310e9ab1cbefb28182c028e9ea6102c57f662ef310deba3414c91,combined_asset_disjoint_future_holdout,combined_asset_time,primary_combined_asset_time,future_unseen_asset_generalization,smart_only_conservative,raw_row,dummy_prior,dummy_prior,model,Hitachi HDS5C3030ALA630,22464,0,0,22464,0.5000000000193988,sufficient
v1.5.4,data/processed/reliability_v1_5_horizon_7d_lookback_7d_dataset.csv,a0635ebba0a310e9ab1cbefb28182c028e9ea6102c57f662ef310deba3414c91,combined_asset_disjoint_future_holdout,combined_asset_time,primary_combined_asset_time,future_unseen_asset_generalization,smart_only_conservative,raw_row,dummy_prior,dummy_prior,model,ST3000DM001,20376,96,0,20280,0.5000000000193988,sufficient
v1.5.4,data/processed/reliability_v1_5_horizon_7d_lookback_7d_dataset.csv,a0635ebba0a310e9ab1cbefb28182c028e9ea6102c57f662ef310deba3414c91,combined_asset_disjoint_future_holdout,combined_asset_time,primary_combined_asset_time,future_unseen_asset_generalization,smart_only_conservative,raw_row,dummy_prior,dummy_prior,model,Hitachi HDS5C4040ALE630,11806,3,0,11803,0.5000000000193988,sufficient
v1.5.4,data/processed/reliability_v1_5_horizon_7d_lookback_7d_dataset.csv,a0635ebba0a310e9ab1cbefb28182c028e9ea6102c57f662ef310deba3414c91,combined_asset_disjoint_future_holdout,combined_asset_time,primary_combined_asset_time,future_unseen_asset_generalization,smart_only_conservative,raw_row,dummy_prior,dummy_prior,model,ST31500541AS,9514,11,0,9503,0.5000000000193988,sufficient
v1.5.4,data/processed/reliability_v1_5_horizon_7d_lookback_7d_dataset.csv,a0635ebba0a310e9ab1cbefb28182c028e9ea6102c57f662ef310deba3414c91,combined_asset_disjoint_future_holdout,combined_asset_time,primary_combined_asset_time,future_unseen_asset_generalization,smart_only_conservative,raw_row,dummy_prior,dummy_prior,model,Hitachi HDS723030ALA640,4872,0,0,4872,0.5000000000193988,sufficient
v1.5.4,data/processed/reliability_v1_5_horizon_7d_lookback_7d_dataset.csv,a0635ebba0a310e9ab1cbefb28182c028e9ea6102c57f662ef310deba3414c91,combined_asset_disjoint_future_holdout,combined_asset_time,primary_combined_asset_time,future_unseen_asset_generalization,smart_only_conservative,raw_row,dummy_prior,dummy_prior,model,ST31500341AS,2651,7,0,2644,0.5000000000193988,sufficient
v1.5.4,data/processed/reliability_v1_5_horizon_7d_lookback_7d_dataset.csv,a0635ebba0a310e9ab1cbefb28182c028e9ea6102c57f662ef310deba3414c91,combined_asset_disjoint_future_holdout,combined_asset_time,primary_combined_asset_time,future_unseen_asset_generalization,smart_only_conservative,raw_row,dummy_prior,dummy_prior,model,WDC WD10EADS,2016,0,0,2016,0.5000000000193988,sufficient
v1.5.4,data/processed/reliability_v1_5_horizon_7d_lookback_7d_dataset.csv,a0635ebba0a310e9ab1cbefb28182c028e9ea6102c57f662ef310deba3414c91,combined_asset_disjoint_future_holdout,combined_asset_time,primary_combined_asset_time,future_unseen_asset_generalization,smart_only_conservative,raw_row,dummy_prior,dummy_prior,model,WDC WD30EZRX,1963,0,0,1963,0.5000000000193988,sufficient
v1.5.4,data/processed/reliability_v1_5_horizon_7d_lookback_7d_dataset.csv,a0635ebba0a310e9ab1cbefb28182c028e9ea6102c57f662ef310deba3414c91,combined_asset_disjoint_future_holdout,combined_asset_time,primary_combined_asset_time,future_unseen_asset_generalization,smart_only_conservative,raw_row,dummy_prior,dummy_prior,drive_age_quartile,0,34370,12,0,34358,0.5000000000193988,sufficient
v1.5.4,data/processed/reliability_v1_5_horizon_7d_lookback_7d_dataset.csv,a0635ebba0a310e9ab1cbefb28182c028e9ea6102c57f662ef310deba3414c91,combined_asset_disjoint_future_holdout,combined_asset_time,primary_combined_asset_time,future_unseen_asset_generalization,smart_only_conservative,raw_row,dummy_prior,dummy_prior,drive_age_quartile,1,33052,48,0,33004,0.5000000000193988,sufficient
v1.5.4,data/processed/reliability_v1_5_horizon_7d_lookback_7d_dataset.csv,a0635ebba0a310e9ab1cbefb28182c028e9ea6102c57f662ef310deba3414c91,combined_asset_disjoint_future_holdout,combined_asset_time,primary_combined_asset_time,future_unseen_asset_generalization,smart_only_conservative,raw_row,dummy_prior,dummy_prior,drive_age_quartile,2,28643,55,0,28588,0.5000000000193988,sufficient
v1.5.4,data/processed/reliability_v1_5_horizon_7d_lookback_7d_dataset.csv,a0635ebba0a310e9ab1cbefb28182c028e9ea6102c57f662ef310deba3414c91,combined_asset_disjoint_future_holdout,combined_asset_time,primary_combined_asset_time,future_unseen_asset_generalization,smart_only_conservative,raw_row,dummy_prior,dummy_prior,drive_age_quartile,3,32007,28,0,31979,0.5000000000193988,sufficient
v1.5.4,data/processed/reliability_v1_5_horizon_7d_lookback_7d_dataset.csv,a0635ebba0a310e9ab1cbefb28182c028e9ea6102c57f662ef310deba3414c91,combined_asset_disjoint_future_holdout,combined_asset_time,primary_combined_asset_time,future_unseen_asset_generalization,smart_only_conservative,raw_row,dummy_prior,dummy_prior,lookback_density_quartile,0,128072,143,0,127929,0.5000000000193988,sufficient
v1.5.4,data/processed/reliability_v1_5_horizon_7d_lookback_7d_dataset.csv,a0635ebba0a310e9ab1cbefb28182c028e9ea6102c57f662ef310deba3414c91,combined_asset_disjoint_future_holdout,combined_asset_time,primary_combined_asset_time,future_unseen_asset_generalization,smart_only_conservative,raw_row,dummy_prior,dummy_prior,capacity_quartile,0,39491,37,0,39454,0.5000000000193988,sufficient
v1.5.4,data/processed/reliability_v1_5_horizon_7d_lookback_7d_dataset.csv,a0635ebba0a310e9ab1cbefb28182c028e9ea6102c57f662ef310deba3414c91,combined_asset_disjoint_future_holdout,combined_asset_time,primary_combined_asset_time,future_unseen_asset_generalization,smart_only_conservative,raw_row,dummy_prior,dummy_prior,capacity_quartile,1,52760,103,0,52657,0.5000000000193988,sufficient
v1.5.4,data/processed/reliability_v1_5_horizon_7d_lookback_7d_dataset.csv,a0635ebba0a310e9ab1cbefb28182c028e9ea6102c57f662ef310deba3414c91,combined_asset_disjoint_future_holdout,combined_asset_time,primary_combined_asset_time,future_unseen_asset_generalization,smart_only_conservative,raw_row,dummy_prior,dummy_prior,capacity_quartile,2,35821,3,0,35818,0.5000000000193988,sufficient
v1.5.4,data/processed/reliability_v1_5_horizon_7d_lookback_7d_dataset.csv,a0635ebba0a310e9ab1cbefb28182c028e9ea6102c57f662ef310deba3414c91,combined_asset_disjoint_future_holdout,combined_asset_time,primary_combined_asset_time,future_unseen_asset_generalization,smart_only_conservative,raw_row,logistic_regression,logistic_regression,all,all,128072,143,30,33889,0.3083614539136614,sufficient
v1.5.4,data/processed/reliability_v1_5_horizon_7d_lookback_7d_dataset.csv,a0635ebba0a310e9ab1cbefb28182c028e9ea6102c57f662ef310deba3414c91,combined_asset_disjoint_future_holdout,combined_asset_time,primary_combined_asset_time,future_unseen_asset_generalization,smart_only_conservative,raw_row,logistic_regression,logistic_regression,model,Hitachi HDS722020ALA330,22774,7,7,0,0.2019362041652221,sufficient
v1.5.4,data/processed/reliability_v1_5_horizon_7d_lookback_7d_dataset.csv,a0635ebba0a310e9ab1cbefb28182c028e9ea6102c57f662ef310deba3414c91,combined_asset_disjoint_future_holdout,combined_asset_time,primary_combined_asset_time,future_unseen_asset_generalization,smart_only_conservative,raw_row,logistic_regression,logistic_regression,model,ST4000DM000,22578,0,0,15685,0.5423847594622422,sufficient
v1.5.4,data/processed/reliability_v1_5_horizon_7d_lookback_7d_dataset.csv,a0635ebba0a310e9ab1cbefb28182c028e9ea6102c57f662ef310deba3414c91,combined_asset_disjoint_future_holdout,combined_asset_time,primary_combined_asset_time,future_unseen_asset_generalization,smart_only_conservative,raw_row,logistic_regression,logistic_regression,model,Hitachi HDS5C3030ALA630,22464,0,0,37,0.21928461156690082,sufficient
v1.5.4,data/processed/reliability_v1_5_horizon_7d_lookback_7d_dataset.csv,a0635ebba0a310e9ab1cbefb28182c028e9ea6102c57f662ef310deba3414c91,combined_asset_disjoint_future_holdout,combined_asset_time,primary_combined_asset_time,future_unseen_asset_generalization,smart_only_conservative,raw_row,logistic_regression,logistic_regression,model,ST3000DM001,20376,96,11,8738,0.484235490925046,sufficient
v1.5.4,data/processed/reliability_v1_5_horizon_7d_lookback_7d_dataset.csv,a0635ebba0a310e9ab1cbefb28182c028e9ea6102c57f662ef310deba3414c91,combined_asset_disjoint_future_holdout,combined_asset_time,primary_combined_asset_time,future_unseen_asset_generalization,smart_only_conservative,raw_row,logistic_regression,logistic_regression,model,Hitachi HDS5C4040ALE630,11806,3,0,1,0.24926339649481027,sufficient
v1.5.4,data/processed/reliability_v1_5_horizon_7d_lookback_7d_dataset.csv,a0635ebba0a310e9ab1cbefb28182c028e9ea6102c57f662ef310deba3414c91,combined_asset_disjoint_future_holdout,combined_asset_time,primary_combined_asset_time,future_unseen_asset_generalization,smart_only_conservative,raw_row,logistic_regression,logistic_regression,model,ST31500541AS,9514,11,0,6948,0.5510536824720627,sufficient
v1.5.4,data/processed/reliability_v1_5_horizon_7d_lookback_7d_dataset.csv,a0635ebba0a310e9ab1cbefb28182c028e9ea6102c57f662ef310deba3414c91,combined_asset_disjoint_future_holdout,combined_asset_time,primary_combined_asset_time,future_unseen_asset_generalization,smart_only_conservative,raw_row,logistic_regression,logistic_regression,model,Hitachi HDS723030ALA640,4872,0,0,0,0.20541074878203647,sufficient
v1.5.4,data/processed/reliability_v1_5_horizon_7d_lookback_7d_dataset.csv,a0635ebba0a310e9ab1cbefb28182c028e9ea6102c57f662ef310deba3414c91,combined_asset_disjoint_future_holdout,combined_asset_time,primary_combined_asset_time,future_unseen_asset_generalization,smart_only_conservative,raw_row,logistic_regression,logistic_regression,model,ST31500341AS,2651,7,7,1156,0.4790997618032944,sufficient
v1.5.4,data/processed/reliability_v1_5_horizon_7d_lookback_7d_dataset.csv,a0635ebba0a310e9ab1cbefb28182c028e9ea6102c57f662ef310deba3414c91,combined_asset_disjoint_future_holdout,combined_asset_time,primary_combined_asset_time,future_unseen_asset_generalization,smart_only_conservative,raw_row,logistic_regression,logistic_regression,model,WDC WD10EADS,2016,0,0,0,0.2412540124031365,sufficient
v1.5.4,data/processed/reliability_v1_5_horizon_7d_lookback_7d_dataset.csv,a0635ebba0a310e9ab1cbefb28182c028e9ea6102c57f662ef310deba3414c91,combined_asset_disjoint_future_holdout,combined_asset_time,primary_combined_asset_time,future_unseen_asset_generalization,smart_only_conservative,raw_row,logistic_regression,logistic_regression,model,WDC WD30EZRX,1963,0,0,48,0.29305846745172826,sufficient
v1.5.4,data/processed/reliability_v1_5_horizon_7d_lookback_7d_dataset.csv,a0635ebba0a310e9ab1cbefb28182c028e9ea6102c57f662ef310deba3414c91,combined_asset_disjoint_future_holdout,combined_asset_time,primary_combined_asset_time,future_unseen_asset_generalization,smart_only_conservative,raw_row,logistic_regression,logistic_regression,drive_age_quartile,0,34370,12,1,17014,0.4984318050948442,sufficient
v1.5.4,data/processed/reliability_v1_5_horizon_7d_lookback_7d_dataset.csv,a0635ebba0a310e9ab1cbefb28182c028e9ea6102c57f662ef310deba3414c91,combined_asset_disjoint_future_holdout,combined_asset_time,primary_combined_asset_time,future_unseen_asset_generalization,smart_only_conservative,raw_row,logistic_regression,logistic_regression,drive_age_quartile,1,33052,48,8,5576,0.256578591573991,sufficient
v1.5.4,data/processed/reliability_v1_5_horizon_7d_lookback_7d_dataset.csv,a0635ebba0a310e9ab1cbefb28182c028e9ea6102c57f662ef310deba3414c91,combined_asset_disjoint_future_holdout,combined_asset_time,primary_combined_asset_time,future_unseen_asset_generalization,smart_only_conservative,raw_row,logistic_regression,logistic_regression,drive_age_quartile,2,28643,55,13,5256,0.2688776485750093,sufficient
v1.5.4,data/processed/reliability_v1_5_horizon_7d_lookback_7d_dataset.csv,a0635ebba0a310e9ab1cbefb28182c028e9ea6102c57f662ef310deba3414c91,combined_asset_disjoint_future_holdout,combined_asset_time,primary_combined_asset_time,future_unseen_asset_generalization,smart_only_conservative,raw_row,logistic_regression,logistic_regression,drive_age_quartile,3,32007,28,8,6043,0.268430602970582,sufficient
v1.5.4,data/processed/reliability_v1_5_horizon_7d_lookback_7d_dataset.csv,a0635ebba0a310e9ab1cbefb28182c028e9ea6102c57f662ef310deba3414c91,combined_asset_disjoint_future_holdout,combined_asset_time,primary_combined_asset_time,future_unseen_asset_generalization,smart_only_conservative,raw_row,logistic_regression,logistic_regression,lookback_density_quartile,0,128072,143,30,33889,0.3083614539136614,sufficient
v1.5.4,data/processed/reliability_v1_5_horizon_7d_lookback_7d_dataset.csv,a0635ebba0a310e9ab1cbefb28182c028e9ea6102c57f662ef310deba3414c91,combined_asset_disjoint_future_holdout,combined_asset_time,primary_combined_asset_time,future_unseen_asset_generalization,smart_only_conservative,raw_row,logistic_regression,logistic_regression,capacity_quartile,0,39491,37,14,9004,0.2461858192703412,sufficient
v1.5.4,data/processed/reliability_v1_5_horizon_7d_lookback_7d_dataset.csv,a0635ebba0a310e9ab1cbefb28182c028e9ea6102c57f662ef310deba3414c91,combined_asset_disjoint_future_holdout,combined_asset_time,primary_combined_asset_time,future_unseen_asset_generalization,smart_only_conservative,raw_row,logistic_regression,logistic_regression,capacity_quartile,1,52760,103,16,9127,0.28450720152211695,sufficient
v1.5.4,data/processed/reliability_v1_5_horizon_7d_lookback_7d_dataset.csv,a0635ebba0a310e9ab1cbefb28182c028e9ea6102c57f662ef310deba3414c91,combined_asset_disjoint_future_holdout,combined_asset_time,primary_combined_asset_time,future_unseen_asset_generalization,smart_only_conservative,raw_row,logistic_regression,logistic_regression,capacity_quartile,2,35821,3,0,15758,0.47498471521759,sufficient
v1.5.4,data/processed/reliability_v1_5_horizon_7d_lookback_7d_dataset.csv,a0635ebba0a310e9ab1cbefb28182c028e9ea6102c57f662ef310deba3414c91,combined_asset_disjoint_future_holdout,combined_asset_time,primary_combined_asset_time,future_unseen_asset_generalization,smart_only_conservative,raw_row,random_forest,random_forest,all,all,128072,143,15,7568,0.14538815775908112,sufficient
v1.5.4,data/processed/reliability_v1_5_horizon_7d_lookback_7d_dataset.csv,a0635ebba0a310e9ab1cbefb28182c028e9ea6102c57f662ef310deba3414c91,combined_asset_disjoint_future_holdout,combined_asset_time,primary_combined_asset_time,future_unseen_asset_generalization,smart_only_conservative,raw_row,random_forest,random_forest,model,Hitachi HDS722020ALA330,22774,7,0,80,0.031748068387918695,sufficient
v1.5.4,data/processed/reliability_v1_5_horizon_7d_lookback_7d_dataset.csv,a0635ebba0a310e9ab1cbefb28182c028e9ea6102c57f662ef310deba3414c91,combined_asset_disjoint_future_holdout,combined_asset_time,primary_combined_asset_time,future_unseen_asset_generalization,smart_only_conservative,raw_row,random_forest,random_forest,model,ST4000DM000,22578,0,0,1146,0.32289463267836177,sufficient
v1.5.4,data/processed/reliability_v1_5_horizon_7d_lookback_7d_dataset.csv,a0635ebba0a310e9ab1cbefb28182c028e9ea6102c57f662ef310deba3414c91,combined_asset_disjoint_future_holdout,combined_asset_time,primary_combined_asset_time,future_unseen_asset_generalization,smart_only_conservative,raw_row,random_forest,random_forest,model,Hitachi HDS5C3030ALA630,22464,0,0,65,0.02871111610791711,sufficient
v1.5.4,data/processed/reliability_v1_5_horizon_7d_lookback_7d_dataset.csv,a0635ebba0a310e9ab1cbefb28182c028e9ea6102c57f662ef310deba3414c91,combined_asset_disjoint_future_holdout,combined_asset_time,primary_combined_asset_time,future_unseen_asset_generalization,smart_only_conservative,raw_row,random_forest,random_forest,model,ST3000DM001,20376,96,9,4107,0.3576386615632296,sufficient
v1.5.4,data/processed/reliability_v1_5_horizon_7d_lookback_7d_dataset.csv,a0635ebba0a310e9ab1cbefb28182c028e9ea6102c57f662ef310deba3414c91,combined_asset_disjoint_future_holdout,combined_asset_time,primary_combined_asset_time,future_unseen_asset_generalization,smart_only_conservative,raw_row,random_forest,random_forest,model,Hitachi HDS5C4040ALE630,11806,3,0,48,0.04656677414648541,sufficient
v1.5.4,data/processed/reliability_v1_5_horizon_7d_lookback_7d_dataset.csv,a0635ebba0a310e9ab1cbefb28182c028e9ea6102c57f662ef310deba3414c91,combined_asset_disjoint_future_holdout,combined_asset_time,primary_combined_asset_time,future_unseen_asset_generalization,smart_only_conservative,raw_row,random_forest,random_forest,model,ST31500541AS,9514,11,1,723,0.3274581462428349,sufficient
v1.5.4,data/processed/reliability_v1_5_horizon_7d_lookback_7d_dataset.csv,a0635ebba0a310e9ab1cbefb28182c028e9ea6102c57f662ef310deba3414c91,combined_asset_disjoint_future_holdout,combined_asset_time,primary_combined_asset_time,future_unseen_asset_generalization,smart_only_conservative,raw_row,random_forest,random_forest,model,Hitachi HDS723030ALA640,4872,0,0,43,0.02576000619932135,sufficient
v1.5.4,data/processed/reliability_v1_5_horizon_7d_lookback_7d_dataset.csv,a0635ebba0a310e9ab1cbefb28182c028e9ea6102c57f662ef310deba3414c91,combined_asset_disjoint_future_holdout,combined_asset_time,primary_combined_asset_time,future_unseen_asset_generalization,smart_only_conservative,raw_row,random_forest,random_forest,model,ST31500341AS,2651,7,0,560,0.333300759433288,sufficient
v1.5.4,data/processed/reliability_v1_5_horizon_7d_lookback_7d_dataset.csv,a0635ebba0a310e9ab1cbefb28182c028e9ea6102c57f662ef310deba3414c91,combined_asset_disjoint_future_holdout,combined_asset_time,primary_combined_asset_time,future_unseen_asset_generalization,smart_only_conservative,raw_row,random_forest,random_forest,model,WDC WD10EADS,2016,0,0,4,0.09857129314430713,sufficient
v1.5.4,data/processed/reliability_v1_5_horizon_7d_lookback_7d_dataset.csv,a0635ebba0a310e9ab1cbefb28182c028e9ea6102c57f662ef310deba3414c91,combined_asset_disjoint_future_holdout,combined_asset_time,primary_combined_asset_time,future_unseen_asset_generalization,smart_only_conservative,raw_row,random_forest,random_forest,model,WDC WD30EZRX,1963,0,0,172,0.06534369641518163,sufficient
v1.5.4,data/processed/reliability_v1_5_horizon_7d_lookback_7d_dataset.csv,a0635ebba0a310e9ab1cbefb28182c028e9ea6102c57f662ef310deba3414c91,combined_asset_disjoint_future_holdout,combined_asset_time,primary_combined_asset_time,future_unseen_asset_generalization,smart_only_conservative,raw_row,random_forest,random_forest,drive_age_quartile,0,34370,12,0,1711,0.31421986214067915,sufficient
v1.5.4,data/processed/reliability_v1_5_horizon_7d_lookback_7d_dataset.csv,a0635ebba0a310e9ab1cbefb28182c028e9ea6102c57f662ef310deba3414c91,combined_asset_disjoint_future_holdout,combined_asset_time,primary_combined_asset_time,future_unseen_asset_generalization,smart_only_conservative,raw_row,random_forest,random_forest,drive_age_quartile,1,33052,48,8,1914,0.05275652480025599,sufficient
v1.5.4,data/processed/reliability_v1_5_horizon_7d_lookback_7d_dataset.csv,a0635ebba0a310e9ab1cbefb28182c028e9ea6102c57f662ef310deba3414c91,combined_asset_disjoint_future_holdout,combined_asset_time,primary_combined_asset_time,future_unseen_asset_generalization,smart_only_conservative,raw_row,random_forest,random_forest,drive_age_quartile,2,28643,55,2,1665,0.05796136864110738,sufficient
v1.5.4,data/processed/reliability_v1_5_horizon_7d_lookback_7d_dataset.csv,a0635ebba0a310e9ab1cbefb28182c028e9ea6102c57f662ef310deba3414c91,combined_asset_disjoint_future_holdout,combined_asset_time,primary_combined_asset_time,future_unseen_asset_generalization,smart_only_conservative,raw_row,random_forest,random_forest,drive_age_quartile,3,32007,28,5,2278,0.06396611906708546,sufficient
v1.5.4,data/processed/reliability_v1_5_horizon_7d_lookback_7d_dataset.csv,a0635ebba0a310e9ab1cbefb28182c028e9ea6102c57f662ef310deba3414c91,combined_asset_disjoint_future_holdout,combined_asset_time,primary_combined_asset_time,future_unseen_asset_generalization,smart_only_conservative,raw_row,random_forest,random_forest,lookback_density_quartile,0,128072,143,15,7568,0.14538815775908112,sufficient
v1.5.4,data/processed/reliability_v1_5_horizon_7d_lookback_7d_dataset.csv,a0635ebba0a310e9ab1cbefb28182c028e9ea6102c57f662ef310deba3414c91,combined_asset_disjoint_future_holdout,combined_asset_time,primary_combined_asset_time,future_unseen_asset_generalization,smart_only_conservative,raw_row,random_forest,random_forest,capacity_quartile,0,39491,37,5,1721,0.06141223138158022,sufficient
v1.5.4,data/processed/reliability_v1_5_horizon_7d_lookback_7d_dataset.csv,a0635ebba0a310e9ab1cbefb28182c028e9ea6102c57f662ef310deba3414c91,combined_asset_disjoint_future_holdout,combined_asset_time,primary_combined_asset_time,future_unseen_asset_generalization,smart_only_conservative,raw_row,random_forest,random_forest,capacity_quartile,1,52760,103,10,4636,0.07421125865651831,sufficient
v1.5.4,data/processed/reliability_v1_5_horizon_7d_lookback_7d_dataset.csv,a0635ebba0a310e9ab1cbefb28182c028e9ea6102c57f662ef310deba3414c91,combined_asset_disjoint_future_holdout,combined_asset_time,primary_combined_asset_time,future_unseen_asset_generalization,smart_only_conservative,raw_row,random_forest,random_forest,capacity_quartile,2,35821,3,0,1211,0.31192809801735877,sufficient
v1.5.4,data/processed/reliability_v1_5_horizon_7d_lookback_7d_dataset.csv,a0635ebba0a310e9ab1cbefb28182c028e9ea6102c57f662ef310deba3414c91,combined_asset_disjoint_future_holdout,combined_asset_time,primary_combined_asset_time,future_unseen_asset_generalization,smart_only_conservative,raw_row,hist_gradient_boosting,hist_gradient_boosting,all,all,128072,143,16,13412,0.28075227715706763,sufficient
v1.5.4,data/processed/reliability_v1_5_horizon_7d_lookback_7d_dataset.csv,a0635ebba0a310e9ab1cbefb28182c028e9ea6102c57f662ef310deba3414c91,combined_asset_disjoint_future_holdout,combined_asset_time,primary_combined_asset_time,future_unseen_asset_generalization,smart_only_conservative,raw_row,hist_gradient_boosting,hist_gradient_boosting,model,Hitachi HDS722020ALA330,22774,7,0,515,0.12141885184269542,sufficient
v1.5.4,data/processed/reliability_v1_5_horizon_7d_lookback_7d_dataset.csv,a0635ebba0a310e9ab1cbefb28182c028e9ea6102c57f662ef310deba3414c91,combined_asset_disjoint_future_holdout,combined_asset_time,primary_combined_asset_time,future_unseen_asset_generalization,smart_only_conservative,raw_row,hist_gradient_boosting,hist_gradient_boosting,model,ST4000DM000,22578,0,0,2085,0.3530115746575997,sufficient
v1.5.4,data/processed/reliability_v1_5_horizon_7d_lookback_7d_dataset.csv,a0635ebba0a310e9ab1cbefb28182c028e9ea6102c57f662ef310deba3414c91,combined_asset_disjoint_future_holdout,combined_asset_time,primary_combined_asset_time,future_unseen_asset_generalization,smart_only_conservative,raw_row,hist_gradient_boosting,hist_gradient_boosting,model,Hitachi HDS5C3030ALA630,22464,0,0,685,0.12141885184269542,sufficient
v1.5.4,data/processed/reliability_v1_5_horizon_7d_lookback_7d_dataset.csv,a0635ebba0a310e9ab1cbefb28182c028e9ea6102c57f662ef310deba3414c91,combined_asset_disjoint_future_holdout,combined_asset_time,primary_combined_asset_time,future_unseen_asset_generalization,smart_only_conservative,raw_row,hist_gradient_boosting,hist_gradient_boosting,model,ST3000DM001,20376,96,11,5184,0.3827540659366364,sufficient
v1.5.4,data/processed/reliability_v1_5_horizon_7d_lookback_7d_dataset.csv,a0635ebba0a310e9ab1cbefb28182c028e9ea6102c57f662ef310deba3414c91,combined_asset_disjoint_future_holdout,combined_asset_time,primary_combined_asset_time,future_unseen_asset_generalization,smart_only_conservative,raw_row,hist_gradient_boosting,hist_gradient_boosting,model,Hitachi HDS5C4040ALE630,11806,3,0,123,0.1457151260193302,sufficient
v1.5.4,data/processed/reliability_v1_5_horizon_7d_lookback_7d_dataset.csv,a0635ebba0a310e9ab1cbefb28182c028e9ea6102c57f662ef310deba3414c91,combined_asset_disjoint_future_holdout,combined_asset_time,primary_combined_asset_time,future_unseen_asset_generalization,smart_only_conservative,raw_row,hist_gradient_boosting,hist_gradient_boosting,model,ST31500541AS,9514,11,1,1304,0.29896817742799003,sufficient
v1.5.4,data/processed/reliability_v1_5_horizon_7d_lookback_7d_dataset.csv,a0635ebba0a310e9ab1cbefb28182c028e9ea6102c57f662ef310deba3414c91,combined_asset_disjoint_future_holdout,combined_asset_time,primary_combined_asset_time,future_unseen_asset_generalization,smart_only_conservative,raw_row,hist_gradient_boosting,hist_gradient_boosting,model,Hitachi HDS723030ALA640,4872,0,0,373,0.12141885184269542,sufficient
v1.5.4,data/processed/reliability_v1_5_horizon_7d_lookback_7d_dataset.csv,a0635ebba0a310e9ab1cbefb28182c028e9ea6102c57f662ef310deba3414c91,combined_asset_disjoint_future_holdout,combined_asset_time,primary_combined_asset_time,future_unseen_asset_generalization,smart_only_conservative,raw_row,hist_gradient_boosting,hist_gradient_boosting,model,ST31500341AS,2651,7,0,1137,0.41982127248035017,sufficient
v1.5.4,data/processed/reliability_v1_5_horizon_7d_lookback_7d_dataset.csv,a0635ebba0a310e9ab1cbefb28182c028e9ea6102c57f662ef310deba3414c91,combined_asset_disjoint_future_holdout,combined_asset_time,primary_combined_asset_time,future_unseen_asset_generalization,smart_only_conservative,raw_row,hist_gradient_boosting,hist_gradient_boosting,model,WDC WD10EADS,2016,0,0,96,0.1949746011552069,sufficient
v1.5.4,data/processed/reliability_v1_5_horizon_7d_lookback_7d_dataset.csv,a0635ebba0a310e9ab1cbefb28182c028e9ea6102c57f662ef310deba3414c91,combined_asset_disjoint_future_holdout,combined_asset_time,primary_combined_asset_time,future_unseen_asset_generalization,smart_only_conservative,raw_row,hist_gradient_boosting,hist_gradient_boosting,model,WDC WD30EZRX,1963,0,0,623,0.15998594091424984,sufficient
v1.5.4,data/processed/reliability_v1_5_horizon_7d_lookback_7d_dataset.csv,a0635ebba0a310e9ab1cbefb28182c028e9ea6102c57f662ef310deba3414c91,combined_asset_disjoint_future_holdout,combined_asset_time,primary_combined_asset_time,future_unseen_asset_generalization,smart_only_conservative,raw_row,hist_gradient_boosting,hist_gradient_boosting,drive_age_quartile,0,34370,12,1,3372,0.3530115746575997,sufficient
v1.5.4,data/processed/reliability_v1_5_horizon_7d_lookback_7d_dataset.csv,a0635ebba0a310e9ab1cbefb28182c028e9ea6102c57f662ef310deba3414c91,combined_asset_disjoint_future_holdout,combined_asset_time,primary_combined_asset_time,future_unseen_asset_generalization,smart_only_conservative,raw_row,hist_gradient_boosting,hist_gradient_boosting,drive_age_quartile,1,33052,48,8,3330,0.14705703992720978,sufficient
v1.5.4,data/processed/reliability_v1_5_horizon_7d_lookback_7d_dataset.csv,a0635ebba0a310e9ab1cbefb28182c028e9ea6102c57f662ef310deba3414c91,combined_asset_disjoint_future_holdout,combined_asset_time,primary_combined_asset_time,future_unseen_asset_generalization,smart_only_conservative,raw_row,hist_gradient_boosting,hist_gradient_boosting,drive_age_quartile,2,28643,55,4,3006,0.17700512587534756,sufficient
v1.5.4,data/processed/reliability_v1_5_horizon_7d_lookback_7d_dataset.csv,a0635ebba0a310e9ab1cbefb28182c028e9ea6102c57f662ef310deba3414c91,combined_asset_disjoint_future_holdout,combined_asset_time,primary_combined_asset_time,future_unseen_asset_generalization,smart_only_conservative,raw_row,hist_gradient_boosting,hist_gradient_boosting,drive_age_quartile,3,32007,28,3,3704,0.17700512587534756,sufficient
v1.5.4,data/processed/reliability_v1_5_horizon_7d_lookback_7d_dataset.csv,a0635ebba0a310e9ab1cbefb28182c028e9ea6102c57f662ef310deba3414c91,combined_asset_disjoint_future_holdout,combined_asset_time,primary_combined_asset_time,future_unseen_asset_generalization,smart_only_conservative,raw_row,hist_gradient_boosting,hist_gradient_boosting,lookback_density_quartile,0,128072,143,16,13412,0.28075227715706763,sufficient
v1.5.4,data/processed/reliability_v1_5_horizon_7d_lookback_7d_dataset.csv,a0635ebba0a310e9ab1cbefb28182c028e9ea6102c57f662ef310deba3414c91,combined_asset_disjoint_future_holdout,combined_asset_time,primary_combined_asset_time,future_unseen_asset_generalization,smart_only_conservative,raw_row,hist_gradient_boosting,hist_gradient_boosting,capacity_quartile,0,39491,37,5,3596,0.16921114630141537,sufficient
v1.5.4,data/processed/reliability_v1_5_horizon_7d_lookback_7d_dataset.csv,a0635ebba0a310e9ab1cbefb28182c028e9ea6102c57f662ef310deba3414c91,combined_asset_disjoint_future_holdout,combined_asset_time,primary_combined_asset_time,future_unseen_asset_generalization,smart_only_conservative,raw_row,hist_gradient_boosting,hist_gradient_boosting,capacity_quartile,1,52760,103,11,7236,0.20778871866162885,sufficient
v1.5.4,data/processed/reliability_v1_5_horizon_7d_lookback_7d_dataset.csv,a0635ebba0a310e9ab1cbefb28182c028e9ea6102c57f662ef310deba3414c91,combined_asset_disjoint_future_holdout,combined_asset_time,primary_combined_asset_time,future_unseen_asset_generalization,smart_only_conservative,raw_row,hist_gradient_boosting,hist_gradient_boosting,capacity_quartile,2,35821,3,0,2580,0.33801452108770375,sufficient
v1.5.4,data/processed/reliability_v1_5_horizon_7d_lookback_7d_dataset.csv,a0635ebba0a310e9ab1cbefb28182c028e9ea6102c57f662ef310deba3414c91,combined_asset_disjoint_future_holdout,combined_asset_time,primary_combined_asset_time,future_unseen_asset_generalization,smart_plus_safe_operational_metadata,asset_balanced,dummy_prior,dummy_prior,all,all,128072,143,0,127929,0.8059027711080534,sufficient
v1.5.4,data/processed/reliability_v1_5_horizon_7d_lookback_7d_dataset.csv,a0635ebba0a310e9ab1cbefb28182c028e9ea6102c57f662ef310deba3414c91,combined_asset_disjoint_future_holdout,combined_asset_time,primary_combined_asset_time,future_unseen_asset_generalization,smart_plus_safe_operational_metadata,asset_balanced,dummy_prior,dummy_prior,model,Hitachi HDS722020ALA330,22774,7,0,22767,0.8059027711080534,sufficient
v1.5.4,data/processed/reliability_v1_5_horizon_7d_lookback_7d_dataset.csv,a0635ebba0a310e9ab1cbefb28182c028e9ea6102c57f662ef310deba3414c91,combined_asset_disjoint_future_holdout,combined_asset_time,primary_combined_asset_time,future_unseen_asset_generalization,smart_plus_safe_operational_metadata,asset_balanced,dummy_prior,dummy_prior,model,ST4000DM000,22578,0,0,22578,0.8059027711080534,sufficient
v1.5.4,data/processed/reliability_v1_5_horizon_7d_lookback_7d_dataset.csv,a0635ebba0a310e9ab1cbefb28182c028e9ea6102c57f662ef310deba3414c91,combined_asset_disjoint_future_holdout,combined_asset_time,primary_combined_asset_time,future_unseen_asset_generalization,smart_plus_safe_operational_metadata,asset_balanced,dummy_prior,dummy_prior,model,Hitachi HDS5C3030ALA630,22464,0,0,22464,0.8059027711080534,sufficient
v1.5.4,data/processed/reliability_v1_5_horizon_7d_lookback_7d_dataset.csv,a0635ebba0a310e9ab1cbefb28182c028e9ea6102c57f662ef310deba3414c91,combined_asset_disjoint_future_holdout,combined_asset_time,primary_combined_asset_time,future_unseen_asset_generalization,smart_plus_safe_operational_metadata,asset_balanced,dummy_prior,dummy_prior,model,ST3000DM001,20376,96,0,20280,0.8059027711080534,sufficient
v1.5.4,data/processed/reliability_v1_5_horizon_7d_lookback_7d_dataset.csv,a0635ebba0a310e9ab1cbefb28182c028e9ea6102c57f662ef310deba3414c91,combined_asset_disjoint_future_holdout,combined_asset_time,primary_combined_asset_time,future_unseen_asset_generalization,smart_plus_safe_operational_metadata,asset_balanced,dummy_prior,dummy_prior,model,Hitachi HDS5C4040ALE630,11806,3,0,11803,0.8059027711080534,sufficient
v1.5.4,data/processed/reliability_v1_5_horizon_7d_lookback_7d_dataset.csv,a0635ebba0a310e9ab1cbefb28182c028e9ea6102c57f662ef310deba3414c91,combined_asset_disjoint_future_holdout,combined_asset_time,primary_combined_asset_time,future_unseen_asset_generalization,smart_plus_safe_operational_metadata,asset_balanced,dummy_prior,dummy_prior,model,ST31500541AS,9514,11,0,9503,0.8059027711080534,sufficient
v1.5.4,data/processed/reliability_v1_5_horizon_7d_lookback_7d_dataset.csv,a0635ebba0a310e9ab1cbefb28182c028e9ea6102c57f662ef310deba3414c91,combined_asset_disjoint_future_holdout,combined_asset_time,primary_combined_asset_time,future_unseen_asset_generalization,smart_plus_safe_operational_metadata,asset_balanced,dummy_prior,dummy_prior,model,Hitachi HDS723030ALA640,4872,0,0,4872,0.8059027711080534,sufficient
v1.5.4,data/processed/reliability_v1_5_horizon_7d_lookback_7d_dataset.csv,a0635ebba0a310e9ab1cbefb28182c028e9ea6102c57f662ef310deba3414c91,combined_asset_disjoint_future_holdout,combined_asset_time,primary_combined_asset_time,future_unseen_asset_generalization,smart_plus_safe_operational_metadata,asset_balanced,dummy_prior,dummy_prior,model,ST31500341AS,2651,7,0,2644,0.8059027711080534,sufficient
v1.5.4,data/processed/reliability_v1_5_horizon_7d_lookback_7d_dataset.csv,a0635ebba0a310e9ab1cbefb28182c028e9ea6102c57f662ef310deba3414c91,combined_asset_disjoint_future_holdout,combined_asset_time,primary_combined_asset_time,future_unseen_asset_generalization,smart_plus_safe_operational_metadata,asset_balanced,dummy_prior,dummy_prior,model,WDC WD10EADS,2016,0,0,2016,0.8059027711080534,sufficient
v1.5.4,data/processed/reliability_v1_5_horizon_7d_lookback_7d_dataset.csv,a0635ebba0a310e9ab1cbefb28182c028e9ea6102c57f662ef310deba3414c91,combined_asset_disjoint_future_holdout,combined_asset_time,primary_combined_asset_time,future_unseen_asset_generalization,smart_plus_safe_operational_metadata,asset_balanced,dummy_prior,dummy_prior,model,WDC WD30EZRX,1963,0,0,1963,0.8059027711080534,sufficient
v1.5.4,data/processed/reliability_v1_5_horizon_7d_lookback_7d_dataset.csv,a0635ebba0a310e9ab1cbefb28182c028e9ea6102c57f662ef310deba3414c91,combined_asset_disjoint_future_holdout,combined_asset_time,primary_combined_asset_time,future_unseen_asset_generalization,smart_plus_safe_operational_metadata,asset_balanced,dummy_prior,dummy_prior,drive_age_quartile,0,34370,12,0,34358,0.8059027711080534,sufficient
v1.5.4,data/processed/reliability_v1_5_horizon_7d_lookback_7d_dataset.csv,a0635ebba0a310e9ab1cbefb28182c028e9ea6102c57f662ef310deba3414c91,combined_asset_disjoint_future_holdout,combined_asset_time,primary_combined_asset_time,future_unseen_asset_generalization,smart_plus_safe_operational_metadata,asset_balanced,dummy_prior,dummy_prior,drive_age_quartile,1,33052,48,0,33004,0.8059027711080534,sufficient
v1.5.4,data/processed/reliability_v1_5_horizon_7d_lookback_7d_dataset.csv,a0635ebba0a310e9ab1cbefb28182c028e9ea6102c57f662ef310deba3414c91,combined_asset_disjoint_future_holdout,combined_asset_time,primary_combined_asset_time,future_unseen_asset_generalization,smart_plus_safe_operational_metadata,asset_balanced,dummy_prior,dummy_prior,drive_age_quartile,2,28643,55,0,28588,0.8059027711080534,sufficient
v1.5.4,data/processed/reliability_v1_5_horizon_7d_lookback_7d_dataset.csv,a0635ebba0a310e9ab1cbefb28182c028e9ea6102c57f662ef310deba3414c91,combined_asset_disjoint_future_holdout,combined_asset_time,primary_combined_asset_time,future_unseen_asset_generalization,smart_plus_safe_operational_metadata,asset_balanced,dummy_prior,dummy_prior,drive_age_quartile,3,32007,28,0,31979,0.8059027711080534,sufficient
v1.5.4,data/processed/reliability_v1_5_horizon_7d_lookback_7d_dataset.csv,a0635ebba0a310e9ab1cbefb28182c028e9ea6102c57f662ef310deba3414c91,combined_asset_disjoint_future_holdout,combined_asset_time,primary_combined_asset_time,future_unseen_asset_generalization,smart_plus_safe_operational_metadata,asset_balanced,dummy_prior,dummy_prior,lookback_density_quartile,0,128072,143,0,127929,0.8059027711080534,sufficient
v1.5.4,data/processed/reliability_v1_5_horizon_7d_lookback_7d_dataset.csv,a0635ebba0a310e9ab1cbefb28182c028e9ea6102c57f662ef310deba3414c91,combined_asset_disjoint_future_holdout,combined_asset_time,primary_combined_asset_time,future_unseen_asset_generalization,smart_plus_safe_operational_metadata,asset_balanced,dummy_prior,dummy_prior,capacity_quartile,0,39491,37,0,39454,0.8059027711080534,sufficient
v1.5.4,data/processed/reliability_v1_5_horizon_7d_lookback_7d_dataset.csv,a0635ebba0a310e9ab1cbefb28182c028e9ea6102c57f662ef310deba3414c91,combined_asset_disjoint_future_holdout,combined_asset_time,primary_combined_asset_time,future_unseen_asset_generalization,smart_plus_safe_operational_metadata,asset_balanced,dummy_prior,dummy_prior,capacity_quartile,1,52760,103,0,52657,0.8059027711080534,sufficient
v1.5.4,data/processed/reliability_v1_5_horizon_7d_lookback_7d_dataset.csv,a0635ebba0a310e9ab1cbefb28182c028e9ea6102c57f662ef310deba3414c91,combined_asset_disjoint_future_holdout,combined_asset_time,primary_combined_asset_time,future_unseen_asset_generalization,smart_plus_safe_operational_metadata,asset_balanced,dummy_prior,dummy_prior,capacity_quartile,2,35821,3,0,35818,0.8059027711080534,sufficient
v1.5.4,data/processed/reliability_v1_5_horizon_7d_lookback_7d_dataset.csv,a0635ebba0a310e9ab1cbefb28182c028e9ea6102c57f662ef310deba3414c91,combined_asset_disjoint_future_holdout,combined_asset_time,primary_combined_asset_time,future_unseen_asset_generalization,smart_plus_safe_operational_metadata,asset_balanced,logistic_regression,logistic_regression,all,all,128072,143,48,6613,0.18215501752149743,sufficient
v1.5.4,data/processed/reliability_v1_5_horizon_7d_lookback_7d_dataset.csv,a0635ebba0a310e9ab1cbefb28182c028e9ea6102c57f662ef310deba3414c91,combined_asset_disjoint_future_holdout,combined_asset_time,primary_combined_asset_time,future_unseen_asset_generalization,smart_plus_safe_operational_metadata,asset_balanced,logistic_regression,logistic_regression,model,Hitachi HDS722020ALA330,22774,7,7,1,0.07407194922433535,sufficient
v1.5.4,data/processed/reliability_v1_5_horizon_7d_lookback_7d_dataset.csv,a0635ebba0a310e9ab1cbefb28182c028e9ea6102c57f662ef310deba3414c91,combined_asset_disjoint_future_holdout,combined_asset_time,primary_combined_asset_time,future_unseen_asset_generalization,smart_plus_safe_operational_metadata,asset_balanced,logistic_regression,logistic_regression,model,ST4000DM000,22578,0,0,347,0.25389755383898155,sufficient
v1.5.4,data/processed/reliability_v1_5_horizon_7d_lookback_7d_dataset.csv,a0635ebba0a310e9ab1cbefb28182c028e9ea6102c57f662ef310deba3414c91,combined_asset_disjoint_future_holdout,combined_asset_time,primary_combined_asset_time,future_unseen_asset_generalization,smart_plus_safe_operational_metadata,asset_balanced,logistic_regression,logistic_regression,model,Hitachi HDS5C3030ALA630,22464,0,0,0,0.06261157946679241,sufficient
v1.5.4,data/processed/reliability_v1_5_horizon_7d_lookback_7d_dataset.csv,a0635ebba0a310e9ab1cbefb28182c028e9ea6102c57f662ef310deba3414c91,combined_asset_disjoint_future_holdout,combined_asset_time,primary_combined_asset_time,future_unseen_asset_generalization,smart_plus_safe_operational_metadata,asset_balanced,logistic_regression,logistic_regression,model,ST3000DM001,20376,96,30,1624,0.36862993566352914,sufficient
v1.5.4,data/processed/reliability_v1_5_horizon_7d_lookback_7d_dataset.csv,a0635ebba0a310e9ab1cbefb28182c028e9ea6102c57f662ef310deba3414c91,combined_asset_disjoint_future_holdout,combined_asset_time,primary_combined_asset_time,future_unseen_asset_generalization,smart_plus_safe_operational_metadata,asset_balanced,logistic_regression,logistic_regression,model,Hitachi HDS5C4040ALE630,11806,3,0,3,0.14653824174884844,sufficient
v1.5.4,data/processed/reliability_v1_5_horizon_7d_lookback_7d_dataset.csv,a0635ebba0a310e9ab1cbefb28182c028e9ea6102c57f662ef310deba3414c91,combined_asset_disjoint_future_holdout,combined_asset_time,primary_combined_asset_time,future_unseen_asset_generalization,smart_plus_safe_operational_metadata,asset_balanced,logistic_regression,logistic_regression,model,ST31500541AS,9514,11,0,1581,0.42726638579238607,sufficient
v1.5.4,data/processed/reliability_v1_5_horizon_7d_lookback_7d_dataset.csv,a0635ebba0a310e9ab1cbefb28182c028e9ea6102c57f662ef310deba3414c91,combined_asset_disjoint_future_holdout,combined_asset_time,primary_combined_asset_time,future_unseen_asset_generalization,smart_plus_safe_operational_metadata,asset_balanced,logistic_regression,logistic_regression,model,Hitachi HDS723030ALA640,4872,0,0,0,0.08672163032301386,sufficient
v1.5.4,data/processed/reliability_v1_5_horizon_7d_lookback_7d_dataset.csv,a0635ebba0a310e9ab1cbefb28182c028e9ea6102c57f662ef310deba3414c91,combined_asset_disjoint_future_holdout,combined_asset_time,primary_combined_asset_time,future_unseen_asset_generalization,smart_plus_safe_operational_metadata,asset_balanced,logistic_regression,logistic_regression,model,ST31500341AS,2651,7,1,2280,0.6034238680865645,sufficient
v1.5.4,data/processed/reliability_v1_5_horizon_7d_lookback_7d_dataset.csv,a0635ebba0a310e9ab1cbefb28182c028e9ea6102c57f662ef310deba3414c91,combined_asset_disjoint_future_holdout,combined_asset_time,primary_combined_asset_time,future_unseen_asset_generalization,smart_plus_safe_operational_metadata,asset_balanced,logistic_regression,logistic_regression,model,WDC WD10EADS,2016,0,0,63,0.29051986366334714,sufficient
v1.5.4,data/processed/reliability_v1_5_horizon_7d_lookback_7d_dataset.csv,a0635ebba0a310e9ab1cbefb28182c028e9ea6102c57f662ef310deba3414c91,combined_asset_disjoint_future_holdout,combined_asset_time,primary_combined_asset_time,future_unseen_asset_generalization,smart_plus_safe_operational_metadata,asset_balanced,logistic_regression,logistic_regression,model,WDC WD30EZRX,1963,0,0,65,0.2902933944603204,sufficient
v1.5.4,data/processed/reliability_v1_5_horizon_7d_lookback_7d_dataset.csv,a0635ebba0a310e9ab1cbefb28182c028e9ea6102c57f662ef310deba3414c91,combined_asset_disjoint_future_holdout,combined_asset_time,primary_combined_asset_time,future_unseen_asset_generalization,smart_plus_safe_operational_metadata,asset_balanced,logistic_regression,logistic_regression,drive_age_quartile,0,34370,12,2,1499,0.24508438137504623,sufficient
v1.5.4,data/processed/reliability_v1_5_horizon_7d_lookback_7d_dataset.csv,a0635ebba0a310e9ab1cbefb28182c028e9ea6102c57f662ef310deba3414c91,combined_asset_disjoint_future_holdout,combined_asset_time,primary_combined_asset_time,future_unseen_asset_generalization,smart_plus_safe_operational_metadata,asset_balanced,logistic_regression,logistic_regression,drive_age_quartile,1,33052,48,13,1898,0.11160074948339621,sufficient
v1.5.4,data/processed/reliability_v1_5_horizon_7d_lookback_7d_dataset.csv,a0635ebba0a310e9ab1cbefb28182c028e9ea6102c57f662ef310deba3414c91,combined_asset_disjoint_future_holdout,combined_asset_time,primary_combined_asset_time,future_unseen_asset_generalization,smart_plus_safe_operational_metadata,asset_balanced,logistic_regression,logistic_regression,drive_age_quartile,2,28643,55,23,1678,0.11930582841559494,sufficient
v1.5.4,data/processed/reliability_v1_5_horizon_7d_lookback_7d_dataset.csv,a0635ebba0a310e9ab1cbefb28182c028e9ea6102c57f662ef310deba3414c91,combined_asset_disjoint_future_holdout,combined_asset_time,primary_combined_asset_time,future_unseen_asset_generalization,smart_plus_safe_operational_metadata,asset_balanced,logistic_regression,logistic_regression,drive_age_quartile,3,32007,28,10,1538,0.10352343013526977,sufficient
v1.5.4,data/processed/reliability_v1_5_horizon_7d_lookback_7d_dataset.csv,a0635ebba0a310e9ab1cbefb28182c028e9ea6102c57f662ef310deba3414c91,combined_asset_disjoint_future_holdout,combined_asset_time,primary_combined_asset_time,future_unseen_asset_generalization,smart_plus_safe_operational_metadata,asset_balanced,logistic_regression,logistic_regression,lookback_density_quartile,0,128072,143,48,6613,0.18215501752149743,sufficient
v1.5.4,data/processed/reliability_v1_5_horizon_7d_lookback_7d_dataset.csv,a0635ebba0a310e9ab1cbefb28182c028e9ea6102c57f662ef310deba3414c91,combined_asset_disjoint_future_holdout,combined_asset_time,primary_combined_asset_time,future_unseen_asset_generalization,smart_plus_safe_operational_metadata,asset_balanced,logistic_regression,logistic_regression,capacity_quartile,0,39491,37,12,4316,0.09627650771507663,sufficient
v1.5.4,data/processed/reliability_v1_5_horizon_7d_lookback_7d_dataset.csv,a0635ebba0a310e9ab1cbefb28182c028e9ea6102c57f662ef310deba3414c91,combined_asset_disjoint_future_holdout,combined_asset_time,primary_combined_asset_time,future_unseen_asset_generalization,smart_plus_safe_operational_metadata,asset_balanced,logistic_regression,logistic_regression,capacity_quartile,1,52760,103,36,1946,0.1147133930594503,sufficient
v1.5.4,data/processed/reliability_v1_5_horizon_7d_lookback_7d_dataset.csv,a0635ebba0a310e9ab1cbefb28182c028e9ea6102c57f662ef310deba3414c91,combined_asset_disjoint_future_holdout,combined_asset_time,primary_combined_asset_time,future_unseen_asset_generalization,smart_plus_safe_operational_metadata,asset_balanced,logistic_regression,logistic_regression,capacity_quartile,2,35821,3,0,351,0.2141346685256185,sufficient
v1.5.4,data/processed/reliability_v1_5_horizon_7d_lookback_7d_dataset.csv,a0635ebba0a310e9ab1cbefb28182c028e9ea6102c57f662ef310deba3414c91,combined_asset_disjoint_future_holdout,combined_asset_time,primary_combined_asset_time,future_unseen_asset_generalization,smart_plus_safe_operational_metadata,asset_balanced,random_forest,random_forest,all,all,128072,143,23,4068,0.10571456536012415,sufficient
v1.5.4,data/processed/reliability_v1_5_horizon_7d_lookback_7d_dataset.csv,a0635ebba0a310e9ab1cbefb28182c028e9ea6102c57f662ef310deba3414c91,combined_asset_disjoint_future_holdout,combined_asset_time,primary_combined_asset_time,future_unseen_asset_generalization,smart_plus_safe_operational_metadata,asset_balanced,random_forest,random_forest,model,Hitachi HDS722020ALA330,22774,7,0,49,0.020508128909223804,sufficient
v1.5.4,data/processed/reliability_v1_5_horizon_7d_lookback_7d_dataset.csv,a0635ebba0a310e9ab1cbefb28182c028e9ea6102c57f662ef310deba3414c91,combined_asset_disjoint_future_holdout,combined_asset_time,primary_combined_asset_time,future_unseen_asset_generalization,smart_plus_safe_operational_metadata,asset_balanced,random_forest,random_forest,model,ST4000DM000,22578,0,0,302,0.2060454390230675,sufficient
v1.5.4,data/processed/reliability_v1_5_horizon_7d_lookback_7d_dataset.csv,a0635ebba0a310e9ab1cbefb28182c028e9ea6102c57f662ef310deba3414c91,combined_asset_disjoint_future_holdout,combined_asset_time,primary_combined_asset_time,future_unseen_asset_generalization,smart_plus_safe_operational_metadata,asset_balanced,random_forest,random_forest,model,Hitachi HDS5C3030ALA630,22464,0,0,56,0.020673219864507278,sufficient
v1.5.4,data/processed/reliability_v1_5_horizon_7d_lookback_7d_dataset.csv,a0635ebba0a310e9ab1cbefb28182c028e9ea6102c57f662ef310deba3414c91,combined_asset_disjoint_future_holdout,combined_asset_time,primary_combined_asset_time,future_unseen_asset_generalization,smart_plus_safe_operational_metadata,asset_balanced,random_forest,random_forest,model,ST3000DM001,20376,96,13,2210,0.2616244858681323,sufficient
v1.5.4,data/processed/reliability_v1_5_horizon_7d_lookback_7d_dataset.csv,a0635ebba0a310e9ab1cbefb28182c028e9ea6102c57f662ef310deba3414c91,combined_asset_disjoint_future_holdout,combined_asset_time,primary_combined_asset_time,future_unseen_asset_generalization,smart_plus_safe_operational_metadata,asset_balanced,random_forest,random_forest,model,Hitachi HDS5C4040ALE630,11806,3,0,9,0.050986704042443064,sufficient
v1.5.4,data/processed/reliability_v1_5_horizon_7d_lookback_7d_dataset.csv,a0635ebba0a310e9ab1cbefb28182c028e9ea6102c57f662ef310deba3414c91,combined_asset_disjoint_future_holdout,combined_asset_time,primary_combined_asset_time,future_unseen_asset_generalization,smart_plus_safe_operational_metadata,asset_balanced,random_forest,random_forest,model,ST31500541AS,9514,11,1,464,0.23613293186547202,sufficient
v1.5.4,data/processed/reliability_v1_5_horizon_7d_lookback_7d_dataset.csv,a0635ebba0a310e9ab1cbefb28182c028e9ea6102c57f662ef310deba3414c91,combined_asset_disjoint_future_holdout,combined_asset_time,primary_combined_asset_time,future_unseen_asset_generalization,smart_plus_safe_operational_metadata,asset_balanced,random_forest,random_forest,model,Hitachi HDS723030ALA640,4872,0,0,33,0.035596158173527855,sufficient
v1.5.4,data/processed/reliability_v1_5_horizon_7d_lookback_7d_dataset.csv,a0635ebba0a310e9ab1cbefb28182c028e9ea6102c57f662ef310deba3414c91,combined_asset_disjoint_future_holdout,combined_asset_time,primary_combined_asset_time,future_unseen_asset_generalization,smart_plus_safe_operational_metadata,asset_balanced,random_forest,random_forest,model,ST31500341AS,2651,7,0,337,0.2729970562864416,sufficient
v1.5.4,data/processed/reliability_v1_5_horizon_7d_lookback_7d_dataset.csv,a0635ebba0a310e9ab1cbefb28182c028e9ea6102c57f662ef310deba3414c91,combined_asset_disjoint_future_holdout,combined_asset_time,primary_combined_asset_time,future_unseen_asset_generalization,smart_plus_safe_operational_metadata,asset_balanced,random_forest,random_forest,model,WDC WD10EADS,2016,0,0,0,0.05993913128157063,sufficient
v1.5.4,data/processed/reliability_v1_5_horizon_7d_lookback_7d_dataset.csv,a0635ebba0a310e9ab1cbefb28182c028e9ea6102c57f662ef310deba3414c91,combined_asset_disjoint_future_holdout,combined_asset_time,primary_combined_asset_time,future_unseen_asset_generalization,smart_plus_safe_operational_metadata,asset_balanced,random_forest,random_forest,model,WDC WD30EZRX,1963,0,0,195,0.08422766382863757,sufficient
v1.5.4,data/processed/reliability_v1_5_horizon_7d_lookback_7d_dataset.csv,a0635ebba0a310e9ab1cbefb28182c028e9ea6102c57f662ef310deba3414c91,combined_asset_disjoint_future_holdout,combined_asset_time,primary_combined_asset_time,future_unseen_asset_generalization,smart_plus_safe_operational_metadata,asset_balanced,random_forest,random_forest,drive_age_quartile,0,34370,12,1,707,0.19527190022101704,sufficient
v1.5.4,data/processed/reliability_v1_5_horizon_7d_lookback_7d_dataset.csv,a0635ebba0a310e9ab1cbefb28182c028e9ea6102c57f662ef310deba3414c91,combined_asset_disjoint_future_holdout,combined_asset_time,primary_combined_asset_time,future_unseen_asset_generalization,smart_plus_safe_operational_metadata,asset_balanced,random_forest,random_forest,drive_age_quartile,1,33052,48,9,1227,0.04590205631989927,sufficient
v1.5.4,data/processed/reliability_v1_5_horizon_7d_lookback_7d_dataset.csv,a0635ebba0a310e9ab1cbefb28182c028e9ea6102c57f662ef310deba3414c91,combined_asset_disjoint_future_holdout,combined_asset_time,primary_combined_asset_time,future_unseen_asset_generalization,smart_plus_safe_operational_metadata,asset_balanced,random_forest,random_forest,drive_age_quartile,2,28643,55,5,988,0.044952632111625486,sufficient
v1.5.4,data/processed/reliability_v1_5_horizon_7d_lookback_7d_dataset.csv,a0635ebba0a310e9ab1cbefb28182c028e9ea6102c57f662ef310deba3414c91,combined_asset_disjoint_future_holdout,combined_asset_time,primary_combined_asset_time,future_unseen_asset_generalization,smart_plus_safe_operational_metadata,asset_balanced,random_forest,random_forest,drive_age_quartile,3,32007,28,8,1146,0.04590205631989927,sufficient
v1.5.4,data/processed/reliability_v1_5_horizon_7d_lookback_7d_dataset.csv,a0635ebba0a310e9ab1cbefb28182c028e9ea6102c57f662ef310deba3414c91,combined_asset_disjoint_future_holdout,combined_asset_time,primary_combined_asset_time,future_unseen_asset_generalization,smart_plus_safe_operational_metadata,asset_balanced,random_forest,random_forest,lookback_density_quartile,0,128072,143,23,4068,0.10571456536012415,sufficient
v1.5.4,data/processed/reliability_v1_5_horizon_7d_lookback_7d_dataset.csv,a0635ebba0a310e9ab1cbefb28182c028e9ea6102c57f662ef310deba3414c91,combined_asset_disjoint_future_holdout,combined_asset_time,primary_combined_asset_time,future_unseen_asset_generalization,smart_plus_safe_operational_metadata,asset_balanced,random_forest,random_forest,capacity_quartile,0,39491,37,5,1134,0.034574899940916,sufficient
v1.5.4,data/processed/reliability_v1_5_horizon_7d_lookback_7d_dataset.csv,a0635ebba0a310e9ab1cbefb28182c028e9ea6102c57f662ef310deba3414c91,combined_asset_disjoint_future_holdout,combined_asset_time,primary_combined_asset_time,future_unseen_asset_generalization,smart_plus_safe_operational_metadata,asset_balanced,random_forest,random_forest,capacity_quartile,1,52760,103,18,2617,0.05894034316437005,sufficient
v1.5.4,data/processed/reliability_v1_5_horizon_7d_lookback_7d_dataset.csv,a0635ebba0a310e9ab1cbefb28182c028e9ea6102c57f662ef310deba3414c91,combined_asset_disjoint_future_holdout,combined_asset_time,primary_combined_asset_time,future_unseen_asset_generalization,smart_plus_safe_operational_metadata,asset_balanced,random_forest,random_forest,capacity_quartile,2,35821,3,0,317,0.17708791394140308,sufficient
v1.5.4,data/processed/reliability_v1_5_horizon_7d_lookback_7d_dataset.csv,a0635ebba0a310e9ab1cbefb28182c028e9ea6102c57f662ef310deba3414c91,combined_asset_disjoint_future_holdout,combined_asset_time,primary_combined_asset_time,future_unseen_asset_generalization,smart_plus_safe_operational_metadata,asset_balanced,hist_gradient_boosting,hist_gradient_boosting,all,all,128072,143,18,8075,0.19306400421430553,sufficient
v1.5.4,data/processed/reliability_v1_5_horizon_7d_lookback_7d_dataset.csv,a0635ebba0a310e9ab1cbefb28182c028e9ea6102c57f662ef310deba3414c91,combined_asset_disjoint_future_holdout,combined_asset_time,primary_combined_asset_time,future_unseen_asset_generalization,smart_plus_safe_operational_metadata,asset_balanced,hist_gradient_boosting,hist_gradient_boosting,model,Hitachi HDS722020ALA330,22774,7,0,350,0.11594595379653413,sufficient
v1.5.4,data/processed/reliability_v1_5_horizon_7d_lookback_7d_dataset.csv,a0635ebba0a310e9ab1cbefb28182c028e9ea6102c57f662ef310deba3414c91,combined_asset_disjoint_future_holdout,combined_asset_time,primary_combined_asset_time,future_unseen_asset_generalization,smart_plus_safe_operational_metadata,asset_balanced,hist_gradient_boosting,hist_gradient_boosting,model,ST4000DM000,22578,0,0,780,0.22523155607975104,sufficient
v1.5.4,data/processed/reliability_v1_5_horizon_7d_lookback_7d_dataset.csv,a0635ebba0a310e9ab1cbefb28182c028e9ea6102c57f662ef310deba3414c91,combined_asset_disjoint_future_holdout,combined_asset_time,primary_combined_asset_time,future_unseen_asset_generalization,smart_plus_safe_operational_metadata,asset_balanced,hist_gradient_boosting,hist_gradient_boosting,model,Hitachi HDS5C3030ALA630,22464,0,0,360,0.11528231558395743,sufficient
v1.5.4,data/processed/reliability_v1_5_horizon_7d_lookback_7d_dataset.csv,a0635ebba0a310e9ab1cbefb28182c028e9ea6102c57f662ef310deba3414c91,combined_asset_disjoint_future_holdout,combined_asset_time,primary_combined_asset_time,future_unseen_asset_generalization,smart_plus_safe_operational_metadata,asset_balanced,hist_gradient_boosting,hist_gradient_boosting,model,ST3000DM001,20376,96,11,2743,0.3427326108904398,sufficient
v1.5.4,data/processed/reliability_v1_5_horizon_7d_lookback_7d_dataset.csv,a0635ebba0a310e9ab1cbefb28182c028e9ea6102c57f662ef310deba3414c91,combined_asset_disjoint_future_holdout,combined_asset_time,primary_combined_asset_time,future_unseen_asset_generalization,smart_plus_safe_operational_metadata,asset_balanced,hist_gradient_boosting,hist_gradient_boosting,model,Hitachi HDS5C4040ALE630,11806,3,0,56,0.11959678734823065,sufficient
v1.5.4,data/processed/reliability_v1_5_horizon_7d_lookback_7d_dataset.csv,a0635ebba0a310e9ab1cbefb28182c028e9ea6102c57f662ef310deba3414c91,combined_asset_disjoint_future_holdout,combined_asset_time,primary_combined_asset_time,future_unseen_asset_generalization,smart_plus_safe_operational_metadata,asset_balanced,hist_gradient_boosting,hist_gradient_boosting,model,ST31500541AS,9514,11,0,1320,0.32490010953223686,sufficient
v1.5.4,data/processed/reliability_v1_5_horizon_7d_lookback_7d_dataset.csv,a0635ebba0a310e9ab1cbefb28182c028e9ea6102c57f662ef310deba3414c91,combined_asset_disjoint_future_holdout,combined_asset_time,primary_combined_asset_time,future_unseen_asset_generalization,smart_plus_safe_operational_metadata,asset_balanced,hist_gradient_boosting,hist_gradient_boosting,model,Hitachi HDS723030ALA640,4872,0,0,296,0.11528231558395743,sufficient
v1.5.4,data/processed/reliability_v1_5_horizon_7d_lookback_7d_dataset.csv,a0635ebba0a310e9ab1cbefb28182c028e9ea6102c57f662ef310deba3414c91,combined_asset_disjoint_future_holdout,combined_asset_time,primary_combined_asset_time,future_unseen_asset_generalization,smart_plus_safe_operational_metadata,asset_balanced,hist_gradient_boosting,hist_gradient_boosting,model,ST31500341AS,2651,7,0,772,0.3707559985108594,sufficient
v1.5.4,data/processed/reliability_v1_5_horizon_7d_lookback_7d_dataset.csv,a0635ebba0a310e9ab1cbefb28182c028e9ea6102c57f662ef310deba3414c91,combined_asset_disjoint_future_holdout,combined_asset_time,primary_combined_asset_time,future_unseen_asset_generalization,smart_plus_safe_operational_metadata,asset_balanced,hist_gradient_boosting,hist_gradient_boosting,model,WDC WD10EADS,2016,0,0,96,0.16070562542004932,sufficient
v1.5.4,data/processed/reliability_v1_5_horizon_7d_lookback_7d_dataset.csv,a0635ebba0a310e9ab1cbefb28182c028e9ea6102c57f662ef310deba3414c91,combined_asset_disjoint_future_holdout,combined_asset_time,primary_combined_asset_time,future_unseen_asset_generalization,smart_plus_safe_operational_metadata,asset_balanced,hist_gradient_boosting,hist_gradient_boosting,model,WDC WD30EZRX,1963,0,0,623,0.15185525341469855,sufficient
v1.5.4,data/processed/reliability_v1_5_horizon_7d_lookback_7d_dataset.csv,a0635ebba0a310e9ab1cbefb28182c028e9ea6102c57f662ef310deba3414c91,combined_asset_disjoint_future_holdout,combined_asset_time,primary_combined_asset_time,future_unseen_asset_generalization,smart_plus_safe_operational_metadata,asset_balanced,hist_gradient_boosting,hist_gradient_boosting,drive_age_quartile,0,34370,12,0,1664,0.22523155607975104,sufficient
v1.5.4,data/processed/reliability_v1_5_horizon_7d_lookback_7d_dataset.csv,a0635ebba0a310e9ab1cbefb28182c028e9ea6102c57f662ef310deba3414c91,combined_asset_disjoint_future_holdout,combined_asset_time,primary_combined_asset_time,future_unseen_asset_generalization,smart_plus_safe_operational_metadata,asset_balanced,hist_gradient_boosting,hist_gradient_boosting,drive_age_quartile,1,33052,48,8,2230,0.13774470453941176,sufficient
v1.5.4,data/processed/reliability_v1_5_horizon_7d_lookback_7d_dataset.csv,a0635ebba0a310e9ab1cbefb28182c028e9ea6102c57f662ef310deba3414c91,combined_asset_disjoint_future_holdout,combined_asset_time,primary_combined_asset_time,future_unseen_asset_generalization,smart_plus_safe_operational_metadata,asset_balanced,hist_gradient_boosting,hist_gradient_boosting,drive_age_quartile,2,28643,55,4,1947,0.13774470453941176,sufficient
v1.5.4,data/processed/reliability_v1_5_horizon_7d_lookback_7d_dataset.csv,a0635ebba0a310e9ab1cbefb28182c028e9ea6102c57f662ef310deba3414c91,combined_asset_disjoint_future_holdout,combined_asset_time,primary_combined_asset_time,future_unseen_asset_generalization,smart_plus_safe_operational_metadata,asset_balanced,hist_gradient_boosting,hist_gradient_boosting,drive_age_quartile,3,32007,28,6,2234,0.14200202731347264,sufficient
v1.5.4,data/processed/reliability_v1_5_horizon_7d_lookback_7d_dataset.csv,a0635ebba0a310e9ab1cbefb28182c028e9ea6102c57f662ef310deba3414c91,combined_asset_disjoint_future_holdout,combined_asset_time,primary_combined_asset_time,future_unseen_asset_generalization,smart_plus_safe_operational_metadata,asset_balanced,hist_gradient_boosting,hist_gradient_boosting,lookback_density_quartile,0,128072,143,18,8075,0.19306400421430553,sufficient
v1.5.4,data/processed/reliability_v1_5_horizon_7d_lookback_7d_dataset.csv,a0635ebba0a310e9ab1cbefb28182c028e9ea6102c57f662ef310deba3414c91,combined_asset_disjoint_future_holdout,combined_asset_time,primary_combined_asset_time,future_unseen_asset_generalization,smart_plus_safe_operational_metadata,asset_balanced,hist_gradient_boosting,hist_gradient_boosting,capacity_quartile,0,39491,37,4,2911,0.14131300872428776,sufficient
v1.5.4,data/processed/reliability_v1_5_horizon_7d_lookback_7d_dataset.csv,a0635ebba0a310e9ab1cbefb28182c028e9ea6102c57f662ef310deba3414c91,combined_asset_disjoint_future_holdout,combined_asset_time,primary_combined_asset_time,future_unseen_asset_generalization,smart_plus_safe_operational_metadata,asset_balanced,hist_gradient_boosting,hist_gradient_boosting,capacity_quartile,1,52760,103,14,4325,0.1541808291456996,sufficient
v1.5.4,data/processed/reliability_v1_5_horizon_7d_lookback_7d_dataset.csv,a0635ebba0a310e9ab1cbefb28182c028e9ea6102c57f662ef310deba3414c91,combined_asset_disjoint_future_holdout,combined_asset_time,primary_combined_asset_time,future_unseen_asset_generalization,smart_plus_safe_operational_metadata,asset_balanced,hist_gradient_boosting,hist_gradient_boosting,capacity_quartile,2,35821,3,0,839,0.21185152324953666,sufficient
v1.5.4,data/processed/reliability_v1_5_horizon_7d_lookback_7d_dataset.csv,a0635ebba0a310e9ab1cbefb28182c028e9ea6102c57f662ef310deba3414c91,combined_asset_disjoint_future_holdout,combined_asset_time,primary_combined_asset_time,future_unseen_asset_generalization,smart_plus_safe_operational_metadata,raw_row,dummy_prior,dummy_prior,all,all,128072,143,0,127929,0.5000000000193988,sufficient
v1.5.4,data/processed/reliability_v1_5_horizon_7d_lookback_7d_dataset.csv,a0635ebba0a310e9ab1cbefb28182c028e9ea6102c57f662ef310deba3414c91,combined_asset_disjoint_future_holdout,combined_asset_time,primary_combined_asset_time,future_unseen_asset_generalization,smart_plus_safe_operational_metadata,raw_row,dummy_prior,dummy_prior,model,Hitachi HDS722020ALA330,22774,7,0,22767,0.5000000000193988,sufficient
v1.5.4,data/processed/reliability_v1_5_horizon_7d_lookback_7d_dataset.csv,a0635ebba0a310e9ab1cbefb28182c028e9ea6102c57f662ef310deba3414c91,combined_asset_disjoint_future_holdout,combined_asset_time,primary_combined_asset_time,future_unseen_asset_generalization,smart_plus_safe_operational_metadata,raw_row,dummy_prior,dummy_prior,model,ST4000DM000,22578,0,0,22578,0.5000000000193988,sufficient
v1.5.4,data/processed/reliability_v1_5_horizon_7d_lookback_7d_dataset.csv,a0635ebba0a310e9ab1cbefb28182c028e9ea6102c57f662ef310deba3414c91,combined_asset_disjoint_future_holdout,combined_asset_time,primary_combined_asset_time,future_unseen_asset_generalization,smart_plus_safe_operational_metadata,raw_row,dummy_prior,dummy_prior,model,Hitachi HDS5C3030ALA630,22464,0,0,22464,0.5000000000193988,sufficient
v1.5.4,data/processed/reliability_v1_5_horizon_7d_lookback_7d_dataset.csv,a0635ebba0a310e9ab1cbefb28182c028e9ea6102c57f662ef310deba3414c91,combined_asset_disjoint_future_holdout,combined_asset_time,primary_combined_asset_time,future_unseen_asset_generalization,smart_plus_safe_operational_metadata,raw_row,dummy_prior,dummy_prior,model,ST3000DM001,20376,96,0,20280,0.5000000000193988,sufficient
v1.5.4,data/processed/reliability_v1_5_horizon_7d_lookback_7d_dataset.csv,a0635ebba0a310e9ab1cbefb28182c028e9ea6102c57f662ef310deba3414c91,combined_asset_disjoint_future_holdout,combined_asset_time,primary_combined_asset_time,future_unseen_asset_generalization,smart_plus_safe_operational_metadata,raw_row,dummy_prior,dummy_prior,model,Hitachi HDS5C4040ALE630,11806,3,0,11803,0.5000000000193988,sufficient
v1.5.4,data/processed/reliability_v1_5_horizon_7d_lookback_7d_dataset.csv,a0635ebba0a310e9ab1cbefb28182c028e9ea6102c57f662ef310deba3414c91,combined_asset_disjoint_future_holdout,combined_asset_time,primary_combined_asset_time,future_unseen_asset_generalization,smart_plus_safe_operational_metadata,raw_row,dummy_prior,dummy_prior,model,ST31500541AS,9514,11,0,9503,0.5000000000193988,sufficient
v1.5.4,data/processed/reliability_v1_5_horizon_7d_lookback_7d_dataset.csv,a0635ebba0a310e9ab1cbefb28182c028e9ea6102c57f662ef310deba3414c91,combined_asset_disjoint_future_holdout,combined_asset_time,primary_combined_asset_time,future_unseen_asset_generalization,smart_plus_safe_operational_metadata,raw_row,dummy_prior,dummy_prior,model,Hitachi HDS723030ALA640,4872,0,0,4872,0.5000000000193988,sufficient
v1.5.4,data/processed/reliability_v1_5_horizon_7d_lookback_7d_dataset.csv,a0635ebba0a310e9ab1cbefb28182c028e9ea6102c57f662ef310deba3414c91,combined_asset_disjoint_future_holdout,combined_asset_time,primary_combined_asset_time,future_unseen_asset_generalization,smart_plus_safe_operational_metadata,raw_row,dummy_prior,dummy_prior,model,ST31500341AS,2651,7,0,2644,0.5000000000193988,sufficient
v1.5.4,data/processed/reliability_v1_5_horizon_7d_lookback_7d_dataset.csv,a0635ebba0a310e9ab1cbefb28182c028e9ea6102c57f662ef310deba3414c91,combined_asset_disjoint_future_holdout,combined_asset_time,primary_combined_asset_time,future_unseen_asset_generalization,smart_plus_safe_operational_metadata,raw_row,dummy_prior,dummy_prior,model,WDC WD10EADS,2016,0,0,2016,0.5000000000193988,sufficient
v1.5.4,data/processed/reliability_v1_5_horizon_7d_lookback_7d_dataset.csv,a0635ebba0a310e9ab1cbefb28182c028e9ea6102c57f662ef310deba3414c91,combined_asset_disjoint_future_holdout,combined_asset_time,primary_combined_asset_time,future_unseen_asset_generalization,smart_plus_safe_operational_metadata,raw_row,dummy_prior,dummy_prior,model,WDC WD30EZRX,1963,0,0,1963,0.5000000000193988,sufficient
v1.5.4,data/processed/reliability_v1_5_horizon_7d_lookback_7d_dataset.csv,a0635ebba0a310e9ab1cbefb28182c028e9ea6102c57f662ef310deba3414c91,combined_asset_disjoint_future_holdout,combined_asset_time,primary_combined_asset_time,future_unseen_asset_generalization,smart_plus_safe_operational_metadata,raw_row,dummy_prior,dummy_prior,drive_age_quartile,0,34370,12,0,34358,0.5000000000193988,sufficient
v1.5.4,data/processed/reliability_v1_5_horizon_7d_lookback_7d_dataset.csv,a0635ebba0a310e9ab1cbefb28182c028e9ea6102c57f662ef310deba3414c91,combined_asset_disjoint_future_holdout,combined_asset_time,primary_combined_asset_time,future_unseen_asset_generalization,smart_plus_safe_operational_metadata,raw_row,dummy_prior,dummy_prior,drive_age_quartile,1,33052,48,0,33004,0.5000000000193988,sufficient
v1.5.4,data/processed/reliability_v1_5_horizon_7d_lookback_7d_dataset.csv,a0635ebba0a310e9ab1cbefb28182c028e9ea6102c57f662ef310deba3414c91,combined_asset_disjoint_future_holdout,combined_asset_time,primary_combined_asset_time,future_unseen_asset_generalization,smart_plus_safe_operational_metadata,raw_row,dummy_prior,dummy_prior,drive_age_quartile,2,28643,55,0,28588,0.5000000000193988,sufficient
v1.5.4,data/processed/reliability_v1_5_horizon_7d_lookback_7d_dataset.csv,a0635ebba0a310e9ab1cbefb28182c028e9ea6102c57f662ef310deba3414c91,combined_asset_disjoint_future_holdout,combined_asset_time,primary_combined_asset_time,future_unseen_asset_generalization,smart_plus_safe_operational_metadata,raw_row,dummy_prior,dummy_prior,drive_age_quartile,3,32007,28,0,31979,0.5000000000193988,sufficient
v1.5.4,data/processed/reliability_v1_5_horizon_7d_lookback_7d_dataset.csv,a0635ebba0a310e9ab1cbefb28182c028e9ea6102c57f662ef310deba3414c91,combined_asset_disjoint_future_holdout,combined_asset_time,primary_combined_asset_time,future_unseen_asset_generalization,smart_plus_safe_operational_metadata,raw_row,dummy_prior,dummy_prior,lookback_density_quartile,0,128072,143,0,127929,0.5000000000193988,sufficient
v1.5.4,data/processed/reliability_v1_5_horizon_7d_lookback_7d_dataset.csv,a0635ebba0a310e9ab1cbefb28182c028e9ea6102c57f662ef310deba3414c91,combined_asset_disjoint_future_holdout,combined_asset_time,primary_combined_asset_time,future_unseen_asset_generalization,smart_plus_safe_operational_metadata,raw_row,dummy_prior,dummy_prior,capacity_quartile,0,39491,37,0,39454,0.5000000000193988,sufficient
v1.5.4,data/processed/reliability_v1_5_horizon_7d_lookback_7d_dataset.csv,a0635ebba0a310e9ab1cbefb28182c028e9ea6102c57f662ef310deba3414c91,combined_asset_disjoint_future_holdout,combined_asset_time,primary_combined_asset_time,future_unseen_asset_generalization,smart_plus_safe_operational_metadata,raw_row,dummy_prior,dummy_prior,capacity_quartile,1,52760,103,0,52657,0.5000000000193988,sufficient
v1.5.4,data/processed/reliability_v1_5_horizon_7d_lookback_7d_dataset.csv,a0635ebba0a310e9ab1cbefb28182c028e9ea6102c57f662ef310deba3414c91,combined_asset_disjoint_future_holdout,combined_asset_time,primary_combined_asset_time,future_unseen_asset_generalization,smart_plus_safe_operational_metadata,raw_row,dummy_prior,dummy_prior,capacity_quartile,2,35821,3,0,35818,0.5000000000193988,sufficient
v1.5.4,data/processed/reliability_v1_5_horizon_7d_lookback_7d_dataset.csv,a0635ebba0a310e9ab1cbefb28182c028e9ea6102c57f662ef310deba3414c91,combined_asset_disjoint_future_holdout,combined_asset_time,primary_combined_asset_time,future_unseen_asset_generalization,smart_plus_safe_operational_metadata,raw_row,logistic_regression,logistic_regression,all,all,128072,143,27,21251,0.2776644229659244,sufficient
v1.5.4,data/processed/reliability_v1_5_horizon_7d_lookback_7d_dataset.csv,a0635ebba0a310e9ab1cbefb28182c028e9ea6102c57f662ef310deba3414c91,combined_asset_disjoint_future_holdout,combined_asset_time,primary_combined_asset_time,future_unseen_asset_generalization,smart_plus_safe_operational_metadata,raw_row,logistic_regression,logistic_regression,model,Hitachi HDS722020ALA330,22774,7,7,0,0.10932602543605395,sufficient
v1.5.4,data/processed/reliability_v1_5_horizon_7d_lookback_7d_dataset.csv,a0635ebba0a310e9ab1cbefb28182c028e9ea6102c57f662ef310deba3414c91,combined_asset_disjoint_future_holdout,combined_asset_time,primary_combined_asset_time,future_unseen_asset_generalization,smart_plus_safe_operational_metadata,raw_row,logistic_regression,logistic_regression,model,ST4000DM000,22578,0,0,3501,0.40725274931099076,sufficient
v1.5.4,data/processed/reliability_v1_5_horizon_7d_lookback_7d_dataset.csv,a0635ebba0a310e9ab1cbefb28182c028e9ea6102c57f662ef310deba3414c91,combined_asset_disjoint_future_holdout,combined_asset_time,primary_combined_asset_time,future_unseen_asset_generalization,smart_plus_safe_operational_metadata,raw_row,logistic_regression,logistic_regression,model,Hitachi HDS5C3030ALA630,22464,0,0,0,0.07968401708862044,sufficient
v1.5.4,data/processed/reliability_v1_5_horizon_7d_lookback_7d_dataset.csv,a0635ebba0a310e9ab1cbefb28182c028e9ea6102c57f662ef310deba3414c91,combined_asset_disjoint_future_holdout,combined_asset_time,primary_combined_asset_time,future_unseen_asset_generalization,smart_plus_safe_operational_metadata,raw_row,logistic_regression,logistic_regression,model,ST3000DM001,20376,96,13,6007,0.4624346976405435,sufficient
v1.5.4,data/processed/reliability_v1_5_horizon_7d_lookback_7d_dataset.csv,a0635ebba0a310e9ab1cbefb28182c028e9ea6102c57f662ef310deba3414c91,combined_asset_disjoint_future_holdout,combined_asset_time,primary_combined_asset_time,future_unseen_asset_generalization,smart_plus_safe_operational_metadata,raw_row,logistic_regression,logistic_regression,model,Hitachi HDS5C4040ALE630,11806,3,0,0,0.2066075809042654,sufficient
v1.5.4,data/processed/reliability_v1_5_horizon_7d_lookback_7d_dataset.csv,a0635ebba0a310e9ab1cbefb28182c028e9ea6102c57f662ef310deba3414c91,combined_asset_disjoint_future_holdout,combined_asset_time,primary_combined_asset_time,future_unseen_asset_generalization,smart_plus_safe_operational_metadata,raw_row,logistic_regression,logistic_regression,model,ST31500541AS,9514,11,0,7128,0.53670794392105,sufficient
v1.5.4,data/processed/reliability_v1_5_horizon_7d_lookback_7d_dataset.csv,a0635ebba0a310e9ab1cbefb28182c028e9ea6102c57f662ef310deba3414c91,combined_asset_disjoint_future_holdout,combined_asset_time,primary_combined_asset_time,future_unseen_asset_generalization,smart_plus_safe_operational_metadata,raw_row,logistic_regression,logistic_regression,model,Hitachi HDS723030ALA640,4872,0,0,0,0.1106404557746668,sufficient
v1.5.4,data/processed/reliability_v1_5_horizon_7d_lookback_7d_dataset.csv,a0635ebba0a310e9ab1cbefb28182c028e9ea6102c57f662ef310deba3414c91,combined_asset_disjoint_future_holdout,combined_asset_time,primary_combined_asset_time,future_unseen_asset_generalization,smart_plus_safe_operational_metadata,raw_row,logistic_regression,logistic_regression,model,ST31500341AS,2651,7,0,2644,0.7036713066876231,sufficient
v1.5.4,data/processed/reliability_v1_5_horizon_7d_lookback_7d_dataset.csv,a0635ebba0a310e9ab1cbefb28182c028e9ea6102c57f662ef310deba3414c91,combined_asset_disjoint_future_holdout,combined_asset_time,primary_combined_asset_time,future_unseen_asset_generalization,smart_plus_safe_operational_metadata,raw_row,logistic_regression,logistic_regression,model,WDC WD10EADS,2016,0,0,123,0.38457644227611154,sufficient
v1.5.4,data/processed/reliability_v1_5_horizon_7d_lookback_7d_dataset.csv,a0635ebba0a310e9ab1cbefb28182c028e9ea6102c57f662ef310deba3414c91,combined_asset_disjoint_future_holdout,combined_asset_time,primary_combined_asset_time,future_unseen_asset_generalization,smart_plus_safe_operational_metadata,raw_row,logistic_regression,logistic_regression,model,WDC WD30EZRX,1963,0,0,180,0.44119044372877886,sufficient
v1.5.4,data/processed/reliability_v1_5_horizon_7d_lookback_7d_dataset.csv,a0635ebba0a310e9ab1cbefb28182c028e9ea6102c57f662ef310deba3414c91,combined_asset_disjoint_future_holdout,combined_asset_time,primary_combined_asset_time,future_unseen_asset_generalization,smart_plus_safe_operational_metadata,raw_row,logistic_regression,logistic_regression,drive_age_quartile,0,34370,12,1,5274,0.3860607537939628,sufficient
v1.5.4,data/processed/reliability_v1_5_horizon_7d_lookback_7d_dataset.csv,a0635ebba0a310e9ab1cbefb28182c028e9ea6102c57f662ef310deba3414c91,combined_asset_disjoint_future_holdout,combined_asset_time,primary_combined_asset_time,future_unseen_asset_generalization,smart_plus_safe_operational_metadata,raw_row,logistic_regression,logistic_regression,drive_age_quartile,1,33052,48,10,5593,0.15495615749791922,sufficient
v1.5.4,data/processed/reliability_v1_5_horizon_7d_lookback_7d_dataset.csv,a0635ebba0a310e9ab1cbefb28182c028e9ea6102c57f662ef310deba3414c91,combined_asset_disjoint_future_holdout,combined_asset_time,primary_combined_asset_time,future_unseen_asset_generalization,smart_plus_safe_operational_metadata,raw_row,logistic_regression,logistic_regression,drive_age_quartile,2,28643,55,10,5520,0.17191037184894056,sufficient
v1.5.4,data/processed/reliability_v1_5_horizon_7d_lookback_7d_dataset.csv,a0635ebba0a310e9ab1cbefb28182c028e9ea6102c57f662ef310deba3414c91,combined_asset_disjoint_future_holdout,combined_asset_time,primary_combined_asset_time,future_unseen_asset_generalization,smart_plus_safe_operational_metadata,raw_row,logistic_regression,logistic_regression,drive_age_quartile,3,32007,28,6,4864,0.14644787564972567,sufficient
v1.5.4,data/processed/reliability_v1_5_horizon_7d_lookback_7d_dataset.csv,a0635ebba0a310e9ab1cbefb28182c028e9ea6102c57f662ef310deba3414c91,combined_asset_disjoint_future_holdout,combined_asset_time,primary_combined_asset_time,future_unseen_asset_generalization,smart_plus_safe_operational_metadata,raw_row,logistic_regression,logistic_regression,lookback_density_quartile,0,128072,143,27,21251,0.2776644229659244,sufficient
v1.5.4,data/processed/reliability_v1_5_horizon_7d_lookback_7d_dataset.csv,a0635ebba0a310e9ab1cbefb28182c028e9ea6102c57f662ef310deba3414c91,combined_asset_disjoint_future_holdout,combined_asset_time,primary_combined_asset_time,future_unseen_asset_generalization,smart_plus_safe_operational_metadata,raw_row,logistic_regression,logistic_regression,capacity_quartile,0,39491,37,11,10912,0.13876732539493788,sufficient
v1.5.4,data/processed/reliability_v1_5_horizon_7d_lookback_7d_dataset.csv,a0635ebba0a310e9ab1cbefb28182c028e9ea6102c57f662ef310deba3414c91,combined_asset_disjoint_future_holdout,combined_asset_time,primary_combined_asset_time,future_unseen_asset_generalization,smart_plus_safe_operational_metadata,raw_row,logistic_regression,logistic_regression,capacity_quartile,1,52760,103,16,6838,0.14391559995040137,sufficient
v1.5.4,data/processed/reliability_v1_5_horizon_7d_lookback_7d_dataset.csv,a0635ebba0a310e9ab1cbefb28182c028e9ea6102c57f662ef310deba3414c91,combined_asset_disjoint_future_holdout,combined_asset_time,primary_combined_asset_time,future_unseen_asset_generalization,smart_plus_safe_operational_metadata,raw_row,logistic_regression,logistic_regression,capacity_quartile,2,35821,3,0,3501,0.35472493432380126,sufficient
v1.5.4,data/processed/reliability_v1_5_horizon_7d_lookback_7d_dataset.csv,a0635ebba0a310e9ab1cbefb28182c028e9ea6102c57f662ef310deba3414c91,combined_asset_disjoint_future_holdout,combined_asset_time,primary_combined_asset_time,future_unseen_asset_generalization,smart_plus_safe_operational_metadata,raw_row,random_forest,random_forest,all,all,128072,143,22,6415,0.1468460520812241,sufficient
v1.5.4,data/processed/reliability_v1_5_horizon_7d_lookback_7d_dataset.csv,a0635ebba0a310e9ab1cbefb28182c028e9ea6102c57f662ef310deba3414c91,combined_asset_disjoint_future_holdout,combined_asset_time,primary_combined_asset_time,future_unseen_asset_generalization,smart_plus_safe_operational_metadata,raw_row,random_forest,random_forest,model,Hitachi HDS722020ALA330,22774,7,0,43,0.01588867776982005,sufficient
v1.5.4,data/processed/reliability_v1_5_horizon_7d_lookback_7d_dataset.csv,a0635ebba0a310e9ab1cbefb28182c028e9ea6102c57f662ef310deba3414c91,combined_asset_disjoint_future_holdout,combined_asset_time,primary_combined_asset_time,future_unseen_asset_generalization,smart_plus_safe_operational_metadata,raw_row,random_forest,random_forest,model,ST4000DM000,22578,0,0,679,0.34345239898228413,sufficient
v1.5.4,data/processed/reliability_v1_5_horizon_7d_lookback_7d_dataset.csv,a0635ebba0a310e9ab1cbefb28182c028e9ea6102c57f662ef310deba3414c91,combined_asset_disjoint_future_holdout,combined_asset_time,primary_combined_asset_time,future_unseen_asset_generalization,smart_plus_safe_operational_metadata,raw_row,random_forest,random_forest,model,Hitachi HDS5C3030ALA630,22464,0,0,67,0.014195130082663562,sufficient
v1.5.4,data/processed/reliability_v1_5_horizon_7d_lookback_7d_dataset.csv,a0635ebba0a310e9ab1cbefb28182c028e9ea6102c57f662ef310deba3414c91,combined_asset_disjoint_future_holdout,combined_asset_time,primary_combined_asset_time,future_unseen_asset_generalization,smart_plus_safe_operational_metadata,raw_row,random_forest,random_forest,model,ST3000DM001,20376,96,11,3632,0.39558418130120665,sufficient
v1.5.4,data/processed/reliability_v1_5_horizon_7d_lookback_7d_dataset.csv,a0635ebba0a310e9ab1cbefb28182c028e9ea6102c57f662ef310deba3414c91,combined_asset_disjoint_future_holdout,combined_asset_time,primary_combined_asset_time,future_unseen_asset_generalization,smart_plus_safe_operational_metadata,raw_row,random_forest,random_forest,model,Hitachi HDS5C4040ALE630,11806,3,0,18,0.056657312488303156,sufficient
v1.5.4,data/processed/reliability_v1_5_horizon_7d_lookback_7d_dataset.csv,a0635ebba0a310e9ab1cbefb28182c028e9ea6102c57f662ef310deba3414c91,combined_asset_disjoint_future_holdout,combined_asset_time,primary_combined_asset_time,future_unseen_asset_generalization,smart_plus_safe_operational_metadata,raw_row,random_forest,random_forest,model,ST31500541AS,9514,11,2,514,0.327381338733134,sufficient
v1.5.4,data/processed/reliability_v1_5_horizon_7d_lookback_7d_dataset.csv,a0635ebba0a310e9ab1cbefb28182c028e9ea6102c57f662ef310deba3414c91,combined_asset_disjoint_future_holdout,combined_asset_time,primary_combined_asset_time,future_unseen_asset_generalization,smart_plus_safe_operational_metadata,raw_row,random_forest,random_forest,model,Hitachi HDS723030ALA640,4872,0,0,36,0.024084434485062946,sufficient
v1.5.4,data/processed/reliability_v1_5_horizon_7d_lookback_7d_dataset.csv,a0635ebba0a310e9ab1cbefb28182c028e9ea6102c57f662ef310deba3414c91,combined_asset_disjoint_future_holdout,combined_asset_time,primary_combined_asset_time,future_unseen_asset_generalization,smart_plus_safe_operational_metadata,raw_row,random_forest,random_forest,model,ST31500341AS,2651,7,0,581,0.36332785287306996,sufficient
v1.5.4,data/processed/reliability_v1_5_horizon_7d_lookback_7d_dataset.csv,a0635ebba0a310e9ab1cbefb28182c028e9ea6102c57f662ef310deba3414c91,combined_asset_disjoint_future_holdout,combined_asset_time,primary_combined_asset_time,future_unseen_asset_generalization,smart_plus_safe_operational_metadata,raw_row,random_forest,random_forest,model,WDC WD10EADS,2016,0,0,1,0.04089985786455253,sufficient
v1.5.4,data/processed/reliability_v1_5_horizon_7d_lookback_7d_dataset.csv,a0635ebba0a310e9ab1cbefb28182c028e9ea6102c57f662ef310deba3414c91,combined_asset_disjoint_future_holdout,combined_asset_time,primary_combined_asset_time,future_unseen_asset_generalization,smart_plus_safe_operational_metadata,raw_row,random_forest,random_forest,model,WDC WD30EZRX,1963,0,0,316,0.11559660768057727,sufficient
v1.5.4,data/processed/reliability_v1_5_horizon_7d_lookback_7d_dataset.csv,a0635ebba0a310e9ab1cbefb28182c028e9ea6102c57f662ef310deba3414c91,combined_asset_disjoint_future_holdout,combined_asset_time,primary_combined_asset_time,future_unseen_asset_generalization,smart_plus_safe_operational_metadata,raw_row,random_forest,random_forest,drive_age_quartile,0,34370,12,1,1175,0.33595725570491336,sufficient
v1.5.4,data/processed/reliability_v1_5_horizon_7d_lookback_7d_dataset.csv,a0635ebba0a310e9ab1cbefb28182c028e9ea6102c57f662ef310deba3414c91,combined_asset_disjoint_future_holdout,combined_asset_time,primary_combined_asset_time,future_unseen_asset_generalization,smart_plus_safe_operational_metadata,raw_row,random_forest,random_forest,drive_age_quartile,1,33052,48,9,1651,0.03987957168831076,sufficient
v1.5.4,data/processed/reliability_v1_5_horizon_7d_lookback_7d_dataset.csv,a0635ebba0a310e9ab1cbefb28182c028e9ea6102c57f662ef310deba3414c91,combined_asset_disjoint_future_holdout,combined_asset_time,primary_combined_asset_time,future_unseen_asset_generalization,smart_plus_safe_operational_metadata,raw_row,random_forest,random_forest,drive_age_quartile,2,28643,55,4,1571,0.05234819738010276,sufficient
v1.5.4,data/processed/reliability_v1_5_horizon_7d_lookback_7d_dataset.csv,a0635ebba0a310e9ab1cbefb28182c028e9ea6102c57f662ef310deba3414c91,combined_asset_disjoint_future_holdout,combined_asset_time,primary_combined_asset_time,future_unseen_asset_generalization,smart_plus_safe_operational_metadata,raw_row,random_forest,random_forest,drive_age_quartile,3,32007,28,8,2018,0.04865039673513894,sufficient
v1.5.4,data/processed/reliability_v1_5_horizon_7d_lookback_7d_dataset.csv,a0635ebba0a310e9ab1cbefb28182c028e9ea6102c57f662ef310deba3414c91,combined_asset_disjoint_future_holdout,combined_asset_time,primary_combined_asset_time,future_unseen_asset_generalization,smart_plus_safe_operational_metadata,raw_row,random_forest,random_forest,lookback_density_quartile,0,128072,143,22,6415,0.1468460520812241,sufficient
v1.5.4,data/processed/reliability_v1_5_horizon_7d_lookback_7d_dataset.csv,a0635ebba0a310e9ab1cbefb28182c028e9ea6102c57f662ef310deba3414c91,combined_asset_disjoint_future_holdout,combined_asset_time,primary_combined_asset_time,future_unseen_asset_generalization,smart_plus_safe_operational_metadata,raw_row,random_forest,random_forest,capacity_quartile,0,39491,37,6,1473,0.04054987413046476,sufficient
v1.5.4,data/processed/reliability_v1_5_horizon_7d_lookback_7d_dataset.csv,a0635ebba0a310e9ab1cbefb28182c028e9ea6102c57f662ef310deba3414c91,combined_asset_disjoint_future_holdout,combined_asset_time,primary_combined_asset_time,future_unseen_asset_generalization,smart_plus_safe_operational_metadata,raw_row,random_forest,random_forest,capacity_quartile,1,52760,103,16,4240,0.09401436117782953,sufficient
v1.5.4,data/processed/reliability_v1_5_horizon_7d_lookback_7d_dataset.csv,a0635ebba0a310e9ab1cbefb28182c028e9ea6102c57f662ef310deba3414c91,combined_asset_disjoint_future_holdout,combined_asset_time,primary_combined_asset_time,future_unseen_asset_generalization,smart_plus_safe_operational_metadata,raw_row,random_forest,random_forest,capacity_quartile,2,35821,3,0,702,0.3330176888973903,sufficient
v1.5.4,data/processed/reliability_v1_5_horizon_7d_lookback_7d_dataset.csv,a0635ebba0a310e9ab1cbefb28182c028e9ea6102c57f662ef310deba3414c91,combined_asset_disjoint_future_holdout,combined_asset_time,primary_combined_asset_time,future_unseen_asset_generalization,smart_plus_safe_operational_metadata,raw_row,hist_gradient_boosting,hist_gradient_boosting,all,all,128072,143,21,10320,0.29486899200431843,sufficient
v1.5.4,data/processed/reliability_v1_5_horizon_7d_lookback_7d_dataset.csv,a0635ebba0a310e9ab1cbefb28182c028e9ea6102c57f662ef310deba3414c91,combined_asset_disjoint_future_holdout,combined_asset_time,primary_combined_asset_time,future_unseen_asset_generalization,smart_plus_safe_operational_metadata,raw_row,hist_gradient_boosting,hist_gradient_boosting,model,Hitachi HDS722020ALA330,22774,7,0,456,0.11940573516791703,sufficient
v1.5.4,data/processed/reliability_v1_5_horizon_7d_lookback_7d_dataset.csv,a0635ebba0a310e9ab1cbefb28182c028e9ea6102c57f662ef310deba3414c91,combined_asset_disjoint_future_holdout,combined_asset_time,primary_combined_asset_time,future_unseen_asset_generalization,smart_plus_safe_operational_metadata,raw_row,hist_gradient_boosting,hist_gradient_boosting,model,ST4000DM000,22578,0,0,1761,0.359281486683232,sufficient
v1.5.4,data/processed/reliability_v1_5_horizon_7d_lookback_7d_dataset.csv,a0635ebba0a310e9ab1cbefb28182c028e9ea6102c57f662ef310deba3414c91,combined_asset_disjoint_future_holdout,combined_asset_time,primary_combined_asset_time,future_unseen_asset_generalization,smart_plus_safe_operational_metadata,raw_row,hist_gradient_boosting,hist_gradient_boosting,model,Hitachi HDS5C3030ALA630,22464,0,0,544,0.11940573516791703,sufficient
v1.5.4,data/processed/reliability_v1_5_horizon_7d_lookback_7d_dataset.csv,a0635ebba0a310e9ab1cbefb28182c028e9ea6102c57f662ef310deba3414c91,combined_asset_disjoint_future_holdout,combined_asset_time,primary_combined_asset_time,future_unseen_asset_generalization,smart_plus_safe_operational_metadata,raw_row,hist_gradient_boosting,hist_gradient_boosting,model,ST3000DM001,20376,96,11,3589,0.38784999897313166,sufficient
v1.5.4,data/processed/reliability_v1_5_horizon_7d_lookback_7d_dataset.csv,a0635ebba0a310e9ab1cbefb28182c028e9ea6102c57f662ef310deba3414c91,combined_asset_disjoint_future_holdout,combined_asset_time,primary_combined_asset_time,future_unseen_asset_generalization,smart_plus_safe_operational_metadata,raw_row,hist_gradient_boosting,hist_gradient_boosting,model,Hitachi HDS5C4040ALE630,11806,3,0,87,0.13626914450007932,sufficient
v1.5.4,data/processed/reliability_v1_5_horizon_7d_lookback_7d_dataset.csv,a0635ebba0a310e9ab1cbefb28182c028e9ea6102c57f662ef310deba3414c91,combined_asset_disjoint_future_holdout,combined_asset_time,primary_combined_asset_time,future_unseen_asset_generalization,smart_plus_safe_operational_metadata,raw_row,hist_gradient_boosting,hist_gradient_boosting,model,ST31500541AS,9514,11,1,978,0.3278042765889958,sufficient
v1.5.4,data/processed/reliability_v1_5_horizon_7d_lookback_7d_dataset.csv,a0635ebba0a310e9ab1cbefb28182c028e9ea6102c57f662ef310deba3414c91,combined_asset_disjoint_future_holdout,combined_asset_time,primary_combined_asset_time,future_unseen_asset_generalization,smart_plus_safe_operational_metadata,raw_row,hist_gradient_boosting,hist_gradient_boosting,model,Hitachi HDS723030ALA640,4872,0,0,339,0.11940573516791703,sufficient
v1.5.4,data/processed/reliability_v1_5_horizon_7d_lookback_7d_dataset.csv,a0635ebba0a310e9ab1cbefb28182c028e9ea6102c57f662ef310deba3414c91,combined_asset_disjoint_future_holdout,combined_asset_time,primary_combined_asset_time,future_unseen_asset_generalization,smart_plus_safe_operational_metadata,raw_row,hist_gradient_boosting,hist_gradient_boosting,model,ST31500341AS,2651,7,0,981,0.4251178146045207,sufficient
v1.5.4,data/processed/reliability_v1_5_horizon_7d_lookback_7d_dataset.csv,a0635ebba0a310e9ab1cbefb28182c028e9ea6102c57f662ef310deba3414c91,combined_asset_disjoint_future_holdout,combined_asset_time,primary_combined_asset_time,future_unseen_asset_generalization,smart_plus_safe_operational_metadata,raw_row,hist_gradient_boosting,hist_gradient_boosting,model,WDC WD10EADS,2016,0,0,96,0.1416816480051499,sufficient
v1.5.4,data/processed/reliability_v1_5_horizon_7d_lookback_7d_dataset.csv,a0635ebba0a310e9ab1cbefb28182c028e9ea6102c57f662ef310deba3414c91,combined_asset_disjoint_future_holdout,combined_asset_time,primary_combined_asset_time,future_unseen_asset_generalization,smart_plus_safe_operational_metadata,raw_row,hist_gradient_boosting,hist_gradient_boosting,model,WDC WD30EZRX,1963,0,0,623,0.15344958142080412,sufficient
v1.5.4,data/processed/reliability_v1_5_horizon_7d_lookback_7d_dataset.csv,a0635ebba0a310e9ab1cbefb28182c028e9ea6102c57f662ef310deba3414c91,combined_asset_disjoint_future_holdout,combined_asset_time,primary_combined_asset_time,future_unseen_asset_generalization,smart_plus_safe_operational_metadata,raw_row,hist_gradient_boosting,hist_gradient_boosting,drive_age_quartile,0,34370,12,1,2594,0.35410250837415674,sufficient
v1.5.4,data/processed/reliability_v1_5_horizon_7d_lookback_7d_dataset.csv,a0635ebba0a310e9ab1cbefb28182c028e9ea6102c57f662ef310deba3414c91,combined_asset_disjoint_future_holdout,combined_asset_time,primary_combined_asset_time,future_unseen_asset_generalization,smart_plus_safe_operational_metadata,raw_row,hist_gradient_boosting,hist_gradient_boosting,drive_age_quartile,1,33052,48,8,2372,0.14795991853115045,sufficient
v1.5.4,data/processed/reliability_v1_5_horizon_7d_lookback_7d_dataset.csv,a0635ebba0a310e9ab1cbefb28182c028e9ea6102c57f662ef310deba3414c91,combined_asset_disjoint_future_holdout,combined_asset_time,primary_combined_asset_time,future_unseen_asset_generalization,smart_plus_safe_operational_metadata,raw_row,hist_gradient_boosting,hist_gradient_boosting,drive_age_quartile,2,28643,55,4,2360,0.14795991853115045,sufficient
v1.5.4,data/processed/reliability_v1_5_horizon_7d_lookback_7d_dataset.csv,a0635ebba0a310e9ab1cbefb28182c028e9ea6102c57f662ef310deba3414c91,combined_asset_disjoint_future_holdout,combined_asset_time,primary_combined_asset_time,future_unseen_asset_generalization,smart_plus_safe_operational_metadata,raw_row,hist_gradient_boosting,hist_gradient_boosting,drive_age_quartile,3,32007,28,8,2994,0.1690543684618592,sufficient
v1.5.4,data/processed/reliability_v1_5_horizon_7d_lookback_7d_dataset.csv,a0635ebba0a310e9ab1cbefb28182c028e9ea6102c57f662ef310deba3414c91,combined_asset_disjoint_future_holdout,combined_asset_time,primary_combined_asset_time,future_unseen_asset_generalization,smart_plus_safe_operational_metadata,raw_row,hist_gradient_boosting,hist_gradient_boosting,lookback_density_quartile,0,128072,143,21,10320,0.29486899200431843,sufficient
v1.5.4,data/processed/reliability_v1_5_horizon_7d_lookback_7d_dataset.csv,a0635ebba0a310e9ab1cbefb28182c028e9ea6102c57f662ef310deba3414c91,combined_asset_disjoint_future_holdout,combined_asset_time,primary_combined_asset_time,future_unseen_asset_generalization,smart_plus_safe_operational_metadata,raw_row,hist_gradient_boosting,hist_gradient_boosting,capacity_quartile,0,39491,37,5,2969,0.14170399755815746,sufficient
v1.5.4,data/processed/reliability_v1_5_horizon_7d_lookback_7d_dataset.csv,a0635ebba0a310e9ab1cbefb28182c028e9ea6102c57f662ef310deba3414c91,combined_asset_disjoint_future_holdout,combined_asset_time,primary_combined_asset_time,future_unseen_asset_generalization,smart_plus_safe_operational_metadata,raw_row,hist_gradient_boosting,hist_gradient_boosting,capacity_quartile,1,52760,103,16,5392,0.1821419260920543,sufficient
v1.5.4,data/processed/reliability_v1_5_horizon_7d_lookback_7d_dataset.csv,a0635ebba0a310e9ab1cbefb28182c028e9ea6102c57f662ef310deba3414c91,combined_asset_disjoint_future_holdout,combined_asset_time,primary_combined_asset_time,future_unseen_asset_generalization,smart_plus_safe_operational_metadata,raw_row,hist_gradient_boosting,hist_gradient_boosting,capacity_quartile,2,35821,3,0,1959,0.3480585847861044,sufficient
v1.5.4,data/processed/reliability_v1_5_horizon_7d_lookback_7d_dataset.csv,a0635ebba0a310e9ab1cbefb28182c028e9ea6102c57f662ef310deba3414c91,stratified_random_row_reference_80_20,random_row_reference,optimistic_random_reference,optimistic_reference_only,smart_only_conservative,asset_balanced,dummy_prior,dummy_prior,all,all,978497,959,0,977538,0.8012320033973271,sufficient
v1.5.4,data/processed/reliability_v1_5_horizon_7d_lookback_7d_dataset.csv,a0635ebba0a310e9ab1cbefb28182c028e9ea6102c57f662ef310deba3414c91,stratified_random_row_reference_80_20,random_row_reference,optimistic_random_reference,optimistic_reference_only,smart_only_conservative,asset_balanced,dummy_prior,dummy_prior,model,Hitachi HDS722020ALA330,191872,38,0,191834,0.8012320033973271,sufficient
v1.5.4,data/processed/reliability_v1_5_horizon_7d_lookback_7d_dataset.csv,a0635ebba0a310e9ab1cbefb28182c028e9ea6102c57f662ef310deba3414c91,stratified_random_row_reference_80_20,random_row_reference,optimistic_random_reference,optimistic_reference_only,smart_only_conservative,asset_balanced,dummy_prior,dummy_prior,model,Hitachi HDS5C3030ALA630,186318,45,0,186273,0.8012320033973271,sufficient
v1.5.4,data/processed/reliability_v1_5_horizon_7d_lookback_7d_dataset.csv,a0635ebba0a310e9ab1cbefb28182c028e9ea6102c57f662ef310deba3414c91,stratified_random_row_reference_80_20,random_row_reference,optimistic_random_reference,optimistic_reference_only,smart_only_conservative,asset_balanced,dummy_prior,dummy_prior,model,ST3000DM001,181509,337,0,181172,0.8012320033973271,sufficient
v1.5.4,data/processed/reliability_v1_5_horizon_7d_lookback_7d_dataset.csv,a0635ebba0a310e9ab1cbefb28182c028e9ea6102c57f662ef310deba3414c91,stratified_random_row_reference_80_20,random_row_reference,optimistic_random_reference,optimistic_reference_only,smart_only_conservative,asset_balanced,dummy_prior,dummy_prior,model,Hitachi HDS5C4040ALE630,98022,24,0,97998,0.8012320033973271,sufficient
v1.5.4,data/processed/reliability_v1_5_horizon_7d_lookback_7d_dataset.csv,a0635ebba0a310e9ab1cbefb28182c028e9ea6102c57f662ef310deba3414c91,stratified_random_row_reference_80_20,random_row_reference,optimistic_random_reference,optimistic_reference_only,smart_only_conservative,asset_balanced,dummy_prior,dummy_prior,model,ST31500541AS,82036,154,0,81882,0.8012320033973271,sufficient
v1.5.4,data/processed/reliability_v1_5_horizon_7d_lookback_7d_dataset.csv,a0635ebba0a310e9ab1cbefb28182c028e9ea6102c57f662ef310deba3414c91,stratified_random_row_reference_80_20,random_row_reference,optimistic_random_reference,optimistic_reference_only,smart_only_conservative,asset_balanced,dummy_prior,dummy_prior,model,ST4000DM000,76487,74,0,76413,0.8012320033973271,sufficient
v1.5.4,data/processed/reliability_v1_5_horizon_7d_lookback_7d_dataset.csv,a0635ebba0a310e9ab1cbefb28182c028e9ea6102c57f662ef310deba3414c91,stratified_random_row_reference_80_20,random_row_reference,optimistic_random_reference,optimistic_reference_only,smart_only_conservative,asset_balanced,dummy_prior,dummy_prior,model,Hitachi HDS723030ALA640,41452,8,0,41444,0.8012320033973271,sufficient
v1.5.4,data/processed/reliability_v1_5_horizon_7d_lookback_7d_dataset.csv,a0635ebba0a310e9ab1cbefb28182c028e9ea6102c57f662ef310deba3414c91,stratified_random_row_reference_80_20,random_row_reference,optimistic_random_reference,optimistic_reference_only,smart_only_conservative,asset_balanced,dummy_prior,dummy_prior,model,ST31500341AS,27445,117,0,27328,0.8012320033973271,sufficient
v1.5.4,data/processed/reliability_v1_5_horizon_7d_lookback_7d_dataset.csv,a0635ebba0a310e9ab1cbefb28182c028e9ea6102c57f662ef310deba3414c91,stratified_random_row_reference_80_20,random_row_reference,optimistic_random_reference,optimistic_reference_only,smart_only_conservative,asset_balanced,dummy_prior,dummy_prior,model,WDC WD10EADS,19864,16,0,19848,0.8012320033973271,sufficient
v1.5.4,data/processed/reliability_v1_5_horizon_7d_lookback_7d_dataset.csv,a0635ebba0a310e9ab1cbefb28182c028e9ea6102c57f662ef310deba3414c91,stratified_random_row_reference_80_20,random_row_reference,optimistic_random_reference,optimistic_reference_only,smart_only_conservative,asset_balanced,dummy_prior,dummy_prior,model,WDC WD30EZRX,18960,17,0,18943,0.8012320033973271,sufficient
v1.5.4,data/processed/reliability_v1_5_horizon_7d_lookback_7d_dataset.csv,a0635ebba0a310e9ab1cbefb28182c028e9ea6102c57f662ef310deba3414c91,stratified_random_row_reference_80_20,random_row_reference,optimistic_random_reference,optimistic_reference_only,smart_only_conservative,asset_balanced,dummy_prior,dummy_prior,drive_age_quartile,0,246166,248,0,245918,0.8012320033973271,sufficient
v1.5.4,data/processed/reliability_v1_5_horizon_7d_lookback_7d_dataset.csv,a0635ebba0a310e9ab1cbefb28182c028e9ea6102c57f662ef310deba3414c91,stratified_random_row_reference_80_20,random_row_reference,optimistic_random_reference,optimistic_reference_only,smart_only_conservative,asset_balanced,dummy_prior,dummy_prior,drive_age_quartile,1,246341,228,0,246113,0.8012320033973271,sufficient
v1.5.4,data/processed/reliability_v1_5_horizon_7d_lookback_7d_dataset.csv,a0635ebba0a310e9ab1cbefb28182c028e9ea6102c57f662ef310deba3414c91,stratified_random_row_reference_80_20,random_row_reference,optimistic_random_reference,optimistic_reference_only,smart_only_conservative,asset_balanced,dummy_prior,dummy_prior,drive_age_quartile,2,242385,156,0,242229,0.8012320033973271,sufficient
v1.5.4,data/processed/reliability_v1_5_horizon_7d_lookback_7d_dataset.csv,a0635ebba0a310e9ab1cbefb28182c028e9ea6102c57f662ef310deba3414c91,stratified_random_row_reference_80_20,random_row_reference,optimistic_random_reference,optimistic_reference_only,smart_only_conservative,asset_balanced,dummy_prior,dummy_prior,drive_age_quartile,3,243605,327,0,243278,0.8012320033973271,sufficient
v1.5.4,data/processed/reliability_v1_5_horizon_7d_lookback_7d_dataset.csv,a0635ebba0a310e9ab1cbefb28182c028e9ea6102c57f662ef310deba3414c91,stratified_random_row_reference_80_20,random_row_reference,optimistic_random_reference,optimistic_reference_only,smart_only_conservative,asset_balanced,dummy_prior,dummy_prior,lookback_density_quartile,0,978497,959,0,977538,0.8012320033973271,sufficient
v1.5.4,data/processed/reliability_v1_5_horizon_7d_lookback_7d_dataset.csv,a0635ebba0a310e9ab1cbefb28182c028e9ea6102c57f662ef310deba3414c91,stratified_random_row_reference_80_20,random_row_reference,optimistic_random_reference,optimistic_reference_only,smart_only_conservative,asset_balanced,dummy_prior,dummy_prior,capacity_quartile,0,344301,433,0,343868,0.8012320033973271,sufficient
v1.5.4,data/processed/reliability_v1_5_horizon_7d_lookback_7d_dataset.csv,a0635ebba0a310e9ab1cbefb28182c028e9ea6102c57f662ef310deba3414c91,stratified_random_row_reference_80_20,random_row_reference,optimistic_random_reference,optimistic_reference_only,smart_only_conservative,asset_balanced,dummy_prior,dummy_prior,capacity_quartile,1,451001,428,0,450573,0.8012320033973271,sufficient
v1.5.4,data/processed/reliability_v1_5_horizon_7d_lookback_7d_dataset.csv,a0635ebba0a310e9ab1cbefb28182c028e9ea6102c57f662ef310deba3414c91,stratified_random_row_reference_80_20,random_row_reference,optimistic_random_reference,optimistic_reference_only,smart_only_conservative,asset_balanced,dummy_prior,dummy_prior,capacity_quartile,2,183195,98,0,183097,0.8012320033973271,sufficient
v1.5.4,data/processed/reliability_v1_5_horizon_7d_lookback_7d_dataset.csv,a0635ebba0a310e9ab1cbefb28182c028e9ea6102c57f662ef310deba3414c91,stratified_random_row_reference_80_20,random_row_reference,optimistic_random_reference,optimistic_reference_only,smart_only_conservative,asset_balanced,logistic_regression,logistic_regression,all,all,978497,959,378,115671,0.29533660746220614,sufficient
v1.5.4,data/processed/reliability_v1_5_horizon_7d_lookback_7d_dataset.csv,a0635ebba0a310e9ab1cbefb28182c028e9ea6102c57f662ef310deba3414c91,stratified_random_row_reference_80_20,random_row_reference,optimistic_random_reference,optimistic_reference_only,smart_only_conservative,asset_balanced,logistic_regression,logistic_regression,model,Hitachi HDS722020ALA330,191872,38,23,1486,0.24341171258426672,sufficient
v1.5.4,data/processed/reliability_v1_5_horizon_7d_lookback_7d_dataset.csv,a0635ebba0a310e9ab1cbefb28182c028e9ea6102c57f662ef310deba3414c91,stratified_random_row_reference_80_20,random_row_reference,optimistic_random_reference,optimistic_reference_only,smart_only_conservative,asset_balanced,logistic_regression,logistic_regression,model,Hitachi HDS5C3030ALA630,186318,45,19,1510,0.2423996619913802,sufficient
v1.5.4,data/processed/reliability_v1_5_horizon_7d_lookback_7d_dataset.csv,a0635ebba0a310e9ab1cbefb28182c028e9ea6102c57f662ef310deba3414c91,stratified_random_row_reference_80_20,random_row_reference,optimistic_random_reference,optimistic_reference_only,smart_only_conservative,asset_balanced,logistic_regression,logistic_regression,model,ST3000DM001,181509,337,110,32037,0.43237483975738467,sufficient
v1.5.4,data/processed/reliability_v1_5_horizon_7d_lookback_7d_dataset.csv,a0635ebba0a310e9ab1cbefb28182c028e9ea6102c57f662ef310deba3414c91,stratified_random_row_reference_80_20,random_row_reference,optimistic_random_reference,optimistic_reference_only,smart_only_conservative,asset_balanced,logistic_regression,logistic_regression,model,Hitachi HDS5C4040ALE630,98022,24,20,511,0.246804094859024,sufficient
v1.5.4,data/processed/reliability_v1_5_horizon_7d_lookback_7d_dataset.csv,a0635ebba0a310e9ab1cbefb28182c028e9ea6102c57f662ef310deba3414c91,stratified_random_row_reference_80_20,random_row_reference,optimistic_random_reference,optimistic_reference_only,smart_only_conservative,asset_balanced,logistic_regression,logistic_regression,model,ST31500541AS,82036,154,33,43583,0.5057736140165111,sufficient
v1.5.4,data/processed/reliability_v1_5_horizon_7d_lookback_7d_dataset.csv,a0635ebba0a310e9ab1cbefb28182c028e9ea6102c57f662ef310deba3414c91,stratified_random_row_reference_80_20,random_row_reference,optimistic_random_reference,optimistic_reference_only,smart_only_conservative,asset_balanced,logistic_regression,logistic_regression,model,ST4000DM000,76487,74,35,19777,0.4565200242374719,sufficient
v1.5.4,data/processed/reliability_v1_5_horizon_7d_lookback_7d_dataset.csv,a0635ebba0a310e9ab1cbefb28182c028e9ea6102c57f662ef310deba3414c91,stratified_random_row_reference_80_20,random_row_reference,optimistic_random_reference,optimistic_reference_only,smart_only_conservative,asset_balanced,logistic_regression,logistic_regression,model,Hitachi HDS723030ALA640,41452,8,4,405,0.24216219243105053,sufficient
v1.5.4,data/processed/reliability_v1_5_horizon_7d_lookback_7d_dataset.csv,a0635ebba0a310e9ab1cbefb28182c028e9ea6102c57f662ef310deba3414c91,stratified_random_row_reference_80_20,random_row_reference,optimistic_random_reference,optimistic_reference_only,smart_only_conservative,asset_balanced,logistic_regression,logistic_regression,model,ST31500341AS,27445,117,29,9113,0.4638116456334828,sufficient
v1.5.4,data/processed/reliability_v1_5_horizon_7d_lookback_7d_dataset.csv,a0635ebba0a310e9ab1cbefb28182c028e9ea6102c57f662ef310deba3414c91,stratified_random_row_reference_80_20,random_row_reference,optimistic_random_reference,optimistic_reference_only,smart_only_conservative,asset_balanced,logistic_regression,logistic_regression,model,WDC WD10EADS,19864,16,12,306,0.2928157798602232,sufficient
v1.5.4,data/processed/reliability_v1_5_horizon_7d_lookback_7d_dataset.csv,a0635ebba0a310e9ab1cbefb28182c028e9ea6102c57f662ef310deba3414c91,stratified_random_row_reference_80_20,random_row_reference,optimistic_random_reference,optimistic_reference_only,smart_only_conservative,asset_balanced,logistic_regression,logistic_regression,model,WDC WD30EZRX,18960,17,13,583,0.281663171963088,sufficient
v1.5.4,data/processed/reliability_v1_5_horizon_7d_lookback_7d_dataset.csv,a0635ebba0a310e9ab1cbefb28182c028e9ea6102c57f662ef310deba3414c91,stratified_random_row_reference_80_20,random_row_reference,optimistic_random_reference,optimistic_reference_only,smart_only_conservative,asset_balanced,logistic_regression,logistic_regression,drive_age_quartile,0,246166,248,104,34885,0.3316701843209429,sufficient
v1.5.4,data/processed/reliability_v1_5_horizon_7d_lookback_7d_dataset.csv,a0635ebba0a310e9ab1cbefb28182c028e9ea6102c57f662ef310deba3414c91,stratified_random_row_reference_80_20,random_row_reference,optimistic_random_reference,optimistic_reference_only,smart_only_conservative,asset_balanced,logistic_regression,logistic_regression,drive_age_quartile,1,246341,228,97,23517,0.28712893530631567,sufficient
v1.5.4,data/processed/reliability_v1_5_horizon_7d_lookback_7d_dataset.csv,a0635ebba0a310e9ab1cbefb28182c028e9ea6102c57f662ef310deba3414c91,stratified_random_row_reference_80_20,random_row_reference,optimistic_random_reference,optimistic_reference_only,smart_only_conservative,asset_balanced,logistic_regression,logistic_regression,drive_age_quartile,2,242385,156,63,30914,0.3042021054661163,sufficient
v1.5.4,data/processed/reliability_v1_5_horizon_7d_lookback_7d_dataset.csv,a0635ebba0a310e9ab1cbefb28182c028e9ea6102c57f662ef310deba3414c91,stratified_random_row_reference_80_20,random_row_reference,optimistic_random_reference,optimistic_reference_only,smart_only_conservative,asset_balanced,logistic_regression,logistic_regression,drive_age_quartile,3,243605,327,114,26355,0.2771710696623025,sufficient
v1.5.4,data/processed/reliability_v1_5_horizon_7d_lookback_7d_dataset.csv,a0635ebba0a310e9ab1cbefb28182c028e9ea6102c57f662ef310deba3414c91,stratified_random_row_reference_80_20,random_row_reference,optimistic_random_reference,optimistic_reference_only,smart_only_conservative,asset_balanced,logistic_regression,logistic_regression,lookback_density_quartile,0,978497,959,378,115671,0.29533660746220614,sufficient
v1.5.4,data/processed/reliability_v1_5_horizon_7d_lookback_7d_dataset.csv,a0635ebba0a310e9ab1cbefb28182c028e9ea6102c57f662ef310deba3414c91,stratified_random_row_reference_80_20,random_row_reference,optimistic_random_reference,optimistic_reference_only,smart_only_conservative,asset_balanced,logistic_regression,logistic_regression,capacity_quartile,0,344301,433,165,58411,0.2855804607636609,sufficient
v1.5.4,data/processed/reliability_v1_5_horizon_7d_lookback_7d_dataset.csv,a0635ebba0a310e9ab1cbefb28182c028e9ea6102c57f662ef310deba3414c91,stratified_random_row_reference_80_20,random_row_reference,optimistic_random_reference,optimistic_reference_only,smart_only_conservative,asset_balanced,logistic_regression,logistic_regression,capacity_quartile,1,451001,428,158,36671,0.3016908732231202,sufficient
v1.5.4,data/processed/reliability_v1_5_horizon_7d_lookback_7d_dataset.csv,a0635ebba0a310e9ab1cbefb28182c028e9ea6102c57f662ef310deba3414c91,stratified_random_row_reference_80_20,random_row_reference,optimistic_random_reference,optimistic_reference_only,smart_only_conservative,asset_balanced,logistic_regression,logistic_regression,capacity_quartile,2,183195,98,55,20589,0.30135811520879946,sufficient
v1.5.4,data/processed/reliability_v1_5_horizon_7d_lookback_7d_dataset.csv,a0635ebba0a310e9ab1cbefb28182c028e9ea6102c57f662ef310deba3414c91,stratified_random_row_reference_80_20,random_row_reference,optimistic_random_reference,optimistic_reference_only,smart_only_conservative,asset_balanced,random_forest,random_forest,all,all,978497,959,231,26303,0.08847898782768975,sufficient
v1.5.4,data/processed/reliability_v1_5_horizon_7d_lookback_7d_dataset.csv,a0635ebba0a310e9ab1cbefb28182c028e9ea6102c57f662ef310deba3414c91,stratified_random_row_reference_80_20,random_row_reference,optimistic_random_reference,optimistic_reference_only,smart_only_conservative,asset_balanced,random_forest,random_forest,model,Hitachi HDS722020ALA330,191872,38,10,908,0.017779475728491406,sufficient
v1.5.4,data/processed/reliability_v1_5_horizon_7d_lookback_7d_dataset.csv,a0635ebba0a310e9ab1cbefb28182c028e9ea6102c57f662ef310deba3414c91,stratified_random_row_reference_80_20,random_row_reference,optimistic_random_reference,optimistic_reference_only,smart_only_conservative,asset_balanced,random_forest,random_forest,model,Hitachi HDS5C3030ALA630,186318,45,7,1221,0.0180936974861894,sufficient
v1.5.4,data/processed/reliability_v1_5_horizon_7d_lookback_7d_dataset.csv,a0635ebba0a310e9ab1cbefb28182c028e9ea6102c57f662ef310deba3414c91,stratified_random_row_reference_80_20,random_row_reference,optimistic_random_reference,optimistic_reference_only,smart_only_conservative,asset_balanced,random_forest,random_forest,model,ST3000DM001,181509,337,86,11821,0.21070905383129412,sufficient
v1.5.4,data/processed/reliability_v1_5_horizon_7d_lookback_7d_dataset.csv,a0635ebba0a310e9ab1cbefb28182c028e9ea6102c57f662ef310deba3414c91,stratified_random_row_reference_80_20,random_row_reference,optimistic_random_reference,optimistic_reference_only,smart_only_conservative,asset_balanced,random_forest,random_forest,model,Hitachi HDS5C4040ALE630,98022,24,13,268,0.048600637300729006,sufficient
v1.5.4,data/processed/reliability_v1_5_horizon_7d_lookback_7d_dataset.csv,a0635ebba0a310e9ab1cbefb28182c028e9ea6102c57f662ef310deba3414c91,stratified_random_row_reference_80_20,random_row_reference,optimistic_random_reference,optimistic_reference_only,smart_only_conservative,asset_balanced,random_forest,random_forest,model,ST31500541AS,82036,154,35,3748,0.21548876435009945,sufficient
v1.5.4,data/processed/reliability_v1_5_horizon_7d_lookback_7d_dataset.csv,a0635ebba0a310e9ab1cbefb28182c028e9ea6102c57f662ef310deba3414c91,stratified_random_row_reference_80_20,random_row_reference,optimistic_random_reference,optimistic_reference_only,smart_only_conservative,asset_balanced,random_forest,random_forest,model,ST4000DM000,76487,74,41,910,0.19681826918674653,sufficient
v1.5.4,data/processed/reliability_v1_5_horizon_7d_lookback_7d_dataset.csv,a0635ebba0a310e9ab1cbefb28182c028e9ea6102c57f662ef310deba3414c91,stratified_random_row_reference_80_20,random_row_reference,optimistic_random_reference,optimistic_reference_only,smart_only_conservative,asset_balanced,random_forest,random_forest,model,Hitachi HDS723030ALA640,41452,8,0,472,0.0180936974861894,sufficient
v1.5.4,data/processed/reliability_v1_5_horizon_7d_lookback_7d_dataset.csv,a0635ebba0a310e9ab1cbefb28182c028e9ea6102c57f662ef310deba3414c91,stratified_random_row_reference_80_20,random_row_reference,optimistic_random_reference,optimistic_reference_only,smart_only_conservative,asset_balanced,random_forest,random_forest,model,ST31500341AS,27445,117,15,3260,0.24185543026909262,sufficient
v1.5.4,data/processed/reliability_v1_5_horizon_7d_lookback_7d_dataset.csv,a0635ebba0a310e9ab1cbefb28182c028e9ea6102c57f662ef310deba3414c91,stratified_random_row_reference_80_20,random_row_reference,optimistic_random_reference,optimistic_reference_only,smart_only_conservative,asset_balanced,random_forest,random_forest,model,WDC WD10EADS,19864,16,4,67,0.08751451046800705,sufficient
v1.5.4,data/processed/reliability_v1_5_horizon_7d_lookback_7d_dataset.csv,a0635ebba0a310e9ab1cbefb28182c028e9ea6102c57f662ef310deba3414c91,stratified_random_row_reference_80_20,random_row_reference,optimistic_random_reference,optimistic_reference_only,smart_only_conservative,asset_balanced,random_forest,random_forest,model,WDC WD30EZRX,18960,17,1,318,0.05546951793673626,sufficient
v1.5.4,data/processed/reliability_v1_5_horizon_7d_lookback_7d_dataset.csv,a0635ebba0a310e9ab1cbefb28182c028e9ea6102c57f662ef310deba3414c91,stratified_random_row_reference_80_20,random_row_reference,optimistic_random_reference,optimistic_reference_only,smart_only_conservative,asset_balanced,random_forest,random_forest,drive_age_quartile,0,246166,248,62,6305,0.14994987698561424,sufficient
v1.5.4,data/processed/reliability_v1_5_horizon_7d_lookback_7d_dataset.csv,a0635ebba0a310e9ab1cbefb28182c028e9ea6102c57f662ef310deba3414c91,stratified_random_row_reference_80_20,random_row_reference,optimistic_random_reference,optimistic_reference_only,smart_only_conservative,asset_balanced,random_forest,random_forest,drive_age_quartile,1,246341,228,68,5394,0.08840612644238934,sufficient
v1.5.4,data/processed/reliability_v1_5_horizon_7d_lookback_7d_dataset.csv,a0635ebba0a310e9ab1cbefb28182c028e9ea6102c57f662ef310deba3414c91,stratified_random_row_reference_80_20,random_row_reference,optimistic_random_reference,optimistic_reference_only,smart_only_conservative,asset_balanced,random_forest,random_forest,drive_age_quartile,2,242385,156,49,6434,0.08386713351142043,sufficient
v1.5.4,data/processed/reliability_v1_5_horizon_7d_lookback_7d_dataset.csv,a0635ebba0a310e9ab1cbefb28182c028e9ea6102c57f662ef310deba3414c91,stratified_random_row_reference_80_20,random_row_reference,optimistic_random_reference,optimistic_reference_only,smart_only_conservative,asset_balanced,random_forest,random_forest,drive_age_quartile,3,243605,327,52,8170,0.05735521059980248,sufficient
v1.5.4,data/processed/reliability_v1_5_horizon_7d_lookback_7d_dataset.csv,a0635ebba0a310e9ab1cbefb28182c028e9ea6102c57f662ef310deba3414c91,stratified_random_row_reference_80_20,random_row_reference,optimistic_random_reference,optimistic_reference_only,smart_only_conservative,asset_balanced,random_forest,random_forest,lookback_density_quartile,0,978497,959,231,26303,0.08847898782768975,sufficient
v1.5.4,data/processed/reliability_v1_5_horizon_7d_lookback_7d_dataset.csv,a0635ebba0a310e9ab1cbefb28182c028e9ea6102c57f662ef310deba3414c91,stratified_random_row_reference_80_20,random_row_reference,optimistic_random_reference,optimistic_reference_only,smart_only_conservative,asset_balanced,random_forest,random_forest,capacity_quartile,0,344301,433,73,10634,0.06764140104505446,sufficient
v1.5.4,data/processed/reliability_v1_5_horizon_7d_lookback_7d_dataset.csv,a0635ebba0a310e9ab1cbefb28182c028e9ea6102c57f662ef310deba3414c91,stratified_random_row_reference_80_20,random_row_reference,optimistic_random_reference,optimistic_reference_only,smart_only_conservative,asset_balanced,random_forest,random_forest,capacity_quartile,1,451001,428,104,14409,0.08331662546824914,sufficient
v1.5.4,data/processed/reliability_v1_5_horizon_7d_lookback_7d_dataset.csv,a0635ebba0a310e9ab1cbefb28182c028e9ea6102c57f662ef310deba3414c91,stratified_random_row_reference_80_20,random_row_reference,optimistic_random_reference,optimistic_reference_only,smart_only_conservative,asset_balanced,random_forest,random_forest,capacity_quartile,2,183195,98,54,1260,0.13202660070360625,sufficient
v1.5.4,data/processed/reliability_v1_5_horizon_7d_lookback_7d_dataset.csv,a0635ebba0a310e9ab1cbefb28182c028e9ea6102c57f662ef310deba3414c91,stratified_random_row_reference_80_20,random_row_reference,optimistic_random_reference,optimistic_reference_only,smart_only_conservative,asset_balanced,hist_gradient_boosting,hist_gradient_boosting,all,all,978497,959,212,68787,0.19003599322861647,sufficient
v1.5.4,data/processed/reliability_v1_5_horizon_7d_lookback_7d_dataset.csv,a0635ebba0a310e9ab1cbefb28182c028e9ea6102c57f662ef310deba3414c91,stratified_random_row_reference_80_20,random_row_reference,optimistic_random_reference,optimistic_reference_only,smart_only_conservative,asset_balanced,hist_gradient_boosting,hist_gradient_boosting,model,Hitachi HDS722020ALA330,191872,38,12,4782,0.1129923426160422,sufficient
v1.5.4,data/processed/reliability_v1_5_horizon_7d_lookback_7d_dataset.csv,a0635ebba0a310e9ab1cbefb28182c028e9ea6102c57f662ef310deba3414c91,stratified_random_row_reference_80_20,random_row_reference,optimistic_random_reference,optimistic_reference_only,smart_only_conservative,asset_balanced,hist_gradient_boosting,hist_gradient_boosting,model,Hitachi HDS5C3030ALA630,186318,45,4,4045,0.117285034838298,sufficient
v1.5.4,data/processed/reliability_v1_5_horizon_7d_lookback_7d_dataset.csv,a0635ebba0a310e9ab1cbefb28182c028e9ea6102c57f662ef310deba3414c91,stratified_random_row_reference_80_20,random_row_reference,optimistic_random_reference,optimistic_reference_only,smart_only_conservative,asset_balanced,hist_gradient_boosting,hist_gradient_boosting,model,ST3000DM001,181509,337,80,23525,0.30829154357351646,sufficient
v1.5.4,data/processed/reliability_v1_5_horizon_7d_lookback_7d_dataset.csv,a0635ebba0a310e9ab1cbefb28182c028e9ea6102c57f662ef310deba3414c91,stratified_random_row_reference_80_20,random_row_reference,optimistic_random_reference,optimistic_reference_only,smart_only_conservative,asset_balanced,hist_gradient_boosting,hist_gradient_boosting,model,Hitachi HDS5C4040ALE630,98022,24,14,483,0.1784588892884829,sufficient
v1.5.4,data/processed/reliability_v1_5_horizon_7d_lookback_7d_dataset.csv,a0635ebba0a310e9ab1cbefb28182c028e9ea6102c57f662ef310deba3414c91,stratified_random_row_reference_80_20,random_row_reference,optimistic_random_reference,optimistic_reference_only,smart_only_conservative,asset_balanced,hist_gradient_boosting,hist_gradient_boosting,model,ST31500541AS,82036,154,30,9719,0.30552460689929395,sufficient
v1.5.4,data/processed/reliability_v1_5_horizon_7d_lookback_7d_dataset.csv,a0635ebba0a310e9ab1cbefb28182c028e9ea6102c57f662ef310deba3414c91,stratified_random_row_reference_80_20,random_row_reference,optimistic_random_reference,optimistic_reference_only,smart_only_conservative,asset_balanced,hist_gradient_boosting,hist_gradient_boosting,model,ST4000DM000,76487,74,39,2564,0.2914182696289416,sufficient
v1.5.4,data/processed/reliability_v1_5_horizon_7d_lookback_7d_dataset.csv,a0635ebba0a310e9ab1cbefb28182c028e9ea6102c57f662ef310deba3414c91,stratified_random_row_reference_80_20,random_row_reference,optimistic_random_reference,optimistic_reference_only,smart_only_conservative,asset_balanced,hist_gradient_boosting,hist_gradient_boosting,model,Hitachi HDS723030ALA640,41452,8,0,2082,0.1129923426160422,sufficient
v1.5.4,data/processed/reliability_v1_5_horizon_7d_lookback_7d_dataset.csv,a0635ebba0a310e9ab1cbefb28182c028e9ea6102c57f662ef310deba3414c91,stratified_random_row_reference_80_20,random_row_reference,optimistic_random_reference,optimistic_reference_only,smart_only_conservative,asset_balanced,hist_gradient_boosting,hist_gradient_boosting,model,ST31500341AS,27445,117,10,8089,0.3717648272210567,sufficient
v1.5.4,data/processed/reliability_v1_5_horizon_7d_lookback_7d_dataset.csv,a0635ebba0a310e9ab1cbefb28182c028e9ea6102c57f662ef310deba3414c91,stratified_random_row_reference_80_20,random_row_reference,optimistic_random_reference,optimistic_reference_only,smart_only_conservative,asset_balanced,hist_gradient_boosting,hist_gradient_boosting,model,WDC WD10EADS,19864,16,4,532,0.20808217247530197,sufficient
v1.5.4,data/processed/reliability_v1_5_horizon_7d_lookback_7d_dataset.csv,a0635ebba0a310e9ab1cbefb28182c028e9ea6102c57f662ef310deba3414c91,stratified_random_row_reference_80_20,random_row_reference,optimistic_random_reference,optimistic_reference_only,smart_only_conservative,asset_balanced,hist_gradient_boosting,hist_gradient_boosting,model,WDC WD30EZRX,18960,17,1,6428,0.15892673629325815,sufficient
v1.5.4,data/processed/reliability_v1_5_horizon_7d_lookback_7d_dataset.csv,a0635ebba0a310e9ab1cbefb28182c028e9ea6102c57f662ef310deba3414c91,stratified_random_row_reference_80_20,random_row_reference,optimistic_random_reference,optimistic_reference_only,smart_only_conservative,asset_balanced,hist_gradient_boosting,hist_gradient_boosting,drive_age_quartile,0,246166,248,54,17285,0.2644856817032633,sufficient
v1.5.4,data/processed/reliability_v1_5_horizon_7d_lookback_7d_dataset.csv,a0635ebba0a310e9ab1cbefb28182c028e9ea6102c57f662ef310deba3414c91,stratified_random_row_reference_80_20,random_row_reference,optimistic_random_reference,optimistic_reference_only,smart_only_conservative,asset_balanced,hist_gradient_boosting,hist_gradient_boosting,drive_age_quartile,1,246341,228,65,16087,0.19003599322861647,sufficient
v1.5.4,data/processed/reliability_v1_5_horizon_7d_lookback_7d_dataset.csv,a0635ebba0a310e9ab1cbefb28182c028e9ea6102c57f662ef310deba3414c91,stratified_random_row_reference_80_20,random_row_reference,optimistic_random_reference,optimistic_reference_only,smart_only_conservative,asset_balanced,hist_gradient_boosting,hist_gradient_boosting,drive_age_quartile,2,242385,156,45,16491,0.18706336165249562,sufficient
v1.5.4,data/processed/reliability_v1_5_horizon_7d_lookback_7d_dataset.csv,a0635ebba0a310e9ab1cbefb28182c028e9ea6102c57f662ef310deba3414c91,stratified_random_row_reference_80_20,random_row_reference,optimistic_random_reference,optimistic_reference_only,smart_only_conservative,asset_balanced,hist_gradient_boosting,hist_gradient_boosting,drive_age_quartile,3,243605,327,48,18924,0.15892673629325815,sufficient
v1.5.4,data/processed/reliability_v1_5_horizon_7d_lookback_7d_dataset.csv,a0635ebba0a310e9ab1cbefb28182c028e9ea6102c57f662ef310deba3414c91,stratified_random_row_reference_80_20,random_row_reference,optimistic_random_reference,optimistic_reference_only,smart_only_conservative,asset_balanced,hist_gradient_boosting,hist_gradient_boosting,lookback_density_quartile,0,978497,959,212,68787,0.19003599322861647,sufficient
v1.5.4,data/processed/reliability_v1_5_horizon_7d_lookback_7d_dataset.csv,a0635ebba0a310e9ab1cbefb28182c028e9ea6102c57f662ef310deba3414c91,stratified_random_row_reference_80_20,random_row_reference,optimistic_random_reference,optimistic_reference_only,smart_only_conservative,asset_balanced,hist_gradient_boosting,hist_gradient_boosting,capacity_quartile,0,344301,433,64,27612,0.1798332948402132,sufficient
v1.5.4,data/processed/reliability_v1_5_horizon_7d_lookback_7d_dataset.csv,a0635ebba0a310e9ab1cbefb28182c028e9ea6102c57f662ef310deba3414c91,stratified_random_row_reference_80_20,random_row_reference,optimistic_random_reference,optimistic_reference_only,smart_only_conservative,asset_balanced,hist_gradient_boosting,hist_gradient_boosting,capacity_quartile,1,451001,428,95,37488,0.1798332948402132,sufficient
v1.5.4,data/processed/reliability_v1_5_horizon_7d_lookback_7d_dataset.csv,a0635ebba0a310e9ab1cbefb28182c028e9ea6102c57f662ef310deba3414c91,stratified_random_row_reference_80_20,random_row_reference,optimistic_random_reference,optimistic_reference_only,smart_only_conservative,asset_balanced,hist_gradient_boosting,hist_gradient_boosting,capacity_quartile,2,183195,98,53,3687,0.23789198132895353,sufficient
v1.5.4,data/processed/reliability_v1_5_horizon_7d_lookback_7d_dataset.csv,a0635ebba0a310e9ab1cbefb28182c028e9ea6102c57f662ef310deba3414c91,stratified_random_row_reference_80_20,random_row_reference,optimistic_random_reference,optimistic_reference_only,smart_only_conservative,raw_row,dummy_prior,dummy_prior,all,all,978497,959,959,0,0.4999999999941096,sufficient
v1.5.4,data/processed/reliability_v1_5_horizon_7d_lookback_7d_dataset.csv,a0635ebba0a310e9ab1cbefb28182c028e9ea6102c57f662ef310deba3414c91,stratified_random_row_reference_80_20,random_row_reference,optimistic_random_reference,optimistic_reference_only,smart_only_conservative,raw_row,dummy_prior,dummy_prior,model,Hitachi HDS722020ALA330,191872,38,38,0,0.4999999999941096,sufficient
v1.5.4,data/processed/reliability_v1_5_horizon_7d_lookback_7d_dataset.csv,a0635ebba0a310e9ab1cbefb28182c028e9ea6102c57f662ef310deba3414c91,stratified_random_row_reference_80_20,random_row_reference,optimistic_random_reference,optimistic_reference_only,smart_only_conservative,raw_row,dummy_prior,dummy_prior,model,Hitachi HDS5C3030ALA630,186318,45,45,0,0.4999999999941096,sufficient
v1.5.4,data/processed/reliability_v1_5_horizon_7d_lookback_7d_dataset.csv,a0635ebba0a310e9ab1cbefb28182c028e9ea6102c57f662ef310deba3414c91,stratified_random_row_reference_80_20,random_row_reference,optimistic_random_reference,optimistic_reference_only,smart_only_conservative,raw_row,dummy_prior,dummy_prior,model,ST3000DM001,181509,337,337,0,0.4999999999941096,sufficient
v1.5.4,data/processed/reliability_v1_5_horizon_7d_lookback_7d_dataset.csv,a0635ebba0a310e9ab1cbefb28182c028e9ea6102c57f662ef310deba3414c91,stratified_random_row_reference_80_20,random_row_reference,optimistic_random_reference,optimistic_reference_only,smart_only_conservative,raw_row,dummy_prior,dummy_prior,model,Hitachi HDS5C4040ALE630,98022,24,24,0,0.4999999999941096,sufficient
v1.5.4,data/processed/reliability_v1_5_horizon_7d_lookback_7d_dataset.csv,a0635ebba0a310e9ab1cbefb28182c028e9ea6102c57f662ef310deba3414c91,stratified_random_row_reference_80_20,random_row_reference,optimistic_random_reference,optimistic_reference_only,smart_only_conservative,raw_row,dummy_prior,dummy_prior,model,ST31500541AS,82036,154,154,0,0.4999999999941096,sufficient
v1.5.4,data/processed/reliability_v1_5_horizon_7d_lookback_7d_dataset.csv,a0635ebba0a310e9ab1cbefb28182c028e9ea6102c57f662ef310deba3414c91,stratified_random_row_reference_80_20,random_row_reference,optimistic_random_reference,optimistic_reference_only,smart_only_conservative,raw_row,dummy_prior,dummy_prior,model,ST4000DM000,76487,74,74,0,0.4999999999941096,sufficient
v1.5.4,data/processed/reliability_v1_5_horizon_7d_lookback_7d_dataset.csv,a0635ebba0a310e9ab1cbefb28182c028e9ea6102c57f662ef310deba3414c91,stratified_random_row_reference_80_20,random_row_reference,optimistic_random_reference,optimistic_reference_only,smart_only_conservative,raw_row,dummy_prior,dummy_prior,model,Hitachi HDS723030ALA640,41452,8,8,0,0.4999999999941096,sufficient
v1.5.4,data/processed/reliability_v1_5_horizon_7d_lookback_7d_dataset.csv,a0635ebba0a310e9ab1cbefb28182c028e9ea6102c57f662ef310deba3414c91,stratified_random_row_reference_80_20,random_row_reference,optimistic_random_reference,optimistic_reference_only,smart_only_conservative,raw_row,dummy_prior,dummy_prior,model,ST31500341AS,27445,117,117,0,0.4999999999941096,sufficient
v1.5.4,data/processed/reliability_v1_5_horizon_7d_lookback_7d_dataset.csv,a0635ebba0a310e9ab1cbefb28182c028e9ea6102c57f662ef310deba3414c91,stratified_random_row_reference_80_20,random_row_reference,optimistic_random_reference,optimistic_reference_only,smart_only_conservative,raw_row,dummy_prior,dummy_prior,model,WDC WD10EADS,19864,16,16,0,0.4999999999941096,sufficient
v1.5.4,data/processed/reliability_v1_5_horizon_7d_lookback_7d_dataset.csv,a0635ebba0a310e9ab1cbefb28182c028e9ea6102c57f662ef310deba3414c91,stratified_random_row_reference_80_20,random_row_reference,optimistic_random_reference,optimistic_reference_only,smart_only_conservative,raw_row,dummy_prior,dummy_prior,model,WDC WD30EZRX,18960,17,17,0,0.4999999999941096,sufficient
v1.5.4,data/processed/reliability_v1_5_horizon_7d_lookback_7d_dataset.csv,a0635ebba0a310e9ab1cbefb28182c028e9ea6102c57f662ef310deba3414c91,stratified_random_row_reference_80_20,random_row_reference,optimistic_random_reference,optimistic_reference_only,smart_only_conservative,raw_row,dummy_prior,dummy_prior,drive_age_quartile,0,246166,248,248,0,0.4999999999941096,sufficient
v1.5.4,data/processed/reliability_v1_5_horizon_7d_lookback_7d_dataset.csv,a0635ebba0a310e9ab1cbefb28182c028e9ea6102c57f662ef310deba3414c91,stratified_random_row_reference_80_20,random_row_reference,optimistic_random_reference,optimistic_reference_only,smart_only_conservative,raw_row,dummy_prior,dummy_prior,drive_age_quartile,1,246341,228,228,0,0.4999999999941096,sufficient
v1.5.4,data/processed/reliability_v1_5_horizon_7d_lookback_7d_dataset.csv,a0635ebba0a310e9ab1cbefb28182c028e9ea6102c57f662ef310deba3414c91,stratified_random_row_reference_80_20,random_row_reference,optimistic_random_reference,optimistic_reference_only,smart_only_conservative,raw_row,dummy_prior,dummy_prior,drive_age_quartile,2,242385,156,156,0,0.4999999999941096,sufficient
v1.5.4,data/processed/reliability_v1_5_horizon_7d_lookback_7d_dataset.csv,a0635ebba0a310e9ab1cbefb28182c028e9ea6102c57f662ef310deba3414c91,stratified_random_row_reference_80_20,random_row_reference,optimistic_random_reference,optimistic_reference_only,smart_only_conservative,raw_row,dummy_prior,dummy_prior,drive_age_quartile,3,243605,327,327,0,0.4999999999941096,sufficient
v1.5.4,data/processed/reliability_v1_5_horizon_7d_lookback_7d_dataset.csv,a0635ebba0a310e9ab1cbefb28182c028e9ea6102c57f662ef310deba3414c91,stratified_random_row_reference_80_20,random_row_reference,optimistic_random_reference,optimistic_reference_only,smart_only_conservative,raw_row,dummy_prior,dummy_prior,lookback_density_quartile,0,978497,959,959,0,0.4999999999941096,sufficient
v1.5.4,data/processed/reliability_v1_5_horizon_7d_lookback_7d_dataset.csv,a0635ebba0a310e9ab1cbefb28182c028e9ea6102c57f662ef310deba3414c91,stratified_random_row_reference_80_20,random_row_reference,optimistic_random_reference,optimistic_reference_only,smart_only_conservative,raw_row,dummy_prior,dummy_prior,capacity_quartile,0,344301,433,433,0,0.4999999999941096,sufficient
v1.5.4,data/processed/reliability_v1_5_horizon_7d_lookback_7d_dataset.csv,a0635ebba0a310e9ab1cbefb28182c028e9ea6102c57f662ef310deba3414c91,stratified_random_row_reference_80_20,random_row_reference,optimistic_random_reference,optimistic_reference_only,smart_only_conservative,raw_row,dummy_prior,dummy_prior,capacity_quartile,1,451001,428,428,0,0.4999999999941096,sufficient
v1.5.4,data/processed/reliability_v1_5_horizon_7d_lookback_7d_dataset.csv,a0635ebba0a310e9ab1cbefb28182c028e9ea6102c57f662ef310deba3414c91,stratified_random_row_reference_80_20,random_row_reference,optimistic_random_reference,optimistic_reference_only,smart_only_conservative,raw_row,dummy_prior,dummy_prior,capacity_quartile,2,183195,98,98,0,0.4999999999941096,sufficient
v1.5.4,data/processed/reliability_v1_5_horizon_7d_lookback_7d_dataset.csv,a0635ebba0a310e9ab1cbefb28182c028e9ea6102c57f662ef310deba3414c91,stratified_random_row_reference_80_20,random_row_reference,optimistic_random_reference,optimistic_reference_only,smart_only_conservative,raw_row,logistic_regression,logistic_regression,all,all,978497,959,332,174344,0.27624724654341604,sufficient
v1.5.4,data/processed/reliability_v1_5_horizon_7d_lookback_7d_dataset.csv,a0635ebba0a310e9ab1cbefb28182c028e9ea6102c57f662ef310deba3414c91,stratified_random_row_reference_80_20,random_row_reference,optimistic_random_reference,optimistic_reference_only,smart_only_conservative,raw_row,logistic_regression,logistic_regression,model,Hitachi HDS722020ALA330,191872,38,23,204,0.2113009293891588,sufficient
v1.5.4,data/processed/reliability_v1_5_horizon_7d_lookback_7d_dataset.csv,a0635ebba0a310e9ab1cbefb28182c028e9ea6102c57f662ef310deba3414c91,stratified_random_row_reference_80_20,random_row_reference,optimistic_random_reference,optimistic_reference_only,smart_only_conservative,raw_row,logistic_regression,logistic_regression,model,Hitachi HDS5C3030ALA630,186318,45,19,522,0.2220494654161866,sufficient
v1.5.4,data/processed/reliability_v1_5_horizon_7d_lookback_7d_dataset.csv,a0635ebba0a310e9ab1cbefb28182c028e9ea6102c57f662ef310deba3414c91,stratified_random_row_reference_80_20,random_row_reference,optimistic_random_reference,optimistic_reference_only,smart_only_conservative,raw_row,logistic_regression,logistic_regression,model,ST3000DM001,181509,337,78,62760,0.4658186696667039,sufficient
v1.5.4,data/processed/reliability_v1_5_horizon_7d_lookback_7d_dataset.csv,a0635ebba0a310e9ab1cbefb28182c028e9ea6102c57f662ef310deba3414c91,stratified_random_row_reference_80_20,random_row_reference,optimistic_random_reference,optimistic_reference_only,smart_only_conservative,raw_row,logistic_regression,logistic_regression,model,Hitachi HDS5C4040ALE630,98022,24,20,35,0.2340851580258658,sufficient
v1.5.4,data/processed/reliability_v1_5_horizon_7d_lookback_7d_dataset.csv,a0635ebba0a310e9ab1cbefb28182c028e9ea6102c57f662ef310deba3414c91,stratified_random_row_reference_80_20,random_row_reference,optimistic_random_reference,optimistic_reference_only,smart_only_conservative,raw_row,logistic_regression,logistic_regression,model,ST31500541AS,82036,154,33,49047,0.5222804355826068,sufficient
v1.5.4,data/processed/reliability_v1_5_horizon_7d_lookback_7d_dataset.csv,a0635ebba0a310e9ab1cbefb28182c028e9ea6102c57f662ef310deba3414c91,stratified_random_row_reference_80_20,random_row_reference,optimistic_random_reference,optimistic_reference_only,smart_only_conservative,raw_row,logistic_regression,logistic_regression,model,ST4000DM000,76487,74,20,40033,0.5048648500466721,sufficient
v1.5.4,data/processed/reliability_v1_5_horizon_7d_lookback_7d_dataset.csv,a0635ebba0a310e9ab1cbefb28182c028e9ea6102c57f662ef310deba3414c91,stratified_random_row_reference_80_20,random_row_reference,optimistic_random_reference,optimistic_reference_only,smart_only_conservative,raw_row,logistic_regression,logistic_regression,model,Hitachi HDS723030ALA640,41452,8,4,81,0.2180250301740903,sufficient
v1.5.4,data/processed/reliability_v1_5_horizon_7d_lookback_7d_dataset.csv,a0635ebba0a310e9ab1cbefb28182c028e9ea6102c57f662ef310deba3414c91,stratified_random_row_reference_80_20,random_row_reference,optimistic_random_reference,optimistic_reference_only,smart_only_conservative,raw_row,logistic_regression,logistic_regression,model,ST31500341AS,27445,117,30,10296,0.46957076161577,sufficient
v1.5.4,data/processed/reliability_v1_5_horizon_7d_lookback_7d_dataset.csv,a0635ebba0a310e9ab1cbefb28182c028e9ea6102c57f662ef310deba3414c91,stratified_random_row_reference_80_20,random_row_reference,optimistic_random_reference,optimistic_reference_only,smart_only_conservative,raw_row,logistic_regression,logistic_regression,model,WDC WD10EADS,19864,16,11,90,0.2499217330064179,sufficient
v1.5.4,data/processed/reliability_v1_5_horizon_7d_lookback_7d_dataset.csv,a0635ebba0a310e9ab1cbefb28182c028e9ea6102c57f662ef310deba3414c91,stratified_random_row_reference_80_20,random_row_reference,optimistic_random_reference,optimistic_reference_only,smart_only_conservative,raw_row,logistic_regression,logistic_regression,model,WDC WD30EZRX,18960,17,12,409,0.26768660554407864,sufficient
v1.5.4,data/processed/reliability_v1_5_horizon_7d_lookback_7d_dataset.csv,a0635ebba0a310e9ab1cbefb28182c028e9ea6102c57f662ef310deba3414c91,stratified_random_row_reference_80_20,random_row_reference,optimistic_random_reference,optimistic_reference_only,smart_only_conservative,raw_row,logistic_regression,logistic_regression,drive_age_quartile,0,246166,248,99,51022,0.30997115490348254,sufficient
v1.5.4,data/processed/reliability_v1_5_horizon_7d_lookback_7d_dataset.csv,a0635ebba0a310e9ab1cbefb28182c028e9ea6102c57f662ef310deba3414c91,stratified_random_row_reference_80_20,random_row_reference,optimistic_random_reference,optimistic_reference_only,smart_only_conservative,raw_row,logistic_regression,logistic_regression,drive_age_quartile,1,246341,228,78,40773,0.2731329997772625,sufficient
v1.5.4,data/processed/reliability_v1_5_horizon_7d_lookback_7d_dataset.csv,a0635ebba0a310e9ab1cbefb28182c028e9ea6102c57f662ef310deba3414c91,stratified_random_row_reference_80_20,random_row_reference,optimistic_random_reference,optimistic_reference_only,smart_only_conservative,raw_row,logistic_regression,logistic_regression,drive_age_quartile,2,242385,156,59,44838,0.281639883529954,sufficient
v1.5.4,data/processed/reliability_v1_5_horizon_7d_lookback_7d_dataset.csv,a0635ebba0a310e9ab1cbefb28182c028e9ea6102c57f662ef310deba3414c91,stratified_random_row_reference_80_20,random_row_reference,optimistic_random_reference,optimistic_reference_only,smart_only_conservative,raw_row,logistic_regression,logistic_regression,drive_age_quartile,3,243605,327,96,37711,0.25665517411940975,sufficient
v1.5.4,data/processed/reliability_v1_5_horizon_7d_lookback_7d_dataset.csv,a0635ebba0a310e9ab1cbefb28182c028e9ea6102c57f662ef310deba3414c91,stratified_random_row_reference_80_20,random_row_reference,optimistic_random_reference,optimistic_reference_only,smart_only_conservative,raw_row,logistic_regression,logistic_regression,lookback_density_quartile,0,978497,959,332,174344,0.27624724654341604,sufficient
v1.5.4,data/processed/reliability_v1_5_horizon_7d_lookback_7d_dataset.csv,a0635ebba0a310e9ab1cbefb28182c028e9ea6102c57f662ef310deba3414c91,stratified_random_row_reference_80_20,random_row_reference,optimistic_random_reference,optimistic_reference_only,smart_only_conservative,raw_row,logistic_regression,logistic_regression,capacity_quartile,0,344301,433,168,65915,0.255003205171029,sufficient
v1.5.4,data/processed/reliability_v1_5_horizon_7d_lookback_7d_dataset.csv,a0635ebba0a310e9ab1cbefb28182c028e9ea6102c57f662ef310deba3414c91,stratified_random_row_reference_80_20,random_row_reference,optimistic_random_reference,optimistic_reference_only,smart_only_conservative,raw_row,logistic_regression,logistic_regression,capacity_quartile,1,451001,428,124,67612,0.28686697698424923,sufficient
v1.5.4,data/processed/reliability_v1_5_horizon_7d_lookback_7d_dataset.csv,a0635ebba0a310e9ab1cbefb28182c028e9ea6102c57f662ef310deba3414c91,stratified_random_row_reference_80_20,random_row_reference,optimistic_random_reference,optimistic_reference_only,smart_only_conservative,raw_row,logistic_regression,logistic_regression,capacity_quartile,2,183195,98,40,40817,0.2961593508184517,sufficient
v1.5.4,data/processed/reliability_v1_5_horizon_7d_lookback_7d_dataset.csv,a0635ebba0a310e9ab1cbefb28182c028e9ea6102c57f662ef310deba3414c91,stratified_random_row_reference_80_20,random_row_reference,optimistic_random_reference,optimistic_reference_only,smart_only_conservative,raw_row,random_forest,random_forest,all,all,978497,959,207,43628,0.10875498110772736,sufficient
v1.5.4,data/processed/reliability_v1_5_horizon_7d_lookback_7d_dataset.csv,a0635ebba0a310e9ab1cbefb28182c028e9ea6102c57f662ef310deba3414c91,stratified_random_row_reference_80_20,random_row_reference,optimistic_random_reference,optimistic_reference_only,smart_only_conservative,raw_row,random_forest,random_forest,model,Hitachi HDS722020ALA330,191872,38,6,1107,0.02043830290759108,sufficient
v1.5.4,data/processed/reliability_v1_5_horizon_7d_lookback_7d_dataset.csv,a0635ebba0a310e9ab1cbefb28182c028e9ea6102c57f662ef310deba3414c91,stratified_random_row_reference_80_20,random_row_reference,optimistic_random_reference,optimistic_reference_only,smart_only_conservative,raw_row,random_forest,random_forest,model,Hitachi HDS5C3030ALA630,186318,45,6,1487,0.02043830290759108,sufficient
v1.5.4,data/processed/reliability_v1_5_horizon_7d_lookback_7d_dataset.csv,a0635ebba0a310e9ab1cbefb28182c028e9ea6102c57f662ef310deba3414c91,stratified_random_row_reference_80_20,random_row_reference,optimistic_random_reference,optimistic_reference_only,smart_only_conservative,raw_row,random_forest,random_forest,model,ST3000DM001,181509,337,79,18606,0.3115534776136936,sufficient
v1.5.4,data/processed/reliability_v1_5_horizon_7d_lookback_7d_dataset.csv,a0635ebba0a310e9ab1cbefb28182c028e9ea6102c57f662ef310deba3414c91,stratified_random_row_reference_80_20,random_row_reference,optimistic_random_reference,optimistic_reference_only,smart_only_conservative,raw_row,random_forest,random_forest,model,Hitachi HDS5C4040ALE630,98022,24,12,285,0.07623628815936279,sufficient
v1.5.4,data/processed/reliability_v1_5_horizon_7d_lookback_7d_dataset.csv,a0635ebba0a310e9ab1cbefb28182c028e9ea6102c57f662ef310deba3414c91,stratified_random_row_reference_80_20,random_row_reference,optimistic_random_reference,optimistic_reference_only,smart_only_conservative,raw_row,random_forest,random_forest,model,ST31500541AS,82036,154,28,7560,0.27261157739602476,sufficient
v1.5.4,data/processed/reliability_v1_5_horizon_7d_lookback_7d_dataset.csv,a0635ebba0a310e9ab1cbefb28182c028e9ea6102c57f662ef310deba3414c91,stratified_random_row_reference_80_20,random_row_reference,optimistic_random_reference,optimistic_reference_only,smart_only_conservative,raw_row,random_forest,random_forest,model,ST4000DM000,76487,74,40,2917,0.3111820912777036,sufficient
v1.5.4,data/processed/reliability_v1_5_horizon_7d_lookback_7d_dataset.csv,a0635ebba0a310e9ab1cbefb28182c028e9ea6102c57f662ef310deba3414c91,stratified_random_row_reference_80_20,random_row_reference,optimistic_random_reference,optimistic_reference_only,smart_only_conservative,raw_row,random_forest,random_forest,model,Hitachi HDS723030ALA640,41452,8,0,526,0.01981884686440642,sufficient
v1.5.4,data/processed/reliability_v1_5_horizon_7d_lookback_7d_dataset.csv,a0635ebba0a310e9ab1cbefb28182c028e9ea6102c57f662ef310deba3414c91,stratified_random_row_reference_80_20,random_row_reference,optimistic_random_reference,optimistic_reference_only,smart_only_conservative,raw_row,random_forest,random_forest,model,ST31500341AS,27445,117,14,5063,0.3044584395567095,sufficient
v1.5.4,data/processed/reliability_v1_5_horizon_7d_lookback_7d_dataset.csv,a0635ebba0a310e9ab1cbefb28182c028e9ea6102c57f662ef310deba3414c91,stratified_random_row_reference_80_20,random_row_reference,optimistic_random_reference,optimistic_reference_only,smart_only_conservative,raw_row,random_forest,random_forest,model,WDC WD10EADS,19864,16,4,108,0.08911893668074893,sufficient
v1.5.4,data/processed/reliability_v1_5_horizon_7d_lookback_7d_dataset.csv,a0635ebba0a310e9ab1cbefb28182c028e9ea6102c57f662ef310deba3414c91,stratified_random_row_reference_80_20,random_row_reference,optimistic_random_reference,optimistic_reference_only,smart_only_conservative,raw_row,random_forest,random_forest,model,WDC WD30EZRX,18960,17,1,558,0.06625029171386931,sufficient
v1.5.4,data/processed/reliability_v1_5_horizon_7d_lookback_7d_dataset.csv,a0635ebba0a310e9ab1cbefb28182c028e9ea6102c57f662ef310deba3414c91,stratified_random_row_reference_80_20,random_row_reference,optimistic_random_reference,optimistic_reference_only,smart_only_conservative,raw_row,random_forest,random_forest,drive_age_quartile,0,246166,248,60,9961,0.2054173707503355,sufficient
v1.5.4,data/processed/reliability_v1_5_horizon_7d_lookback_7d_dataset.csv,a0635ebba0a310e9ab1cbefb28182c028e9ea6102c57f662ef310deba3414c91,stratified_random_row_reference_80_20,random_row_reference,optimistic_random_reference,optimistic_reference_only,smart_only_conservative,raw_row,random_forest,random_forest,drive_age_quartile,1,246341,228,63,9536,0.11010533785506386,sufficient
v1.5.4,data/processed/reliability_v1_5_horizon_7d_lookback_7d_dataset.csv,a0635ebba0a310e9ab1cbefb28182c028e9ea6102c57f662ef310deba3414c91,stratified_random_row_reference_80_20,random_row_reference,optimistic_random_reference,optimistic_reference_only,smart_only_conservative,raw_row,random_forest,random_forest,drive_age_quartile,2,242385,156,43,10335,0.10267971378057074,sufficient
v1.5.4,data/processed/reliability_v1_5_horizon_7d_lookback_7d_dataset.csv,a0635ebba0a310e9ab1cbefb28182c028e9ea6102c57f662ef310deba3414c91,stratified_random_row_reference_80_20,random_row_reference,optimistic_random_reference,optimistic_reference_only,smart_only_conservative,raw_row,random_forest,random_forest,drive_age_quartile,3,243605,327,41,13796,0.06031732827631417,sufficient
v1.5.4,data/processed/reliability_v1_5_horizon_7d_lookback_7d_dataset.csv,a0635ebba0a310e9ab1cbefb28182c028e9ea6102c57f662ef310deba3414c91,stratified_random_row_reference_80_20,random_row_reference,optimistic_random_reference,optimistic_reference_only,smart_only_conservative,raw_row,random_forest,random_forest,lookback_density_quartile,0,978497,959,207,43628,0.10875498110772736,sufficient
v1.5.4,data/processed/reliability_v1_5_horizon_7d_lookback_7d_dataset.csv,a0635ebba0a310e9ab1cbefb28182c028e9ea6102c57f662ef310deba3414c91,stratified_random_row_reference_80_20,random_row_reference,optimistic_random_reference,optimistic_reference_only,smart_only_conservative,raw_row,random_forest,random_forest,capacity_quartile,0,344301,433,63,17585,0.06453740591409707,sufficient
v1.5.4,data/processed/reliability_v1_5_horizon_7d_lookback_7d_dataset.csv,a0635ebba0a310e9ab1cbefb28182c028e9ea6102c57f662ef310deba3414c91,stratified_random_row_reference_80_20,random_row_reference,optimistic_random_reference,optimistic_reference_only,smart_only_conservative,raw_row,random_forest,random_forest,capacity_quartile,1,451001,428,92,22554,0.11287012293221164,sufficient
v1.5.4,data/processed/reliability_v1_5_horizon_7d_lookback_7d_dataset.csv,a0635ebba0a310e9ab1cbefb28182c028e9ea6102c57f662ef310deba3414c91,stratified_random_row_reference_80_20,random_row_reference,optimistic_random_reference,optimistic_reference_only,smart_only_conservative,raw_row,random_forest,random_forest,capacity_quartile,2,183195,98,52,3489,0.18361841581360053,sufficient
v1.5.4,data/processed/reliability_v1_5_horizon_7d_lookback_7d_dataset.csv,a0635ebba0a310e9ab1cbefb28182c028e9ea6102c57f662ef310deba3414c91,stratified_random_row_reference_80_20,random_row_reference,optimistic_random_reference,optimistic_reference_only,smart_only_conservative,raw_row,hist_gradient_boosting,hist_gradient_boosting,all,all,978497,959,214,86666,0.2116851690202649,sufficient
v1.5.4,data/processed/reliability_v1_5_horizon_7d_lookback_7d_dataset.csv,a0635ebba0a310e9ab1cbefb28182c028e9ea6102c57f662ef310deba3414c91,stratified_random_row_reference_80_20,random_row_reference,optimistic_random_reference,optimistic_reference_only,smart_only_conservative,raw_row,hist_gradient_boosting,hist_gradient_boosting,model,Hitachi HDS722020ALA330,191872,38,12,5553,0.12096652242304635,sufficient
v1.5.4,data/processed/reliability_v1_5_horizon_7d_lookback_7d_dataset.csv,a0635ebba0a310e9ab1cbefb28182c028e9ea6102c57f662ef310deba3414c91,stratified_random_row_reference_80_20,random_row_reference,optimistic_random_reference,optimistic_reference_only,smart_only_conservative,raw_row,hist_gradient_boosting,hist_gradient_boosting,model,Hitachi HDS5C3030ALA630,186318,45,6,4637,0.12096652242304635,sufficient
v1.5.4,data/processed/reliability_v1_5_horizon_7d_lookback_7d_dataset.csv,a0635ebba0a310e9ab1cbefb28182c028e9ea6102c57f662ef310deba3414c91,stratified_random_row_reference_80_20,random_row_reference,optimistic_random_reference,optimistic_reference_only,smart_only_conservative,raw_row,hist_gradient_boosting,hist_gradient_boosting,model,ST3000DM001,181509,337,75,30880,0.34128579286686395,sufficient
v1.5.4,data/processed/reliability_v1_5_horizon_7d_lookback_7d_dataset.csv,a0635ebba0a310e9ab1cbefb28182c028e9ea6102c57f662ef310deba3414c91,stratified_random_row_reference_80_20,random_row_reference,optimistic_random_reference,optimistic_reference_only,smart_only_conservative,raw_row,hist_gradient_boosting,hist_gradient_boosting,model,Hitachi HDS5C4040ALE630,98022,24,14,418,0.20354227141617753,sufficient
v1.5.4,data/processed/reliability_v1_5_horizon_7d_lookback_7d_dataset.csv,a0635ebba0a310e9ab1cbefb28182c028e9ea6102c57f662ef310deba3414c91,stratified_random_row_reference_80_20,random_row_reference,optimistic_random_reference,optimistic_reference_only,smart_only_conservative,raw_row,hist_gradient_boosting,hist_gradient_boosting,model,ST31500541AS,82036,154,26,12154,0.33053754763821314,sufficient
v1.5.4,data/processed/reliability_v1_5_horizon_7d_lookback_7d_dataset.csv,a0635ebba0a310e9ab1cbefb28182c028e9ea6102c57f662ef310deba3414c91,stratified_random_row_reference_80_20,random_row_reference,optimistic_random_reference,optimistic_reference_only,smart_only_conservative,raw_row,hist_gradient_boosting,hist_gradient_boosting,model,ST4000DM000,76487,74,41,5724,0.34128579286686395,sufficient
v1.5.4,data/processed/reliability_v1_5_horizon_7d_lookback_7d_dataset.csv,a0635ebba0a310e9ab1cbefb28182c028e9ea6102c57f662ef310deba3414c91,stratified_random_row_reference_80_20,random_row_reference,optimistic_random_reference,optimistic_reference_only,smart_only_conservative,raw_row,hist_gradient_boosting,hist_gradient_boosting,model,Hitachi HDS723030ALA640,41452,8,2,2801,0.12096652242304635,sufficient
v1.5.4,data/processed/reliability_v1_5_horizon_7d_lookback_7d_dataset.csv,a0635ebba0a310e9ab1cbefb28182c028e9ea6102c57f662ef310deba3414c91,stratified_random_row_reference_80_20,random_row_reference,optimistic_random_reference,optimistic_reference_only,smart_only_conservative,raw_row,hist_gradient_boosting,hist_gradient_boosting,model,ST31500341AS,27445,117,13,8811,0.34362389085360745,sufficient
v1.5.4,data/processed/reliability_v1_5_horizon_7d_lookback_7d_dataset.csv,a0635ebba0a310e9ab1cbefb28182c028e9ea6102c57f662ef310deba3414c91,stratified_random_row_reference_80_20,random_row_reference,optimistic_random_reference,optimistic_reference_only,smart_only_conservative,raw_row,hist_gradient_boosting,hist_gradient_boosting,model,WDC WD10EADS,19864,16,5,592,0.13743834163662533,sufficient
v1.5.4,data/processed/reliability_v1_5_horizon_7d_lookback_7d_dataset.csv,a0635ebba0a310e9ab1cbefb28182c028e9ea6102c57f662ef310deba3414c91,stratified_random_row_reference_80_20,random_row_reference,optimistic_random_reference,optimistic_reference_only,smart_only_conservative,raw_row,hist_gradient_boosting,hist_gradient_boosting,model,WDC WD30EZRX,18960,17,1,6404,0.1649570338550193,sufficient
v1.5.4,data/processed/reliability_v1_5_horizon_7d_lookback_7d_dataset.csv,a0635ebba0a310e9ab1cbefb28182c028e9ea6102c57f662ef310deba3414c91,stratified_random_row_reference_80_20,random_row_reference,optimistic_random_reference,optimistic_reference_only,smart_only_conservative,raw_row,hist_gradient_boosting,hist_gradient_boosting,drive_age_quartile,0,246166,248,64,21727,0.3146858205792346,sufficient
v1.5.4,data/processed/reliability_v1_5_horizon_7d_lookback_7d_dataset.csv,a0635ebba0a310e9ab1cbefb28182c028e9ea6102c57f662ef310deba3414c91,stratified_random_row_reference_80_20,random_row_reference,optimistic_random_reference,optimistic_reference_only,smart_only_conservative,raw_row,hist_gradient_boosting,hist_gradient_boosting,drive_age_quartile,1,246341,228,63,19268,0.20456809945578558,sufficient
v1.5.4,data/processed/reliability_v1_5_horizon_7d_lookback_7d_dataset.csv,a0635ebba0a310e9ab1cbefb28182c028e9ea6102c57f662ef310deba3414c91,stratified_random_row_reference_80_20,random_row_reference,optimistic_random_reference,optimistic_reference_only,smart_only_conservative,raw_row,hist_gradient_boosting,hist_gradient_boosting,drive_age_quartile,2,242385,156,39,21521,0.19570370144681104,sufficient
v1.5.4,data/processed/reliability_v1_5_horizon_7d_lookback_7d_dataset.csv,a0635ebba0a310e9ab1cbefb28182c028e9ea6102c57f662ef310deba3414c91,stratified_random_row_reference_80_20,random_row_reference,optimistic_random_reference,optimistic_reference_only,smart_only_conservative,raw_row,hist_gradient_boosting,hist_gradient_boosting,drive_age_quartile,3,243605,327,48,24150,0.1649570338550193,sufficient
v1.5.4,data/processed/reliability_v1_5_horizon_7d_lookback_7d_dataset.csv,a0635ebba0a310e9ab1cbefb28182c028e9ea6102c57f662ef310deba3414c91,stratified_random_row_reference_80_20,random_row_reference,optimistic_random_reference,optimistic_reference_only,smart_only_conservative,raw_row,hist_gradient_boosting,hist_gradient_boosting,lookback_density_quartile,0,978497,959,214,86666,0.2116851690202649,sufficient
v1.5.4,data/processed/reliability_v1_5_horizon_7d_lookback_7d_dataset.csv,a0635ebba0a310e9ab1cbefb28182c028e9ea6102c57f662ef310deba3414c91,stratified_random_row_reference_80_20,random_row_reference,optimistic_random_reference,optimistic_reference_only,smart_only_conservative,raw_row,hist_gradient_boosting,hist_gradient_boosting,capacity_quartile,0,344301,433,66,32280,0.1649570338550193,sufficient
v1.5.4,data/processed/reliability_v1_5_horizon_7d_lookback_7d_dataset.csv,a0635ebba0a310e9ab1cbefb28182c028e9ea6102c57f662ef310deba3414c91,stratified_random_row_reference_80_20,random_row_reference,optimistic_random_reference,optimistic_reference_only,smart_only_conservative,raw_row,hist_gradient_boosting,hist_gradient_boosting,capacity_quartile,1,451001,428,93,46806,0.2078105530061411,sufficient
v1.5.4,data/processed/reliability_v1_5_horizon_7d_lookback_7d_dataset.csv,a0635ebba0a310e9ab1cbefb28182c028e9ea6102c57f662ef310deba3414c91,stratified_random_row_reference_80_20,random_row_reference,optimistic_random_reference,optimistic_reference_only,smart_only_conservative,raw_row,hist_gradient_boosting,hist_gradient_boosting,capacity_quartile,2,183195,98,55,7580,0.30757198116034856,sufficient
v1.5.4,data/processed/reliability_v1_5_horizon_7d_lookback_7d_dataset.csv,a0635ebba0a310e9ab1cbefb28182c028e9ea6102c57f662ef310deba3414c91,stratified_random_row_reference_80_20,random_row_reference,optimistic_random_reference,optimistic_reference_only,smart_plus_safe_operational_metadata,asset_balanced,dummy_prior,dummy_prior,all,all,978497,959,0,977538,0.8012320033973271,sufficient
v1.5.4,data/processed/reliability_v1_5_horizon_7d_lookback_7d_dataset.csv,a0635ebba0a310e9ab1cbefb28182c028e9ea6102c57f662ef310deba3414c91,stratified_random_row_reference_80_20,random_row_reference,optimistic_random_reference,optimistic_reference_only,smart_plus_safe_operational_metadata,asset_balanced,dummy_prior,dummy_prior,model,Hitachi HDS722020ALA330,191872,38,0,191834,0.8012320033973271,sufficient
v1.5.4,data/processed/reliability_v1_5_horizon_7d_lookback_7d_dataset.csv,a0635ebba0a310e9ab1cbefb28182c028e9ea6102c57f662ef310deba3414c91,stratified_random_row_reference_80_20,random_row_reference,optimistic_random_reference,optimistic_reference_only,smart_plus_safe_operational_metadata,asset_balanced,dummy_prior,dummy_prior,model,Hitachi HDS5C3030ALA630,186318,45,0,186273,0.8012320033973271,sufficient
v1.5.4,data/processed/reliability_v1_5_horizon_7d_lookback_7d_dataset.csv,a0635ebba0a310e9ab1cbefb28182c028e9ea6102c57f662ef310deba3414c91,stratified_random_row_reference_80_20,random_row_reference,optimistic_random_reference,optimistic_reference_only,smart_plus_safe_operational_metadata,asset_balanced,dummy_prior,dummy_prior,model,ST3000DM001,181509,337,0,181172,0.8012320033973271,sufficient
v1.5.4,data/processed/reliability_v1_5_horizon_7d_lookback_7d_dataset.csv,a0635ebba0a310e9ab1cbefb28182c028e9ea6102c57f662ef310deba3414c91,stratified_random_row_reference_80_20,random_row_reference,optimistic_random_reference,optimistic_reference_only,smart_plus_safe_operational_metadata,asset_balanced,dummy_prior,dummy_prior,model,Hitachi HDS5C4040ALE630,98022,24,0,97998,0.8012320033973271,sufficient
v1.5.4,data/processed/reliability_v1_5_horizon_7d_lookback_7d_dataset.csv,a0635ebba0a310e9ab1cbefb28182c028e9ea6102c57f662ef310deba3414c91,stratified_random_row_reference_80_20,random_row_reference,optimistic_random_reference,optimistic_reference_only,smart_plus_safe_operational_metadata,asset_balanced,dummy_prior,dummy_prior,model,ST31500541AS,82036,154,0,81882,0.8012320033973271,sufficient
v1.5.4,data/processed/reliability_v1_5_horizon_7d_lookback_7d_dataset.csv,a0635ebba0a310e9ab1cbefb28182c028e9ea6102c57f662ef310deba3414c91,stratified_random_row_reference_80_20,random_row_reference,optimistic_random_reference,optimistic_reference_only,smart_plus_safe_operational_metadata,asset_balanced,dummy_prior,dummy_prior,model,ST4000DM000,76487,74,0,76413,0.8012320033973271,sufficient
v1.5.4,data/processed/reliability_v1_5_horizon_7d_lookback_7d_dataset.csv,a0635ebba0a310e9ab1cbefb28182c028e9ea6102c57f662ef310deba3414c91,stratified_random_row_reference_80_20,random_row_reference,optimistic_random_reference,optimistic_reference_only,smart_plus_safe_operational_metadata,asset_balanced,dummy_prior,dummy_prior,model,Hitachi HDS723030ALA640,41452,8,0,41444,0.8012320033973271,sufficient
v1.5.4,data/processed/reliability_v1_5_horizon_7d_lookback_7d_dataset.csv,a0635ebba0a310e9ab1cbefb28182c028e9ea6102c57f662ef310deba3414c91,stratified_random_row_reference_80_20,random_row_reference,optimistic_random_reference,optimistic_reference_only,smart_plus_safe_operational_metadata,asset_balanced,dummy_prior,dummy_prior,model,ST31500341AS,27445,117,0,27328,0.8012320033973271,sufficient
v1.5.4,data/processed/reliability_v1_5_horizon_7d_lookback_7d_dataset.csv,a0635ebba0a310e9ab1cbefb28182c028e9ea6102c57f662ef310deba3414c91,stratified_random_row_reference_80_20,random_row_reference,optimistic_random_reference,optimistic_reference_only,smart_plus_safe_operational_metadata,asset_balanced,dummy_prior,dummy_prior,model,WDC WD10EADS,19864,16,0,19848,0.8012320033973271,sufficient
v1.5.4,data/processed/reliability_v1_5_horizon_7d_lookback_7d_dataset.csv,a0635ebba0a310e9ab1cbefb28182c028e9ea6102c57f662ef310deba3414c91,stratified_random_row_reference_80_20,random_row_reference,optimistic_random_reference,optimistic_reference_only,smart_plus_safe_operational_metadata,asset_balanced,dummy_prior,dummy_prior,model,WDC WD30EZRX,18960,17,0,18943,0.8012320033973271,sufficient
v1.5.4,data/processed/reliability_v1_5_horizon_7d_lookback_7d_dataset.csv,a0635ebba0a310e9ab1cbefb28182c028e9ea6102c57f662ef310deba3414c91,stratified_random_row_reference_80_20,random_row_reference,optimistic_random_reference,optimistic_reference_only,smart_plus_safe_operational_metadata,asset_balanced,dummy_prior,dummy_prior,drive_age_quartile,0,246166,248,0,245918,0.8012320033973271,sufficient
v1.5.4,data/processed/reliability_v1_5_horizon_7d_lookback_7d_dataset.csv,a0635ebba0a310e9ab1cbefb28182c028e9ea6102c57f662ef310deba3414c91,stratified_random_row_reference_80_20,random_row_reference,optimistic_random_reference,optimistic_reference_only,smart_plus_safe_operational_metadata,asset_balanced,dummy_prior,dummy_prior,drive_age_quartile,1,246341,228,0,246113,0.8012320033973271,sufficient
v1.5.4,data/processed/reliability_v1_5_horizon_7d_lookback_7d_dataset.csv,a0635ebba0a310e9ab1cbefb28182c028e9ea6102c57f662ef310deba3414c91,stratified_random_row_reference_80_20,random_row_reference,optimistic_random_reference,optimistic_reference_only,smart_plus_safe_operational_metadata,asset_balanced,dummy_prior,dummy_prior,drive_age_quartile,2,242385,156,0,242229,0.8012320033973271,sufficient
v1.5.4,data/processed/reliability_v1_5_horizon_7d_lookback_7d_dataset.csv,a0635ebba0a310e9ab1cbefb28182c028e9ea6102c57f662ef310deba3414c91,stratified_random_row_reference_80_20,random_row_reference,optimistic_random_reference,optimistic_reference_only,smart_plus_safe_operational_metadata,asset_balanced,dummy_prior,dummy_prior,drive_age_quartile,3,243605,327,0,243278,0.8012320033973271,sufficient
v1.5.4,data/processed/reliability_v1_5_horizon_7d_lookback_7d_dataset.csv,a0635ebba0a310e9ab1cbefb28182c028e9ea6102c57f662ef310deba3414c91,stratified_random_row_reference_80_20,random_row_reference,optimistic_random_reference,optimistic_reference_only,smart_plus_safe_operational_metadata,asset_balanced,dummy_prior,dummy_prior,lookback_density_quartile,0,978497,959,0,977538,0.8012320033973271,sufficient
v1.5.4,data/processed/reliability_v1_5_horizon_7d_lookback_7d_dataset.csv,a0635ebba0a310e9ab1cbefb28182c028e9ea6102c57f662ef310deba3414c91,stratified_random_row_reference_80_20,random_row_reference,optimistic_random_reference,optimistic_reference_only,smart_plus_safe_operational_metadata,asset_balanced,dummy_prior,dummy_prior,capacity_quartile,0,344301,433,0,343868,0.8012320033973271,sufficient
v1.5.4,data/processed/reliability_v1_5_horizon_7d_lookback_7d_dataset.csv,a0635ebba0a310e9ab1cbefb28182c028e9ea6102c57f662ef310deba3414c91,stratified_random_row_reference_80_20,random_row_reference,optimistic_random_reference,optimistic_reference_only,smart_plus_safe_operational_metadata,asset_balanced,dummy_prior,dummy_prior,capacity_quartile,1,451001,428,0,450573,0.8012320033973271,sufficient
v1.5.4,data/processed/reliability_v1_5_horizon_7d_lookback_7d_dataset.csv,a0635ebba0a310e9ab1cbefb28182c028e9ea6102c57f662ef310deba3414c91,stratified_random_row_reference_80_20,random_row_reference,optimistic_random_reference,optimistic_reference_only,smart_plus_safe_operational_metadata,asset_balanced,dummy_prior,dummy_prior,capacity_quartile,2,183195,98,0,183097,0.8012320033973271,sufficient
v1.5.4,data/processed/reliability_v1_5_horizon_7d_lookback_7d_dataset.csv,a0635ebba0a310e9ab1cbefb28182c028e9ea6102c57f662ef310deba3414c91,stratified_random_row_reference_80_20,random_row_reference,optimistic_random_reference,optimistic_reference_only,smart_plus_safe_operational_metadata,asset_balanced,logistic_regression,logistic_regression,all,all,978497,959,267,169371,0.21340763562042353,sufficient
v1.5.4,data/processed/reliability_v1_5_horizon_7d_lookback_7d_dataset.csv,a0635ebba0a310e9ab1cbefb28182c028e9ea6102c57f662ef310deba3414c91,stratified_random_row_reference_80_20,random_row_reference,optimistic_random_reference,optimistic_reference_only,smart_plus_safe_operational_metadata,asset_balanced,logistic_regression,logistic_regression,model,Hitachi HDS722020ALA330,191872,38,25,144,0.11942969920809178,sufficient
v1.5.4,data/processed/reliability_v1_5_horizon_7d_lookback_7d_dataset.csv,a0635ebba0a310e9ab1cbefb28182c028e9ea6102c57f662ef310deba3414c91,stratified_random_row_reference_80_20,random_row_reference,optimistic_random_reference,optimistic_reference_only,smart_plus_safe_operational_metadata,asset_balanced,logistic_regression,logistic_regression,model,Hitachi HDS5C3030ALA630,186318,45,24,446,0.09656036946636187,sufficient
v1.5.4,data/processed/reliability_v1_5_horizon_7d_lookback_7d_dataset.csv,a0635ebba0a310e9ab1cbefb28182c028e9ea6102c57f662ef310deba3414c91,stratified_random_row_reference_80_20,random_row_reference,optimistic_random_reference,optimistic_reference_only,smart_plus_safe_operational_metadata,asset_balanced,logistic_regression,logistic_regression,model,ST3000DM001,181509,337,82,72965,0.4773250783129236,sufficient
v1.5.4,data/processed/reliability_v1_5_horizon_7d_lookback_7d_dataset.csv,a0635ebba0a310e9ab1cbefb28182c028e9ea6102c57f662ef310deba3414c91,stratified_random_row_reference_80_20,random_row_reference,optimistic_random_reference,optimistic_reference_only,smart_plus_safe_operational_metadata,asset_balanced,logistic_regression,logistic_regression,model,Hitachi HDS5C4040ALE630,98022,24,21,213,0.19184196457903768,sufficient
v1.5.4,data/processed/reliability_v1_5_horizon_7d_lookback_7d_dataset.csv,a0635ebba0a310e9ab1cbefb28182c028e9ea6102c57f662ef310deba3414c91,stratified_random_row_reference_80_20,random_row_reference,optimistic_random_reference,optimistic_reference_only,smart_plus_safe_operational_metadata,asset_balanced,logistic_regression,logistic_regression,model,ST31500541AS,82036,154,23,46993,0.516131071802119,sufficient
v1.5.4,data/processed/reliability_v1_5_horizon_7d_lookback_7d_dataset.csv,a0635ebba0a310e9ab1cbefb28182c028e9ea6102c57f662ef310deba3414c91,stratified_random_row_reference_80_20,random_row_reference,optimistic_random_reference,optimistic_reference_only,smart_plus_safe_operational_metadata,asset_balanced,logistic_regression,logistic_regression,model,ST4000DM000,76487,74,60,1373,0.24714934781568487,sufficient
v1.5.4,data/processed/reliability_v1_5_horizon_7d_lookback_7d_dataset.csv,a0635ebba0a310e9ab1cbefb28182c028e9ea6102c57f662ef310deba3414c91,stratified_random_row_reference_80_20,random_row_reference,optimistic_random_reference,optimistic_reference_only,smart_plus_safe_operational_metadata,asset_balanced,logistic_regression,logistic_regression,model,Hitachi HDS723030ALA640,41452,8,5,20,0.1265476827631347,sufficient
v1.5.4,data/processed/reliability_v1_5_horizon_7d_lookback_7d_dataset.csv,a0635ebba0a310e9ab1cbefb28182c028e9ea6102c57f662ef310deba3414c91,stratified_random_row_reference_80_20,random_row_reference,optimistic_random_reference,optimistic_reference_only,smart_plus_safe_operational_metadata,asset_balanced,logistic_regression,logistic_regression,model,ST31500341AS,27445,117,0,27108,0.6936187909962964,sufficient
v1.5.4,data/processed/reliability_v1_5_horizon_7d_lookback_7d_dataset.csv,a0635ebba0a310e9ab1cbefb28182c028e9ea6102c57f662ef310deba3414c91,stratified_random_row_reference_80_20,random_row_reference,optimistic_random_reference,optimistic_reference_only,smart_plus_safe_operational_metadata,asset_balanced,logistic_regression,logistic_regression,model,WDC WD10EADS,19864,16,3,2504,0.3786756786967358,sufficient
v1.5.4,data/processed/reliability_v1_5_horizon_7d_lookback_7d_dataset.csv,a0635ebba0a310e9ab1cbefb28182c028e9ea6102c57f662ef310deba3414c91,stratified_random_row_reference_80_20,random_row_reference,optimistic_random_reference,optimistic_reference_only,smart_plus_safe_operational_metadata,asset_balanced,logistic_regression,logistic_regression,model,WDC WD30EZRX,18960,17,12,2059,0.37031759388424607,sufficient
v1.5.4,data/processed/reliability_v1_5_horizon_7d_lookback_7d_dataset.csv,a0635ebba0a310e9ab1cbefb28182c028e9ea6102c57f662ef310deba3414c91,stratified_random_row_reference_80_20,random_row_reference,optimistic_random_reference,optimistic_reference_only,smart_plus_safe_operational_metadata,asset_balanced,logistic_regression,logistic_regression,drive_age_quartile,0,246166,248,55,69537,0.26167031856252126,sufficient
v1.5.4,data/processed/reliability_v1_5_horizon_7d_lookback_7d_dataset.csv,a0635ebba0a310e9ab1cbefb28182c028e9ea6102c57f662ef310deba3414c91,stratified_random_row_reference_80_20,random_row_reference,optimistic_random_reference,optimistic_reference_only,smart_plus_safe_operational_metadata,asset_balanced,logistic_regression,logistic_regression,drive_age_quartile,1,246341,228,56,46573,0.21345495991812705,sufficient
v1.5.4,data/processed/reliability_v1_5_horizon_7d_lookback_7d_dataset.csv,a0635ebba0a310e9ab1cbefb28182c028e9ea6102c57f662ef310deba3414c91,stratified_random_row_reference_80_20,random_row_reference,optimistic_random_reference,optimistic_reference_only,smart_plus_safe_operational_metadata,asset_balanced,logistic_regression,logistic_regression,drive_age_quartile,2,242385,156,47,30456,0.19176760788938355,sufficient
v1.5.4,data/processed/reliability_v1_5_horizon_7d_lookback_7d_dataset.csv,a0635ebba0a310e9ab1cbefb28182c028e9ea6102c57f662ef310deba3414c91,stratified_random_row_reference_80_20,random_row_reference,optimistic_random_reference,optimistic_reference_only,smart_plus_safe_operational_metadata,asset_balanced,logistic_regression,logistic_regression,drive_age_quartile,3,243605,327,109,22805,0.1472730512939967,sufficient
v1.5.4,data/processed/reliability_v1_5_horizon_7d_lookback_7d_dataset.csv,a0635ebba0a310e9ab1cbefb28182c028e9ea6102c57f662ef310deba3414c91,stratified_random_row_reference_80_20,random_row_reference,optimistic_random_reference,optimistic_reference_only,smart_plus_safe_operational_metadata,asset_balanced,logistic_regression,logistic_regression,lookback_density_quartile,0,978497,959,267,169371,0.21340763562042353,sufficient
v1.5.4,data/processed/reliability_v1_5_horizon_7d_lookback_7d_dataset.csv,a0635ebba0a310e9ab1cbefb28182c028e9ea6102c57f662ef310deba3414c91,stratified_random_row_reference_80_20,random_row_reference,optimistic_random_reference,optimistic_reference_only,smart_plus_safe_operational_metadata,asset_balanced,logistic_regression,logistic_regression,capacity_quartile,0,344301,433,54,84939,0.17449233638273168,sufficient
v1.5.4,data/processed/reliability_v1_5_horizon_7d_lookback_7d_dataset.csv,a0635ebba0a310e9ab1cbefb28182c028e9ea6102c57f662ef310deba3414c91,stratified_random_row_reference_80_20,random_row_reference,optimistic_random_reference,optimistic_reference_only,smart_plus_safe_operational_metadata,asset_balanced,logistic_regression,logistic_regression,capacity_quartile,1,451001,428,132,82639,0.26562242875382824,sufficient
v1.5.4,data/processed/reliability_v1_5_horizon_7d_lookback_7d_dataset.csv,a0635ebba0a310e9ab1cbefb28182c028e9ea6102c57f662ef310deba3414c91,stratified_random_row_reference_80_20,random_row_reference,optimistic_random_reference,optimistic_reference_only,smart_plus_safe_operational_metadata,asset_balanced,logistic_regression,logistic_regression,capacity_quartile,2,183195,98,81,1793,0.2173035342451548,sufficient
v1.5.4,data/processed/reliability_v1_5_horizon_7d_lookback_7d_dataset.csv,a0635ebba0a310e9ab1cbefb28182c028e9ea6102c57f662ef310deba3414c91,stratified_random_row_reference_80_20,random_row_reference,optimistic_random_reference,optimistic_reference_only,smart_plus_safe_operational_metadata,asset_balanced,random_forest,random_forest,all,all,978497,959,234,30231,0.08066668002880266,sufficient
v1.5.4,data/processed/reliability_v1_5_horizon_7d_lookback_7d_dataset.csv,a0635ebba0a310e9ab1cbefb28182c028e9ea6102c57f662ef310deba3414c91,stratified_random_row_reference_80_20,random_row_reference,optimistic_random_reference,optimistic_reference_only,smart_plus_safe_operational_metadata,asset_balanced,random_forest,random_forest,model,Hitachi HDS722020ALA330,191872,38,14,942,0.029075725600342103,sufficient
v1.5.4,data/processed/reliability_v1_5_horizon_7d_lookback_7d_dataset.csv,a0635ebba0a310e9ab1cbefb28182c028e9ea6102c57f662ef310deba3414c91,stratified_random_row_reference_80_20,random_row_reference,optimistic_random_reference,optimistic_reference_only,smart_plus_safe_operational_metadata,asset_balanced,random_forest,random_forest,model,Hitachi HDS5C3030ALA630,186318,45,5,916,0.02429847407780931,sufficient
v1.5.4,data/processed/reliability_v1_5_horizon_7d_lookback_7d_dataset.csv,a0635ebba0a310e9ab1cbefb28182c028e9ea6102c57f662ef310deba3414c91,stratified_random_row_reference_80_20,random_row_reference,optimistic_random_reference,optimistic_reference_only,smart_plus_safe_operational_metadata,asset_balanced,random_forest,random_forest,model,ST3000DM001,181509,337,88,12935,0.2319315216185401,sufficient
v1.5.4,data/processed/reliability_v1_5_horizon_7d_lookback_7d_dataset.csv,a0635ebba0a310e9ab1cbefb28182c028e9ea6102c57f662ef310deba3414c91,stratified_random_row_reference_80_20,random_row_reference,optimistic_random_reference,optimistic_reference_only,smart_plus_safe_operational_metadata,asset_balanced,random_forest,random_forest,model,Hitachi HDS5C4040ALE630,98022,24,14,245,0.05119115825976709,sufficient
v1.5.4,data/processed/reliability_v1_5_horizon_7d_lookback_7d_dataset.csv,a0635ebba0a310e9ab1cbefb28182c028e9ea6102c57f662ef310deba3414c91,stratified_random_row_reference_80_20,random_row_reference,optimistic_random_reference,optimistic_reference_only,smart_plus_safe_operational_metadata,asset_balanced,random_forest,random_forest,model,ST31500541AS,82036,154,34,4761,0.2337207433881324,sufficient
v1.5.4,data/processed/reliability_v1_5_horizon_7d_lookback_7d_dataset.csv,a0635ebba0a310e9ab1cbefb28182c028e9ea6102c57f662ef310deba3414c91,stratified_random_row_reference_80_20,random_row_reference,optimistic_random_reference,optimistic_reference_only,smart_plus_safe_operational_metadata,asset_balanced,random_forest,random_forest,model,ST4000DM000,76487,74,42,528,0.18035847614735748,sufficient
v1.5.4,data/processed/reliability_v1_5_horizon_7d_lookback_7d_dataset.csv,a0635ebba0a310e9ab1cbefb28182c028e9ea6102c57f662ef310deba3414c91,stratified_random_row_reference_80_20,random_row_reference,optimistic_random_reference,optimistic_reference_only,smart_plus_safe_operational_metadata,asset_balanced,random_forest,random_forest,model,Hitachi HDS723030ALA640,41452,8,3,317,0.03386905902602205,sufficient
v1.5.4,data/processed/reliability_v1_5_horizon_7d_lookback_7d_dataset.csv,a0635ebba0a310e9ab1cbefb28182c028e9ea6102c57f662ef310deba3414c91,stratified_random_row_reference_80_20,random_row_reference,optimistic_random_reference,optimistic_reference_only,smart_plus_safe_operational_metadata,asset_balanced,random_forest,random_forest,model,ST31500341AS,27445,117,13,5192,0.24673726272488627,sufficient
v1.5.4,data/processed/reliability_v1_5_horizon_7d_lookback_7d_dataset.csv,a0635ebba0a310e9ab1cbefb28182c028e9ea6102c57f662ef310deba3414c91,stratified_random_row_reference_80_20,random_row_reference,optimistic_random_reference,optimistic_reference_only,smart_plus_safe_operational_metadata,asset_balanced,random_forest,random_forest,model,WDC WD10EADS,19864,16,5,101,0.07067676333127125,sufficient
v1.5.4,data/processed/reliability_v1_5_horizon_7d_lookback_7d_dataset.csv,a0635ebba0a310e9ab1cbefb28182c028e9ea6102c57f662ef310deba3414c91,stratified_random_row_reference_80_20,random_row_reference,optimistic_random_reference,optimistic_reference_only,smart_plus_safe_operational_metadata,asset_balanced,random_forest,random_forest,model,WDC WD30EZRX,18960,17,1,390,0.06101520371273445,sufficient
v1.5.4,data/processed/reliability_v1_5_horizon_7d_lookback_7d_dataset.csv,a0635ebba0a310e9ab1cbefb28182c028e9ea6102c57f662ef310deba3414c91,stratified_random_row_reference_80_20,random_row_reference,optimistic_random_reference,optimistic_reference_only,smart_plus_safe_operational_metadata,asset_balanced,random_forest,random_forest,drive_age_quartile,0,246166,248,62,7009,0.15532818759443837,sufficient
v1.5.4,data/processed/reliability_v1_5_horizon_7d_lookback_7d_dataset.csv,a0635ebba0a310e9ab1cbefb28182c028e9ea6102c57f662ef310deba3414c91,stratified_random_row_reference_80_20,random_row_reference,optimistic_random_reference,optimistic_reference_only,smart_plus_safe_operational_metadata,asset_balanced,random_forest,random_forest,drive_age_quartile,1,246341,228,68,6786,0.08774341194260293,sufficient
v1.5.4,data/processed/reliability_v1_5_horizon_7d_lookback_7d_dataset.csv,a0635ebba0a310e9ab1cbefb28182c028e9ea6102c57f662ef310deba3414c91,stratified_random_row_reference_80_20,random_row_reference,optimistic_random_reference,optimistic_reference_only,smart_plus_safe_operational_metadata,asset_balanced,random_forest,random_forest,drive_age_quartile,2,242385,156,49,7106,0.07374419439213571,sufficient
v1.5.4,data/processed/reliability_v1_5_horizon_7d_lookback_7d_dataset.csv,a0635ebba0a310e9ab1cbefb28182c028e9ea6102c57f662ef310deba3414c91,stratified_random_row_reference_80_20,random_row_reference,optimistic_random_reference,optimistic_reference_only,smart_plus_safe_operational_metadata,asset_balanced,random_forest,random_forest,drive_age_quartile,3,243605,327,55,9330,0.038176552049810415,sufficient
v1.5.4,data/processed/reliability_v1_5_horizon_7d_lookback_7d_dataset.csv,a0635ebba0a310e9ab1cbefb28182c028e9ea6102c57f662ef310deba3414c91,stratified_random_row_reference_80_20,random_row_reference,optimistic_random_reference,optimistic_reference_only,smart_plus_safe_operational_metadata,asset_balanced,random_forest,random_forest,lookback_density_quartile,0,978497,959,234,30231,0.08066668002880266,sufficient
v1.5.4,data/processed/reliability_v1_5_horizon_7d_lookback_7d_dataset.csv,a0635ebba0a310e9ab1cbefb28182c028e9ea6102c57f662ef310deba3414c91,stratified_random_row_reference_80_20,random_row_reference,optimistic_random_reference,optimistic_reference_only,smart_plus_safe_operational_metadata,asset_balanced,random_forest,random_forest,capacity_quartile,0,344301,433,71,14338,0.057094387473481834,sufficient
v1.5.4,data/processed/reliability_v1_5_horizon_7d_lookback_7d_dataset.csv,a0635ebba0a310e9ab1cbefb28182c028e9ea6102c57f662ef310deba3414c91,stratified_random_row_reference_80_20,random_row_reference,optimistic_random_reference,optimistic_reference_only,smart_plus_safe_operational_metadata,asset_balanced,random_forest,random_forest,capacity_quartile,1,451001,428,107,15111,0.07530098959921719,sufficient
v1.5.4,data/processed/reliability_v1_5_horizon_7d_lookback_7d_dataset.csv,a0635ebba0a310e9ab1cbefb28182c028e9ea6102c57f662ef310deba3414c91,stratified_random_row_reference_80_20,random_row_reference,optimistic_random_reference,optimistic_reference_only,smart_plus_safe_operational_metadata,asset_balanced,random_forest,random_forest,capacity_quartile,2,183195,98,56,782,0.1274884426954018,sufficient
v1.5.4,data/processed/reliability_v1_5_horizon_7d_lookback_7d_dataset.csv,a0635ebba0a310e9ab1cbefb28182c028e9ea6102c57f662ef310deba3414c91,stratified_random_row_reference_80_20,random_row_reference,optimistic_random_reference,optimistic_reference_only,smart_plus_safe_operational_metadata,asset_balanced,hist_gradient_boosting,hist_gradient_boosting,all,all,978497,959,213,64027,0.18623934764540523,sufficient
v1.5.4,data/processed/reliability_v1_5_horizon_7d_lookback_7d_dataset.csv,a0635ebba0a310e9ab1cbefb28182c028e9ea6102c57f662ef310deba3414c91,stratified_random_row_reference_80_20,random_row_reference,optimistic_random_reference,optimistic_reference_only,smart_plus_safe_operational_metadata,asset_balanced,hist_gradient_boosting,hist_gradient_boosting,model,Hitachi HDS722020ALA330,191872,38,13,5008,0.12173931672584072,sufficient
v1.5.4,data/processed/reliability_v1_5_horizon_7d_lookback_7d_dataset.csv,a0635ebba0a310e9ab1cbefb28182c028e9ea6102c57f662ef310deba3414c91,stratified_random_row_reference_80_20,random_row_reference,optimistic_random_reference,optimistic_reference_only,smart_plus_safe_operational_metadata,asset_balanced,hist_gradient_boosting,hist_gradient_boosting,model,Hitachi HDS5C3030ALA630,186318,45,4,3817,0.12173931672584072,sufficient
v1.5.4,data/processed/reliability_v1_5_horizon_7d_lookback_7d_dataset.csv,a0635ebba0a310e9ab1cbefb28182c028e9ea6102c57f662ef310deba3414c91,stratified_random_row_reference_80_20,random_row_reference,optimistic_random_reference,optimistic_reference_only,smart_plus_safe_operational_metadata,asset_balanced,hist_gradient_boosting,hist_gradient_boosting,model,ST3000DM001,181509,337,80,22195,0.3351793910471366,sufficient
v1.5.4,data/processed/reliability_v1_5_horizon_7d_lookback_7d_dataset.csv,a0635ebba0a310e9ab1cbefb28182c028e9ea6102c57f662ef310deba3414c91,stratified_random_row_reference_80_20,random_row_reference,optimistic_random_reference,optimistic_reference_only,smart_plus_safe_operational_metadata,asset_balanced,hist_gradient_boosting,hist_gradient_boosting,model,Hitachi HDS5C4040ALE630,98022,24,14,343,0.16584246443082876,sufficient
v1.5.4,data/processed/reliability_v1_5_horizon_7d_lookback_7d_dataset.csv,a0635ebba0a310e9ab1cbefb28182c028e9ea6102c57f662ef310deba3414c91,stratified_random_row_reference_80_20,random_row_reference,optimistic_random_reference,optimistic_reference_only,smart_plus_safe_operational_metadata,asset_balanced,hist_gradient_boosting,hist_gradient_boosting,model,ST31500541AS,82036,154,30,8702,0.31579449325158526,sufficient
v1.5.4,data/processed/reliability_v1_5_horizon_7d_lookback_7d_dataset.csv,a0635ebba0a310e9ab1cbefb28182c028e9ea6102c57f662ef310deba3414c91,stratified_random_row_reference_80_20,random_row_reference,optimistic_random_reference,optimistic_reference_only,smart_plus_safe_operational_metadata,asset_balanced,hist_gradient_boosting,hist_gradient_boosting,model,ST4000DM000,76487,74,43,1144,0.22898371746838267,sufficient
v1.5.4,data/processed/reliability_v1_5_horizon_7d_lookback_7d_dataset.csv,a0635ebba0a310e9ab1cbefb28182c028e9ea6102c57f662ef310deba3414c91,stratified_random_row_reference_80_20,random_row_reference,optimistic_random_reference,optimistic_reference_only,smart_plus_safe_operational_metadata,asset_balanced,hist_gradient_boosting,hist_gradient_boosting,model,Hitachi HDS723030ALA640,41452,8,2,2106,0.12173931672584072,sufficient
v1.5.4,data/processed/reliability_v1_5_horizon_7d_lookback_7d_dataset.csv,a0635ebba0a310e9ab1cbefb28182c028e9ea6102c57f662ef310deba3414c91,stratified_random_row_reference_80_20,random_row_reference,optimistic_random_reference,optimistic_reference_only,smart_plus_safe_operational_metadata,asset_balanced,hist_gradient_boosting,hist_gradient_boosting,model,ST31500341AS,27445,117,8,7649,0.3766883026309829,sufficient
v1.5.4,data/processed/reliability_v1_5_horizon_7d_lookback_7d_dataset.csv,a0635ebba0a310e9ab1cbefb28182c028e9ea6102c57f662ef310deba3414c91,stratified_random_row_reference_80_20,random_row_reference,optimistic_random_reference,optimistic_reference_only,smart_plus_safe_operational_metadata,asset_balanced,hist_gradient_boosting,hist_gradient_boosting,model,WDC WD10EADS,19864,16,3,586,0.20141156527370385,sufficient
v1.5.4,data/processed/reliability_v1_5_horizon_7d_lookback_7d_dataset.csv,a0635ebba0a310e9ab1cbefb28182c028e9ea6102c57f662ef310deba3414c91,stratified_random_row_reference_80_20,random_row_reference,optimistic_random_reference,optimistic_reference_only,smart_plus_safe_operational_metadata,asset_balanced,hist_gradient_boosting,hist_gradient_boosting,model,WDC WD30EZRX,18960,17,1,6420,0.14859231067376752,sufficient
v1.5.4,data/processed/reliability_v1_5_horizon_7d_lookback_7d_dataset.csv,a0635ebba0a310e9ab1cbefb28182c028e9ea6102c57f662ef310deba3414c91,stratified_random_row_reference_80_20,random_row_reference,optimistic_random_reference,optimistic_reference_only,smart_plus_safe_operational_metadata,asset_balanced,hist_gradient_boosting,hist_gradient_boosting,drive_age_quartile,0,246166,248,54,17091,0.22898371746838267,sufficient
v1.5.4,data/processed/reliability_v1_5_horizon_7d_lookback_7d_dataset.csv,a0635ebba0a310e9ab1cbefb28182c028e9ea6102c57f662ef310deba3414c91,stratified_random_row_reference_80_20,random_row_reference,optimistic_random_reference,optimistic_reference_only,smart_plus_safe_operational_metadata,asset_balanced,hist_gradient_boosting,hist_gradient_boosting,drive_age_quartile,1,246341,228,63,15629,0.19659584204475034,sufficient
v1.5.4,data/processed/reliability_v1_5_horizon_7d_lookback_7d_dataset.csv,a0635ebba0a310e9ab1cbefb28182c028e9ea6102c57f662ef310deba3414c91,stratified_random_row_reference_80_20,random_row_reference,optimistic_random_reference,optimistic_reference_only,smart_plus_safe_operational_metadata,asset_balanced,hist_gradient_boosting,hist_gradient_boosting,drive_age_quartile,2,242385,156,47,14803,0.16863008147819872,sufficient
v1.5.4,data/processed/reliability_v1_5_horizon_7d_lookback_7d_dataset.csv,a0635ebba0a310e9ab1cbefb28182c028e9ea6102c57f662ef310deba3414c91,stratified_random_row_reference_80_20,random_row_reference,optimistic_random_reference,optimistic_reference_only,smart_plus_safe_operational_metadata,asset_balanced,hist_gradient_boosting,hist_gradient_boosting,drive_age_quartile,3,243605,327,49,16504,0.14392821491162772,sufficient
v1.5.4,data/processed/reliability_v1_5_horizon_7d_lookback_7d_dataset.csv,a0635ebba0a310e9ab1cbefb28182c028e9ea6102c57f662ef310deba3414c91,stratified_random_row_reference_80_20,random_row_reference,optimistic_random_reference,optimistic_reference_only,smart_plus_safe_operational_metadata,asset_balanced,hist_gradient_boosting,hist_gradient_boosting,lookback_density_quartile,0,978497,959,213,64027,0.18623934764540523,sufficient
v1.5.4,data/processed/reliability_v1_5_horizon_7d_lookback_7d_dataset.csv,a0635ebba0a310e9ab1cbefb28182c028e9ea6102c57f662ef310deba3414c91,stratified_random_row_reference_80_20,random_row_reference,optimistic_random_reference,optimistic_reference_only,smart_plus_safe_operational_metadata,asset_balanced,hist_gradient_boosting,hist_gradient_boosting,capacity_quartile,0,344301,433,58,26763,0.16309620732884839,sufficient
v1.5.4,data/processed/reliability_v1_5_horizon_7d_lookback_7d_dataset.csv,a0635ebba0a310e9ab1cbefb28182c028e9ea6102c57f662ef310deba3414c91,stratified_random_row_reference_80_20,random_row_reference,optimistic_random_reference,optimistic_reference_only,smart_plus_safe_operational_metadata,asset_balanced,hist_gradient_boosting,hist_gradient_boosting,capacity_quartile,1,451001,428,98,35707,0.1688890765958806,sufficient
v1.5.4,data/processed/reliability_v1_5_horizon_7d_lookback_7d_dataset.csv,a0635ebba0a310e9ab1cbefb28182c028e9ea6102c57f662ef310deba3414c91,stratified_random_row_reference_80_20,random_row_reference,optimistic_random_reference,optimistic_reference_only,smart_plus_safe_operational_metadata,asset_balanced,hist_gradient_boosting,hist_gradient_boosting,capacity_quartile,2,183195,98,57,1557,0.21594100057807783,sufficient
v1.5.4,data/processed/reliability_v1_5_horizon_7d_lookback_7d_dataset.csv,a0635ebba0a310e9ab1cbefb28182c028e9ea6102c57f662ef310deba3414c91,stratified_random_row_reference_80_20,random_row_reference,optimistic_random_reference,optimistic_reference_only,smart_plus_safe_operational_metadata,raw_row,dummy_prior,dummy_prior,all,all,978497,959,959,0,0.4999999999941096,sufficient
v1.5.4,data/processed/reliability_v1_5_horizon_7d_lookback_7d_dataset.csv,a0635ebba0a310e9ab1cbefb28182c028e9ea6102c57f662ef310deba3414c91,stratified_random_row_reference_80_20,random_row_reference,optimistic_random_reference,optimistic_reference_only,smart_plus_safe_operational_metadata,raw_row,dummy_prior,dummy_prior,model,Hitachi HDS722020ALA330,191872,38,38,0,0.4999999999941096,sufficient
v1.5.4,data/processed/reliability_v1_5_horizon_7d_lookback_7d_dataset.csv,a0635ebba0a310e9ab1cbefb28182c028e9ea6102c57f662ef310deba3414c91,stratified_random_row_reference_80_20,random_row_reference,optimistic_random_reference,optimistic_reference_only,smart_plus_safe_operational_metadata,raw_row,dummy_prior,dummy_prior,model,Hitachi HDS5C3030ALA630,186318,45,45,0,0.4999999999941096,sufficient
v1.5.4,data/processed/reliability_v1_5_horizon_7d_lookback_7d_dataset.csv,a0635ebba0a310e9ab1cbefb28182c028e9ea6102c57f662ef310deba3414c91,stratified_random_row_reference_80_20,random_row_reference,optimistic_random_reference,optimistic_reference_only,smart_plus_safe_operational_metadata,raw_row,dummy_prior,dummy_prior,model,ST3000DM001,181509,337,337,0,0.4999999999941096,sufficient
v1.5.4,data/processed/reliability_v1_5_horizon_7d_lookback_7d_dataset.csv,a0635ebba0a310e9ab1cbefb28182c028e9ea6102c57f662ef310deba3414c91,stratified_random_row_reference_80_20,random_row_reference,optimistic_random_reference,optimistic_reference_only,smart_plus_safe_operational_metadata,raw_row,dummy_prior,dummy_prior,model,Hitachi HDS5C4040ALE630,98022,24,24,0,0.4999999999941096,sufficient
v1.5.4,data/processed/reliability_v1_5_horizon_7d_lookback_7d_dataset.csv,a0635ebba0a310e9ab1cbefb28182c028e9ea6102c57f662ef310deba3414c91,stratified_random_row_reference_80_20,random_row_reference,optimistic_random_reference,optimistic_reference_only,smart_plus_safe_operational_metadata,raw_row,dummy_prior,dummy_prior,model,ST31500541AS,82036,154,154,0,0.4999999999941096,sufficient
v1.5.4,data/processed/reliability_v1_5_horizon_7d_lookback_7d_dataset.csv,a0635ebba0a310e9ab1cbefb28182c028e9ea6102c57f662ef310deba3414c91,stratified_random_row_reference_80_20,random_row_reference,optimistic_random_reference,optimistic_reference_only,smart_plus_safe_operational_metadata,raw_row,dummy_prior,dummy_prior,model,ST4000DM000,76487,74,74,0,0.4999999999941096,sufficient
v1.5.4,data/processed/reliability_v1_5_horizon_7d_lookback_7d_dataset.csv,a0635ebba0a310e9ab1cbefb28182c028e9ea6102c57f662ef310deba3414c91,stratified_random_row_reference_80_20,random_row_reference,optimistic_random_reference,optimistic_reference_only,smart_plus_safe_operational_metadata,raw_row,dummy_prior,dummy_prior,model,Hitachi HDS723030ALA640,41452,8,8,0,0.4999999999941096,sufficient
v1.5.4,data/processed/reliability_v1_5_horizon_7d_lookback_7d_dataset.csv,a0635ebba0a310e9ab1cbefb28182c028e9ea6102c57f662ef310deba3414c91,stratified_random_row_reference_80_20,random_row_reference,optimistic_random_reference,optimistic_reference_only,smart_plus_safe_operational_metadata,raw_row,dummy_prior,dummy_prior,model,ST31500341AS,27445,117,117,0,0.4999999999941096,sufficient
v1.5.4,data/processed/reliability_v1_5_horizon_7d_lookback_7d_dataset.csv,a0635ebba0a310e9ab1cbefb28182c028e9ea6102c57f662ef310deba3414c91,stratified_random_row_reference_80_20,random_row_reference,optimistic_random_reference,optimistic_reference_only,smart_plus_safe_operational_metadata,raw_row,dummy_prior,dummy_prior,model,WDC WD10EADS,19864,16,16,0,0.4999999999941096,sufficient
v1.5.4,data/processed/reliability_v1_5_horizon_7d_lookback_7d_dataset.csv,a0635ebba0a310e9ab1cbefb28182c028e9ea6102c57f662ef310deba3414c91,stratified_random_row_reference_80_20,random_row_reference,optimistic_random_reference,optimistic_reference_only,smart_plus_safe_operational_metadata,raw_row,dummy_prior,dummy_prior,model,WDC WD30EZRX,18960,17,17,0,0.4999999999941096,sufficient
v1.5.4,data/processed/reliability_v1_5_horizon_7d_lookback_7d_dataset.csv,a0635ebba0a310e9ab1cbefb28182c028e9ea6102c57f662ef310deba3414c91,stratified_random_row_reference_80_20,random_row_reference,optimistic_random_reference,optimistic_reference_only,smart_plus_safe_operational_metadata,raw_row,dummy_prior,dummy_prior,drive_age_quartile,0,246166,248,248,0,0.4999999999941096,sufficient
v1.5.4,data/processed/reliability_v1_5_horizon_7d_lookback_7d_dataset.csv,a0635ebba0a310e9ab1cbefb28182c028e9ea6102c57f662ef310deba3414c91,stratified_random_row_reference_80_20,random_row_reference,optimistic_random_reference,optimistic_reference_only,smart_plus_safe_operational_metadata,raw_row,dummy_prior,dummy_prior,drive_age_quartile,1,246341,228,228,0,0.4999999999941096,sufficient
v1.5.4,data/processed/reliability_v1_5_horizon_7d_lookback_7d_dataset.csv,a0635ebba0a310e9ab1cbefb28182c028e9ea6102c57f662ef310deba3414c91,stratified_random_row_reference_80_20,random_row_reference,optimistic_random_reference,optimistic_reference_only,smart_plus_safe_operational_metadata,raw_row,dummy_prior,dummy_prior,drive_age_quartile,2,242385,156,156,0,0.4999999999941096,sufficient
v1.5.4,data/processed/reliability_v1_5_horizon_7d_lookback_7d_dataset.csv,a0635ebba0a310e9ab1cbefb28182c028e9ea6102c57f662ef310deba3414c91,stratified_random_row_reference_80_20,random_row_reference,optimistic_random_reference,optimistic_reference_only,smart_plus_safe_operational_metadata,raw_row,dummy_prior,dummy_prior,drive_age_quartile,3,243605,327,327,0,0.4999999999941096,sufficient
v1.5.4,data/processed/reliability_v1_5_horizon_7d_lookback_7d_dataset.csv,a0635ebba0a310e9ab1cbefb28182c028e9ea6102c57f662ef310deba3414c91,stratified_random_row_reference_80_20,random_row_reference,optimistic_random_reference,optimistic_reference_only,smart_plus_safe_operational_metadata,raw_row,dummy_prior,dummy_prior,lookback_density_quartile,0,978497,959,959,0,0.4999999999941096,sufficient
v1.5.4,data/processed/reliability_v1_5_horizon_7d_lookback_7d_dataset.csv,a0635ebba0a310e9ab1cbefb28182c028e9ea6102c57f662ef310deba3414c91,stratified_random_row_reference_80_20,random_row_reference,optimistic_random_reference,optimistic_reference_only,smart_plus_safe_operational_metadata,raw_row,dummy_prior,dummy_prior,capacity_quartile,0,344301,433,433,0,0.4999999999941096,sufficient
v1.5.4,data/processed/reliability_v1_5_horizon_7d_lookback_7d_dataset.csv,a0635ebba0a310e9ab1cbefb28182c028e9ea6102c57f662ef310deba3414c91,stratified_random_row_reference_80_20,random_row_reference,optimistic_random_reference,optimistic_reference_only,smart_plus_safe_operational_metadata,raw_row,dummy_prior,dummy_prior,capacity_quartile,1,451001,428,428,0,0.4999999999941096,sufficient
v1.5.4,data/processed/reliability_v1_5_horizon_7d_lookback_7d_dataset.csv,a0635ebba0a310e9ab1cbefb28182c028e9ea6102c57f662ef310deba3414c91,stratified_random_row_reference_80_20,random_row_reference,optimistic_random_reference,optimistic_reference_only,smart_plus_safe_operational_metadata,raw_row,dummy_prior,dummy_prior,capacity_quartile,2,183195,98,98,0,0.4999999999941096,sufficient
v1.5.4,data/processed/reliability_v1_5_horizon_7d_lookback_7d_dataset.csv,a0635ebba0a310e9ab1cbefb28182c028e9ea6102c57f662ef310deba3414c91,stratified_random_row_reference_80_20,random_row_reference,optimistic_random_reference,optimistic_reference_only,smart_plus_safe_operational_metadata,raw_row,logistic_regression,logistic_regression,all,all,978497,959,252,153906,0.21759851657194743,sufficient
v1.5.4,data/processed/reliability_v1_5_horizon_7d_lookback_7d_dataset.csv,a0635ebba0a310e9ab1cbefb28182c028e9ea6102c57f662ef310deba3414c91,stratified_random_row_reference_80_20,random_row_reference,optimistic_random_reference,optimistic_reference_only,smart_plus_safe_operational_metadata,raw_row,logistic_regression,logistic_regression,model,Hitachi HDS722020ALA330,191872,38,26,119,0.12023893473218572,sufficient
v1.5.4,data/processed/reliability_v1_5_horizon_7d_lookback_7d_dataset.csv,a0635ebba0a310e9ab1cbefb28182c028e9ea6102c57f662ef310deba3414c91,stratified_random_row_reference_80_20,random_row_reference,optimistic_random_reference,optimistic_reference_only,smart_plus_safe_operational_metadata,raw_row,logistic_regression,logistic_regression,model,Hitachi HDS5C3030ALA630,186318,45,26,239,0.08580232680769495,sufficient
v1.5.4,data/processed/reliability_v1_5_horizon_7d_lookback_7d_dataset.csv,a0635ebba0a310e9ab1cbefb28182c028e9ea6102c57f662ef310deba3414c91,stratified_random_row_reference_80_20,random_row_reference,optimistic_random_reference,optimistic_reference_only,smart_plus_safe_operational_metadata,raw_row,logistic_regression,logistic_regression,model,ST3000DM001,181509,337,71,55572,0.4605828456124923,sufficient
v1.5.4,data/processed/reliability_v1_5_horizon_7d_lookback_7d_dataset.csv,a0635ebba0a310e9ab1cbefb28182c028e9ea6102c57f662ef310deba3414c91,stratified_random_row_reference_80_20,random_row_reference,optimistic_random_reference,optimistic_reference_only,smart_plus_safe_operational_metadata,raw_row,logistic_regression,logistic_regression,model,Hitachi HDS5C4040ALE630,98022,24,20,65,0.19528253191123301,sufficient
v1.5.4,data/processed/reliability_v1_5_horizon_7d_lookback_7d_dataset.csv,a0635ebba0a310e9ab1cbefb28182c028e9ea6102c57f662ef310deba3414c91,stratified_random_row_reference_80_20,random_row_reference,optimistic_random_reference,optimistic_reference_only,smart_plus_safe_operational_metadata,raw_row,logistic_regression,logistic_regression,model,ST31500541AS,82036,154,21,48345,0.5150503698811713,sufficient
v1.5.4,data/processed/reliability_v1_5_horizon_7d_lookback_7d_dataset.csv,a0635ebba0a310e9ab1cbefb28182c028e9ea6102c57f662ef310deba3414c91,stratified_random_row_reference_80_20,random_row_reference,optimistic_random_reference,optimistic_reference_only,smart_plus_safe_operational_metadata,raw_row,logistic_regression,logistic_regression,model,ST4000DM000,76487,74,57,4813,0.34865600916745343,sufficient
v1.5.4,data/processed/reliability_v1_5_horizon_7d_lookback_7d_dataset.csv,a0635ebba0a310e9ab1cbefb28182c028e9ea6102c57f662ef310deba3414c91,stratified_random_row_reference_80_20,random_row_reference,optimistic_random_reference,optimistic_reference_only,smart_plus_safe_operational_metadata,raw_row,logistic_regression,logistic_regression,model,Hitachi HDS723030ALA640,41452,8,5,10,0.10329791545269515,sufficient
v1.5.4,data/processed/reliability_v1_5_horizon_7d_lookback_7d_dataset.csv,a0635ebba0a310e9ab1cbefb28182c028e9ea6102c57f662ef310deba3414c91,stratified_random_row_reference_80_20,random_row_reference,optimistic_random_reference,optimistic_reference_only,smart_plus_safe_operational_metadata,raw_row,logistic_regression,logistic_regression,model,ST31500341AS,27445,117,0,27301,0.6858995067342408,sufficient
v1.5.4,data/processed/reliability_v1_5_horizon_7d_lookback_7d_dataset.csv,a0635ebba0a310e9ab1cbefb28182c028e9ea6102c57f662ef310deba3414c91,stratified_random_row_reference_80_20,random_row_reference,optimistic_random_reference,optimistic_reference_only,smart_plus_safe_operational_metadata,raw_row,logistic_regression,logistic_regression,model,WDC WD10EADS,19864,16,9,802,0.35230143442551815,sufficient
v1.5.4,data/processed/reliability_v1_5_horizon_7d_lookback_7d_dataset.csv,a0635ebba0a310e9ab1cbefb28182c028e9ea6102c57f662ef310deba3414c91,stratified_random_row_reference_80_20,random_row_reference,optimistic_random_reference,optimistic_reference_only,smart_plus_safe_operational_metadata,raw_row,logistic_regression,logistic_regression,model,WDC WD30EZRX,18960,17,7,1943,0.41217614700466565,sufficient
v1.5.4,data/processed/reliability_v1_5_horizon_7d_lookback_7d_dataset.csv,a0635ebba0a310e9ab1cbefb28182c028e9ea6102c57f662ef310deba3414c91,stratified_random_row_reference_80_20,random_row_reference,optimistic_random_reference,optimistic_reference_only,smart_plus_safe_operational_metadata,raw_row,logistic_regression,logistic_regression,drive_age_quartile,0,246166,248,73,41741,0.283045329343265,sufficient
v1.5.4,data/processed/reliability_v1_5_horizon_7d_lookback_7d_dataset.csv,a0635ebba0a310e9ab1cbefb28182c028e9ea6102c57f662ef310deba3414c91,stratified_random_row_reference_80_20,random_row_reference,optimistic_random_reference,optimistic_reference_only,smart_plus_safe_operational_metadata,raw_row,logistic_regression,logistic_regression,drive_age_quartile,1,246341,228,69,28918,0.20478552147171084,sufficient
v1.5.4,data/processed/reliability_v1_5_horizon_7d_lookback_7d_dataset.csv,a0635ebba0a310e9ab1cbefb28182c028e9ea6102c57f662ef310deba3414c91,stratified_random_row_reference_80_20,random_row_reference,optimistic_random_reference,optimistic_reference_only,smart_plus_safe_operational_metadata,raw_row,logistic_regression,logistic_regression,drive_age_quartile,2,242385,156,44,32014,0.21472912770381553,sufficient
v1.5.4,data/processed/reliability_v1_5_horizon_7d_lookback_7d_dataset.csv,a0635ebba0a310e9ab1cbefb28182c028e9ea6102c57f662ef310deba3414c91,stratified_random_row_reference_80_20,random_row_reference,optimistic_random_reference,optimistic_reference_only,smart_plus_safe_operational_metadata,raw_row,logistic_regression,logistic_regression,drive_age_quartile,3,243605,327,66,51233,0.19122697716554338,sufficient
v1.5.4,data/processed/reliability_v1_5_horizon_7d_lookback_7d_dataset.csv,a0635ebba0a310e9ab1cbefb28182c028e9ea6102c57f662ef310deba3414c91,stratified_random_row_reference_80_20,random_row_reference,optimistic_random_reference,optimistic_reference_only,smart_plus_safe_operational_metadata,raw_row,logistic_regression,logistic_regression,lookback_density_quartile,0,978497,959,252,153906,0.21759851657194743,sufficient
v1.5.4,data/processed/reliability_v1_5_horizon_7d_lookback_7d_dataset.csv,a0635ebba0a310e9ab1cbefb28182c028e9ea6102c57f662ef310deba3414c91,stratified_random_row_reference_80_20,random_row_reference,optimistic_random_reference,optimistic_reference_only,smart_plus_safe_operational_metadata,raw_row,logistic_regression,logistic_regression,capacity_quartile,0,344301,433,59,84374,0.16162171135903597,sufficient
v1.5.4,data/processed/reliability_v1_5_horizon_7d_lookback_7d_dataset.csv,a0635ebba0a310e9ab1cbefb28182c028e9ea6102c57f662ef310deba3414c91,stratified_random_row_reference_80_20,random_row_reference,optimistic_random_reference,optimistic_reference_only,smart_plus_safe_operational_metadata,raw_row,logistic_regression,logistic_regression,capacity_quartile,1,451001,428,116,64530,0.23376266701707396,sufficient
v1.5.4,data/processed/reliability_v1_5_horizon_7d_lookback_7d_dataset.csv,a0635ebba0a310e9ab1cbefb28182c028e9ea6102c57f662ef310deba3414c91,stratified_random_row_reference_80_20,random_row_reference,optimistic_random_reference,optimistic_reference_only,smart_plus_safe_operational_metadata,raw_row,logistic_regression,logistic_regression,capacity_quartile,2,183195,98,77,5002,0.24610707112202765,sufficient
v1.5.4,data/processed/reliability_v1_5_horizon_7d_lookback_7d_dataset.csv,a0635ebba0a310e9ab1cbefb28182c028e9ea6102c57f662ef310deba3414c91,stratified_random_row_reference_80_20,random_row_reference,optimistic_random_reference,optimistic_reference_only,smart_plus_safe_operational_metadata,raw_row,random_forest,random_forest,all,all,978497,959,214,40294,0.11807303543699055,sufficient
v1.5.4,data/processed/reliability_v1_5_horizon_7d_lookback_7d_dataset.csv,a0635ebba0a310e9ab1cbefb28182c028e9ea6102c57f662ef310deba3414c91,stratified_random_row_reference_80_20,random_row_reference,optimistic_random_reference,optimistic_reference_only,smart_plus_safe_operational_metadata,raw_row,random_forest,random_forest,model,Hitachi HDS722020ALA330,191872,38,10,914,0.04083702617163482,sufficient
v1.5.4,data/processed/reliability_v1_5_horizon_7d_lookback_7d_dataset.csv,a0635ebba0a310e9ab1cbefb28182c028e9ea6102c57f662ef310deba3414c91,stratified_random_row_reference_80_20,random_row_reference,optimistic_random_reference,optimistic_reference_only,smart_plus_safe_operational_metadata,raw_row,random_forest,random_forest,model,Hitachi HDS5C3030ALA630,186318,45,6,1314,0.02999362271151186,sufficient
v1.5.4,data/processed/reliability_v1_5_horizon_7d_lookback_7d_dataset.csv,a0635ebba0a310e9ab1cbefb28182c028e9ea6102c57f662ef310deba3414c91,stratified_random_row_reference_80_20,random_row_reference,optimistic_random_reference,optimistic_reference_only,smart_plus_safe_operational_metadata,raw_row,random_forest,random_forest,model,ST3000DM001,181509,337,82,15896,0.3333789749488707,sufficient
v1.5.4,data/processed/reliability_v1_5_horizon_7d_lookback_7d_dataset.csv,a0635ebba0a310e9ab1cbefb28182c028e9ea6102c57f662ef310deba3414c91,stratified_random_row_reference_80_20,random_row_reference,optimistic_random_reference,optimistic_reference_only,smart_plus_safe_operational_metadata,raw_row,random_forest,random_forest,model,Hitachi HDS5C4040ALE630,98022,24,14,189,0.07978266630458516,sufficient
v1.5.4,data/processed/reliability_v1_5_horizon_7d_lookback_7d_dataset.csv,a0635ebba0a310e9ab1cbefb28182c028e9ea6102c57f662ef310deba3414c91,stratified_random_row_reference_80_20,random_row_reference,optimistic_random_reference,optimistic_reference_only,smart_plus_safe_operational_metadata,raw_row,random_forest,random_forest,model,ST31500541AS,82036,154,32,7270,0.3433806284214737,sufficient
v1.5.4,data/processed/reliability_v1_5_horizon_7d_lookback_7d_dataset.csv,a0635ebba0a310e9ab1cbefb28182c028e9ea6102c57f662ef310deba3414c91,stratified_random_row_reference_80_20,random_row_reference,optimistic_random_reference,optimistic_reference_only,smart_plus_safe_operational_metadata,raw_row,random_forest,random_forest,model,ST4000DM000,76487,74,41,1163,0.3113069233652704,sufficient
v1.5.4,data/processed/reliability_v1_5_horizon_7d_lookback_7d_dataset.csv,a0635ebba0a310e9ab1cbefb28182c028e9ea6102c57f662ef310deba3414c91,stratified_random_row_reference_80_20,random_row_reference,optimistic_random_reference,optimistic_reference_only,smart_plus_safe_operational_metadata,raw_row,random_forest,random_forest,model,Hitachi HDS723030ALA640,41452,8,1,285,0.04794557368903434,sufficient
v1.5.4,data/processed/reliability_v1_5_horizon_7d_lookback_7d_dataset.csv,a0635ebba0a310e9ab1cbefb28182c028e9ea6102c57f662ef310deba3414c91,stratified_random_row_reference_80_20,random_row_reference,optimistic_random_reference,optimistic_reference_only,smart_plus_safe_operational_metadata,raw_row,random_forest,random_forest,model,ST31500341AS,27445,117,12,7061,0.3562827262239289,sufficient
v1.5.4,data/processed/reliability_v1_5_horizon_7d_lookback_7d_dataset.csv,a0635ebba0a310e9ab1cbefb28182c028e9ea6102c57f662ef310deba3414c91,stratified_random_row_reference_80_20,random_row_reference,optimistic_random_reference,optimistic_reference_only,smart_plus_safe_operational_metadata,raw_row,random_forest,random_forest,model,WDC WD10EADS,19864,16,3,141,0.1074643338671008,sufficient
v1.5.4,data/processed/reliability_v1_5_horizon_7d_lookback_7d_dataset.csv,a0635ebba0a310e9ab1cbefb28182c028e9ea6102c57f662ef310deba3414c91,stratified_random_row_reference_80_20,random_row_reference,optimistic_random_reference,optimistic_reference_only,smart_plus_safe_operational_metadata,raw_row,random_forest,random_forest,model,WDC WD30EZRX,18960,17,1,1108,0.08924029156258735,sufficient
v1.5.4,data/processed/reliability_v1_5_horizon_7d_lookback_7d_dataset.csv,a0635ebba0a310e9ab1cbefb28182c028e9ea6102c57f662ef310deba3414c91,stratified_random_row_reference_80_20,random_row_reference,optimistic_random_reference,optimistic_reference_only,smart_plus_safe_operational_metadata,raw_row,random_forest,random_forest,drive_age_quartile,0,246166,248,58,9462,0.22772419759564375,sufficient
v1.5.4,data/processed/reliability_v1_5_horizon_7d_lookback_7d_dataset.csv,a0635ebba0a310e9ab1cbefb28182c028e9ea6102c57f662ef310deba3414c91,stratified_random_row_reference_80_20,random_row_reference,optimistic_random_reference,optimistic_reference_only,smart_plus_safe_operational_metadata,raw_row,random_forest,random_forest,drive_age_quartile,1,246341,228,64,8761,0.14126013668599455,sufficient
v1.5.4,data/processed/reliability_v1_5_horizon_7d_lookback_7d_dataset.csv,a0635ebba0a310e9ab1cbefb28182c028e9ea6102c57f662ef310deba3414c91,stratified_random_row_reference_80_20,random_row_reference,optimistic_random_reference,optimistic_reference_only,smart_plus_safe_operational_metadata,raw_row,random_forest,random_forest,drive_age_quartile,2,242385,156,48,9476,0.09401206043655765,sufficient
v1.5.4,data/processed/reliability_v1_5_horizon_7d_lookback_7d_dataset.csv,a0635ebba0a310e9ab1cbefb28182c028e9ea6102c57f662ef310deba3414c91,stratified_random_row_reference_80_20,random_row_reference,optimistic_random_reference,optimistic_reference_only,smart_plus_safe_operational_metadata,raw_row,random_forest,random_forest,drive_age_quartile,3,243605,327,44,12595,0.05843863262172271,sufficient
v1.5.4,data/processed/reliability_v1_5_horizon_7d_lookback_7d_dataset.csv,a0635ebba0a310e9ab1cbefb28182c028e9ea6102c57f662ef310deba3414c91,stratified_random_row_reference_80_20,random_row_reference,optimistic_random_reference,optimistic_reference_only,smart_plus_safe_operational_metadata,raw_row,random_forest,random_forest,lookback_density_quartile,0,978497,959,214,40294,0.11807303543699055,sufficient
v1.5.4,data/processed/reliability_v1_5_horizon_7d_lookback_7d_dataset.csv,a0635ebba0a310e9ab1cbefb28182c028e9ea6102c57f662ef310deba3414c91,stratified_random_row_reference_80_20,random_row_reference,optimistic_random_reference,optimistic_reference_only,smart_plus_safe_operational_metadata,raw_row,random_forest,random_forest,capacity_quartile,0,344301,433,61,19405,0.08724066129195357,sufficient
v1.5.4,data/processed/reliability_v1_5_horizon_7d_lookback_7d_dataset.csv,a0635ebba0a310e9ab1cbefb28182c028e9ea6102c57f662ef310deba3414c91,stratified_random_row_reference_80_20,random_row_reference,optimistic_random_reference,optimistic_reference_only,smart_plus_safe_operational_metadata,raw_row,random_forest,random_forest,capacity_quartile,1,451001,428,98,19521,0.10211942900730087,sufficient
v1.5.4,data/processed/reliability_v1_5_horizon_7d_lookback_7d_dataset.csv,a0635ebba0a310e9ab1cbefb28182c028e9ea6102c57f662ef310deba3414c91,stratified_random_row_reference_80_20,random_row_reference,optimistic_random_reference,optimistic_reference_only,smart_plus_safe_operational_metadata,raw_row,random_forest,random_forest,capacity_quartile,2,183195,98,55,1368,0.1959378286939039,sufficient
v1.5.4,data/processed/reliability_v1_5_horizon_7d_lookback_7d_dataset.csv,a0635ebba0a310e9ab1cbefb28182c028e9ea6102c57f662ef310deba3414c91,stratified_random_row_reference_80_20,random_row_reference,optimistic_random_reference,optimistic_reference_only,smart_plus_safe_operational_metadata,raw_row,hist_gradient_boosting,hist_gradient_boosting,all,all,978497,959,216,80005,0.21085436393111778,sufficient
v1.5.4,data/processed/reliability_v1_5_horizon_7d_lookback_7d_dataset.csv,a0635ebba0a310e9ab1cbefb28182c028e9ea6102c57f662ef310deba3414c91,stratified_random_row_reference_80_20,random_row_reference,optimistic_random_reference,optimistic_reference_only,smart_plus_safe_operational_metadata,raw_row,hist_gradient_boosting,hist_gradient_boosting,model,Hitachi HDS722020ALA330,191872,38,10,8872,0.12318418682094477,sufficient
v1.5.4,data/processed/reliability_v1_5_horizon_7d_lookback_7d_dataset.csv,a0635ebba0a310e9ab1cbefb28182c028e9ea6102c57f662ef310deba3414c91,stratified_random_row_reference_80_20,random_row_reference,optimistic_random_reference,optimistic_reference_only,smart_plus_safe_operational_metadata,raw_row,hist_gradient_boosting,hist_gradient_boosting,model,Hitachi HDS5C3030ALA630,186318,45,8,3223,0.12318418682094477,sufficient
v1.5.4,data/processed/reliability_v1_5_horizon_7d_lookback_7d_dataset.csv,a0635ebba0a310e9ab1cbefb28182c028e9ea6102c57f662ef310deba3414c91,stratified_random_row_reference_80_20,random_row_reference,optimistic_random_reference,optimistic_reference_only,smart_plus_safe_operational_metadata,raw_row,hist_gradient_boosting,hist_gradient_boosting,model,ST3000DM001,181509,337,79,25590,0.33817697923429435,sufficient
v1.5.4,data/processed/reliability_v1_5_horizon_7d_lookback_7d_dataset.csv,a0635ebba0a310e9ab1cbefb28182c028e9ea6102c57f662ef310deba3414c91,stratified_random_row_reference_80_20,random_row_reference,optimistic_random_reference,optimistic_reference_only,smart_plus_safe_operational_metadata,raw_row,hist_gradient_boosting,hist_gradient_boosting,model,Hitachi HDS5C4040ALE630,98022,24,14,329,0.19675763965484638,sufficient
v1.5.4,data/processed/reliability_v1_5_horizon_7d_lookback_7d_dataset.csv,a0635ebba0a310e9ab1cbefb28182c028e9ea6102c57f662ef310deba3414c91,stratified_random_row_reference_80_20,random_row_reference,optimistic_random_reference,optimistic_reference_only,smart_plus_safe_operational_metadata,raw_row,hist_gradient_boosting,hist_gradient_boosting,model,ST31500541AS,82036,154,25,12453,0.332353584947163,sufficient
v1.5.4,data/processed/reliability_v1_5_horizon_7d_lookback_7d_dataset.csv,a0635ebba0a310e9ab1cbefb28182c028e9ea6102c57f662ef310deba3414c91,stratified_random_row_reference_80_20,random_row_reference,optimistic_random_reference,optimistic_reference_only,smart_plus_safe_operational_metadata,raw_row,hist_gradient_boosting,hist_gradient_boosting,model,ST4000DM000,76487,74,43,3116,0.3328461768154704,sufficient
v1.5.4,data/processed/reliability_v1_5_horizon_7d_lookback_7d_dataset.csv,a0635ebba0a310e9ab1cbefb28182c028e9ea6102c57f662ef310deba3414c91,stratified_random_row_reference_80_20,random_row_reference,optimistic_random_reference,optimistic_reference_only,smart_plus_safe_operational_metadata,raw_row,hist_gradient_boosting,hist_gradient_boosting,model,Hitachi HDS723030ALA640,41452,8,2,2969,0.12318418682094477,sufficient
v1.5.4,data/processed/reliability_v1_5_horizon_7d_lookback_7d_dataset.csv,a0635ebba0a310e9ab1cbefb28182c028e9ea6102c57f662ef310deba3414c91,stratified_random_row_reference_80_20,random_row_reference,optimistic_random_reference,optimistic_reference_only,smart_plus_safe_operational_metadata,raw_row,hist_gradient_boosting,hist_gradient_boosting,model,ST31500341AS,27445,117,13,8775,0.3442843016545462,sufficient
v1.5.4,data/processed/reliability_v1_5_horizon_7d_lookback_7d_dataset.csv,a0635ebba0a310e9ab1cbefb28182c028e9ea6102c57f662ef310deba3414c91,stratified_random_row_reference_80_20,random_row_reference,optimistic_random_reference,optimistic_reference_only,smart_plus_safe_operational_metadata,raw_row,hist_gradient_boosting,hist_gradient_boosting,model,WDC WD10EADS,19864,16,3,695,0.13306697263453732,sufficient
v1.5.4,data/processed/reliability_v1_5_horizon_7d_lookback_7d_dataset.csv,a0635ebba0a310e9ab1cbefb28182c028e9ea6102c57f662ef310deba3414c91,stratified_random_row_reference_80_20,random_row_reference,optimistic_random_reference,optimistic_reference_only,smart_plus_safe_operational_metadata,raw_row,hist_gradient_boosting,hist_gradient_boosting,model,WDC WD30EZRX,18960,17,1,6406,0.15450338412262538,sufficient
v1.5.4,data/processed/reliability_v1_5_horizon_7d_lookback_7d_dataset.csv,a0635ebba0a310e9ab1cbefb28182c028e9ea6102c57f662ef310deba3414c91,stratified_random_row_reference_80_20,random_row_reference,optimistic_random_reference,optimistic_reference_only,smart_plus_safe_operational_metadata,raw_row,hist_gradient_boosting,hist_gradient_boosting,drive_age_quartile,0,246166,248,70,18885,0.3208070927556163,sufficient
v1.5.4,data/processed/reliability_v1_5_horizon_7d_lookback_7d_dataset.csv,a0635ebba0a310e9ab1cbefb28182c028e9ea6102c57f662ef310deba3414c91,stratified_random_row_reference_80_20,random_row_reference,optimistic_random_reference,optimistic_reference_only,smart_plus_safe_operational_metadata,raw_row,hist_gradient_boosting,hist_gradient_boosting,drive_age_quartile,1,246341,228,62,18146,0.21085436393111778,sufficient
v1.5.4,data/processed/reliability_v1_5_horizon_7d_lookback_7d_dataset.csv,a0635ebba0a310e9ab1cbefb28182c028e9ea6102c57f662ef310deba3414c91,stratified_random_row_reference_80_20,random_row_reference,optimistic_random_reference,optimistic_reference_only,smart_plus_safe_operational_metadata,raw_row,hist_gradient_boosting,hist_gradient_boosting,drive_age_quartile,2,242385,156,38,19808,0.20111718453171645,sufficient
v1.5.4,data/processed/reliability_v1_5_horizon_7d_lookback_7d_dataset.csv,a0635ebba0a310e9ab1cbefb28182c028e9ea6102c57f662ef310deba3414c91,stratified_random_row_reference_80_20,random_row_reference,optimistic_random_reference,optimistic_reference_only,smart_plus_safe_operational_metadata,raw_row,hist_gradient_boosting,hist_gradient_boosting,drive_age_quartile,3,243605,327,46,23166,0.1440489955598297,sufficient
v1.5.4,data/processed/reliability_v1_5_horizon_7d_lookback_7d_dataset.csv,a0635ebba0a310e9ab1cbefb28182c028e9ea6102c57f662ef310deba3414c91,stratified_random_row_reference_80_20,random_row_reference,optimistic_random_reference,optimistic_reference_only,smart_plus_safe_operational_metadata,raw_row,hist_gradient_boosting,hist_gradient_boosting,lookback_density_quartile,0,978497,959,216,80005,0.21085436393111778,sufficient
v1.5.4,data/processed/reliability_v1_5_horizon_7d_lookback_7d_dataset.csv,a0635ebba0a310e9ab1cbefb28182c028e9ea6102c57f662ef310deba3414c91,stratified_random_row_reference_80_20,random_row_reference,optimistic_random_reference,optimistic_reference_only,smart_plus_safe_operational_metadata,raw_row,hist_gradient_boosting,hist_gradient_boosting,capacity_quartile,0,344301,433,60,35956,0.1648136880102706,sufficient
v1.5.4,data/processed/reliability_v1_5_horizon_7d_lookback_7d_dataset.csv,a0635ebba0a310e9ab1cbefb28182c028e9ea6102c57f662ef310deba3414c91,stratified_random_row_reference_80_20,random_row_reference,optimistic_random_reference,optimistic_reference_only,smart_plus_safe_operational_metadata,raw_row,hist_gradient_boosting,hist_gradient_boosting,capacity_quartile,1,451001,428,99,40081,0.20164349613258858,sufficient
v1.5.4,data/processed/reliability_v1_5_horizon_7d_lookback_7d_dataset.csv,a0635ebba0a310e9ab1cbefb28182c028e9ea6102c57f662ef310deba3414c91,stratified_random_row_reference_80_20,random_row_reference,optimistic_random_reference,optimistic_reference_only,smart_plus_safe_operational_metadata,raw_row,hist_gradient_boosting,hist_gradient_boosting,capacity_quartile,2,183195,98,57,3968,0.2731194527542369,sufficient
