feature_name,source_column_index,dtype,non_missing_count,missing_count,missing_rate,unique_count,finite_count,mean,std,median,q01,q25,q75,q99,minimum,maximum,constant_status,all_missing_status,near_constant_status,infinite_status,readiness_category,exclusion_reason
process_feature_000,0,float64,1561,6,0.0038289725590299937,1520,1561,3014.4528955797564,73.62178674853077,3011.49,2851.98,2966.26,3056.65,3225.568,2743.24,3356.35,not_constant,not_all_missing,not_near_constant,no_infinite,low_missing,
process_feature_001,1,float64,1560,7,0.004467134652201659,1504,1560,2495.850230769231,80.40770497881121,2499.4049999999997,2272.3202,2452.2475000000004,2538.8225,2717.5008000000003,2158.75,2846.44,not_constant,not_all_missing,not_near_constant,no_infinite,low_missing,
process_feature_002,2,float64,1553,14,0.008934269304403318,507,1553,2200.5473177076624,29.513152057457155,2201.0667,2124.8444,2181.0444,2218.0555,2269.2556,2060.66,2315.2667,not_constant,not_all_missing,not_near_constant,no_infinite,low_missing,
process_feature_003,3,float64,1553,14,0.008934269304403318,518,1553,1396.3766273663878,441.6916403756737,1285.2144,867.3027,1081.8758,1591.2235,3012.8419480000025,0.0,3715.0417,not_constant,not_all_missing,not_near_constant,no_infinite,low_missing,
process_feature_004,4,float64,1553,14,0.008934269304403318,503,1553,4.197013135866065,56.35554009369094,1.3168,0.7531,1.0177,1.5257,2.525024,0.6815,1114.5366,not_constant,not_all_missing,not_near_constant,no_infinite,low_missing,
process_feature_005,5,float64,1553,14,0.008934269304403318,1,1553,100.0,0.0,100.0,100.0,100.0,100.0,100.0,100.0,100.0,constant,not_all_missing,not_near_constant,no_infinite,constant,constant
process_feature_006,6,float64,1553,14,0.008934269304403318,510,1553,101.11290824211203,6.237213788938685,101.5122,83.8222,97.92,104.5867,119.3544,82.1311,129.2522,not_constant,not_all_missing,not_near_constant,no_infinite,low_missing,
process_feature_007,7,float64,1558,9,0.00574345883854499,89,1558,0.12182150192554556,0.008961318060306013,0.1224,0.1172,0.1211,0.1238,0.1268,0.0,0.1286,not_constant,not_all_missing,not_near_constant,no_infinite,low_missing,
process_feature_008,8,float64,1565,2,0.0012763241863433313,1208,1565,1.4628616613418528,0.07389656150907685,1.4616,1.29434,1.4112,1.5169,1.6170999999999998,1.191,1.6564,not_constant,not_all_missing,not_near_constant,no_infinite,low_missing,
process_feature_009,9,float64,1565,2,0.0012763241863433313,568,1565,-0.0008410223642172522,0.015116189521664193,-0.0013,-0.034616,-0.0108,0.0084,0.03883599999999999,-0.0534,0.0749,not_constant,not_all_missing,not_near_constant,no_infinite,low_missing,
process_feature_010,10,float64,1565,2,0.0012763241863433313,392,1565,0.0001457507987220447,0.00930210506944666,0.0004,-0.02316,-0.0056,0.0059,0.02254399999999996,-0.0349,0.053,not_constant,not_all_missing,not_near_constant,no_infinite,low_missing,
process_feature_011,11,float64,1565,2,0.0012763241863433313,378,1565,0.9643527795527156,0.012452051783214598,0.9658,0.943364,0.9581,0.9713,0.9804360000000001,0.6554,0.9848,not_constant,not_all_missing,not_near_constant,no_infinite,low_missing,
process_feature_012,12,float64,1565,2,0.0012763241863433313,1547,1565,199.9568092651757,3.2572756729454815,199.5356,193.78838,198.1307,202.0071,206.22544799999997,182.094,272.0451,not_constant,not_all_missing,not_near_constant,no_infinite,low_missing,
process_feature_013,13,float64,1564,3,0.0019144862795149968,1,1564,0.0,0.0,0.0,0.0,0.0,0.0,0.0,0.0,0.0,constant,not_all_missing,not_near_constant,no_infinite,constant,constant
process_feature_014,14,float64,1564,3,0.0019144862795149968,1555,1564,9.005370524296675,2.7965955707527526,8.966999999999999,3.0595000000000003,7.094875,10.861875,15.63876899999997,2.2493,19.5465,not_constant,not_all_missing,not_near_constant,no_infinite,low_missing,
process_feature_015,15,float64,1564,3,0.0019144862795149968,1561,1564,413.08603542199484,17.221094563789936,412.2191,395.109915,406.12739999999997,419.089275,432.376943,333.4486,824.9271,not_constant,not_all_missing,not_near_constant,no_infinite,low_missing,
process_feature_016,16,float64,1564,3,0.0019144862795149968,1477,1564,9.907602813299233,2.403866634483626,9.85175,8.574563,9.567625,10.128175,10.837808999999998,4.4696,102.8677,not_constant,not_all_missing,not_near_constant,no_infinite,low_missing,
process_feature_017,17,float64,1564,3,0.0019144862795149968,281,1564,0.971443925831202,0.012062412664690256,0.9726,0.9552630000000001,0.9682,0.9768,0.9822369999999999,0.5794,0.9848,not_constant,not_all_missing,not_near_constant,no_infinite,low_missing,
process_feature_018,18,float64,1564,3,0.0019144862795149968,1548,1564,190.04735358056266,2.7810407145023497,189.6642,183.91101,188.299825,192.189375,196.085853,169.1774,215.5977,not_constant,not_all_missing,not_near_constant,no_infinite,low_missing,
process_feature_019,19,float64,1557,10,0.006381620931716656,361,1557,12.481033975594091,0.217965260098252,12.4996,12.126676,12.46,12.5471,12.649,9.8773,12.9898,not_constant,not_all_missing,not_near_constant,no_infinite,low_missing,
process_feature_020,20,float64,1567,0,0.0,552,1567,1.4050542437779197,0.01673693251882698,1.406,1.359996,1.3965,1.415,1.43837,1.1797,1.4534,not_constant,not_all_missing,not_near_constant,no_infinite,complete,
process_feature_021,21,float64,1565,2,0.0012763241863433313,1295,1565,-5618.393610223642,626.8221783421311,-5523.25,-6624.18,-5933.25,-5356.25,-2667.42,-7150.25,0.0,not_constant,not_all_missing,not_near_constant,no_infinite,low_missing,
process_feature_022,22,float64,1565,2,0.0012763241863433313,1176,1565,2699.3784345047925,295.49853453043056,2664.0,1492.47,2578.0,2841.75,3414.8699999999994,0.0,3656.25,not_constant,not_all_missing,not_near_constant,no_infinite,low_missing,
process_feature_023,23,float64,1565,2,0.0012763241863433313,1480,1565,-3806.2997336741214,1380.1621478092084,-3820.75,-7654.57,-4371.75,-3352.75,654.5699999999975,-9986.75,2363.0,not_constant,not_all_missing,not_near_constant,no_infinite,low_missing,
process_feature_024,24,float64,1565,2,0.0012763241863433313,1494,1565,-298.59813591054314,2902.6901174771046,-78.75,-8163.159988,-1476.0,1377.25,9034.059999999996,-14804.5,14106.0,not_constant,not_all_missing,not_near_constant,no_infinite,low_missing,
process_feature_025,25,float64,1565,2,0.0012763241863433313,704,1565,1.2038447284345049,0.17760047570306497,1.283,0.44492,1.0948,1.3043,1.354752,0.0,1.3828,not_constant,not_all_missing,not_near_constant,no_infinite,low_missing,
process_feature_026,26,float64,1565,2,0.0012763241863433313,624,1565,1.938476805111821,0.18949504806307088,1.9865,0.88532,1.9065,2.0032,2.036,0.0,2.0528,not_constant,not_all_missing,not_near_constant,no_infinite,low_missing,
process_feature_027,27,float64,1565,2,0.0012763241863433313,1148,1565,6.638627987220448,1.244249271997308,7.2647,1.49352,5.2637,7.3297,7.453848,0.0,7.6588,not_constant,not_all_missing,not_near_constant,no_infinite,low_missing,
process_feature_028,28,float64,1565,2,0.0012763241863433313,869,1565,69.49953233226836,3.4611809382184786,69.1556,61.218204,67.3778,72.2667,76.6556,59.4,77.9,not_constant,not_all_missing,not_near_constant,no_infinite,low_missing,
process_feature_029,29,float64,1565,2,0.0012763241863433313,188,1565,2.366197444089457,0.4086942024843982,2.3778,1.388012,2.0889,2.6556,3.2556,0.6667,3.5111,not_constant,not_all_missing,not_near_constant,no_infinite,low_missing,
process_feature_030,30,float64,1565,2,0.0012763241863433313,842,1565,0.18415891373801918,0.03294394301191376,0.1867,0.103556,0.1617,0.2071,0.25656799999999985,0.0341,0.2851,not_constant,not_all_missing,not_near_constant,no_infinite,low_missing,
process_feature_031,31,float64,1565,2,0.0012763241863433313,1275,1565,3.673189392971246,0.5353218337891784,3.431,3.19698,3.3627,3.5313,4.717359999999999,2.0698,4.8044,not_constant,not_all_missing,not_near_constant,no_infinite,low_missing,
process_feature_032,32,float64,1566,1,0.0006381620931716656,338,1566,85.3374687100894,2.026549205778641,85.13544999999999,83.36203,84.4905,85.7419,93.8653,83.1829,105.6038,not_constant,not_all_missing,not_near_constant,no_infinite,low_missing,
process_feature_033,33,float64,1566,1,0.0006381620931716656,330,1566,8.960278544061303,1.3444563668120262,8.7698,8.1166,8.58,9.0606,13.5481,7.6032,23.3453,not_constant,not_all_missing,not_near_constant,no_infinite,low_missing,
process_feature_034,34,float64,1566,1,0.0006381620931716656,329,1566,50.58263856960409,1.1826181758105365,50.3964,49.9276,50.25235,50.5788,57.8485,49.8348,59.7711,not_constant,not_all_missing,not_near_constant,no_infinite,low_missing,
process_feature_035,35,float64,1566,1,0.0006381620931716656,331,1566,64.55578703703704,2.574748594677452,64.1658,63.708,64.0248,64.3447,78.254,63.6774,94.2641,not_constant,not_all_missing,not_near_constant,no_infinite,low_missing,
process_feature_036,36,float64,1566,1,0.0006381620931716656,330,1566,49.417370498084296,1.1826188859654572,49.6036,42.1515,49.4212,49.74765,50.0724,40.2289,50.1652,not_constant,not_all_missing,not_near_constant,no_infinite,low_missing,
process_feature_037,37,float64,1566,1,0.0006381620931716656,325,1566,66.2212735632184,0.3041407986805709,66.23179999999999,65.1951,66.04065,66.343275,67.1173,64.9193,67.9586,not_constant,not_all_missing,not_near_constant,no_infinite,low_missing,
process_feature_038,38,float64,1566,1,0.0006381620931716656,329,1566,86.83657656449553,0.44675558233221313,86.8207,85.9998,86.5783,87.0024,88.3312,84.7327,88.4188,not_constant,not_all_missing,not_near_constant,no_infinite,low_missing,
process_feature_039,39,float64,1566,1,0.0006381620931716656,333,1566,118.67955440613028,1.8072208583386924,118.39930000000001,115.88477,118.0156,118.9396,127.3944,111.7128,133.3898,not_constant,not_all_missing,not_near_constant,no_infinite,low_missing,
process_feature_040,40,float64,1543,24,0.015315890236119975,291,1543,67.9049092676604,24.06294300863671,78.29,2.506,74.8,80.2,83.29799999999999,1.434,86.12,not_constant,not_all_missing,not_near_constant,no_infinite,low_missing,
process_feature_041,41,float64,1543,24,0.015315890236119975,315,1543,3.3530661697990927,2.3604249902068566,3.074,0.5442,2.69,3.521,6.215,-0.0759,37.88,not_constant,not_all_missing,not_near_constant,no_infinite,low_missing,
process_feature_042,42,float64,1566,1,0.0006381620931716656,1,1566,70.0,0.0,70.0,70.0,70.0,70.0,70.0,70.0,70.0,constant,not_all_missing,not_near_constant,no_infinite,constant,constant
process_feature_043,43,float64,1566,1,0.0006381620931716656,1523,1566,355.53890357598976,6.234706194564162,353.72090000000003,345.07741500000003,350.801575,360.77225,370.17374,342.7545,377.2973,not_constant,not_all_missing,not_near_constant,no_infinite,low_missing,
process_feature_044,44,float64,1566,1,0.0006381620931716656,1376,1566,10.031165006385697,0.17503759519923412,10.03485,9.553295,9.925425,10.152474999999999,10.408125,9.464,11.053,not_constant,not_all_missing,not_near_constant,no_infinite,low_missing,
process_feature_045,45,float64,1566,1,0.0006381620931716656,1520,1566,136.74305977011497,7.849247454551085,136.4,120.795705,130.72887500000002,142.098225,156.332,108.8464,176.3136,not_constant,not_all_missing,not_near_constant,no_infinite,low_missing,
process_feature_046,46,float64,1566,1,0.0006381620931716656,1562,1566,733.6728114942529,12.170314705663275,733.45,710.00323,724.4423,741.4545,762.738015,699.8139,789.7523,not_constant,not_all_missing,not_near_constant,no_infinite,low_missing,
process_feature_047,47,float64,1566,1,0.0006381620931716656,1341,1566,1.177958109833972,0.18963690625019128,1.25105,0.82641,0.985,1.34035,1.444515,0.4967,1.5111,not_constant,not_all_missing,not_near_constant,no_infinite,low_missing,
process_feature_048,48,float64,1566,1,0.0006381620931716656,1486,1566,139.97223090676883,4.5242509086914,140.00775,129.335825,136.9268,143.19570000000002,149.548725,125.7982,163.2509,not_constant,not_all_missing,not_near_constant,no_infinite,low_missing,
process_feature_049,49,float64,1566,1,0.0006381620931716656,1,1566,1.0,0.0,1.0,1.0,1.0,1.0,1.0,1.0,1.0,constant,not_all_missing,not_near_constant,no_infinite,constant,constant
process_feature_050,50,float64,1566,1,0.0006381620931716656,1520,1566,632.254196743295,8.643985374141904,631.3709,615.94083,625.928425,638.1363249999999,653.082625,607.3927,667.7418,not_constant,not_all_missing,not_near_constant,no_infinite,low_missing,
process_feature_051,51,float64,1566,1,0.0006381620931716656,1562,1566,157.4209913154534,60.92510825477898,183.31815,44.96953,115.508975,206.97715,244.47498499999995,40.2614,258.5432,not_constant,not_all_missing,not_near_constant,no_infinite,low_missing,
process_feature_052,52,float64,1566,1,0.0006381620931716656,1,1566,0.0,0.0,0.0,0.0,0.0,0.0,0.0,0.0,0.0,constant,not_all_missing,not_near_constant,no_infinite,constant,constant
process_feature_053,53,float64,1563,4,0.0025526483726866626,153,1563,4.592971209213052,0.05494962018310939,4.596,4.48334,4.574,4.617,4.676,3.706,4.764,not_constant,not_all_missing,not_near_constant,no_infinite,low_missing,
process_feature_054,54,float64,1563,4,0.0025526483726866626,169,1563,4.838522712731926,0.05958067268892917,4.843,4.73024,4.816,4.869,4.931,3.932,5.011,not_constant,not_all_missing,not_near_constant,no_infinite,low_missing,
process_feature_055,55,float64,1563,4,0.0025526483726866626,107,1563,2856.1721049264233,25.749317256276903,2854.0,2803.0,2836.0,2874.0,2915.0,2801.0,2936.0,not_constant,not_all_missing,not_near_constant,no_infinite,low_missing,
process_feature_056,56,float64,1563,4,0.0025526483726866626,187,1563,0.9288493282149711,0.006807361515537244,0.931,0.9097,0.92545,0.9331,0.937,0.8755,0.9378,not_constant,not_all_missing,not_near_constant,no_infinite,low_missing,
process_feature_057,57,float64,1563,4,0.0025526483726866626,159,1563,0.9492150351887396,0.004175952180674276,0.9493,0.9383,0.94665,0.952,0.9586,0.9319,0.9598,not_constant,not_all_missing,not_near_constant,no_infinite,low_missing,
process_feature_058,58,float64,1563,4,0.0025526483726866626,382,1563,4.593311772232886,0.0850947759010716,4.5727,4.4530780000000005,4.5319,4.6686,4.777095999999999,4.2199,4.8475,not_constant,not_all_missing,not_near_constant,no_infinite,low_missing,
process_feature_059,59,float64,1560,7,0.004467134652201659,1500,1560,2.9602414743589747,9.532219593731654,0.9472499999999999,-11.883417,-1.871575,4.385225,28.348862000000008,-28.9882,168.1455,not_constant,not_all_missing,not_near_constant,no_infinite,low_missing,
process_feature_060,60,float64,1561,6,0.0038289725590299937,1498,1561,355.15909404228057,6.027888753453348,353.7991,345.93998,350.5964,359.6736,369.38072,324.7145,373.8664,not_constant,not_all_missing,not_near_constant,no_infinite,low_missing,
process_feature_061,61,float64,1561,6,0.0038289725590299937,1418,1561,10.423142921204356,0.27487688237514923,10.4367,9.64636,10.283,10.5916,11.036940000000001,9.4611,11.7849,not_constant,not_all_missing,not_near_constant,no_infinite,low_missing,
process_feature_062,62,float64,1561,6,0.0038289725590299937,1518,1561,116.50232882767459,8.629021528561994,116.2118,96.18111999999999,112.0227,120.9273,133.10364000000004,81.49,287.1509,not_constant,not_all_missing,not_near_constant,no_infinite,low_missing,
process_feature_063,63,float64,1560,7,0.004467134652201659,1534,1560,13.989926987179485,7.119863108210895,13.24605,4.580156,10.3643,16.3761,32.66981700000001,1.6591,188.0923,not_constant,not_all_missing,not_near_constant,no_infinite,low_missing,
process_feature_064,64,float64,1560,7,0.004467134652201659,1496,1560,20.54210903846154,4.977467453454667,20.021349999999998,11.009500000000001,17.364800000000002,22.813625,37.442638,6.4482,48.9882,not_constant,not_all_missing,not_near_constant,no_infinite,low_missing,
process_feature_065,65,float64,1560,7,0.004467134652201659,1550,1560,27.131815576923074,7.121703093956383,26.26145,14.915358,23.056425,29.91495,48.35447900000005,4.308,118.0836,not_constant,not_all_missing,not_near_constant,no_infinite,low_missing,
process_feature_066,66,float64,1561,6,0.0038289725590299937,1559,1561,706.668522869955,11.623078342670448,706.4536,679.36638,698.7702,714.597,731.6175400000001,632.4226,770.6084,not_constant,not_all_missing,not_near_constant,no_infinite,low_missing,
process_feature_067,67,float64,1561,6,0.0038289725590299937,1306,1561,16.71544356181935,307.5022930665586,0.9783,0.4885,0.8907,1.065,1.54828,0.4137,7272.8283,not_constant,not_all_missing,not_near_constant,no_infinite,low_missing,
process_feature_068,68,float64,1561,6,0.0038289725590299937,1479,1561,147.43757764253684,4.240095182952078,147.5973,137.87236,145.2373,149.9591,156.02346,87.0255,167.8309,not_constant,not_all_missing,not_near_constant,no_infinite,low_missing,
process_feature_069,69,float64,1561,6,0.0038289725590299937,1,1561,1.0,0.0,1.0,1.0,1.0,1.0,1.0,1.0,1.0,constant,not_all_missing,not_near_constant,no_infinite,constant,constant
process_feature_070,70,float64,1561,6,0.0038289725590299937,1533,1561,619.1016865470853,9.539190367164208,619.0327,597.37056,612.7745,625.17,639.80162,581.7773,722.6018,not_constant,not_all_missing,not_near_constant,no_infinite,low_missing,
process_feature_071,71,float64,1561,6,0.0038289725590299937,1557,1561,104.32903344010249,31.651898740791477,102.6043,44.603500000000004,87.4842,115.4989,220.98938000000012,21.4332,238.4775,not_constant,not_all_missing,not_near_constant,no_infinite,low_missing,
process_feature_072,72,float64,773,794,0.5067007019783025,773,773,150.36155213454074,18.388481151665765,152.2972,102.258692,145.3053,158.4378,172.395004,-59.4777,175.4132,not_constant,not_all_missing,not_near_constant,no_infinite,very_high_missing,very_high_missing
process_feature_073,73,float64,773,794,0.5067007019783025,770,773,468.0204040103493,17.62988564018737,466.0817,459.40808,464.4581,467.8899,529.5547639999998,456.0447,692.4256,not_constant,not_all_missing,not_near_constant,no_infinite,very_high_missing,very_high_missing
process_feature_074,74,float64,1561,6,0.0038289725590299937,2,1561,0.002687700192184497,0.10618967066673689,0.0,0.0,0.0,0.0,0.0,0.0,4.1955,not_constant,not_all_missing,near_constant,no_infinite,near_constant,near_constant
process_feature_075,75,float64,1543,24,0.015315890236119975,675,1543,-0.00690304601425794,0.02229216702252471,-0.0063,-0.07596,-0.019549999999999998,0.0071,0.03935799999999999,-0.1049,0.2315,not_constant,not_all_missing,not_near_constant,no_infinite,low_missing,
process_feature_076,76,float64,1543,24,0.015315890236119975,891,1543,-0.02939047310434219,0.03320327939551294,-0.0289,-0.110648,-0.0519,-0.0065,0.04313199999999997,-0.1862,0.0723,not_constant,not_all_missing,not_near_constant,no_infinite,low_missing,
process_feature_077,77,float64,1543,24,0.015315890236119975,842,1543,-0.007041412832145171,0.03136823307920039,-0.0099,-0.067748,-0.0295,0.00925,0.07391599999999998,-0.1046,0.1331,not_constant,not_all_missing,not_near_constant,no_infinite,low_missing,
process_feature_078,78,float64,1543,24,0.015315890236119975,995,1543,-0.013642579390797148,0.04787230157881146,-0.0125,-0.10119,-0.0476,0.0122,0.09942999999999974,-0.3482,0.2492,not_constant,not_all_missing,not_near_constant,no_infinite,low_missing,
process_feature_079,79,float64,1543,24,0.015315890236119975,691,1543,0.0034583279325988325,0.023079647668497637,0.0006,-0.038905999999999996,-0.0108,0.0132,0.07493199999999997,-0.0568,0.1013,not_constant,not_all_missing,not_near_constant,no_infinite,low_missing,
process_feature_080,80,float64,1543,24,0.015315890236119975,922,1543,-0.018530784186649385,0.04922601878995139,-0.0087,-0.114464,-0.0445,0.0091,0.09538999999999996,-0.1437,0.1186,not_constant,not_all_missing,not_near_constant,no_infinite,low_missing,
process_feature_081,81,float64,1543,24,0.015315890236119975,580,1543,-0.021153337653920933,0.017021124441250673,-0.0196,-0.071616,-0.0272,-0.012,0.018489999999999965,-0.0982,0.0584,not_constant,not_all_missing,not_near_constant,no_infinite,low_missing,
process_feature_082,82,float64,1543,24,0.015315890236119975,888,1543,0.0060548930654569025,0.03607430939085071,0.0076,-0.070528,-0.018,0.0269,0.11725799999999999,-0.2129,0.1437,not_constant,not_all_missing,not_near_constant,no_infinite,low_missing,
process_feature_083,83,float64,1566,1,0.0006381620931716656,1506,1566,7.452066602809706,0.5162513849989246,7.4674499999999995,6.210475,7.104225,7.807625,8.580205,5.8257,8.9904,not_constant,not_all_missing,not_near_constant,no_infinite,low_missing,
process_feature_084,84,float64,1555,12,0.007657945118059987,180,1555,0.13310790996784566,0.005051301341521238,0.133,0.1211,0.1298,0.1363,0.1453,0.1174,0.1505,not_constant,not_all_missing,not_near_constant,no_infinite,low_missing,
process_feature_085,85,float64,226,1341,0.8557753669432036,97,226,0.11278318584070797,0.0029283261097954464,0.11355000000000001,0.106125,0.110725,0.1149,0.117725,0.1053,0.1184,not_constant,not_all_missing,not_near_constant,no_infinite,very_high_missing,very_high_missing
process_feature_086,86,float64,1567,0,0.0,472,1567,2.4018715379706443,0.03733186120689418,2.4039,2.299482,2.37685,2.4286,2.476,2.2425,2.5555,not_constant,not_all_missing,not_near_constant,no_infinite,complete,
process_feature_087,87,float64,1567,0,0.0,249,1567,0.982420293554563,0.012847842091247771,0.9874,0.956298,0.9758,0.9897,0.992634,0.7749,0.9935,not_constant,not_all_missing,not_near_constant,no_infinite,complete,
process_feature_088,88,float64,1567,0,0.0,973,1567,1807.8150211231653,53.53726220241346,1809.2492,1660.6167,1777.4703,1841.873,1925.1642,1627.4714,2105.1823,not_constant,not_all_missing,not_near_constant,no_infinite,complete,
process_feature_089,89,float64,1516,51,0.03254626675175495,650,1516,0.18870323218997362,0.05237286447618119,0.1901,0.14804499999999998,0.169375,0.200425,0.239755,0.1113,1.4727,not_constant,not_all_missing,not_near_constant,no_infinite,low_missing,
process_feature_090,90,float64,1516,51,0.03254626675175495,1513,1516,8827.536865303431,396.3136618600386,8825.435099999999,7931.075515,8564.689975,9065.432400000002,9853.219554999998,7397.31,10746.6,not_constant,not_all_missing,not_near_constant,no_infinite,low_missing,
process_feature_091,91,float64,1561,6,0.0038289725590299937,1191,1561,0.002439846252402306,0.08768295437644351,0.0,-0.23779999999999998,-0.0429,0.0507,0.22370000000000012,-0.357,0.3627,not_constant,not_all_missing,not_near_constant,no_infinite,low_missing,
process_feature_092,92,float64,1565,2,0.0012763241863433313,180,1565,0.0005069009584664538,0.003231024228277144,0.0004,-0.007372,-0.0012,0.002,0.011535999999999989,-0.0126,0.0281,not_constant,not_all_missing,not_near_constant,no_infinite,low_missing,
process_feature_093,93,float64,1565,2,0.0012763241863433313,174,1565,-0.0005405111821086262,0.003009833796536164,-0.0002,-0.0115,-0.0016,0.001,0.00633599999999999,-0.0171,0.0133,not_constant,not_all_missing,not_near_constant,no_infinite,low_missing,
process_feature_094,94,float64,1561,6,0.0038289725590299937,22,1561,-2.9147982062780273e-05,0.0001741347967703349,0.0,-0.0005,-0.0001,0.0001,0.0004,-0.002,0.0011,not_constant,not_all_missing,not_near_constant,no_infinite,low_missing,
process_feature_095,95,float64,1561,6,0.0038289725590299937,14,1561,6.0025624599615635e-05,0.00010440797375672332,0.0,-0.0002,0.0,0.0001,0.0003,-0.0009,0.0009,not_constant,not_all_missing,not_near_constant,no_infinite,low_missing,
process_feature_096,96,float64,1561,6,0.0038289725590299937,1333,1561,0.01712664958360026,0.2195781445084066,0.0039,-0.5216799999999999,-0.0886,0.122,0.6397600000000003,-1.4803,2.5093,not_constant,not_all_missing,not_near_constant,no_infinite,low_missing,
process_feature_097,97,float64,1561,6,0.0038289725590299937,1,1561,0.0,0.0,0.0,0.0,0.0,0.0,0.0,0.0,0.0,constant,not_all_missing,not_near_constant,no_infinite,constant,constant
process_feature_098,98,float64,1561,6,0.0038289725590299937,1420,1561,-0.018142664958360026,0.42710978584634884,0.0,-1.0528,-0.2188,0.1893,1.1401000000000021,-5.2717,2.5698,not_constant,not_all_missing,not_near_constant,no_infinite,low_missing,
process_feature_099,99,float64,1561,6,0.0038289725590299937,272,1561,0.0015401024983984631,0.062740393429447,0.0,-0.12002,-0.0298,0.0298,0.1408000000000001,-0.5283,0.8854,not_constant,not_all_missing,not_near_constant,no_infinite,low_missing,
process_feature_100,100,float64,1561,6,0.0038289725590299937,35,1561,-2.1268417680973738e-05,0.0003555366912193449,0.0,-0.0009,-0.0002,0.0002,0.0009,-0.003,0.0023,not_constant,not_all_missing,not_near_constant,no_infinite,low_missing,
process_feature_101,101,float64,1561,6,0.0038289725590299937,29,1561,-7.23894939141576e-06,0.00022076237351255197,0.0,-0.00054,-0.0001,0.0001,0.0006,-0.0024,0.0017,not_constant,not_all_missing,not_near_constant,no_infinite,low_missing,
process_feature_102,102,float64,1561,6,0.0038289725590299937,1066,1561,0.00111460602178091,0.06296766399989996,0.0,-0.13398000000000002,-0.0357,0.0336,0.1718000000000001,-0.5353,0.2979,not_constant,not_all_missing,not_near_constant,no_infinite,low_missing,
process_feature_103,103,float64,1565,2,0.0012763241863433313,153,1565,-0.009789073482428114,0.0030645488768766076,-0.0101,-0.015344,-0.0118,-0.0082,-0.0019,-0.0329,0.0203,not_constant,not_all_missing,not_near_constant,no_infinite,low_missing,
process_feature_104,104,float64,1565,2,0.0012763241863433313,55,1565,-1.4632587859424918e-05,0.000850708638613734,0.0,-0.0019,-0.0004,0.0004,0.0017,-0.0119,0.0071,not_constant,not_all_missing,not_near_constant,no_infinite,low_missing,
process_feature_105,105,float64,1561,6,0.0038289725590299937,177,1561,-0.0004978859705317104,0.0032023291827482777,-0.0002,-0.01154,-0.0019,0.0011,0.007480000000000019,-0.0281,0.0127,not_constant,not_all_missing,not_near_constant,no_infinite,low_missing,
process_feature_106,106,float64,1561,6,0.0038289725590299937,180,1561,0.0005395259449071109,0.002987912749000635,0.0002,-0.0061200000000000004,-0.001,0.0016,0.01144000000000001,-0.0133,0.0172,not_constant,not_all_missing,not_near_constant,no_infinite,low_missing,
process_feature_107,107,float64,1561,6,0.0038289725590299937,1159,1561,-0.001765919282511211,0.08747477543703755,0.0,-0.24230000000000002,-0.0486,0.049,0.21882000000000051,-0.5226,0.4856,not_constant,not_all_missing,not_near_constant,no_infinite,low_missing,
process_feature_108,108,float64,1561,6,0.0038289725590299937,1183,1561,-0.010788597053171044,0.08675776525146273,-0.0112,-0.20256,-0.0649,0.038,0.25482,-0.3454,0.3938,not_constant,not_all_missing,not_near_constant,no_infinite,low_missing,
process_feature_109,109,float64,549,1018,0.6496490108487556,96,549,0.9799925318761384,0.008694888944683949,0.981,0.9741,0.9788,0.9823,0.9839,0.7848,0.9842,not_constant,not_all_missing,not_near_constant,no_infinite,very_high_missing,very_high_missing
process_feature_110,110,float64,549,1018,0.6496490108487556,546,549,101.31825282331512,1.8800873187169334,101.4817,97.49751599999999,100.389,102.0781,105.916652,88.1938,106.9227,not_constant,not_all_missing,not_near_constant,no_infinite,very_high_missing,very_high_missing
process_feature_111,111,float64,549,1018,0.6496490108487556,545,549,231.81889763205828,2.105317916257847,231.2012,229.077468,230.3738,233.0361,236.425316,213.0083,236.9546,not_constant,not_all_missing,not_near_constant,no_infinite,very_high_missing,very_high_missing
process_feature_112,112,float64,852,715,0.4562858966177409,249,852,0.457537676056338,0.04893948036768213,0.46285,0.08108999999999997,0.4593,0.466425,0.477196,0.0,0.4885,not_constant,not_all_missing,not_near_constant,no_infinite,high_missing,high_missing
process_feature_113,113,float64,1567,0,0.0,468,1567,0.9454241863433311,0.01213287211602843,0.9464,0.9140980000000001,0.9386,0.9523,0.971302,0.8534,0.9763,not_constant,not_all_missing,not_near_constant,no_infinite,complete,
process_feature_114,114,float64,1567,0,0.0,20,1567,0.00012252712188895982,0.0016680941765185792,0.0,0.0,0.0,0.0,0.0014019999999999755,0.0,0.0414,not_constant,not_all_missing,not_near_constant,no_infinite,complete,
process_feature_115,115,float64,1567,0,0.0,1567,1567,747.3837915762605,48.94924986407113,750.8614,612.375042,721.023,776.7818500000001,865.9773959999999,544.0254,924.5318,not_constant,not_all_missing,not_near_constant,no_infinite,complete,
process_feature_116,116,float64,1567,0,0.0,136,1567,0.9871299298021697,0.0094965042399418,0.9905,0.959664,0.9895,0.9909,0.9918,0.89,0.9924,not_constant,not_all_missing,not_near_constant,no_infinite,complete,
process_feature_117,117,float64,1567,0,0.0,1527,1567,58.62590791320995,6.48517445373113,58.5491,55.266312,57.9783,59.1339,60.899111999999995,52.8068,311.7344,not_constant,not_all_missing,not_near_constant,no_infinite,complete,
process_feature_118,118,float64,1543,24,0.015315890236119975,328,1543,0.5984116655865198,0.00810151744842984,0.599,0.579384,0.5941,0.6034,0.6141,0.5274,0.6245,not_constant,not_all_missing,not_near_constant,no_infinite,low_missing,
process_feature_119,119,float64,1567,0,0.0,249,1567,0.9707770899808551,0.00894856194452718,0.9694,0.958264,0.9648,0.9783,0.981434,0.8411,0.9827,not_constant,not_all_missing,not_near_constant,no_infinite,complete,
process_feature_120,120,float64,1567,0,0.0,1269,1567,6.310863050414805,0.12430439087350695,6.3136,5.98223,6.2464,6.37585,6.596494,5.1259,7.522,not_constant,not_all_missing,not_near_constant,no_infinite,complete,
process_feature_121,121,float64,1558,9,0.00574345883854499,54,1558,15.796424903722723,0.0996177237680075,15.79,15.53,15.73,15.86,16.03,15.46,16.07,not_constant,not_all_missing,not_near_constant,no_infinite,low_missing,
process_feature_122,122,float64,1558,9,0.00574345883854499,309,1558,3.898389602053916,0.9041204721731875,3.877,2.322,3.202,4.392,6.355,1.671,6.889,not_constant,not_all_missing,not_near_constant,no_infinite,low_missing,
process_feature_123,123,float64,1558,9,0.00574345883854499,50,1558,15.829659820282414,0.10831493753624595,15.83,15.56,15.7625,15.9,16.09,15.17,16.1,not_constant,not_all_missing,not_near_constant,no_infinite,low_missing,
process_feature_124,124,float64,1558,9,0.00574345883854499,59,1558,15.794704749679074,0.11414369186392438,15.78,15.5314,15.7225,15.87,16.07,15.43,16.1,not_constant,not_all_missing,not_near_constant,no_infinite,low_missing,
process_feature_125,125,float64,1558,9,0.00574345883854499,155,1558,1.1849557124518615,0.2805546877108019,1.144,0.7048,0.9744,1.338,2.022,0.3122,2.465,not_constant,not_all_missing,not_near_constant,no_infinite,low_missing,
process_feature_126,126,float64,1558,9,0.00574345883854499,273,1558,2.7507284980744546,0.2534708152385679,2.735,2.381,2.572,2.873,3.856,2.34,3.991,not_constant,not_all_missing,not_near_constant,no_infinite,low_missing,
process_feature_127,127,float64,1558,9,0.00574345883854499,324,1558,0.6484775994865212,0.1354088654417417,0.6539,0.3924,0.5489,0.7135,0.9902,0.3161,1.175,not_constant,not_all_missing,not_near_constant,no_infinite,low_missing,
process_feature_128,128,float64,1558,9,0.00574345883854499,268,1558,3.1921822849807446,0.26417454262867024,3.195,2.783,3.074,3.311,3.852,0.0,3.895,not_constant,not_all_missing,not_near_constant,no_infinite,low_missing,
process_feature_129,129,float64,1558,9,0.00574345883854499,93,1558,-0.5542283055198973,1.2204787495960854,-0.1419,-3.732,-0.8988,0.0473,1.655,-3.779,2.458,not_constant,not_all_missing,not_near_constant,no_infinite,low_missing,
process_feature_130,130,float64,1558,9,0.00574345883854499,310,1558,0.7449764441591785,0.08253126367202694,0.75875,0.5438,0.6887,0.8145,0.8764,0.4199,0.8884,not_constant,not_all_missing,not_near_constant,no_infinite,low_missing,
process_feature_131,131,float64,1558,9,0.00574345883854499,68,1558,0.9978083440308086,0.002250576394821345,0.99775,0.9942,0.9964,0.9989,1.00243,0.9936,1.019,not_constant,not_all_missing,not_near_constant,no_infinite,low_missing,
process_feature_132,132,float64,1559,8,0.005105296745373325,306,1559,2.3185446440025657,0.05318080353310863,2.3124,2.199558,2.2773,2.3583,2.4253,2.1911,2.4723,not_constant,not_all_missing,not_near_constant,no_infinite,low_missing,
process_feature_133,133,float64,1559,8,0.005105296745373325,336,1559,1004.0430934573446,6.537701154618075,1004.05,986.7484,999.9961,1008.6706,1018.1556,980.451,1020.9944,not_constant,not_all_missing,not_near_constant,no_infinite,low_missing,
process_feature_134,134,float64,1559,8,0.005105296745373325,335,1559,39.39197851186658,2.99047608324939,38.9026,34.2455,37.34725,40.8046,46.0348,33.3658,64.1287,not_constant,not_all_missing,not_near_constant,no_infinite,low_missing,
process_feature_135,135,float64,1562,5,0.003190810465858328,134,1562,117.96094750320103,57.54462723964513,109.0,63.0,92.0,127.0,374.50999999999885,58.0,994.0,not_constant,not_all_missing,not_near_constant,no_infinite,low_missing,
process_feature_136,136,float64,1561,6,0.0038289725590299937,1089,1561,138.1947469570788,53.909791680681884,134.6,49.5,90.0,181.0,262.72,36.1,295.8,not_constant,not_all_missing,not_near_constant,no_infinite,low_missing,
process_feature_137,137,float64,1560,7,0.004467134652201659,1059,1560,122.69294871794872,52.2530147577518,117.7,29.418,81.3,161.6,245.35100000000008,19.2,334.7,not_constant,not_all_missing,not_near_constant,no_infinite,low_missing,
process_feature_138,138,float64,1553,14,0.008934269304403318,348,1553,57.60302459755312,12.345358058102567,55.9001,23.144,50.9001,62.9001,96.2998,19.8,141.7998,not_constant,not_all_missing,not_near_constant,no_infinite,low_missing,
process_feature_139,139,float64,1553,14,0.008934269304403318,518,1553,416.76696374758535,263.30061396866864,339.561,122.04072,243.786,502.2059,1455.2578680000015,0.0,1770.6909,not_constant,not_all_missing,not_near_constant,no_infinite,low_missing,
process_feature_140,140,float64,1553,14,0.008934269304403318,498,1553,26.077903927881515,506.92210649829843,0.2358,0.05572,0.1317,0.4391,1.489472000000003,0.0319,9998.8944,not_constant,not_all_missing,not_near_constant,no_infinite,low_missing,
process_feature_141,141,float64,1553,14,0.008934269304403318,1,1553,0.0,0.0,0.0,0.0,0.0,0.0,0.0,0.0,0.0,constant,not_all_missing,not_near_constant,no_infinite,constant,constant
process_feature_142,142,float64,1553,14,0.008934269304403318,374,1553,6.641564713457824,3.5522542299963913,6.26,2.1512,5.11,7.5,13.21,1.74,103.39,not_constant,not_all_missing,not_near_constant,no_infinite,low_missing,
process_feature_143,143,float64,1558,9,0.00574345883854499,63,1558,0.004169448010269577,0.00128180932587709,0.0039,0.0016,0.0033,0.0049,0.0074,0.0,0.0121,not_constant,not_all_missing,not_near_constant,no_infinite,low_missing,
process_feature_144,144,float64,1565,2,0.0012763241863433313,961,1565,0.12000811501597444,0.061342785491063416,0.1075,0.047327999999999995,0.0839,0.1327,0.3746039999999996,0.0324,0.6253,not_constant,not_all_missing,not_near_constant,no_infinite,low_missing,
process_feature_145,145,float64,1565,2,0.0012763241863433313,656,1565,0.06362140575079872,0.026540583373346135,0.0586,0.029264,0.048,0.0718,0.196372,0.0214,0.2507,not_constant,not_all_missing,not_near_constant,no_infinite,low_missing,
process_feature_146,146,float64,1565,2,0.0012763241863433313,579,1565,0.05501003194888179,0.021844487744507778,0.05,0.0286,0.0423,0.0615,0.15374399999999921,0.0227,0.2479,not_constant,not_all_missing,not_near_constant,no_infinite,low_missing,
process_feature_147,147,float64,1565,2,0.0012763241863433313,294,1565,0.017410990415335465,0.027122909963026458,0.0159,0.0054,0.01,0.0213,0.034571999999999985,0.0043,0.9783,not_constant,not_all_missing,not_near_constant,no_infinite,low_missing,
process_feature_148,148,float64,1565,2,0.0012763241863433313,1551,1565,8.471307923322684,18.740631069364888,7.9173,2.831052,6.3599,9.5853,13.788315999999998,1.4208,742.9421,not_constant,not_all_missing,not_near_constant,no_infinite,low_missing,
process_feature_149,149,float64,1564,3,0.0019144862795149968,1,1564,0.0,0.0,0.0,0.0,0.0,0.0,0.0,0.0,0.0,constant,not_all_missing,not_near_constant,no_infinite,constant,constant
process_feature_150,150,float64,1564,3,0.0019144862795149968,1443,1564,6.8142679028133,3.241842630695339,5.9510000000000005,2.16843,4.45925,8.275,17.47000999999998,1.337,22.318,not_constant,not_all_missing,not_near_constant,no_infinite,low_missing,
process_feature_151,151,float64,1564,3,0.0019144862795149968,1498,1564,14.047402813299232,31.002541178451466,10.993500000000001,3.82777,8.08975,14.347249999999999,61.202199999997724,2.02,536.564,not_constant,not_all_missing,not_near_constant,no_infinite,low_missing,
process_feature_152,152,float64,1564,3,0.0019144862795149968,1394,1564,1.1967331841432223,23.364062814247543,0.4687,0.196278,0.37375,0.679925,3.4019029999999995,0.1544,924.378,not_constant,not_all_missing,not_near_constant,no_infinite,low_missing,
process_feature_153,153,float64,1564,3,0.0019144862795149968,219,1564,0.011926470588235295,0.009345677016570107,0.0111,0.0042,0.007275,0.0149,0.026636999999999987,0.0036,0.2389,not_constant,not_all_missing,not_near_constant,no_infinite,low_missing,
process_feature_154,154,float64,1564,3,0.0019144862795149968,1551,1564,7.697970907928389,5.239218953897178,7.5127,2.608712,5.92695,9.054675,13.454594999999994,1.2438,191.5478,not_constant,not_all_missing,not_near_constant,no_infinite,low_missing,
process_feature_155,155,float64,1557,10,0.006381620931716656,65,1557,0.5071714836223506,1.1224267752591635,0.32,0.17,0.24,0.45,7.732,0.14,12.71,not_constant,not_all_missing,not_near_constant,no_infinite,low_missing,
process_feature_156,156,float64,1567,0,0.0,722,1567,0.058088576898532224,0.0791744877182338,0.0487,0.016932,0.036250000000000004,0.0667,0.15100799999999992,0.0111,2.2016,not_constant,not_all_missing,not_near_constant,no_infinite,complete,
process_feature_157,157,float64,138,1429,0.9119336311423102,128,138,0.047104347826086954,0.03953765066837538,0.03545,0.016236999999999998,0.027049999999999998,0.048875,0.21753199999999964,0.0118,0.2876,not_constant,not_all_missing,not_near_constant,no_infinite,very_high_missing,very_high_missing
process_feature_158,158,float64,138,1429,0.9119336311423102,138,138,1039.6507376811596,406.84881031719414,1020.30005,338.48478500000004,721.67505,1277.750125,2194.0238739999995,234.0996,2505.2998,not_constant,not_all_missing,not_near_constant,no_infinite,very_high_missing,very_high_missing
process_feature_159,159,float64,1565,2,0.0012763241863433313,954,1565,882.6805111821086,983.0430214415103,623.0,128.2,411.0,966.0,5842.599999999989,0.0,7791.0,not_constant,not_all_missing,not_near_constant,no_infinite,low_missing,
process_feature_160,160,float64,1565,2,0.0012763241863433313,744,1565,555.3463258785943,574.8085883403089,438.0,59.0,295.0,625.0,3486.0399999999963,0.0,4170.0,not_constant,not_all_missing,not_near_constant,no_infinite,low_missing,
process_feature_161,161,float64,1565,2,0.0012763241863433313,1411,1565,4066.850479233227,4239.24505784859,2614.0,182.64,1321.0,5034.0,19638.239999999983,0.0,37943.0,not_constant,not_all_missing,not_near_constant,no_infinite,low_missing,
process_feature_162,162,float64,1565,2,0.0012763241863433313,1325,1565,4797.15463258786,6553.569317232143,1784.0,35.2,451.0,6384.0,27330.279999999984,0.0,36871.0,not_constant,not_all_missing,not_near_constant,no_infinite,low_missing,
process_feature_163,163,float64,1565,2,0.0012763241863433313,260,1565,0.14020447284345047,0.12198898992468678,0.12,0.03264,0.091,0.154,0.9137199999999999,0.0,0.957,not_constant,not_all_missing,not_near_constant,no_infinite,low_missing,
process_feature_164,164,float64,1565,2,0.0012763241863433313,219,1565,0.12794249201277955,0.24253363310452541,0.089,0.02364,0.068,0.116,1.7937199999999998,0.0,1.817,not_constant,not_all_missing,not_near_constant,no_infinite,low_missing,
process_feature_165,165,float64,1565,2,0.0012763241863433313,404,1565,0.2520255591054313,0.4073293242260462,0.184,0.04064,0.132,0.255,3.0413599999999996,0.0,3.286,not_constant,not_all_missing,not_near_constant,no_infinite,low_missing,
process_feature_166,166,float64,1565,2,0.0012763241863433313,62,1565,2.7888817891373803,1.119755905743267,2.6,1.2,2.1,3.2,5.7,0.8,21.1,not_constant,not_all_missing,not_near_constant,no_infinite,low_missing,
process_feature_167,167,float64,1565,2,0.0012763241863433313,31,1565,1.2357827476038339,0.6327669145242083,1.2,0.5,0.9,1.5,2.5,0.3,16.3,not_constant,not_all_missing,not_near_constant,no_infinite,low_missing,
process_feature_168,168,float64,1565,2,0.0012763241863433313,207,1565,0.12439680511182108,0.04763862920302921,0.119,0.049,0.09,0.151,0.2510799999999997,0.033,0.725,not_constant,not_all_missing,not_near_constant,no_infinite,low_missing,
process_feature_169,169,float64,1565,2,0.0012763241863433313,652,1565,0.40045367412140576,0.19791761488934503,0.412,0.07,0.23,0.536,0.8831599999999994,0.046,1.143,not_constant,not_all_missing,not_near_constant,no_infinite,low_missing,
process_feature_170,170,float64,1566,1,0.0006381620931716656,331,1566,0.6843303320561941,0.15746797134498902,0.686,0.3415,0.5756,0.7973,1.026,0.2979,1.153,not_constant,not_all_missing,not_near_constant,no_infinite,low_missing,
process_feature_171,171,float64,1566,1,0.0006381620931716656,306,1566,0.12006411238825032,0.06078486855133188,0.1125,0.033605,0.0798,0.1403,0.3139,0.0089,0.494,not_constant,not_all_missing,not_near_constant,no_infinite,low_missing,
process_feature_172,172,float64,1566,1,0.0006381620931716656,307,1566,0.3201125159642401,0.07124300579846014,0.32384999999999997,0.1557,0.2766,0.3702,0.4790799999999981,0.1287,0.5484,not_constant,not_all_missing,not_near_constant,no_infinite,low_missing,
process_feature_173,173,float64,1566,1,0.0006381620931716656,319,1566,0.5761919540229885,0.09573396704620046,0.5776,0.34934,0.5168,0.6345,0.8189,0.2538,0.8643,not_constant,not_all_missing,not_near_constant,no_infinite,low_missing,
process_feature_174,174,float64,1566,1,0.0006381620931716656,308,1566,0.3201127713920817,0.07124688599023044,0.32384999999999997,0.1557,0.2765,0.3702,0.4790799999999981,0.1287,0.5484,not_constant,not_all_missing,not_near_constant,no_infinite,low_missing,
process_feature_175,175,float64,1566,1,0.0006381620931716656,327,1566,0.7780436143039591,0.11632213822392524,0.7682,0.5514,0.6922,0.8439,1.0906249999999995,0.4616,1.172,not_constant,not_all_missing,not_near_constant,no_infinite,low_missing,
process_feature_176,176,float64,1566,1,0.0006381620931716656,319,1566,0.2447177522349936,0.07491779147962079,0.2429,0.083,0.19625,0.293925,0.4319,0.0735,0.4411,not_constant,not_all_missing,not_near_constant,no_infinite,low_missing,
process_feature_177,177,float64,1566,1,0.0006381620931716656,250,1566,0.39475989782886334,0.2829029611812174,0.299,0.103,0.222,0.423,1.123,0.047,1.858,not_constant,not_all_missing,not_near_constant,no_infinite,low_missing,
process_feature_178,178,float64,1543,24,0.015315890236119975,1,1543,0.0,0.0,0.0,0.0,0.0,0.0,0.0,0.0,0.0,constant,not_all_missing,not_near_constant,no_infinite,constant,constant
process_feature_179,179,float64,1566,1,0.0006381620931716656,1,1566,0.0,0.0,0.0,0.0,0.0,0.0,0.0,0.0,0.0,constant,not_all_missing,not_near_constant,no_infinite,constant,constant
process_feature_180,180,float64,1566,1,0.0006381620931716656,890,1566,19.013256704980844,3.3116324160902977,18.69,12.0355,16.85,20.9725,26.833499999999997,9.4,48.67,not_constant,not_all_missing,not_near_constant,no_infinite,low_missing,
process_feature_181,181,float64,1566,1,0.0006381620931716656,687,1566,0.5467701149425287,0.22440175239982996,0.524,0.17265,0.378,0.68875,1.1025999999999985,0.093,3.573,not_constant,not_all_missing,not_near_constant,no_infinite,low_missing,
process_feature_182,182,float64,1566,1,0.0006381620931716656,905,1566,10.780542784163474,4.164050577644839,10.17,4.423,7.7325,13.3375,21.462999999999983,3.17,55.0,not_constant,not_all_missing,not_near_constant,no_infinite,low_missing,
process_feature_183,183,float64,1566,1,0.0006381620931716656,1508,1566,26.66117037037037,6.836100919669127,27.200499999999998,14.064449999999999,21.171499999999998,31.687,39.84114999999998,5.014,72.947,not_constant,not_all_missing,not_near_constant,no_infinite,low_missing,
process_feature_184,184,float64,1566,1,0.0006381620931716656,1054,1566,0.1448154533844189,0.11019771063307962,0.1326,0.04934,0.1022,0.16915,0.33932999999999985,0.0297,3.2283,not_constant,not_all_missing,not_near_constant,no_infinite,low_missing,
process_feature_185,185,float64,1566,1,0.0006381620931716656,739,1566,7.3657407407407405,7.188720312996779,6.735,3.0295,5.39,8.45,15.238499999999972,1.94,267.91,not_constant,not_all_missing,not_near_constant,no_infinite,low_missing,
process_feature_186,186,float64,1566,1,0.0006381620931716656,1,1566,0.0,0.0,0.0,0.0,0.0,0.0,0.0,0.0,0.0,constant,not_all_missing,not_near_constant,no_infinite,constant,constant
process_feature_187,187,float64,1566,1,0.0006381620931716656,1015,1566,17.936289846743293,8.609911713011101,17.865000000000002,8.088000000000001,14.504999999999999,20.86,27.564934999999974,6.22,307.93,not_constant,not_all_missing,not_near_constant,no_infinite,low_missing,
process_feature_188,188,float64,1566,1,0.0006381620931716656,1550,1566,43.21141826309067,21.71187601683998,40.209500000000006,11.54415,24.711,57.67475,99.58529999999996,6.613,191.83,not_constant,not_all_missing,not_near_constant,no_infinite,low_missing,
process_feature_189,189,float64,1566,1,0.0006381620931716656,1,1566,0.0,0.0,0.0,0.0,0.0,0.0,0.0,0.0,0.0,constant,not_all_missing,not_near_constant,no_infinite,constant,constant
process_feature_190,190,float64,1563,4,0.0025526483726866626,1,1563,0.0,0.0,0.0,0.0,0.0,0.0,0.0,0.0,0.0,constant,not_all_missing,not_near_constant,no_infinite,constant,constant
process_feature_191,191,float64,1563,4,0.0025526483726866626,1,1563,0.0,0.0,0.0,0.0,0.0,0.0,0.0,0.0,0.0,constant,not_all_missing,not_near_constant,no_infinite,constant,constant
process_feature_192,192,float64,1563,4,0.0025526483726866626,1,1563,0.0,0.0,0.0,0.0,0.0,0.0,0.0,0.0,0.0,constant,not_all_missing,not_near_constant,no_infinite,constant,constant
process_feature_193,193,float64,1563,4,0.0025526483726866626,1,1563,0.0,0.0,0.0,0.0,0.0,0.0,0.0,0.0,0.0,constant,not_all_missing,not_near_constant,no_infinite,constant,constant
process_feature_194,194,float64,1563,4,0.0025526483726866626,1,1563,0.0,0.0,0.0,0.0,0.0,0.0,0.0,0.0,0.0,constant,not_all_missing,not_near_constant,no_infinite,constant,constant
process_feature_195,195,float64,1563,4,0.0025526483726866626,206,1563,0.287084452975048,0.39518696433610084,0.259,0.08,0.218,0.296,1.02,0.08,4.838,not_constant,not_all_missing,not_near_constant,no_infinite,low_missing,
process_feature_196,196,float64,1560,7,0.004467134652201659,867,1560,8.68848717948718,15.720926221143502,6.78,2.73,5.04,9.555,22.701900000000048,1.75,396.11,not_constant,not_all_missing,not_near_constant,no_infinite,low_missing,
process_feature_197,197,float64,1561,6,0.0038289725590299937,898,1561,20.092709801409352,10.552161573356331,19.37,11.764000000000001,17.13,21.46,30.994000000000007,9.22,252.87,not_constant,not_all_missing,not_near_constant,no_infinite,low_missing,
process_feature_198,198,float64,1561,6,0.0038289725590299937,773,1561,0.5573587443946189,0.5377051946449523,0.424,0.1542,0.296,0.726,1.563400000000002,0.09,10.017,not_constant,not_all_missing,not_near_constant,no_infinite,low_missing,
process_feature_199,199,float64,1561,6,0.0038289725590299937,920,1561,11.532056374119154,16.44555600285298,8.57,3.73,6.74,11.46,37.23400000000001,2.77,390.12,not_constant,not_all_missing,not_near_constant,no_infinite,low_missing,
process_feature_200,200,float64,1560,7,0.004467134652201659,1008,1560,17.60019230769231,8.690718499196093,17.235,7.0584999999999996,14.155000000000001,20.1625,29.078700000000005,3.21,199.62,not_constant,not_all_missing,not_near_constant,no_infinite,low_missing,
process_feature_201,201,float64,1560,7,0.004467134652201659,861,1560,7.839358974358974,5.1044949288971635,6.76,2.7136,5.02,9.49,20.535100000000007,0.0,126.53,not_constant,not_all_missing,not_near_constant,no_infinite,low_missing,
process_feature_202,202,float64,1560,7,0.004467134652201659,1470,1560,10.170463333333334,14.622904409729585,8.462,3.52305,6.094,11.953,24.84379000000006,0.0,490.561,not_constant,not_all_missing,not_near_constant,no_infinite,low_missing,
process_feature_203,203,float64,1561,6,0.0038289725590299937,1501,1561,30.073142729019857,17.461797918207267,30.097,15.1122,24.653,33.506,42.161200000000036,7.728,500.349,not_constant,not_all_missing,not_near_constant,no_infinite,low_missing,
process_feature_204,204,float64,1561,6,0.0038289725590299937,1210,1561,32.21816886611147,565.1012386167343,0.1582,0.05836,0.1143,0.2307,0.7420800000000017,0.0429,9998.4483,not_constant,not_all_missing,not_near_constant,no_infinite,low_missing,
process_feature_205,205,float64,1561,6,0.0038289725590299937,841,1561,9.050121716848174,11.541082734748231,7.74,3.286,6.04,9.94,21.868000000000013,2.3,320.05,not_constant,not_all_missing,not_near_constant,no_infinite,low_missing,
process_feature_206,206,float64,1561,6,0.0038289725590299937,2,1561,0.0012812299807815502,0.05062074635525538,0.0,0.0,0.0,0.0,0.0,0.0,2.0,not_constant,not_all_missing,near_constant,no_infinite,near_constant,near_constant
process_feature_207,207,float64,1561,6,0.0038289725590299937,1046,1561,20.376175528507368,17.497556438702528,19.72,8.25,16.35,22.37,31.960000000000033,4.01,457.65,not_constant,not_all_missing,not_near_constant,no_infinite,low_missing,
process_feature_208,208,float64,1561,6,0.0038289725590299937,1549,1561,73.26431646380526,28.067142840732725,73.248,13.9044,56.158,90.515,148.13320000000002,5.359,172.349,not_constant,not_all_missing,not_near_constant,no_infinite,low_missing,
process_feature_209,209,float64,1561,6,0.0038289725590299937,2,1561,0.02956438180653427,1.1680737221475166,0.0,0.0,0.0,0.0,0.0,0.0,46.15,not_constant,not_all_missing,near_constant,no_infinite,near_constant,near_constant
process_feature_210,210,float64,1543,24,0.015315890236119975,798,1543,0.08886578094620869,0.04206453963808064,0.0797,0.040752,0.0656,0.09945000000000001,0.25361399999999973,0.0319,0.5164,not_constant,not_all_missing,not_near_constant,no_infinite,low_missing,
process_feature_211,211,float64,1543,24,0.015315890236119975,653,1543,0.0567549578742709,0.02500514369357546,0.0532,0.016836,0.0438,0.0642,0.14883799999999991,0.0022,0.3227,not_constant,not_all_missing,not_near_constant,no_infinite,low_missing,
process_feature_212,212,float64,1543,24,0.015315890236119975,681,1543,0.05143208036292936,0.031577643814254805,0.0416,0.017026,0.0325,0.06245,0.15334799999999996,0.0071,0.5941,not_constant,not_all_missing,not_near_constant,no_infinite,low_missing,
process_feature_213,213,float64,1543,24,0.015315890236119975,810,1543,0.06034614387556708,0.05302956395031068,0.056,0.008652,0.0364,0.0737,0.16065599999999977,0.0037,1.2837,not_constant,not_all_missing,not_near_constant,no_infinite,low_missing,
process_feature_214,214,float64,1543,24,0.015315890236119975,803,1543,0.08326843810758262,0.05645567199791888,0.0754,0.028342,0.0568,0.09355,0.3330639999999985,0.0193,0.7615,not_constant,not_all_missing,not_near_constant,no_infinite,low_missing,
process_feature_215,215,float64,1543,24,0.015315890236119975,823,1543,0.08107556707712249,0.030436821606720545,0.0825,0.019484,0.0632,0.0983,0.15310599999999996,0.0059,0.3429,not_constant,not_all_missing,not_near_constant,no_infinite,low_missing,
process_feature_216,216,float64,1543,24,0.015315890236119975,728,1543,0.08348353856124432,0.025764309384381366,0.0846,0.022746,0.06955,0.09755,0.1505799999999999,0.0097,0.2828,not_constant,not_all_missing,not_near_constant,no_infinite,low_missing,
process_feature_217,217,float64,1543,24,0.015315890236119975,836,1543,0.07163538561244329,0.04628346265847662,0.0617,0.015394000000000001,0.0458,0.08635000000000001,0.1928519999999997,0.0079,0.6744,not_constant,not_all_missing,not_near_constant,no_infinite,low_missing,
process_feature_218,218,float64,1566,1,0.0006381620931716656,1539,1566,3.771465389527459,1.1704360886275393,3.63075,1.661305,2.9461000000000004,4.40475,6.957959999999999,1.034,8.8015,not_constant,not_all_missing,not_near_constant,no_infinite,low_missing,
process_feature_219,219,float64,1555,12,0.007657945118059987,64,1555,0.0032540192926045017,0.0016461065915743328,0.003,0.0011,0.0023,0.0038,0.0105,0.0007,0.0163,not_constant,not_all_missing,not_near_constant,no_infinite,low_missing,
process_feature_220,220,float64,226,1341,0.8557753669432036,69,226,0.00921283185840708,0.0019890062148504874,0.00895,0.006225,0.0078,0.0103,0.013824999999999999,0.0057,0.024,not_constant,not_all_missing,not_near_constant,no_infinite,very_high_missing,very_high_missing
process_feature_221,221,float64,1567,0,0.0,408,1567,0.06071754945756223,0.02330522674165929,0.0609,0.0251,0.0402,0.0765,0.1196,0.02,0.2305,not_constant,not_all_missing,not_near_constant,no_infinite,complete,
process_feature_222,222,float64,1567,0,0.0,178,1567,0.0088211869814933,0.055936767099401666,0.0023,0.0005,0.0014,0.0055,0.06698999999999972,0.0003,0.9911,not_constant,not_all_missing,not_near_constant,no_infinite,complete,
process_feature_223,223,float64,1567,0,0.0,973,1567,122.84657102744097,55.15600267648893,119.436,54.6012,95.14735,144.5028,225.3136,32.2637,1768.8802,not_constant,not_all_missing,not_near_constant,no_infinite,complete,
process_feature_224,224,float64,1516,51,0.03254626675175495,720,1516,0.05937044854881267,0.071211244690426,0.0398,0.01533,0.029775,0.0613,0.3442749999999988,0.0093,1.4361,not_constant,not_all_missing,not_near_constant,no_infinite,low_missing,
process_feature_225,225,float64,1516,51,0.03254626675175495,1472,1516,1041.0565875989446,433.1700758034397,967.2998,382.0498,718.7253499999999,1261.2998,2421.2400149999967,168.7998,3601.2998,not_constant,not_all_missing,not_near_constant,no_infinite,low_missing,
process_feature_226,226,float64,1561,6,0.0038289725590299937,1,1561,0.0,0.0,0.0,0.0,0.0,0.0,0.0,0.0,0.0,constant,not_all_missing,not_near_constant,no_infinite,constant,constant
process_feature_227,227,float64,1565,2,0.0012763241863433313,329,1565,0.019125047923322685,0.010755712754397951,0.0165,0.008364,0.0132,0.0212,0.06692799999999978,0.0062,0.1541,not_constant,not_all_missing,not_near_constant,no_infinite,low_missing,
process_feature_228,228,float64,1565,2,0.0012763241863433313,292,1565,0.0178444089456869,0.01074487814635285,0.0155,0.0081,0.0126,0.02,0.05558399999999981,0.0072,0.2133,not_constant,not_all_missing,not_near_constant,no_infinite,low_missing,
process_feature_229,229,float64,1561,6,0.0038289725590299937,1,1561,0.0,0.0,0.0,0.0,0.0,0.0,0.0,0.0,0.0,constant,not_all_missing,not_near_constant,no_infinite,constant,constant
process_feature_230,230,float64,1561,6,0.0038289725590299937,1,1561,0.0,0.0,0.0,0.0,0.0,0.0,0.0,0.0,0.0,constant,not_all_missing,not_near_constant,no_infinite,constant,constant
process_feature_231,231,float64,1561,6,0.0038289725590299937,1,1561,0.0,0.0,0.0,0.0,0.0,0.0,0.0,0.0,0.0,constant,not_all_missing,not_near_constant,no_infinite,constant,constant
process_feature_232,232,float64,1561,6,0.0038289725590299937,1,1561,0.0,0.0,0.0,0.0,0.0,0.0,0.0,0.0,0.0,constant,not_all_missing,not_near_constant,no_infinite,constant,constant
process_feature_233,233,float64,1561,6,0.0038289725590299937,1,1561,0.0,0.0,0.0,0.0,0.0,0.0,0.0,0.0,0.0,constant,not_all_missing,not_near_constant,no_infinite,constant,constant
process_feature_234,234,float64,1561,6,0.0038289725590299937,1,1561,0.0,0.0,0.0,0.0,0.0,0.0,0.0,0.0,0.0,constant,not_all_missing,not_near_constant,no_infinite,constant,constant
process_feature_235,235,float64,1561,6,0.0038289725590299937,1,1561,0.0,0.0,0.0,0.0,0.0,0.0,0.0,0.0,0.0,constant,not_all_missing,not_near_constant,no_infinite,constant,constant
process_feature_236,236,float64,1561,6,0.0038289725590299937,1,1561,0.0,0.0,0.0,0.0,0.0,0.0,0.0,0.0,0.0,constant,not_all_missing,not_near_constant,no_infinite,constant,constant
process_feature_237,237,float64,1561,6,0.0038289725590299937,1,1561,0.0,0.0,0.0,0.0,0.0,0.0,0.0,0.0,0.0,constant,not_all_missing,not_near_constant,no_infinite,constant,constant
process_feature_238,238,float64,1565,2,0.0012763241863433313,93,1565,0.004791373801916933,0.0016979477507117176,0.0046,0.002,0.0037,0.0057,0.0092,0.0013,0.0244,not_constant,not_all_missing,not_near_constant,no_infinite,low_missing,
process_feature_239,239,float64,1565,2,0.0012763241863433313,80,1565,0.004574888178913738,0.0014414052325399062,0.0044,0.0021,0.0036,0.0053,0.00837199999999998,0.0014,0.0236,not_constant,not_all_missing,not_near_constant,no_infinite,low_missing,
process_feature_240,240,float64,1561,6,0.0038289725590299937,1,1561,0.0,0.0,0.0,0.0,0.0,0.0,0.0,0.0,0.0,constant,not_all_missing,not_near_constant,no_infinite,constant,constant
process_feature_241,241,float64,1561,6,0.0038289725590299937,1,1561,0.0,0.0,0.0,0.0,0.0,0.0,0.0,0.0,0.0,constant,not_all_missing,not_near_constant,no_infinite,constant,constant
process_feature_242,242,float64,1561,6,0.0038289725590299937,1,1561,0.0,0.0,0.0,0.0,0.0,0.0,0.0,0.0,0.0,constant,not_all_missing,not_near_constant,no_infinite,constant,constant
process_feature_243,243,float64,1561,6,0.0038289725590299937,1,1561,0.0,0.0,0.0,0.0,0.0,0.0,0.0,0.0,0.0,constant,not_all_missing,not_near_constant,no_infinite,constant,constant
process_feature_244,244,float64,549,1018,0.6496490108487556,66,549,0.005755009107468123,0.08461762122921439,0.0017,0.0005,0.0012,0.0026,0.00805999999999999,0.0003,1.9844,not_constant,not_all_missing,not_near_constant,no_infinite,very_high_missing,very_high_missing
process_feature_245,245,float64,549,1018,0.6496490108487556,539,549,1.7297233151183968,4.335614249231767,1.1851,0.497344,0.9115,1.7618,5.940547999999991,0.2914,99.9022,not_constant,not_all_missing,not_near_constant,no_infinite,very_high_missing,very_high_missing
process_feature_246,246,float64,549,1018,0.6496490108487556,547,549,4.14874189435337,10.045083815255323,3.673,1.540268,2.7259,4.4797,7.2973759999999945,1.1022,237.1837,not_constant,not_all_missing,not_near_constant,no_infinite,very_high_missing,very_high_missing
process_feature_247,247,float64,852,715,0.4562858966177409,490,852,0.053373591549295774,0.06688019872989498,0.027,0.0,0.0192,0.0515,0.30123300000000003,0.0,0.4914,not_constant,not_all_missing,not_near_constant,no_infinite,high_missing,high_missing
process_feature_248,248,float64,1567,0,0.0,426,1567,0.025171218889597953,0.04923507178550761,0.021,0.0051,0.0147,0.0273,0.07644799999999982,0.003,0.9732,not_constant,not_all_missing,not_near_constant,no_infinite,complete,
process_feature_249,249,float64,1567,0,0.0,23,1567,0.0010652201659221443,0.015770787828204697,0.0,0.0,0.0,0.0,0.010983999999999787,0.0,0.4138,not_constant,not_all_missing,not_near_constant,no_infinite,complete,
process_feature_250,250,float64,1567,0,0.0,1566,1567,109.65096668793873,54.597273986975544,103.0936,38.074346,76.13215,131.7584,233.5399379999999,21.0107,1119.7042,not_constant,not_all_missing,not_near_constant,no_infinite,complete,
process_feature_251,251,float64,1567,0,0.0,143,1567,0.004284811742182515,0.037472492069381025,0.001,0.0004,0.0007,0.0013,0.03567199999999993,0.0003,0.9909,not_constant,not_all_missing,not_near_constant,no_infinite,complete,
process_feature_252,252,float64,1567,0,0.0,1533,1567,4.645114869176771,64.35475571189654,2.8646,1.108048,2.20565,3.79505,5.4792119999999995,0.7673,2549.9885,not_constant,not_all_missing,not_near_constant,no_infinite,complete,
process_feature_253,253,float64,1543,24,0.015315890236119975,442,1543,0.033216202203499676,0.022425105715950116,0.0308,0.012684,0.0245,0.0379,0.07254399999999987,0.0094,0.4517,not_constant,not_all_missing,not_near_constant,no_infinite,low_missing,
process_feature_254,254,float64,1567,0,0.0,291,1567,0.01394320357370772,0.009132138563170602,0.015,0.0023,0.0047,0.0213,0.0318,0.0017,0.0787,not_constant,not_all_missing,not_near_constant,no_infinite,complete,
process_feature_255,255,float64,1567,0,0.0,1317,1567,0.4038481174218251,0.12033416842013539,0.4051,0.1722,0.3076,0.48095,0.6446719999999999,0.1269,0.9255,not_constant,not_all_missing,not_near_constant,no_infinite,complete,
process_feature_256,256,float64,1558,9,0.00574345883854499,1,1558,0.0,0.0,0.0,0.0,0.0,0.0,0.0,0.0,0.0,constant,not_all_missing,not_near_constant,no_infinite,constant,constant
process_feature_257,257,float64,1558,9,0.00574345883854499,1,1558,0.0,0.0,0.0,0.0,0.0,0.0,0.0,0.0,0.0,constant,not_all_missing,not_near_constant,no_infinite,constant,constant
process_feature_258,258,float64,1558,9,0.00574345883854499,1,1558,0.0,0.0,0.0,0.0,0.0,0.0,0.0,0.0,0.0,constant,not_all_missing,not_near_constant,no_infinite,constant,constant
process_feature_259,259,float64,1558,9,0.00574345883854499,1,1558,0.0,0.0,0.0,0.0,0.0,0.0,0.0,0.0,0.0,constant,not_all_missing,not_near_constant,no_infinite,constant,constant
process_feature_260,260,float64,1558,9,0.00574345883854499,1,1558,0.0,0.0,0.0,0.0,0.0,0.0,0.0,0.0,0.0,constant,not_all_missing,not_near_constant,no_infinite,constant,constant
process_feature_261,261,float64,1558,9,0.00574345883854499,1,1558,0.0,0.0,0.0,0.0,0.0,0.0,0.0,0.0,0.0,constant,not_all_missing,not_near_constant,no_infinite,constant,constant
process_feature_262,262,float64,1558,9,0.00574345883854499,1,1558,0.0,0.0,0.0,0.0,0.0,0.0,0.0,0.0,0.0,constant,not_all_missing,not_near_constant,no_infinite,constant,constant
process_feature_263,263,float64,1558,9,0.00574345883854499,1,1558,0.0,0.0,0.0,0.0,0.0,0.0,0.0,0.0,0.0,constant,not_all_missing,not_near_constant,no_infinite,constant,constant
process_feature_264,264,float64,1558,9,0.00574345883854499,1,1558,0.0,0.0,0.0,0.0,0.0,0.0,0.0,0.0,0.0,constant,not_all_missing,not_near_constant,no_infinite,constant,constant
process_feature_265,265,float64,1558,9,0.00574345883854499,1,1558,0.0,0.0,0.0,0.0,0.0,0.0,0.0,0.0,0.0,constant,not_all_missing,not_near_constant,no_infinite,constant,constant
process_feature_266,266,float64,1558,9,0.00574345883854499,1,1558,0.0,0.0,0.0,0.0,0.0,0.0,0.0,0.0,0.0,constant,not_all_missing,not_near_constant,no_infinite,constant,constant
process_feature_267,267,float64,1559,8,0.005105296745373325,291,1559,0.07058691468890313,0.02964867144185025,0.0706,0.021457999999999998,0.044,0.09165000000000001,0.1283,0.0198,0.1578,not_constant,not_all_missing,not_near_constant,no_infinite,low_missing,
process_feature_268,268,float64,1559,8,0.005105296745373325,333,1559,19.504676715843488,7.344404399628268,17.977,7.677,13.828,24.653,37.129,6.098,40.855,not_constant,not_all_missing,not_near_constant,no_infinite,low_missing,
process_feature_269,269,float64,1559,8,0.005105296745373325,330,1559,3.7778656831302118,1.152329079925915,3.7035,1.6573,2.9565,4.3794,7.3173,1.3017,10.1529,not_constant,not_all_missing,not_near_constant,no_infinite,low_missing,
process_feature_270,270,float64,1562,5,0.003190810465858328,599,1562,29.26029052496799,8.402012633351179,28.7735,17.3769,24.9823,31.7022,61.0223069999994,15.5471,158.526,not_constant,not_all_missing,not_near_constant,no_infinite,low_missing,
process_feature_271,271,float64,1561,6,0.0038289725590299937,1559,1561,46.05659814221653,17.86643760258941,45.6765,17.482439999999997,30.0139,59.5947,84.60612000000003,10.4015,132.6479,not_constant,not_all_missing,not_near_constant,no_infinite,low_missing,
process_feature_272,272,float64,1560,7,0.004467134652201659,1557,1560,41.298147435897434,17.737513289361313,40.01925,9.997778,27.092724999999998,54.277325,81.40971800000004,6.9431,122.1174,not_constant,not_all_missing,not_near_constant,no_infinite,low_missing,
process_feature_273,273,float64,1553,14,0.008934269304403318,518,1553,20.18124616870573,3.8304625092009634,19.5809,9.8475,18.2471,22.0973,31.893160000000023,8.6512,43.5737,not_constant,not_all_missing,not_near_constant,no_infinite,low_missing,
process_feature_274,274,float64,1553,14,0.008934269304403318,518,1553,136.2924256922086,85.60778449225228,110.6014,43.098732,81.2156,162.0382,480.8505,0.0,659.1696,not_constant,not_all_missing,not_near_constant,no_infinite,low_missing,
process_feature_275,275,float64,1553,14,0.008934269304403318,458,1553,8.693212749517064,168.94941267400492,0.0784,0.0196,0.0447,0.1449,0.4877,0.0111,3332.5964,not_constant,not_all_missing,not_near_constant,no_infinite,low_missing,
process_feature_276,276,float64,1553,14,0.008934269304403318,1,1553,0.0,0.0,0.0,0.0,0.0,0.0,0.0,0.0,0.0,constant,not_all_missing,not_near_constant,no_infinite,constant,constant
process_feature_277,277,float64,1553,14,0.008934269304403318,512,1553,2.2107444945267223,1.1964372795250324,2.0831,0.766236,1.6977,2.5143,4.4397,0.5615,32.1709,not_constant,not_all_missing,not_near_constant,no_infinite,low_missing,
process_feature_278,278,float64,1558,9,0.00574345883854499,22,1558,0.0011174582798459563,0.0003400339387536143,0.0011,0.0004,0.0009,0.0013,0.0019430000000000064,0.0,0.0034,not_constant,not_all_missing,not_near_constant,no_infinite,low_missing,
process_feature_279,279,float64,1565,2,0.0012763241863433313,541,1565,0.04105686900958467,0.020289164688217655,0.0372,0.0169,0.0283,0.0458,0.11950399999999936,0.0107,0.1884,not_constant,not_all_missing,not_near_constant,no_infinite,low_missing,
process_feature_280,280,float64,1565,2,0.0012763241863433313,246,1565,0.018033546325878592,0.006483010889275725,0.0169,0.0088,0.0142,0.0207,0.04707999999999995,0.0073,0.0755,not_constant,not_all_missing,not_near_constant,no_infinite,low_missing,
process_feature_281,281,float64,1565,2,0.0012763241863433313,227,1565,0.01509405750798722,0.005545481256159795,0.0139,0.008064,0.0119,0.0166,0.04279599999999989,0.0069,0.0597,not_constant,not_all_missing,not_near_constant,no_infinite,low_missing,
process_feature_282,282,float64,1565,2,0.0012763241863433313,114,1565,0.0057698402555910544,0.008550366665537237,0.0053,0.0018,0.0033,0.0071,0.0116,0.0016,0.3083,not_constant,not_all_missing,not_near_constant,no_infinite,low_missing,
process_feature_283,283,float64,1565,2,0.0012763241863433313,1515,1565,2.8039842811501594,5.8643238075385336,2.658,0.974736,2.2104,3.1462,4.347027999999996,0.505,232.8049,not_constant,not_all_missing,not_near_constant,no_infinite,low_missing,
process_feature_284,284,float64,1564,3,0.0019144862795149968,1,1564,0.0,0.0,0.0,0.0,0.0,0.0,0.0,0.0,0.0,constant,not_all_missing,not_near_constant,no_infinite,constant,constant
process_feature_285,285,float64,1564,3,0.0019144862795149968,1527,1564,2.1197953324808183,0.9629227396279495,1.87515,0.6863330000000001,1.438175,2.60695,5.120787999999992,0.4611,6.8698,not_constant,not_all_missing,not_near_constant,no_infinite,low_missing,
process_feature_286,286,float64,1564,3,0.0019144862795149968,1540,1564,4.26001783887468,9.763829303611644,3.36005,1.186512,2.4672,4.311425,17.63651599999934,0.728,207.0161,not_constant,not_all_missing,not_near_constant,no_infinite,low_missing,
process_feature_287,287,float64,1564,3,0.0019144862795149968,1076,1564,0.3675292838874679,7.386342752978486,0.13895000000000002,0.06646300000000001,0.114875,0.19845,1.0529739999999999,0.0513,292.2274,not_constant,not_all_missing,not_near_constant,no_infinite,low_missing,
process_feature_288,288,float64,1564,3,0.0019144862795149968,87,1564,0.003923657289002558,0.002936095295730202,0.0036,0.0014,0.0024,0.0049,0.008447999999999956,0.0012,0.0749,not_constant,not_all_missing,not_near_constant,no_infinite,low_missing,
process_feature_289,289,float64,1564,3,0.0019144862795149968,1522,1564,2.5785959718670073,1.6169932742272342,2.5490000000000004,0.8437140000000001,2.0921250000000002,3.024525,4.268481999999998,0.396,59.5187,not_constant,not_all_missing,not_near_constant,no_infinite,low_missing,
process_feature_290,290,float64,1557,10,0.006381620931716656,324,1557,0.12342697495183043,0.27098702834075605,0.0833,0.0424,0.0649,0.1181,1.2881,0.0416,4.4203,not_constant,not_all_missing,not_near_constant,no_infinite,low_missing,
process_feature_291,291,float64,1567,0,0.0,354,1567,0.019926228462029356,0.02554882126842164,0.0169,0.0057,0.0125,0.0236,0.048469999999999965,0.0038,0.6915,not_constant,not_all_missing,not_near_constant,no_infinite,complete,
process_feature_292,292,float64,138,1429,0.9119336311423102,92,138,0.01448695652173913,0.011493653126942513,0.011,0.005811,0.008725,0.014924999999999999,0.06493899999999989,0.0041,0.0831,not_constant,not_all_missing,not_near_constant,no_infinite,very_high_missing,very_high_missing
process_feature_293,293,float64,138,1429,0.9119336311423102,138,138,335.55115652173913,137.69248302875377,317.8671,109.226981,229.80945,403.9893,748.0989419999997,82.3233,879.226,not_constant,not_all_missing,not_near_constant,no_infinite,very_high_missing,very_high_missing
process_feature_294,294,float64,1565,2,0.0012763241863433313,1562,1565,401.81475022364225,477.0500761816525,278.6719,55.613404,185.0898,428.5545,3093.9028559999997,0.0,3933.755,not_constant,not_all_missing,not_near_constant,no_infinite,low_missing,
process_feature_295,295,float64,1565,2,0.0012763241863433313,1561,1565,252.99911814696486,283.5307018043663,195.8256,27.869072000000003,130.2203,273.9526,1765.1422959999995,0.0,2005.8744,not_constant,not_all_missing,not_near_constant,no_infinite,low_missing,
process_feature_296,296,float64,1565,2,0.0012763241863433313,1565,1565,1879.2283690095846,1975.1113652390666,1202.4121,83.353736,603.0329,2341.2887,9030.090239999994,0.0,15559.9525,not_constant,not_all_missing,not_near_constant,no_infinite,low_missing,
process_feature_297,297,float64,1565,2,0.0012763241863433313,1559,1565,2342.82697827476,3226.9242979623277,820.0988,16.4779,210.9366,3190.6164,12969.8064,0.0,18520.4683,not_constant,not_all_missing,not_near_constant,no_infinite,low_missing,
process_feature_298,298,float64,1565,2,0.0012763241863433313,725,1565,0.06380447284345048,0.06422486764861536,0.0528,0.014864,0.0407,0.0692,0.4848759999999968,0.0,0.5264,not_constant,not_all_missing,not_near_constant,no_infinite,low_missing,
process_feature_299,299,float64,1565,2,0.0012763241863433313,626,1565,0.06026683706070288,0.13082538246147596,0.04,0.010528,0.0302,0.052,0.9421479999999876,0.0,1.0312,not_constant,not_all_missing,not_near_constant,no_infinite,low_missing,
process_feature_300,300,float64,1565,2,0.0012763241863433313,967,1565,0.1183861980830671,0.2191471659850006,0.0828,0.017912,0.0589,0.1155,1.6388679999999969,0.0,1.8123,not_constant,not_all_missing,not_near_constant,no_infinite,low_missing,
process_feature_301,301,float64,1565,2,0.0012763241863433313,1134,1565,0.9101459424920129,0.33198168690319163,0.8604,0.414584,0.7172,1.0464,1.7926319999999996,0.31,5.711,not_constant,not_all_missing,not_near_constant,no_infinite,low_missing,
process_feature_302,302,float64,1565,2,0.0012763241863433313,569,1565,0.4033423003194888,0.1975139946152524,0.3808,0.1658,0.2958,0.477,0.7649319999999992,0.1118,5.1549,not_constant,not_all_missing,not_near_constant,no_infinite,low_missing,
process_feature_303,303,float64,1565,2,0.0012763241863433313,509,1565,0.0403438338658147,0.014510612418506173,0.0388,0.016763999999999998,0.03,0.0486,0.07768799999999992,0.0108,0.2258,not_constant,not_all_missing,not_near_constant,no_infinite,low_missing,
process_feature_304,304,float64,1565,2,0.0012763241863433313,1105,1565,0.1320764856230032,0.06486740634401705,0.1372,0.024212,0.0728,0.1785,0.283472,0.0138,0.3337,not_constant,not_all_missing,not_near_constant,no_infinite,low_missing,
process_feature_305,305,float64,1566,1,0.0006381620931716656,314,1566,0.26491679438058746,0.05738748874740393,0.2643,0.1408,0.225,0.3075,0.3862,0.1171,0.475,not_constant,not_all_missing,not_near_constant,no_infinite,low_missing,
process_feature_306,306,float64,1566,1,0.0006381620931716656,262,1566,0.048623116219667945,0.025399957777037786,0.0448,0.0149,0.0331,0.0552,0.136,0.0034,0.2246,not_constant,not_all_missing,not_near_constant,no_infinite,low_missing,
process_feature_307,307,float64,1566,1,0.0006381620931716656,286,1566,0.12892094508301405,0.027467646411038542,0.1295,0.062415,0.1137,0.1476,0.187,0.0549,0.2112,not_constant,not_all_missing,not_near_constant,no_infinite,low_missing,
process_feature_308,308,float64,1566,1,0.0006381620931716656,293,1566,0.21841424010217114,0.033593215620837266,0.21945,0.139625,0.1976,0.2379,0.3073,0.0913,0.3239,not_constant,not_all_missing,not_near_constant,no_infinite,low_missing,
process_feature_309,309,float64,1566,1,0.0006381620931716656,290,1566,0.1289212643678161,0.02747010529499158,0.1295,0.06238,0.1137,0.1476,0.187,0.0549,0.2112,not_constant,not_all_missing,not_near_constant,no_infinite,low_missing,
process_feature_310,310,float64,1566,1,0.0006381620931716656,310,1566,0.30475178799489144,0.043459845886389924,0.3029,0.2106,0.27855,0.3319,0.41603999999999997,0.1809,0.4438,not_constant,not_all_missing,not_near_constant,no_infinite,low_missing,
process_feature_311,311,float64,1566,1,0.0006381620931716656,276,1566,0.09734431673052361,0.028796173472484938,0.0977,0.0356,0.0776,0.1159,0.1665,0.0328,0.1784,not_constant,not_all_missing,not_near_constant,no_infinite,low_missing,
process_feature_312,312,float64,1566,1,0.0006381620931716656,307,1566,0.16005083014048532,0.11731574841762066,0.1215,0.0387,0.0915,0.160175,0.457,0.0224,0.7549,not_constant,not_all_missing,not_near_constant,no_infinite,low_missing,
process_feature_313,313,float64,1543,24,0.015315890236119975,1,1543,0.0,0.0,0.0,0.0,0.0,0.0,0.0,0.0,0.0,constant,not_all_missing,not_near_constant,no_infinite,constant,constant
process_feature_314,314,float64,1543,24,0.015315890236119975,1,1543,0.0,0.0,0.0,0.0,0.0,0.0,0.0,0.0,0.0,constant,not_all_missing,not_near_constant,no_infinite,constant,constant
process_feature_315,315,float64,1566,1,0.0006381620931716656,1,1566,0.0,0.0,0.0,0.0,0.0,0.0,0.0,0.0,0.0,constant,not_all_missing,not_near_constant,no_infinite,constant,constant
process_feature_316,316,float64,1566,1,0.0006381620931716656,1533,1566,5.976977011494252,1.0186291821386317,5.8315,3.987195,5.301525,6.5478000000000005,8.740184999999999,2.7882,13.0958,not_constant,not_all_missing,not_near_constant,no_infinite,low_missing,
process_feature_317,317,float64,1566,1,0.0006381620931716656,1160,1566,0.17262911877394635,0.07239235980809001,0.1634,0.05719,0.11737500000000001,0.2181,0.3487799999999999,0.0283,1.0034,not_constant,not_all_missing,not_near_constant,no_infinite,low_missing,
process_feature_318,318,float64,1566,1,0.0006381620931716656,1535,1566,3.1887704980842915,1.2159299661071454,2.8989000000000003,1.360475,2.319725,4.02125,6.265339999999999,0.9848,15.8934,not_constant,not_all_missing,not_near_constant,no_infinite,low_missing,
process_feature_319,319,float64,1566,1,0.0006381620931716656,1550,1566,7.916036079182631,2.17905879570771,8.3888,3.73237,6.24515,9.481100000000001,11.746415,1.6574,20.0455,not_constant,not_all_missing,not_near_constant,no_infinite,low_missing,
process_feature_320,320,float64,1566,1,0.0006381620931716656,550,1566,0.04310491698595147,0.03188479233423949,0.03985,0.015765,0.0312,0.0502,0.09932499999999986,0.0084,0.9474,not_constant,not_all_missing,not_near_constant,no_infinite,low_missing,
process_feature_321,321,float64,1566,1,0.0006381620931716656,1511,1566,2.2637273946360152,2.116994491020851,2.07765,0.9449150000000001,1.670075,2.63335,4.51136,0.6114,79.1515,not_constant,not_all_missing,not_near_constant,no_infinite,low_missing,
process_feature_322,322,float64,1566,1,0.0006381620931716656,1,1566,0.0,0.0,0.0,0.0,0.0,0.0,0.0,0.0,0.0,constant,not_all_missing,not_near_constant,no_infinite,constant,constant
process_feature_323,323,float64,1566,1,0.0006381620931716656,1536,1566,5.393419795657725,2.5188593358869564,5.4588,2.4302,4.27295,6.344875,8.108904999999998,1.7101,89.1917,not_constant,not_all_missing,not_near_constant,no_infinite,low_missing,
process_feature_324,324,float64,1566,1,0.0006381620931716656,1560,1566,13.332171711366538,6.615849551191287,12.5045,3.661305,7.5786,17.925175,30.018104999999995,2.2345,51.8678,not_constant,not_all_missing,not_near_constant,no_infinite,low_missing,
process_feature_325,325,float64,1566,1,0.0006381620931716656,1,1566,0.0,0.0,0.0,0.0,0.0,0.0,0.0,0.0,0.0,constant,not_all_missing,not_near_constant,no_infinite,constant,constant
process_feature_326,326,float64,1563,4,0.0025526483726866626,1,1563,0.0,0.0,0.0,0.0,0.0,0.0,0.0,0.0,0.0,constant,not_all_missing,not_near_constant,no_infinite,constant,constant
process_feature_327,327,float64,1563,4,0.0025526483726866626,1,1563,0.0,0.0,0.0,0.0,0.0,0.0,0.0,0.0,0.0,constant,not_all_missing,not_near_constant,no_infinite,constant,constant
process_feature_328,328,float64,1563,4,0.0025526483726866626,1,1563,0.0,0.0,0.0,0.0,0.0,0.0,0.0,0.0,0.0,constant,not_all_missing,not_near_constant,no_infinite,constant,constant
process_feature_329,329,float64,1563,4,0.0025526483726866626,1,1563,0.0,0.0,0.0,0.0,0.0,0.0,0.0,0.0,0.0,constant,not_all_missing,not_near_constant,no_infinite,constant,constant
process_feature_330,330,float64,1563,4,0.0025526483726866626,1,1563,0.0,0.0,0.0,0.0,0.0,0.0,0.0,0.0,0.0,constant,not_all_missing,not_near_constant,no_infinite,constant,constant
process_feature_331,331,float64,1563,4,0.0025526483726866626,313,1563,0.08323186180422265,0.063424505382566,0.0848,0.024486,0.0688,0.0956,0.161,0.0224,1.0959,not_constant,not_all_missing,not_near_constant,no_infinite,low_missing,
process_feature_332,332,float64,1560,7,0.004467134652201659,1517,1560,2.5934845512820512,5.645225833657501,2.0627000000000004,0.840691,1.5465499999999999,2.7905249999999997,6.197834000000005,0.5373,174.8944,not_constant,not_all_missing,not_near_constant,no_infinite,low_missing,
process_feature_333,333,float64,1561,6,0.0038289725590299937,1527,1561,6.215865791159512,3.4034468352849374,5.9801,3.88538,5.4539,6.5495,9.40208,2.8372,90.5159,not_constant,not_all_missing,not_near_constant,no_infinite,low_missing,
process_feature_334,334,float64,1561,6,0.0038289725590299937,1145,1561,0.16836386931454195,0.17288255254879842,0.1294,0.04614,0.0894,0.2104,0.46424000000000076,0.0282,3.4125,not_constant,not_all_missing,not_near_constant,no_infinite,low_missing,
process_feature_335,335,float64,1561,6,0.0038289725590299937,1526,1561,3.426925112107623,5.781558467381748,2.5135,1.11784,2.0357,3.3604,10.331820000000004,0.7899,172.7119,not_constant,not_all_missing,not_near_constant,no_infinite,low_missing,
process_feature_336,336,float64,1560,7,0.004467134652201659,1532,1560,9.73638641025641,7.556130948920659,9.073550000000001,6.399809,8.288525,10.041625,14.431119000000006,5.2151,214.8628,not_constant,not_all_missing,not_near_constant,no_infinite,low_missing,
process_feature_337,337,float64,1560,7,0.004467134652201659,1517,1560,2.3274816025641023,1.6994348058989959,2.05445,0.83739,1.54285,2.785475,5.678694000000003,0.0,38.8995,not_constant,not_all_missing,not_near_constant,no_infinite,low_missing,
process_feature_338,338,float64,1560,7,0.004467134652201659,1520,1560,3.037579935897436,5.645021949935593,2.5608500000000003,1.129332,1.9013499999999999,3.40545,6.778665000000017,0.0,196.688,not_constant,not_all_missing,not_near_constant,no_infinite,low_missing,
process_feature_339,339,float64,1561,6,0.0038289725590299937,1543,1561,9.328957719410635,6.074701971319436,9.4742,4.55294,7.5889,10.4399,12.503960000000006,2.2001,197.4988,not_constant,not_all_missing,not_near_constant,no_infinite,low_missing,
process_feature_340,340,float64,1561,6,0.0038289725590299937,761,1561,14.673506598334402,261.73845149875376,0.0464,0.0176,0.0346,0.0668,0.22846000000000008,0.0131,5043.8789,not_constant,not_all_missing,not_near_constant,no_infinite,low_missing,
process_feature_341,341,float64,1561,6,0.0038289725590299937,1517,1561,2.732093657911595,3.667901967754305,2.3773,1.0430599999999999,1.9118,2.9854,6.113480000000007,0.5741,97.7089,not_constant,not_all_missing,not_near_constant,no_infinite,low_missing,
process_feature_342,342,float64,1561,6,0.0038289725590299937,2,1561,0.00028648302370275463,0.011318798885035097,0.0,0.0,0.0,0.0,0.0,0.0,0.4472,not_constant,not_all_missing,near_constant,no_infinite,near_constant,near_constant
process_feature_343,343,float64,1561,6,0.0038289725590299937,1541,1561,6.198508263933376,5.371825069596769,6.0056,2.55144,4.9989,6.8852,9.564640000000004,1.2565,156.336,not_constant,not_all_missing,not_near_constant,no_infinite,low_missing,
process_feature_344,344,float64,1561,6,0.0038289725590299937,1551,1561,23.217146252402305,8.895221076950302,23.2147,4.43676,17.8609,28.8731,45.82502,2.056,59.3241,not_constant,not_all_missing,not_near_constant,no_infinite,low_missing,
process_feature_345,345,float64,773,794,0.5067007019783025,767,773,7.958375808538164,17.51296529486415,5.567,2.4221600000000003,4.4406,6.8255,113.61215199999975,1.7694,257.0106,not_constant,not_all_missing,not_near_constant,no_infinite,very_high_missing,very_high_missing
process_feature_346,346,float64,773,794,0.5067007019783025,762,773,5.770211642949547,17.077498149928836,3.0464,1.568736,2.5327,4.0857,126.27582399999994,1.0177,187.7589,not_constant,not_all_missing,not_near_constant,no_infinite,very_high_missing,very_high_missing
process_feature_347,347,float64,1561,6,0.0038289725590299937,2,1561,0.008913965406790519,0.35218624965473616,0.0,0.0,0.0,0.0,0.0,0.0,13.9147,not_constant,not_all_missing,near_constant,no_infinite,near_constant,near_constant
process_feature_348,348,float64,1543,24,0.015315890236119975,357,1543,0.02470570317563189,0.011862481313499937,0.0226,0.011542,0.018,0.0273,0.06472799999999988,0.0103,0.22,not_constant,not_all_missing,not_near_constant,no_infinite,low_missing,
process_feature_349,349,float64,1543,24,0.015315890236119975,373,1543,0.025252235904082956,0.010603207483607125,0.024,0.007742,0.0196,0.0286,0.06530599999999995,0.001,0.1339,not_constant,not_all_missing,not_near_constant,no_infinite,low_missing,
process_feature_350,350,float64,1543,24,0.015315890236119975,435,1543,0.023202073882047956,0.01432565504901551,0.0188,0.007584,0.0146,0.0285,0.06782199999999994,0.0029,0.2914,not_constant,not_all_missing,not_near_constant,no_infinite,low_missing,
process_feature_351,351,float64,1543,24,0.015315890236119975,499,1543,0.027584251458198317,0.024562918063232752,0.0253,0.0040420000000000005,0.0166,0.0339,0.07665599999999977,0.002,0.6188,not_constant,not_all_missing,not_near_constant,no_infinite,low_missing,
process_feature_352,352,float64,1543,24,0.015315890236119975,354,1543,0.023355735580038884,0.01315715363556871,0.022,0.008042,0.016,0.0269,0.07905799999999927,0.0056,0.1429,not_constant,not_all_missing,not_near_constant,no_infinite,low_missing,
process_feature_353,353,float64,1543,24,0.015315890236119975,563,1543,0.040330524951393394,0.015499273073510783,0.0421,0.008342,0.0302,0.0502,0.07287399999999998,0.0026,0.1535,not_constant,not_all_missing,not_near_constant,no_infinite,low_missing,
process_feature_354,354,float64,1543,24,0.015315890236119975,486,1543,0.041920998055735584,0.013067898600812283,0.0442,0.010442,0.03485,0.05,0.07158999999999996,0.004,0.1344,not_constant,not_all_missing,not_near_constant,no_infinite,low_missing,
process_feature_355,355,float64,1543,24,0.015315890236119975,572,1543,0.03454309786130914,0.022306691777344106,0.0294,0.007726,0.0212,0.0423,0.0944,0.0038,0.2789,not_constant,not_all_missing,not_near_constant,no_infinite,low_missing,
process_feature_356,356,float64,1566,1,0.0006381620931716656,1473,1566,1.298628607918263,0.3869176053477393,1.2553,0.578275,1.0254750000000001,1.533325,2.414345,0.3796,2.8348,not_constant,not_all_missing,not_near_constant,no_infinite,low_missing,
process_feature_357,357,float64,1555,12,0.007657945118059987,28,1555,0.0009988424437299035,0.0005009244455283376,0.0009,0.0004,0.0007,0.0011,0.0031,0.0003,0.0052,not_constant,not_all_missing,not_near_constant,no_infinite,low_missing,
process_feature_358,358,float64,226,1341,0.8557753669432036,20,226,0.0024429203539823004,0.0003947076136774983,0.0024,0.0018,0.0022,0.0027,0.0034,0.0017,0.0047,not_constant,not_all_missing,not_near_constant,no_infinite,very_high_missing,very_high_missing
process_feature_359,359,float64,1567,0,0.0,215,1567,0.019839948947032546,0.00713635750679749,0.0196,0.0094,0.0138,0.025,0.0354,0.0076,0.0888,not_constant,not_all_missing,not_near_constant,no_infinite,complete,
process_feature_360,360,float64,1567,0,0.0,97,1567,0.0029448627951499684,0.020002568739022588,0.0007,0.0001,0.0004,0.0018,0.020743999999999867,0.0001,0.409,not_constant,not_all_missing,not_near_constant,no_infinite,complete,
process_feature_361,361,float64,1567,0,0.0,972,1567,39.93640625398851,17.056304026488174,39.6961,16.8534,32.1687,47.0792,68.79418599999998,10.7204,547.1722,not_constant,not_all_missing,not_near_constant,no_infinite,complete,
process_feature_362,362,float64,1516,51,0.03254626675175495,389,1516,0.01838291556728232,0.02164405523628634,0.0125,0.005115000000000001,0.0095,0.0186,0.10556499999999992,0.0028,0.4163,not_constant,not_all_missing,not_near_constant,no_infinite,low_missing,
process_feature_363,363,float64,1516,51,0.03254626675175495,1516,1516,333.3196009894459,138.80192793728307,309.83164999999997,119.823275,228.682525,412.329775,744.6798749999996,60.9882,1072.2031,not_constant,not_all_missing,not_near_constant,no_infinite,low_missing,
process_feature_364,364,float64,1561,6,0.0038289725590299937,1,1561,0.0,0.0,0.0,0.0,0.0,0.0,0.0,0.0,0.0,constant,not_all_missing,not_near_constant,no_infinite,constant,constant
process_feature_365,365,float64,1565,2,0.0012763241863433313,120,1565,0.0051985303514377,0.0026560102450616263,0.0046,0.0024,0.0038,0.0058,0.01603999999999985,0.0017,0.0368,not_constant,not_all_missing,not_near_constant,no_infinite,low_missing,
process_feature_366,366,float64,1565,2,0.0012763241863433313,107,1565,0.004813993610223642,0.002382449085386805,0.0043,0.0025,0.0035,0.0054,0.01315199999999993,0.002,0.0392,not_constant,not_all_missing,not_near_constant,no_infinite,low_missing,
process_feature_367,367,float64,1561,6,0.0038289725590299937,113,1561,0.003773286354900705,0.002699080570067803,0.0032,0.0,0.0026,0.0042,0.012640000000000054,0.0,0.0357,not_constant,not_all_missing,not_near_constant,no_infinite,low_missing,
process_feature_368,368,float64,1561,6,0.0038289725590299937,97,1561,0.0031716207559256892,0.002106682408172207,0.0028,0.0,0.0022,0.0036,0.011480000000000018,0.0,0.0334,not_constant,not_all_missing,not_near_constant,no_infinite,low_missing,
process_feature_369,369,float64,1561,6,0.0038289725590299937,1,1561,0.0,0.0,0.0,0.0,0.0,0.0,0.0,0.0,0.0,constant,not_all_missing,not_near_constant,no_infinite,constant,constant
process_feature_370,370,float64,1561,6,0.0038289725590299937,1,1561,0.0,0.0,0.0,0.0,0.0,0.0,0.0,0.0,0.0,constant,not_all_missing,not_near_constant,no_infinite,constant,constant
process_feature_371,371,float64,1561,6,0.0038289725590299937,1,1561,0.0,0.0,0.0,0.0,0.0,0.0,0.0,0.0,0.0,constant,not_all_missing,not_near_constant,no_infinite,constant,constant
process_feature_372,372,float64,1561,6,0.0038289725590299937,1,1561,0.0,0.0,0.0,0.0,0.0,0.0,0.0,0.0,0.0,constant,not_all_missing,not_near_constant,no_infinite,constant,constant
process_feature_373,373,float64,1561,6,0.0038289725590299937,1,1561,0.0,0.0,0.0,0.0,0.0,0.0,0.0,0.0,0.0,constant,not_all_missing,not_near_constant,no_infinite,constant,constant
process_feature_374,374,float64,1561,6,0.0038289725590299937,1,1561,0.0,0.0,0.0,0.0,0.0,0.0,0.0,0.0,0.0,constant,not_all_missing,not_near_constant,no_infinite,constant,constant
process_feature_375,375,float64,1561,6,0.0038289725590299937,1,1561,0.0,0.0,0.0,0.0,0.0,0.0,0.0,0.0,0.0,constant,not_all_missing,not_near_constant,no_infinite,constant,constant
process_feature_376,376,float64,1565,2,0.0012763241863433313,36,1565,0.0016008306709265176,0.0005343500725944657,0.0016,0.0007,0.0013,0.0019,0.0029,0.0004,0.0082,not_constant,not_all_missing,not_near_constant,no_infinite,low_missing,
process_feature_377,377,float64,1565,2,0.0012763241863433313,31,1565,0.0015707348242811503,0.0004665400582248408,0.0015,0.0007,0.0013,0.0018,0.0027,0.0004,0.0077,not_constant,not_all_missing,not_near_constant,no_infinite,low_missing,
process_feature_378,378,float64,1561,6,0.0038289725590299937,1,1561,0.0,0.0,0.0,0.0,0.0,0.0,0.0,0.0,0.0,constant,not_all_missing,not_near_constant,no_infinite,constant,constant
process_feature_379,379,float64,1561,6,0.0038289725590299937,1,1561,0.0,0.0,0.0,0.0,0.0,0.0,0.0,0.0,0.0,constant,not_all_missing,not_near_constant,no_infinite,constant,constant
process_feature_380,380,float64,1561,6,0.0038289725590299937,1,1561,0.0,0.0,0.0,0.0,0.0,0.0,0.0,0.0,0.0,constant,not_all_missing,not_near_constant,no_infinite,constant,constant
process_feature_381,381,float64,1561,6,0.0038289725590299937,1,1561,0.0,0.0,0.0,0.0,0.0,0.0,0.0,0.0,0.0,constant,not_all_missing,not_near_constant,no_infinite,constant,constant
process_feature_382,382,float64,549,1018,0.6496490108487556,29,549,0.0018256830601092895,0.02673996257104384,0.0005,0.00014800000000000005,0.0004,0.0008,0.0025,0.0001,0.6271,not_constant,not_all_missing,not_near_constant,no_infinite,very_high_missing,very_high_missing
process_feature_383,383,float64,549,1018,0.6496490108487556,525,549,0.5410398907103825,1.3410197897865856,0.3726,0.154428,0.2955,0.5412,1.6064919999999996,0.0875,30.9982,not_constant,not_all_missing,not_near_constant,no_infinite,very_high_missing,very_high_missing
process_feature_384,384,float64,549,1018,0.6496490108487556,536,549,1.2854482695810567,3.168427387352426,1.1063,0.521856,0.8423,1.3866,2.3061439999999997,0.3383,74.8445,not_constant,not_all_missing,not_near_constant,no_infinite,very_high_missing,very_high_missing
process_feature_385,385,float64,852,715,0.4562858966177409,232,852,0.01142699530516432,0.01436562841639247,0.0068,0.0,0.0053,0.011325,0.06591500000000003,0.0,0.2073,not_constant,not_all_missing,not_near_constant,no_infinite,high_missing,high_missing
process_feature_386,386,float64,1567,0,0.0,191,1567,0.008280791320995533,0.015488133549750038,0.0068,0.0016,0.0048,0.0093,0.023169999999999958,0.0008,0.3068,not_constant,not_all_missing,not_near_constant,no_infinite,complete,
process_feature_387,387,float64,1567,0,0.0,22,1567,0.00033924696873005746,0.0049893344938820305,0.0,0.0,0.0,0.0,0.004067999999999984,0.0,0.1309,not_constant,not_all_missing,not_near_constant,no_infinite,complete,
process_feature_388,388,float64,1567,0,0.0,1564,1567,35.1550911295469,17.227003219757325,32.5307,11.899545999999999,24.38655,42.65245,74.95495799999998,6.3101,348.8293,not_constant,not_all_missing,not_near_constant,no_infinite,complete,
process_feature_389,389,float64,1567,0,0.0,92,1567,0.0013383535417996171,0.011816004389790637,0.0003,0.0001,0.0002,0.0004,0.010601999999999976,0.0001,0.3127,not_constant,not_all_missing,not_near_constant,no_infinite,complete,
process_feature_390,390,float64,1567,0,0.0,1458,1567,1.4318675175494575,20.3264151271033,0.8773,0.362846,0.67515,1.1482,1.6983899999999994,0.3046,805.3936,not_constant,not_all_missing,not_near_constant,no_infinite,complete,
process_feature_391,391,float64,1543,24,0.015315890236119975,183,1543,0.010955994815294879,0.006737707837632237,0.0102,0.004442,0.0083,0.0124,0.022973999999999977,0.0031,0.1375,not_constant,not_all_missing,not_near_constant,no_infinite,low_missing,
process_feature_392,392,float64,1567,0,0.0,109,1567,0.004532801531589024,0.0029555534671379773,0.0049,0.0007,0.0015,0.0069,0.010133999999999992,0.0005,0.0229,not_constant,not_all_missing,not_near_constant,no_infinite,complete,
process_feature_393,393,float64,1567,0,0.0,953,1567,0.13398953414167197,0.03840849260500818,0.1339,0.061392,0.1044,0.1604,0.209668,0.0342,0.2994,not_constant,not_all_missing,not_near_constant,no_infinite,complete,
process_feature_394,394,float64,1558,9,0.00574345883854499,1,1558,0.0,0.0,0.0,0.0,0.0,0.0,0.0,0.0,0.0,constant,not_all_missing,not_near_constant,no_infinite,constant,constant
process_feature_395,395,float64,1558,9,0.00574345883854499,1,1558,0.0,0.0,0.0,0.0,0.0,0.0,0.0,0.0,0.0,constant,not_all_missing,not_near_constant,no_infinite,constant,constant
process_feature_396,396,float64,1558,9,0.00574345883854499,1,1558,0.0,0.0,0.0,0.0,0.0,0.0,0.0,0.0,0.0,constant,not_all_missing,not_near_constant,no_infinite,constant,constant
process_feature_397,397,float64,1558,9,0.00574345883854499,1,1558,0.0,0.0,0.0,0.0,0.0,0.0,0.0,0.0,0.0,constant,not_all_missing,not_near_constant,no_infinite,constant,constant
process_feature_398,398,float64,1558,9,0.00574345883854499,1,1558,0.0,0.0,0.0,0.0,0.0,0.0,0.0,0.0,0.0,constant,not_all_missing,not_near_constant,no_infinite,constant,constant
process_feature_399,399,float64,1558,9,0.00574345883854499,1,1558,0.0,0.0,0.0,0.0,0.0,0.0,0.0,0.0,0.0,constant,not_all_missing,not_near_constant,no_infinite,constant,constant
process_feature_400,400,float64,1558,9,0.00574345883854499,1,1558,0.0,0.0,0.0,0.0,0.0,0.0,0.0,0.0,0.0,constant,not_all_missing,not_near_constant,no_infinite,constant,constant
process_feature_401,401,float64,1558,9,0.00574345883854499,1,1558,0.0,0.0,0.0,0.0,0.0,0.0,0.0,0.0,0.0,constant,not_all_missing,not_near_constant,no_infinite,constant,constant
process_feature_402,402,float64,1558,9,0.00574345883854499,1,1558,0.0,0.0,0.0,0.0,0.0,0.0,0.0,0.0,0.0,constant,not_all_missing,not_near_constant,no_infinite,constant,constant
process_feature_403,403,float64,1558,9,0.00574345883854499,1,1558,0.0,0.0,0.0,0.0,0.0,0.0,0.0,0.0,0.0,constant,not_all_missing,not_near_constant,no_infinite,constant,constant
process_feature_404,404,float64,1558,9,0.00574345883854499,1,1558,0.0,0.0,0.0,0.0,0.0,0.0,0.0,0.0,0.0,constant,not_all_missing,not_near_constant,no_infinite,constant,constant
process_feature_405,405,float64,1559,8,0.005105296745373325,228,1559,0.02420750481077614,0.010728270039700985,0.0239,0.0066,0.014,0.0323,0.046,0.0062,0.0514,not_constant,not_all_missing,not_near_constant,no_infinite,low_missing,
process_feature_406,406,float64,1559,8,0.005105296745373325,335,1559,6.730614945477869,2.8295832878176426,5.9201,2.5575,4.5476,8.5852,13.7819,2.0545,14.7277,not_constant,not_all_missing,not_near_constant,no_infinite,low_missing,
process_feature_407,407,float64,1559,8,0.005105296745373325,331,1559,1.2319973059653624,0.3647111336304682,1.2397,0.5492,0.9665,1.4167,2.2605,0.424,3.3128,not_constant,not_all_missing,not_near_constant,no_infinite,low_missing,
process_feature_408,408,float64,1562,5,0.003190810465858328,593,1562,5.340931882202304,2.5781176672891375,4.9224499999999995,2.8904,4.1278,5.7871,16.805637999999885,2.7378,44.31,not_constant,not_all_missing,not_near_constant,no_infinite,low_missing,
process_feature_409,409,float64,1561,6,0.0038289725590299937,1548,1561,4.580430301089045,1.7768432482370566,4.4897,1.67656,3.0128,5.9367,8.70198,1.2163,9.5765,not_constant,not_all_missing,not_near_constant,no_infinite,low_missing,
process_feature_410,410,float64,1560,7,0.004467134652201659,1545,1560,4.9293441025641025,2.122977939052172,4.732749999999999,1.160751,3.265075,6.4582999999999995,10.06161300000001,0.7342,13.8071,not_constant,not_all_missing,not_near_constant,no_infinite,low_missing,
process_feature_411,411,float64,1553,14,0.008934269304403318,509,1553,2.6160863490019315,0.5514741690393612,2.5481,1.056336,2.3213,2.8532,4.3569,0.9609,6.215,not_constant,not_all_missing,not_near_constant,no_infinite,low_missing,
process_feature_412,412,float64,1553,14,0.008934269304403318,518,1553,30.911316355441084,18.413621577973736,26.1569,8.4169,18.4079,38.1397,101.4548,0.0,128.2816,not_constant,not_all_missing,not_near_constant,no_infinite,low_missing,
process_feature_413,413,float64,1553,14,0.008934269304403318,518,1553,25.61268969735995,47.30846281727361,20.2551,5.6797,11.3758,29.3073,83.62210000000002,4.0416,899.119,not_constant,not_all_missing,not_near_constant,no_infinite,low_missing,
process_feature_414,414,float64,1553,14,0.008934269304403318,1,1553,0.0,0.0,0.0,0.0,0.0,0.0,0.0,0.0,0.0,constant,not_all_missing,not_near_constant,no_infinite,constant,constant
process_feature_415,415,float64,1553,14,0.008934269304403318,513,1553,6.630615904700579,3.958371425739251,6.1766,2.132328,4.9274,7.5707,13.868,1.534,116.8615,not_constant,not_all_missing,not_near_constant,no_infinite,low_missing,
process_feature_416,416,float64,1558,9,0.00574345883854499,510,1558,3.4043485237483955,1.0354331579490537,3.234,1.2819,2.6601,4.0107,5.8361,0.0,9.69,not_constant,not_all_missing,not_near_constant,no_infinite,low_missing,
process_feature_417,417,float64,1565,2,0.0012763241863433313,1551,1565,8.190905495207668,4.0545151785465565,7.3956,3.169444,5.7655,9.1688,24.144615999999992,2.1531,39.0376,not_constant,not_all_missing,not_near_constant,no_infinite,low_missing,
process_feature_418,418,float64,1565,2,0.0012763241863433313,1051,1565,320.2592353354633,287.70448241162677,302.1776,0.0,0.0,524.0022,956.9761719999999,0.0,999.316,not_constant,not_all_missing,not_near_constant,no_infinite,low_missing,
process_feature_419,419,float64,1565,2,0.0012763241863433313,851,1565,309.0612991054313,325.4483912877321,272.4487,0.0,0.0,582.9352,982.849704,0.0,998.6813,not_constant,not_all_missing,not_near_constant,no_infinite,low_missing,
process_feature_420,420,float64,1565,2,0.0012763241863433313,1514,1565,1.8212613418530355,3.057692275808107,1.6451,0.54872,1.0304,2.2147,3.645547999999999,0.4411,111.4956,not_constant,not_all_missing,not_near_constant,no_infinite,low_missing,
process_feature_421,421,float64,1565,2,0.0012763241863433313,1534,1565,4.174523514376997,6.913855226180046,3.9431,1.436444,3.1842,4.7843,7.001447999999997,0.7217,273.0952,not_constant,not_all_missing,not_near_constant,no_infinite,low_missing,
process_feature_422,422,float64,1564,3,0.0019144862795149968,1,1564,0.0,0.0,0.0,0.0,0.0,0.0,0.0,0.0,0.0,constant,not_all_missing,not_near_constant,no_infinite,constant,constant
process_feature_423,423,float64,1564,3,0.0019144862795149968,1563,1564,77.66044590792839,32.59693287559445,69.90545,33.014357000000004,55.976675,92.91149999999999,185.26720999999966,23.02,424.2152,not_constant,not_all_missing,not_near_constant,no_infinite,low_missing,
process_feature_424,424,float64,1564,3,0.0019144862795149968,1529,1564,3.315468542199488,6.3253650946585225,2.6671,0.923823,1.9652500000000002,3.470975,14.99163699999952,0.4866,103.1809,not_constant,not_all_missing,not_near_constant,no_infinite,low_missing,
process_feature_425,425,float64,1564,3,0.0019144862795149968,1540,1564,6.79631246803069,23.257715596229374,4.7644,1.988338,3.7662,6.8835,32.73656399999989,1.4666,898.6085,not_constant,not_all_missing,not_near_constant,no_infinite,low_missing,
process_feature_426,426,float64,1564,3,0.0019144862795149968,1481,1564,1.233857608695652,0.9956200684322506,1.1353,0.425715,0.743425,1.5395,2.7840869999999973,0.3632,24.9904,not_constant,not_all_missing,not_near_constant,no_infinite,low_missing,
process_feature_427,427,float64,1564,3,0.0019144862795149968,1538,1564,4.058500831202046,3.0421444954151333,3.94145,1.3907180000000001,3.113225,4.76865,7.203424999999999,0.6637,113.223,not_constant,not_all_missing,not_near_constant,no_infinite,low_missing,
process_feature_428,428,float64,1557,10,0.006381620931716656,404,1557,4.220747463070006,10.632730122912243,2.5341,1.36,1.9355,3.609,62.8715,1.1198,118.7533,not_constant,not_all_missing,not_near_constant,no_infinite,low_missing,
process_feature_429,429,float64,1567,0,0.0,1542,1567,4.171843650287173,6.435390493557366,3.4538,1.202872,2.5713999999999997,4.7558,10.645467999999997,0.7837,186.6164,not_constant,not_all_missing,not_near_constant,no_infinite,complete,
process_feature_430,430,float64,1565,2,0.0012763241863433313,1551,1565,18.421600063897763,36.06008447354801,11.1056,2.0856440000000003,6.9997,17.4231,213.03440799999987,0.0,400.0,not_constant,not_all_missing,not_near_constant,no_infinite,low_missing,
process_feature_431,431,float64,1565,2,0.0012763241863433313,1553,1565,22.358304920127793,36.39540753203448,16.381,2.430468,11.059,21.7652,219.85889199999932,0.0,400.0,not_constant,not_all_missing,not_near_constant,no_infinite,low_missing,
process_feature_432,432,float64,1565,2,0.0012763241863433313,1503,1565,99.36763265175719,126.18871499540556,57.9693,0.0,31.0324,120.1729,678.792452,0.0,994.2857,not_constant,not_all_missing,not_near_constant,no_infinite,low_missing,
process_feature_433,433,float64,1565,2,0.0012763241863433313,1371,1565,205.51930440894571,225.77887027188953,151.1156,0.0,10.0271,305.0263,918.5786279999996,0.0,995.7447,not_constant,not_all_missing,not_near_constant,no_infinite,low_missing,
process_feature_434,434,float64,1565,2,0.0012763241863433313,1537,1565,14.733945495207667,34.10885406654277,10.1977,2.56826,7.5507,12.7542,205.30959999999993,0.0,400.0,not_constant,not_all_missing,not_near_constant,no_infinite,low_missing,
process_feature_435,435,float64,1565,2,0.0012763241863433313,1524,1565,9.370665559105431,34.369788819490914,4.5511,1.2012440000000002,3.4944,5.8228,201.815716,0.0,400.0,not_constant,not_all_missing,not_near_constant,no_infinite,low_missing,
process_feature_436,436,float64,1565,2,0.0012763241863433313,1539,1565,7.513266325878594,34.55780389217089,2.7643,0.613992,1.9509,3.8222,202.043312,0.0,400.0,not_constant,not_all_missing,not_near_constant,no_infinite,low_missing,
process_feature_437,437,float64,1565,2,0.0012763241863433313,1495,1565,4.016785495207667,1.6112736720855252,3.7809,1.697544,3.0707,4.6786,7.926135999999993,1.1568,32.274,not_constant,not_all_missing,not_near_constant,no_infinite,low_missing,
process_feature_438,438,float64,1565,2,0.0012763241863433313,967,1565,54.70105188498402,34.108051385106016,49.0909,17.872268000000002,36.2903,66.6667,124.78957999999999,0.0,851.6129,not_constant,not_all_missing,not_near_constant,no_infinite,low_missing,
process_feature_439,439,float64,1565,2,0.0012763241863433313,1550,1565,70.64394204472845,38.37617776213928,65.4378,25.453144,48.1738,84.9734,153.90679599999987,14.1206,657.7621,not_constant,not_all_missing,not_near_constant,no_infinite,low_missing,
process_feature_440,440,float64,1565,2,0.0012763241863433313,1557,1565,11.526616549520767,6.169470770313719,12.0859,1.675556,5.4141,15.7964,26.044891999999997,1.0973,33.058,not_constant,not_all_missing,not_near_constant,no_infinite,low_missing,
process_feature_441,441,float64,1566,1,0.0006381620931716656,325,1566,0.8020809706257984,0.18421271107607257,0.8076,0.3973,0.6796,0.9276,1.1869,0.3512,1.2771,not_constant,not_all_missing,not_near_constant,no_infinite,low_missing,
process_feature_442,442,float64,1566,1,0.0006381620931716656,335,1566,1.345258684546616,0.6591945579551075,1.2645499999999998,0.385305,0.90765,1.577825,3.5271,0.0974,5.1317,not_constant,not_all_missing,not_near_constant,no_infinite,low_missing,
process_feature_443,443,float64,1566,1,0.0006381620931716656,330,1566,0.6339410600255428,0.14355204755671536,0.6435,0.3006,0.5505,0.733425,0.9528249999999963,0.2169,1.0851,not_constant,not_all_missing,not_near_constant,no_infinite,low_missing,
process_feature_444,444,float64,1566,1,0.0006381620931716656,325,1566,0.8950427841634738,0.15552170737704213,0.9027000000000001,0.44223,0.8048,0.9888,1.2806,0.3336,1.3511,not_constant,not_all_missing,not_near_constant,no_infinite,low_missing,
process_feature_445,445,float64,1566,1,0.0006381620931716656,329,1566,0.6470899106002553,0.14125217772776266,0.6511,0.3166,0.5558,0.7484,0.9684349999999969,0.3086,1.1087,not_constant,not_all_missing,not_near_constant,no_infinite,low_missing,
process_feature_446,446,float64,1566,1,0.0006381620931716656,338,1566,1.1750031928480202,0.17615820845233035,1.1638,0.8333,1.0468,1.2723,1.6434249999999988,0.6968,1.7639,not_constant,not_all_missing,not_near_constant,no_infinite,low_missing,
process_feature_447,447,float64,1566,1,0.0006381620931716656,317,1566,0.2818953384418902,0.08646076351049817,0.2797,0.0941,0.2261,0.33882500000000004,0.5012,0.0846,0.5085,not_constant,not_all_missing,not_near_constant,no_infinite,low_missing,
process_feature_448,448,float64,1566,1,0.0006381620931716656,326,1566,0.3322701149425288,0.23627532761965628,0.2512,0.0873,0.1877,0.3511,0.9501,0.0399,1.4754,not_constant,not_all_missing,not_near_constant,no_infinite,low_missing,
process_feature_449,449,float64,1543,24,0.015315890236119975,1,1543,0.0,0.0,0.0,0.0,0.0,0.0,0.0,0.0,0.0,constant,not_all_missing,not_near_constant,no_infinite,constant,constant
process_feature_450,450,float64,1543,24,0.015315890236119975,1,1543,0.0,0.0,0.0,0.0,0.0,0.0,0.0,0.0,0.0,constant,not_all_missing,not_near_constant,no_infinite,constant,constant
process_feature_451,451,float64,1566,1,0.0006381620931716656,1,1566,0.0,0.0,0.0,0.0,0.0,0.0,0.0,0.0,0.0,constant,not_all_missing,not_near_constant,no_infinite,constant,constant
process_feature_452,452,float64,1566,1,0.0006381620931716656,1518,1566,5.3468155810983395,0.9191963782506015,5.27145,3.358725,4.7642,5.913,7.4777849999999955,2.6709,13.9776,not_constant,not_all_missing,not_near_constant,no_infinite,low_missing,
process_feature_453,453,float64,1566,1,0.0006381620931716656,1550,1566,5.460971264367817,2.2508044285391753,5.2271,1.702255,3.747875,6.902475,10.961979999999997,0.9037,34.4902,not_constant,not_all_missing,not_near_constant,no_infinite,low_missing,
process_feature_454,454,float64,1566,1,0.0006381620931716656,1555,1566,7.883741570881225,3.0596604010061013,7.4249,3.39126,5.806525,9.576775000000001,16.319209999999995,2.3294,42.0703,not_constant,not_all_missing,not_near_constant,no_infinite,low_missing,
process_feature_455,455,float64,1566,1,0.0006381620931716656,1527,1566,3.636633461047254,0.9383721211041947,3.7245,1.91639,2.8996750000000002,4.341925,5.385765,0.6948,10.184,not_constant,not_all_missing,not_near_constant,no_infinite,low_missing,
process_feature_456,456,float64,1566,1,0.0006381620931716656,1551,1566,12.325685376756066,8.125875878592854,11.3509,4.811565,8.816575,14.3879,29.093774999999997,3.0489,232.1258,not_constant,not_all_missing,not_near_constant,no_infinite,low_missing,
process_feature_457,457,float64,1566,1,0.0006381620931716656,1547,1566,5.26366570881226,4.53773652964822,4.79335,2.10932,3.827525,6.08945,11.282544999999997,1.4428,164.1093,not_constant,not_all_missing,not_near_constant,no_infinite,low_missing,
process_feature_458,458,float64,1566,1,0.0006381620931716656,1,1566,0.0,0.0,0.0,0.0,0.0,0.0,0.0,0.0,0.0,constant,not_all_missing,not_near_constant,no_infinite,constant,constant
process_feature_459,459,float64,1566,1,0.0006381620931716656,1518,1566,2.838380140485313,1.3455762779675442,2.83035,1.290695,2.291175,3.3092249999999996,4.400479999999998,0.991,47.7772,not_constant,not_all_missing,not_near_constant,no_infinite,low_missing,
process_feature_460,460,float64,1566,1,0.0006381620931716656,1564,1566,29.197413601532567,13.335188892539882,26.16785,9.99372,20.22185,35.278800000000004,70.85829999999996,7.9534,149.3851,not_constant,not_all_missing,not_near_constant,no_infinite,low_missing,
process_feature_461,461,float64,1566,1,0.0006381620931716656,1,1566,0.0,0.0,0.0,0.0,0.0,0.0,0.0,0.0,0.0,constant,not_all_missing,not_near_constant,no_infinite,constant,constant
process_feature_462,462,float64,1563,4,0.0025526483726866626,1,1563,0.0,0.0,0.0,0.0,0.0,0.0,0.0,0.0,0.0,constant,not_all_missing,not_near_constant,no_infinite,constant,constant
process_feature_463,463,float64,1563,4,0.0025526483726866626,1,1563,0.0,0.0,0.0,0.0,0.0,0.0,0.0,0.0,0.0,constant,not_all_missing,not_near_constant,no_infinite,constant,constant
process_feature_464,464,float64,1563,4,0.0025526483726866626,1,1563,0.0,0.0,0.0,0.0,0.0,0.0,0.0,0.0,0.0,constant,not_all_missing,not_near_constant,no_infinite,constant,constant
process_feature_465,465,float64,1563,4,0.0025526483726866626,1,1563,0.0,0.0,0.0,0.0,0.0,0.0,0.0,0.0,0.0,constant,not_all_missing,not_near_constant,no_infinite,constant,constant
process_feature_466,466,float64,1563,4,0.0025526483726866626,1,1563,0.0,0.0,0.0,0.0,0.0,0.0,0.0,0.0,0.0,constant,not_all_missing,not_near_constant,no_infinite,constant,constant
process_feature_467,467,float64,1563,4,0.0025526483726866626,417,1563,6.252090658989124,8.673723727949763,5.645,1.769266,4.6975,6.3869,22.0197,1.7163,109.0074,not_constant,not_all_missing,not_near_constant,no_infinite,low_missing,
process_feature_468,468,float64,1560,7,0.004467134652201659,1317,1560,224.1730472435897,230.76691495133312,150.3401,0.0,38.472775,335.92240000000004,943.8949210000001,0.0,999.877,not_constant,not_all_missing,not_near_constant,no_infinite,low_missing,
process_feature_469,469,float64,1561,6,0.0038289725590299937,1514,1561,5.66229269698911,3.151684683718798,5.4724,3.3087,4.8472,6.0057,8.533640000000013,2.6009,77.8007,not_constant,not_all_missing,not_near_constant,no_infinite,low_missing,
process_feature_470,470,float64,1561,6,0.0038289725590299937,1547,1561,5.367751761691223,4.9833666916925035,4.0611,1.42492,2.8233,7.0068,14.746640000000019,0.8325,87.1347,not_constant,not_all_missing,not_near_constant,no_infinite,low_missing,
process_feature_471,471,float64,1561,6,0.0038289725590299937,1552,1561,9.63879679692505,10.174117047695473,7.396,3.23326,5.8073,9.7202,32.12144000000005,2.4026,212.6557,not_constant,not_all_missing,not_near_constant,no_infinite,low_missing,
process_feature_472,472,float64,1560,7,0.004467134652201659,1560,1560,137.8884057051282,47.698041338021866,138.25515000000001,38.738428,105.52515,168.410125,255.44570000000002,11.4997,492.7718,not_constant,not_all_missing,not_near_constant,no_infinite,low_missing,
process_feature_473,473,float64,1560,7,0.004467134652201659,1558,1560,39.42684705128205,22.457103880741066,34.24675,12.636535,24.9008,47.727850000000004,117.0018990000001,0.0,358.9504,not_constant,not_all_missing,not_near_constant,no_infinite,low_missing,
process_feature_474,474,float64,1560,7,0.004467134652201659,1559,1560,37.63704974358974,24.822917866633844,32.820049999999995,12.344464,23.1565,45.169475000000006,111.85196000000018,0.0,415.4355,not_constant,not_all_missing,not_near_constant,no_infinite,low_missing,
process_feature_475,475,float64,1561,6,0.0038289725590299937,1526,1561,4.2625733504164,2.6111739765726782,4.2762,2.13826,3.4945,4.7418,5.968520000000014,1.1011,79.1162,not_constant,not_all_missing,not_near_constant,no_infinite,low_missing,
process_feature_476,476,float64,1561,6,0.0038289725590299937,1559,1561,20.13215464445868,14.93958973418616,15.9738,5.8598,11.5771,23.7372,65.81524000000003,0.0,274.8871,not_constant,not_all_missing,not_near_constant,no_infinite,low_missing,
process_feature_477,477,float64,1561,6,0.0038289725590299937,1537,1561,6.257921460602177,10.185026114844831,5.2422,2.2436,4.1054,6.7038,15.075920000000016,1.6872,289.8264,not_constant,not_all_missing,not_near_constant,no_infinite,low_missing,
process_feature_478,478,float64,1561,6,0.0038289725590299937,2,1561,0.12812299807815503,5.062074635525537,0.0,0.0,0.0,0.0,0.0,0.0,200.0,not_constant,not_all_missing,near_constant,no_infinite,near_constant,near_constant
process_feature_479,479,float64,1561,6,0.0038289725590299937,1507,1561,3.2833942344650864,2.638608319672745,3.1845,1.32632,2.6277,3.6253,5.14466,0.6459,63.3336,not_constant,not_all_missing,not_near_constant,no_infinite,low_missing,
process_feature_480,480,float64,1561,6,0.0038289725590299937,1560,1561,75.53813094170404,35.752493321756106,70.4345,14.21576,52.8945,93.1196,181.23464,8.8406,221.9747,not_constant,not_all_missing,not_near_constant,no_infinite,low_missing,
process_feature_481,481,float64,1561,6,0.0038289725590299937,1,1561,0.0,0.0,0.0,0.0,0.0,0.0,0.0,0.0,0.0,constant,not_all_missing,not_near_constant,no_infinite,constant,constant
process_feature_482,482,float64,1543,24,0.015315890236119975,1062,1543,318.41844847699286,281.01132344861566,293.5185,0.0,0.0,514.5859,970.8291579999998,0.0,999.4135,not_constant,not_all_missing,not_near_constant,no_infinite,low_missing,
process_feature_483,483,float64,1543,24,0.015315890236119975,1402,1543,206.56419598185354,192.86441252605448,148.3175,0.0,81.31615,262.86525,879.1546299999989,0.0,989.4737,not_constant,not_all_missing,not_near_constant,no_infinite,low_missing,
process_feature_484,484,float64,1543,24,0.015315890236119975,1324,1543,215.28894802333116,213.12663798938698,138.7755,0.0,76.4554,294.66705,928.9456419999999,0.0,996.8586,not_constant,not_all_missing,not_near_constant,no_infinite,low_missing,
process_feature_485,485,float64,1543,24,0.015315890236119975,1358,1543,201.11172838626052,218.69001540828836,112.9534,0.0,50.38355,288.89345000000003,894.4377259999998,0.0,994.0,not_constant,not_all_missing,not_near_constant,no_infinite,low_missing,
process_feature_486,486,float64,1543,24,0.015315890236119975,1039,1543,302.50618554763446,287.3640702281875,249.927,0.0,0.0,501.60745,967.53369,0.0,999.4911,not_constant,not_all_missing,not_near_constant,no_infinite,low_missing,
process_feature_487,487,float64,1543,24,0.015315890236119975,1199,1543,239.45532611795204,263.8376452668167,112.2755,0.0,55.55515,397.50609999999995,960.823816,0.0,995.7447,not_constant,not_all_missing,not_near_constant,no_infinite,low_missing,
process_feature_488,488,float64,1543,24,0.015315890236119975,1314,1543,352.6164769280622,252.04375135066138,348.5294,0.0,139.91435,510.64715,955.0843679999999,0.0,997.5186,not_constant,not_all_missing,not_near_constant,no_infinite,low_missing,
process_feature_489,489,float64,1543,24,0.015315890236119975,1344,1543,272.16970738820476,228.04670199625264,219.4872,0.0,112.85925,377.1442,931.0352959999998,0.0,994.0035,not_constant,not_all_missing,not_near_constant,no_infinite,low_missing,
process_feature_490,490,float64,1566,1,0.0006381620931716656,1562,1566,51.35404521072797,18.048612145684256,48.55745,21.001405,38.3911,61.494725,104.97675999999998,13.7225,142.8436,not_constant,not_all_missing,not_near_constant,no_infinite,low_missing,
process_feature_491,491,float64,1555,12,0.007657945118059987,472,1555,2.442673118971061,1.2242828496170284,2.2508,0.7731,1.7471,2.8398,8.0405,0.5558,12.7698,not_constant,not_all_missing,not_near_constant,no_infinite,low_missing,
process_feature_492,492,float64,226,1341,0.8557753669432036,226,226,8.170942920353982,1.7592622036065415,8.00895,5.484475,6.92465,9.078899999999999,12.673475,4.8882,21.0443,not_constant,not_all_missing,not_near_constant,no_infinite,very_high_missing,very_high_missing
process_feature_493,493,float64,1567,0,0.0,572,1567,2.5300463943841733,0.9739482901380285,2.5291,1.0402,1.6637499999999998,3.1991,5.0386,0.833,9.4024,not_constant,not_all_missing,not_near_constant,no_infinite,complete,
process_feature_494,494,float64,1567,0,0.0,894,1567,0.9564419910657307,6.615200266560572,0.2325,0.049066,0.139,0.563,6.857275999999963,0.0342,127.5728,not_constant,not_all_missing,not_near_constant,no_infinite,complete,
process_feature_495,495,float64,1567,0,0.0,964,1567,6.807825717932355,3.2600194416023847,6.6079,2.9871,5.2746,7.8972,12.744493999999992,1.772,107.6926,not_constant,not_all_missing,not_near_constant,no_infinite,complete,
process_feature_496,496,float64,1516,51,0.03254626675175495,1510,1516,29.865896437994724,24.62158630762343,22.0391,9.21301,16.342299999999998,32.438475,136.4520249999999,4.8135,219.6436,not_constant,not_all_missing,not_near_constant,no_infinite,low_missing,
process_feature_497,497,float64,1516,51,0.03254626675175495,1509,1516,11.82102994722955,4.9566469784566225,10.90655,4.37931,8.15035,14.46905,26.857034999999975,1.9496,40.2818,not_constant,not_all_missing,not_near_constant,no_infinite,low_missing,
process_feature_498,498,float64,1561,6,0.0038289725590299937,1,1561,0.0,0.0,0.0,0.0,0.0,0.0,0.0,0.0,0.0,constant,not_all_missing,not_near_constant,no_infinite,constant,constant
process_feature_499,499,float64,1565,2,0.0012763241863433313,703,1565,263.19586434504794,324.77134168195846,0.0,0.0,0.0,536.2046,972.3718479999999,0.0,1000.0,not_constant,not_all_missing,not_near_constant,no_infinite,low_missing,
process_feature_500,500,float64,1565,2,0.0012763241863433313,648,1565,240.9813768690096,323.0034102258164,0.0,0.0,0.0,505.401,964.718676,0.0,999.2337,not_constant,not_all_missing,not_near_constant,no_infinite,low_missing,
process_feature_501,501,float64,1561,6,0.0038289725590299937,1,1561,0.0,0.0,0.0,0.0,0.0,0.0,0.0,0.0,0.0,constant,not_all_missing,not_near_constant,no_infinite,constant,constant
process_feature_502,502,float64,1561,6,0.0038289725590299937,1,1561,0.0,0.0,0.0,0.0,0.0,0.0,0.0,0.0,0.0,constant,not_all_missing,not_near_constant,no_infinite,constant,constant
process_feature_503,503,float64,1561,6,0.0038289725590299937,1,1561,0.0,0.0,0.0,0.0,0.0,0.0,0.0,0.0,0.0,constant,not_all_missing,not_near_constant,no_infinite,constant,constant
process_feature_504,504,float64,1561,6,0.0038289725590299937,1,1561,0.0,0.0,0.0,0.0,0.0,0.0,0.0,0.0,0.0,constant,not_all_missing,not_near_constant,no_infinite,constant,constant
process_feature_505,505,float64,1561,6,0.0038289725590299937,1,1561,0.0,0.0,0.0,0.0,0.0,0.0,0.0,0.0,0.0,constant,not_all_missing,not_near_constant,no_infinite,constant,constant
process_feature_506,506,float64,1561,6,0.0038289725590299937,1,1561,0.0,0.0,0.0,0.0,0.0,0.0,0.0,0.0,0.0,constant,not_all_missing,not_near_constant,no_infinite,constant,constant
process_feature_507,507,float64,1561,6,0.0038289725590299937,1,1561,0.0,0.0,0.0,0.0,0.0,0.0,0.0,0.0,0.0,constant,not_all_missing,not_near_constant,no_infinite,constant,constant
process_feature_508,508,float64,1561,6,0.0038289725590299937,1,1561,0.0,0.0,0.0,0.0,0.0,0.0,0.0,0.0,0.0,constant,not_all_missing,not_near_constant,no_infinite,constant,constant
process_feature_509,509,float64,1561,6,0.0038289725590299937,1,1561,0.0,0.0,0.0,0.0,0.0,0.0,0.0,0.0,0.0,constant,not_all_missing,not_near_constant,no_infinite,constant,constant
process_feature_510,510,float64,1565,2,0.0012763241863433313,1498,1565,55.76350843450479,37.691735602274036,46.9861,18.085696,35.3222,64.2487,217.5169039999999,0.0,451.4851,not_constant,not_all_missing,not_near_constant,no_infinite,low_missing,
process_feature_511,511,float64,1565,2,0.0012763241863433313,586,1565,275.97945674121405,329.66468041158004,0.0,0.0,0.0,555.2941,978.4308399999998,0.0,1000.0,not_constant,not_all_missing,not_near_constant,no_infinite,low_missing,
process_feature_512,512,float64,1561,6,0.0038289725590299937,1,1561,0.0,0.0,0.0,0.0,0.0,0.0,0.0,0.0,0.0,constant,not_all_missing,not_near_constant,no_infinite,constant,constant
process_feature_513,513,float64,1561,6,0.0038289725590299937,1,1561,0.0,0.0,0.0,0.0,0.0,0.0,0.0,0.0,0.0,constant,not_all_missing,not_near_constant,no_infinite,constant,constant
process_feature_514,514,float64,1561,6,0.0038289725590299937,1,1561,0.0,0.0,0.0,0.0,0.0,0.0,0.0,0.0,0.0,constant,not_all_missing,not_near_constant,no_infinite,constant,constant
process_feature_515,515,float64,1561,6,0.0038289725590299937,1,1561,0.0,0.0,0.0,0.0,0.0,0.0,0.0,0.0,0.0,constant,not_all_missing,not_near_constant,no_infinite,constant,constant
process_feature_516,516,float64,549,1018,0.6496490108487556,498,549,0.6788978142076502,10.783879966801807,0.1747,0.05128,0.1215,0.2649,0.825671999999999,0.0287,252.8604,not_constant,not_all_missing,not_near_constant,no_infinite,very_high_missing,very_high_missing
process_feature_517,517,float64,549,1018,0.6496490108487556,543,549,1.73890218579235,4.890663436682964,1.1543,0.4889,0.8903,1.7597,5.975019999999991,0.288,113.2758,not_constant,not_all_missing,not_near_constant,no_infinite,very_high_missing,very_high_missing
process_feature_518,518,float64,549,1018,0.6496490108487556,542,549,1.806272859744991,4.71589432795297,1.5891,0.6593720000000001,1.1712,1.9328,3.1297839999999972,0.4674,111.3495,not_constant,not_all_missing,not_near_constant,no_infinite,very_high_missing,very_high_missing
process_feature_519,519,float64,852,715,0.4562858966177409,836,852,11.728439906103286,15.814419874330685,5.83295,0.0,4.1603,10.97185,70.3651390000001,0.0,184.3488,not_constant,not_all_missing,not_near_constant,no_infinite,high_missing,high_missing
process_feature_520,520,float64,1567,0,0.0,1536,1567,2.6959992980216976,5.702366390511981,2.221,0.525628,1.5521500000000001,2.9036999999999997,8.157623999999982,0.3121,111.7365,not_constant,not_all_missing,not_near_constant,no_infinite,complete,
process_feature_521,521,float64,1567,0,0.0,9,1567,11.610079706445436,103.12299573442073,0.0,0.0,0.0,0.0,738.1923859999953,0.0,1000.0,not_constant,not_all_missing,not_near_constant,no_infinite,complete,
process_feature_522,522,float64,1567,0,0.0,1562,1567,14.728865922144223,7.10443490065628,13.7426,4.8431,10.1828,17.808950000000003,31.903325999999993,2.6811,137.9838,not_constant,not_all_missing,not_near_constant,no_infinite,complete,
process_feature_523,523,float64,1567,0,0.0,1040,1567,0.4538964262922782,4.1475806334485945,0.1,0.038032,0.07305,0.13319999999999999,3.700333999999994,0.0258,111.333,not_constant,not_all_missing,not_near_constant,no_infinite,complete,
process_feature_524,524,float64,1567,0,0.0,1543,1567,5.687781620931717,20.663414187041248,4.8771,1.8941320000000001,3.76965,6.4506499999999996,9.445045999999993,1.3104,818.0005,not_constant,not_all_missing,not_near_constant,no_infinite,complete,
process_feature_525,525,float64,1543,24,0.015315890236119975,1526,1543,5.560397342838626,3.920369755608116,5.1342,2.102536,4.1015,6.3294999999999995,12.177765999999998,1.54,80.0406,not_constant,not_all_missing,not_near_constant,no_infinite,low_missing,
process_feature_526,526,float64,1567,0,0.0,1514,1567,1.4434574984045947,0.9584275329713078,1.5501,0.23431,0.4842,2.2116499999999997,3.3049799999999996,0.1705,8.2037,not_constant,not_all_missing,not_near_constant,no_infinite,complete,
process_feature_527,527,float64,1567,0,0.0,1549,1567,6.395717038927887,1.8886975959742711,6.4108,2.7545640000000002,4.89545,7.594250000000001,10.115808,2.17,14.4479,not_constant,not_all_missing,not_near_constant,no_infinite,complete,
process_feature_528,528,float64,1558,9,0.00574345883854499,1,1558,0.0,0.0,0.0,0.0,0.0,0.0,0.0,0.0,0.0,constant,not_all_missing,not_near_constant,no_infinite,constant,constant
process_feature_529,529,float64,1558,9,0.00574345883854499,1,1558,0.0,0.0,0.0,0.0,0.0,0.0,0.0,0.0,0.0,constant,not_all_missing,not_near_constant,no_infinite,constant,constant
process_feature_530,530,float64,1558,9,0.00574345883854499,1,1558,0.0,0.0,0.0,0.0,0.0,0.0,0.0,0.0,0.0,constant,not_all_missing,not_near_constant,no_infinite,constant,constant
process_feature_531,531,float64,1558,9,0.00574345883854499,1,1558,0.0,0.0,0.0,0.0,0.0,0.0,0.0,0.0,0.0,constant,not_all_missing,not_near_constant,no_infinite,constant,constant
process_feature_532,532,float64,1558,9,0.00574345883854499,1,1558,0.0,0.0,0.0,0.0,0.0,0.0,0.0,0.0,0.0,constant,not_all_missing,not_near_constant,no_infinite,constant,constant
process_feature_533,533,float64,1558,9,0.00574345883854499,1,1558,0.0,0.0,0.0,0.0,0.0,0.0,0.0,0.0,0.0,constant,not_all_missing,not_near_constant,no_infinite,constant,constant
process_feature_534,534,float64,1558,9,0.00574345883854499,1,1558,0.0,0.0,0.0,0.0,0.0,0.0,0.0,0.0,0.0,constant,not_all_missing,not_near_constant,no_infinite,constant,constant
process_feature_535,535,float64,1558,9,0.00574345883854499,1,1558,0.0,0.0,0.0,0.0,0.0,0.0,0.0,0.0,0.0,constant,not_all_missing,not_near_constant,no_infinite,constant,constant
process_feature_536,536,float64,1558,9,0.00574345883854499,1,1558,0.0,0.0,0.0,0.0,0.0,0.0,0.0,0.0,0.0,constant,not_all_missing,not_near_constant,no_infinite,constant,constant
process_feature_537,537,float64,1558,9,0.00574345883854499,1,1558,0.0,0.0,0.0,0.0,0.0,0.0,0.0,0.0,0.0,constant,not_all_missing,not_near_constant,no_infinite,constant,constant
process_feature_538,538,float64,1558,9,0.00574345883854499,1,1558,0.0,0.0,0.0,0.0,0.0,0.0,0.0,0.0,0.0,constant,not_all_missing,not_near_constant,no_infinite,constant,constant
process_feature_539,539,float64,1559,8,0.005105296745373325,333,1559,3.0342348941629247,1.2529130384380884,3.0548,0.9373600000000001,1.8899,3.947,5.5321,0.8516,6.5803,not_constant,not_all_missing,not_near_constant,no_infinite,low_missing,
process_feature_540,540,float64,1559,8,0.005105296745373325,336,1559,1.9428280949326489,0.7319283271893036,1.7855,0.778,1.3853,2.4583500000000003,3.710766,0.6144,4.0825,not_constant,not_all_missing,not_near_constant,no_infinite,low_missing,
process_feature_541,541,float64,1559,8,0.005105296745373325,336,1559,9.61162809493265,2.896375799624502,9.4593,4.1294,7.49575,11.2384,18.5218,3.2761,25.7792,not_constant,not_all_missing,not_near_constant,no_infinite,low_missing,
process_feature_542,542,float64,1565,2,0.0012763241863433313,102,1565,0.11120843450479233,0.002736759413485172,0.1096,0.1066,0.1096,0.1134,0.118,0.1053,0.1184,not_constant,not_all_missing,not_near_constant,no_infinite,low_missing,
process_feature_543,543,float64,1565,2,0.0012763241863433313,71,1565,0.008470862619808308,0.0015335446409861125,0.0078,0.0058,0.0078,0.009,0.01277199999999998,0.0051,0.024,not_constant,not_all_missing,not_near_constant,no_infinite,low_missing,
process_feature_544,544,float64,1565,2,0.0012763241863433313,21,1565,0.0025092012779552716,0.00029552015522922185,0.0026,0.0018,0.0024,0.0026,0.00323599999999999,0.0016,0.0047,not_constant,not_all_missing,not_near_constant,no_infinite,low_missing,
process_feature_545,545,float64,1565,2,0.0012763241863433313,273,1565,7.611403130990415,1.3155442597144669,7.116,5.1301,7.116,8.0207,11.236543999999984,4.4294,21.0443,not_constant,not_all_missing,not_near_constant,no_infinite,low_missing,
process_feature_546,546,float64,1307,260,0.16592214422463306,1047,1307,1.039630298393267,0.38906580941832136,0.9111,0.493726,0.7975,1.2855500000000002,2.1761120000000003,0.4444,3.9786,not_constant,not_all_missing,not_near_constant,no_infinite,moderate_missing,
process_feature_547,547,float64,1307,260,0.16592214422463306,1023,1307,403.54647742922725,5.063887235535019,403.122,390.97044,400.694,407.43100000000004,413.79492,372.822,421.702,not_constant,not_all_missing,not_near_constant,no_infinite,moderate_missing,
process_feature_548,548,float64,1307,260,0.16592214422463306,964,1307,75.6798714613619,3.3905233432159734,74.084,71.4858,73.254,78.397,83.10764,71.038,83.72,not_constant,not_all_missing,not_near_constant,no_infinite,moderate_missing,
process_feature_549,549,float64,1307,260,0.16592214422463306,1048,1307,0.6632564651874522,0.6733457486710267,0.471,0.08365800000000001,0.22625,0.8503499999999999,3.346386000000003,0.0446,7.0656,not_constant,not_all_missing,not_near_constant,no_infinite,moderate_missing,
process_feature_550,550,float64,1307,260,0.16592214422463306,747,1307,17.013312930374905,4.966953947064532,16.34,8.8344,14.53,19.035,24.903400000000005,6.11,131.68,not_constant,not_all_missing,not_near_constant,no_infinite,moderate_missing,
process_feature_551,551,float64,1307,260,0.16592214422463306,213,1307,1.2307115531752104,1.3611173002144201,1.15,0.3106,0.87,1.37,2.41,0.12,39.33,not_constant,not_all_missing,not_near_constant,no_infinite,moderate_missing,
process_feature_552,552,float64,1307,260,0.16592214422463306,973,1307,0.27668798775822495,0.27623064546809084,0.1979,0.034436,0.0949,0.35845,1.408158000000001,0.0187,2.7182,not_constant,not_all_missing,not_near_constant,no_infinite,moderate_missing,
process_feature_553,553,float64,1307,260,0.16592214422463306,1077,1307,7.703873527161439,2.192647285688347,7.4279,3.9761040000000003,6.7381,8.63715,11.279006,2.786,56.9303,not_constant,not_all_missing,not_near_constant,no_infinite,moderate_missing,
process_feature_554,554,float64,1307,260,0.16592214422463306,1000,1307,0.5036574598316756,0.5988519979364184,0.4789,0.132024,0.3438,0.56235,1.049280000000001,0.052,17.4781,not_constant,not_all_missing,not_near_constant,no_infinite,moderate_missing,
process_feature_555,555,float64,1307,260,0.16592214422463306,1085,1307,57.746537184391734,35.20755227346542,54.4417,12.23311,27.0176,74.62870000000001,195.87753000000023,4.8269,303.55,not_constant,not_all_missing,not_near_constant,no_infinite,moderate_missing,
process_feature_556,556,float64,1307,260,0.16592214422463306,1070,1307,4.216904514154551,1.2800084208134206,4.0671,2.201898,3.6251,4.7027,6.106196000000002,1.4967,35.3198,not_constant,not_all_missing,not_near_constant,no_infinite,moderate_missing,
process_feature_557,557,float64,1307,260,0.16592214422463306,1062,1307,1.6230700076511093,1.8704334384919217,1.5298,0.419406,1.1829,1.8156,3.0406980000000003,0.1646,54.2917,not_constant,not_all_missing,not_near_constant,no_infinite,moderate_missing,
process_feature_558,558,float64,1566,1,0.0006381620931716656,365,1566,0.9950089399744572,0.08385953711268757,0.9727,0.913795,0.9552,1.0008,1.3569,0.8919,1.5121,not_constant,not_all_missing,not_near_constant,no_infinite,low_missing,
process_feature_559,559,float64,1566,1,0.0006381620931716656,399,1566,0.3257081736909323,0.20139186986927257,0.2909,0.0789,0.14982499999999999,0.4436,0.8043499999999985,0.0699,1.0737,not_constant,not_all_missing,not_near_constant,no_infinite,low_missing,
process_feature_560,560,float64,1566,1,0.0006381620931716656,345,1566,0.0724434227330779,0.051577825356765514,0.0592,0.0211,0.0362,0.089,0.2604049999999985,0.0177,0.4457,not_constant,not_all_missing,not_near_constant,no_infinite,low_missing,
process_feature_561,561,float64,1566,1,0.0006381620931716656,414,1566,32.28495593869732,19.026081423650705,29.73115,8.3522,15.76245,44.1134,82.39506999999993,7.2369,101.1146,not_constant,not_all_missing,not_near_constant,no_infinite,low_missing,
process_feature_562,562,float64,1294,273,0.1742182514358647,873,1294,262.72968315301387,7.630585273216421,264.272,246.08338,259.9725,265.707,282.65724,242.286,311.404,not_constant,not_all_missing,not_near_constant,no_infinite,moderate_missing,
process_feature_563,563,float64,1294,273,0.1742182514358647,785,1294,0.6796407264296753,0.12175776137289002,0.651,0.5295200000000001,0.5671,0.768875,0.9915259999999998,0.3049,1.2988,not_constant,not_all_missing,not_near_constant,no_infinite,moderate_missing,
process_feature_564,564,float64,1294,273,0.1742182514358647,581,1294,6.44498454404946,2.6335832675831226,5.16,1.8086,4.98,7.8,13.9207,0.97,32.58,not_constant,not_all_missing,not_near_constant,no_infinite,moderate_missing,
process_feature_565,565,float64,1294,273,0.1742182514358647,753,1294,0.1456095054095827,0.08112235463523564,0.11954999999999999,0.044923,0.0877,0.18614999999999998,0.43696499999999944,0.0224,0.6892,not_constant,not_all_missing,not_near_constant,no_infinite,moderate_missing,
process_feature_566,566,float64,1294,273,0.1742182514358647,887,1294,2.610869629057187,1.0327611589163015,2.15045,0.788476,2.0902,3.098725,5.614448999999995,0.4122,14.0141,not_constant,not_all_missing,not_near_constant,no_infinite,moderate_missing,
process_feature_567,567,float64,1294,273,0.1742182514358647,619,1294,0.06008639876352396,0.032760950249756275,0.04865,0.018788,0.0382,0.07527500000000001,0.17932599999999987,0.0091,0.2932,not_constant,not_all_missing,not_near_constant,no_infinite,moderate_missing,
process_feature_568,568,float64,1294,273,0.1742182514358647,887,1294,2.452416924265842,0.9966441742590869,1.9997,0.7125809999999999,1.8844,2.97085,5.200751999999993,0.3706,12.7462,not_constant,not_all_missing,not_near_constant,no_infinite,moderate_missing,
process_feature_569,569,float64,1294,273,0.1742182514358647,897,1294,21.11767403400309,10.213294338381658,16.98835,6.189536,15.4662,24.772175,60.31076499999997,3.2504,84.8024,not_constant,not_all_missing,not_near_constant,no_infinite,moderate_missing,
process_feature_570,570,float64,1567,0,0.0,814,1567,530.5236234205488,17.49973601796463,532.3982,475.773112,530.7027,534.3564,539.154994,317.1964,589.5082,not_constant,not_all_missing,not_near_constant,no_infinite,complete,
process_feature_571,571,float64,1567,0,0.0,811,1567,2.1018363114231016,0.27511184455412296,2.1186,1.0744,1.9829,2.2906500000000003,2.6194,0.9802,2.7395,not_constant,not_all_missing,not_near_constant,no_infinite,complete,
process_feature_572,572,float64,1567,0,0.0,518,1567,28.45016502871729,86.30468130478187,8.65,5.32,7.5,10.13,439.05,3.54,454.56,not_constant,not_all_missing,not_near_constant,no_infinite,complete,
process_feature_573,573,float64,1567,0,0.0,754,1567,0.3456364390555201,0.24847812360739024,0.2934,0.1233,0.24225,0.3669,1.3300179999999977,0.0667,2.1967,not_constant,not_all_missing,not_near_constant,no_infinite,complete,
process_feature_574,574,float64,1567,0,0.0,830,1567,9.16231499680919,26.920150379391046,2.9758,1.708,2.56785,3.4925,138.3859,1.0395,170.0204,not_constant,not_all_missing,not_near_constant,no_infinite,complete,
process_feature_575,575,float64,1567,0,0.0,599,1567,0.10472916400765793,0.0677911184842199,0.0895,0.0378,0.0751,0.11215,0.3883,0.023,0.5502,not_constant,not_all_missing,not_near_constant,no_infinite,complete,
process_feature_576,576,float64,1567,0,0.0,820,1567,5.563746522016592,16.921368702380114,1.6245,0.9910300000000001,1.40845,1.902,86.7573,0.6636,90.4235,not_constant,not_all_missing,not_near_constant,no_infinite,complete,
process_feature_577,577,float64,1567,0,0.0,851,1567,16.642362858966177,12.485266987951567,13.8179,6.573804,11.50155,17.0809,75.76987999999912,4.582,96.9601,not_constant,not_all_missing,not_near_constant,no_infinite,complete,
process_feature_578,578,float64,618,949,0.6056158264199106,322,618,0.021614563106796117,0.011730310164318606,0.0204,-0.001366,0.0138,0.0277,0.054347000000000034,-0.0169,0.1028,not_constant,not_all_missing,not_near_constant,no_infinite,very_high_missing,very_high_missing
process_feature_579,579,float64,618,949,0.6056158264199106,260,618,0.016829449838187703,0.00964013288785662,0.0148,0.004816999999999999,0.0106,0.02,0.05461500000000002,0.0032,0.0799,not_constant,not_all_missing,not_near_constant,no_infinite,very_high_missing,very_high_missing
process_feature_580,580,float64,618,949,0.6056158264199106,120,618,0.005395954692556634,0.003115985835278886,0.0047,0.0016,0.0034,0.006475,0.016262000000000058,0.001,0.0286,not_constant,not_all_missing,not_near_constant,no_infinite,very_high_missing,very_high_missing
process_feature_581,581,float64,618,949,0.6056158264199106,611,618,97.93437297734629,87.52096623001742,72.2889,0.0,46.1849,116.53914999999999,425.2551080000005,0.0,737.3048,not_constant,not_all_missing,not_near_constant,no_infinite,very_high_missing,very_high_missing
process_feature_582,582,float64,1566,1,0.0006381620931716656,171,1566,0.5000961685823755,0.0034043251020306237,0.5002,0.492465,0.4979,0.502375,0.5081,0.4778,0.5098,not_constant,not_all_missing,not_near_constant,no_infinite,low_missing,
process_feature_583,583,float64,1566,1,0.0006381620931716656,227,1566,0.015317752234993615,0.017179920787564994,0.0138,0.0078,0.0116,0.0165,0.039339999999999965,0.006,0.4766,not_constant,not_all_missing,not_near_constant,no_infinite,low_missing,
process_feature_584,584,float64,1566,1,0.0006381620931716656,68,1566,0.0038465517241379307,0.0037204448855646523,0.0036,0.0021,0.0031,0.0041,0.00803499999999999,0.0017,0.1045,not_constant,not_all_missing,not_near_constant,no_infinite,low_missing,
process_feature_585,585,float64,1566,1,0.0006381620931716656,1502,1566,3.067826372924649,3.5780331508705934,2.75765,1.5696700000000001,2.3065,3.295175,7.812464999999994,1.1975,99.3032,not_constant,not_all_missing,not_near_constant,no_infinite,low_missing,
process_feature_586,586,float64,1566,1,0.0006381620931716656,322,1566,0.021458429118773943,0.012358175980665352,0.0205,-0.0034,0.013425,0.0276,0.05474499999999993,-0.0169,0.1028,not_constant,not_all_missing,not_near_constant,no_infinite,low_missing,
process_feature_587,587,float64,1566,1,0.0006381620931716656,260,1566,0.016474904214559386,0.008807535393245908,0.0148,0.0048,0.0106,0.0203,0.04742499999999986,0.0032,0.0799,not_constant,not_all_missing,not_near_constant,no_infinite,low_missing,
process_feature_588,588,float64,1566,1,0.0006381620931716656,120,1566,0.005283333333333334,0.00286707150966514,0.0046,0.0017,0.0033,0.0064,0.015,0.001,0.0286,not_constant,not_all_missing,not_near_constant,no_infinite,low_missing,
process_feature_589,589,float64,1566,1,0.0006381620931716656,611,1566,99.67006634738186,93.89191941652177,71.9005,0.0,44.3686,114.7497,474.0812,0.0,737.3048,not_constant,not_all_missing,not_near_constant,no_infinite,low_missing,
